customer_id,scenario,arrival_clock,arrival_hour,items,order_queue_wait_seconds,ordering_time_seconds,kitchen_queue_wait_seconds,food_prep_time_seconds,queue_wait_seconds,total_time_seconds,completion_clock
1,Human Cashier,07:07:46,7.13,2,0.0,66.38557601991755,0.0,68.15162718508877,0.0,134.53720320500628,07:10:01
2,Human Cashier,07:08:11,7.14,2,0.0,86.00155866905133,0.0,115.47706583045101,0.0,201.47862449950236,07:11:32
3,Human Cashier,07:09:18,7.15,3,0.0,44.466547135842866,0.0,93.04192722039728,0.0,137.50847435624019,07:11:35
4,Human Cashier,07:10:17,7.17,2,0.0,50.854395486608524,0.0,63.564547479531356,0.0,114.41894296613987,07:12:11
5,Human Cashier,07:11:56,7.2,2,0.0,29.020229323884507,0.0,52.11295905001175,0.0,81.13318837389636,07:13:17
6,Human Cashier,07:12:28,7.21,2,0.0,55.6785168487509,0.0,96.02441941648102,0.0,151.70293626523187,07:14:59
7,Human Cashier,07:13:39,7.23,3,0.0,30.029674593750947,0.0,124.78569318465816,0.0,154.81536777840915,07:16:13
8,Human Cashier,07:17:58,7.3,5,0.0,72.89024460458329,0.0,176.22056254561673,0.0,249.11080715020012,07:22:07
9,Human Cashier,07:19:02,7.32,5,0.0,88.29392354018972,0.0,111.94124582255961,0.0,200.23516936274928,07:22:23
10,Human Cashier,07:22:16,7.37,2,0.0,41.529895553748894,0.0,67.59069550972842,0.0,109.12059106347738,07:24:06
11,Human Cashier,07:25:09,7.42,4,0.0,75.38475514484449,0.0,84.21268371458204,0.0,159.59743885942657,07:27:48
12,Human Cashier,07:27:19,7.46,3,0.0,35.717504068589385,0.0,88.4105692816865,0.0,124.12807335027583,07:29:23
13,Human Cashier,07:27:20,7.46,4,0.0,85.50251950871254,0.0,102.07400049392407,0.0,187.5765200026367,07:30:28
14,Human Cashier,07:30:37,7.51,2,0.0,39.515553575015794,0.0,81.71871233039106,0.0,121.2342659054068,07:32:38
15,Human Cashier,07:33:21,7.56,2,0.0,64.40759376431339,0.0,66.43492799298612,0.0,130.84252175729944,07:35:32
16,Human Cashier,07:35:44,7.6,3,0.0,51.352274616060555,0.0,105.52984460148761,0.0,156.88211921754828,07:38:21
17,Human Cashier,07:36:10,7.6,3,0.0,61.40267425069215,0.0,65.81971441723266,0.0,127.22238866792486,07:38:17
18,Human Cashier,07:40:17,7.67,2,0.0,48.002878650410565,0.0,74.40162878089951,0.0,122.40450743130987,07:42:19
19,Human Cashier,07:43:31,7.73,3,0.0,63.148414817171826,0.0,103.56692455733246,0.0,166.7153393745043,07:46:18
20,Human Cashier,07:55:38,7.93,2,0.0,55.59119792606056,0.0,47.251663041057014,0.0,102.8428609671173,07:57:21
21,Human Cashier,07:55:40,7.93,1,0.0,56.77774588245399,0.0,54.81820625700945,0.0,111.5959521394634,07:57:32
22,Human Cashier,07:56:26,7.94,4,7.359737021288765,66.19830582934014,0.0,132.2432038649154,7.359737021288765,205.8012467155445,07:59:52
23,Human Cashier,07:59:30,7.99,4,0.0,77.61970568754877,0.0,108.05141647317623,0.0,185.6711221607252,08:02:36
24,Human Cashier,08:02:32,8.04,4,0.0,86.31319903927647,0.0,131.61297125583727,0.0,217.92617029511393,08:06:10
25,Human Cashier,08:06:22,8.11,3,0.0,46.626887308635645,0.0,70.82013255224192,0.0,117.44701986087739,08:08:19
26,Human Cashier,08:08:43,8.15,5,0.0,72.09763249516163,0.0,161.48734291628284,0.0,233.58497541144425,08:12:37
27,Human Cashier,08:10:07,8.17,1,0.0,47.57877231064198,0.0,83.03000076233326,0.0,130.60877307297596,08:12:18
28,Human Cashier,08:14:38,8.24,3,0.0,48.26573593228597,0.0,108.39939497866271,0.0,156.6651309109484,08:17:15
29,Human Cashier,08:19:22,8.32,3,0.0,43.21468538527965,0.0,57.82824681320815,0.0,101.04293219848842,08:21:03
30,Human Cashier,08:22:04,8.37,3,0.0,53.26808972207248,0.0,118.1342713952498,0.0,171.40236111732247,08:24:55
31,Human Cashier,08:22:34,8.38,5,0.0,97.9048769964301,0.0,151.7251261812077,0.0,249.63000317763817,08:26:44
32,Human Cashier,08:25:10,8.42,2,0.0,59.6115256868144,0.0,42.68872016516699,0.0,102.30024585198134,08:26:52
33,Human Cashier,08:29:45,8.5,2,0.0,30.653860354038862,0.0,72.07300176221526,0.0,102.72686211625387,08:31:27
34,Human Cashier,08:30:34,8.51,2,0.0,54.473391650289976,0.0,138.18328124372337,0.0,192.65667289401335,08:33:46
35,Human Cashier,08:31:28,8.52,1,0.0,46.360680268385074,0.0,76.2817299454658,0.0,122.64241021385078,08:33:31
36,Human Cashier,08:39:08,8.65,2,0.0,45.20051192168133,0.0,83.71487471329125,0.0,128.9153866349725,08:41:17
37,Human Cashier,08:39:48,8.66,1,0.0,40.505135333442965,0.0,44.93503390075083,0.0,85.44016923419349,08:41:13
38,Human Cashier,08:40:09,8.67,3,0.0,52.98253756833557,0.0,91.06148427072931,0.0,144.04402183906495,08:42:33
39,Human Cashier,08:41:25,8.69,2,0.0,41.73176738044148,0.0,104.36125857596461,0.0,146.09302595640656,08:43:51
40,Human Cashier,08:43:41,8.73,2,0.0,46.459993490494035,0.0,99.71897262612826,0.0,146.17896611662218,08:46:07
41,Human Cashier,08:47:42,8.8,1,0.0,33.68210572226161,0.0,38.671146112125165,0.0,72.35325183438636,08:48:55
42,Human Cashier,08:48:57,8.82,3,0.0,60.3770595535429,0.0,172.44539254352372,0.0,232.82245209706616,08:52:49
43,Human Cashier,08:50:33,8.84,4,0.0,72.42125980923055,0.0,143.10391951030752,0.0,215.52517931953844,08:54:09
44,Human Cashier,08:58:15,8.97,5,0.0,80.71733959701146,0.0,68.63381843315143,0.0,149.35115803016288,09:00:44
45,Human Cashier,08:59:06,8.98,2,0.0,67.28742297056426,0.0,106.17060936669169,0.0,173.45803233725564,09:01:59
46,Human Cashier,09:02:26,9.04,3,0.0,78.05933189002302,0.0,74.99180616059506,0.0,153.05113805061774,09:04:59
47,Human Cashier,09:06:19,9.11,4,0.0,44.06563030634419,0.0,132.02087935933147,0.0,176.0865096656753,09:09:15
48,Human Cashier,09:10:33,9.18,1,0.0,42.01606521151106,0.0,95.33715607359174,0.0,137.35322128510234,09:12:51
49,Human Cashier,09:16:44,9.28,3,0.0,71.62007216292018,0.0,90.9425584434213,0.0,162.56263060634046,09:19:26
50,Human Cashier,09:18:51,9.31,2,0.0,54.1019600120011,0.0,67.38449074429833,0.0,121.48645075629975,09:20:52
51,Human Cashier,09:21:15,9.35,2,0.0,34.99671187882883,0.0,112.43183205399365,0.0,147.4285439328214,09:23:42
52,Human Cashier,09:23:29,9.39,4,0.0,92.10473580827482,0.0,111.42245346556598,0.0,203.52718927384012,09:26:53
53,Human Cashier,09:25:07,9.42,4,0.0,69.83356459524184,0.0,49.244920053189155,0.0,119.07848464842937,09:27:06
54,Human Cashier,09:28:53,9.48,3,0.0,63.89181023599981,0.0,102.00596121932158,0.0,165.89777145532207,09:31:39
55,Human Cashier,09:32:21,9.54,4,0.0,75.72106069340563,0.0,104.31659567715982,0.0,180.03765637056495,09:35:21
56,Human Cashier,09:32:38,9.54,3,0.0,87.06246396607901,0.0,149.86161827456826,0.0,236.92408224064638,09:36:35
57,Human Cashier,09:35:08,9.59,2,0.0,53.133441226689776,0.0,48.20292563471995,0.0,101.33636686140926,09:36:49
58,Human Cashier,09:36:56,9.62,4,0.0,41.319650201995834,0.0,120.42283471121381,0.0,161.7424849132094,09:39:37
59,Human Cashier,09:38:32,9.64,4,0.0,47.97309746311824,0.0,58.62095866694082,0.0,106.59405613005947,09:40:18
60,Human Cashier,09:39:37,9.66,1,0.0,25.66229034049674,0.0,68.69275375786019,0.0,94.3550440983563,09:41:11
61,Human Cashier,09:40:02,9.67,3,0.0,58.328452439286075,0.0,124.53146053665131,0.0,182.85991297593682,09:43:05
62,Human Cashier,09:42:17,9.7,1,0.0,27.94483469092686,0.0,65.83385110838077,0.0,93.77868579930691,09:43:51
63,Human Cashier,09:45:55,9.77,1,0.0,40.266975309288775,0.0,53.718501329760535,0.0,93.98547663904901,09:47:29
64,Human Cashier,09:46:10,9.77,4,0.0,53.76081967519414,0.0,52.847486293938154,0.0,106.60830596913183,09:47:56
65,Human Cashier,09:52:04,9.87,3,0.0,69.32109080723649,0.0,79.54377512991056,0.0,148.86486593714653,09:54:33
66,Human Cashier,09:56:52,9.95,4,0.0,41.98343930132045,0.0,122.76713177821992,0.0,164.75057107954126,09:59:37
67,Human Cashier,09:56:53,9.95,2,0.0,52.98627491286227,0.0,117.12709844500803,0.0,170.11337335786993,09:59:43
68,Human Cashier,09:57:45,9.96,1,0.0,33.70814495570582,0.0,34.74838447954563,0.0,68.45652943525238,09:58:54
69,Human Cashier,09:58:15,9.97,2,0.0,34.91207540418397,3.8043140583085915,66.94820846725246,3.8043140583085915,105.66459792974456,10:00:01
70,Human Cashier,09:59:29,9.99,4,0.0,51.64412917270947,0.0,109.57128095163102,0.0,161.21541012434136,10:02:10
71,Human Cashier,10:01:08,10.02,4,0.0,110.79639145430754,0.0,124.14106801554159,0.0,234.93745946984927,10:05:03
72,Human Cashier,10:02:00,10.03,3,0.0,46.31884546759759,0.0,76.20959662204767,0.0,122.52844208964598,10:04:02
73,Human Cashier,10:02:08,10.04,4,38.57733435667069,58.475744461959124,0.0,122.97283400714146,38.57733435667069,220.02591282577123,10:05:48
74,Human Cashier,10:06:27,10.11,2,0.0,54.443782105401624,0.0,67.01535907289349,0.0,121.45914117829489,10:08:28
75,Human Cashier,10:06:46,10.11,2,0.0,52.54748917495544,0.0,88.61676651767382,0.0,141.164255692629,10:09:07
76,Human Cashier,10:07:25,10.12,4,0.0,54.20043703334675,0.0,62.790713184504774,0.0,116.9911502178511,10:09:22
77,Human Cashier,10:07:58,10.13,3,0.0,49.70581730499164,0.0,91.07171059522625,0.0,140.77752790021805,10:10:19
78,Human Cashier,10:09:25,10.16,2,0.0,38.87767367717911,0.0,126.75478822477787,0.0,165.63246190195787,10:12:11
79,Human Cashier,10:10:05,10.17,2,0.0,33.791781557444665,0.0,116.47915982164575,0.0,150.2709413790908,10:12:35
80,Human Cashier,10:10:44,10.18,5,0.0,79.90442159523137,0.0,216.85632254564325,0.0,296.7607441408745,10:15:41
81,Human Cashier,10:11:16,10.19,4,0.0,65.658584020947,0.0,103.42033887674624,0.0,169.07892289769188,10:14:05
82,Human Cashier,10:17:01,10.28,5,0.0,88.06054378552159,0.0,126.54279524492766,0.0,214.6033390304492,10:20:35
83,Human Cashier,10:17:19,10.29,2,0.0,42.34824549427133,0.0,93.13409881379079,0.0,135.48234430806224,10:19:34
84,Human Cashier,10:18:53,10.31,1,0.0,66.88510416727901,0.0,67.45309963947916,0.0,134.33820380675752,10:21:07
85,Human Cashier,10:20:21,10.34,5,0.0,83.03466426077492,0.0,211.24941212524968,0.0,294.284076386024,10:25:15
86,Human Cashier,10:23:52,10.4,3,0.0,50.552322672324074,0.0,92.83786879936109,0.0,143.39019147168437,10:26:16
87,Human Cashier,10:27:43,10.46,4,0.0,41.799487127972775,0.0,71.85392338512861,0.0,113.65341051310133,10:29:37
88,Human Cashier,10:29:20,10.49,3,0.0,46.22568148982391,0.0,103.91606851873289,0.0,150.1417500085572,10:31:50
89,Human Cashier,10:34:59,10.58,1,0.0,44.808410357081925,0.0,85.32190749724198,0.0,130.13031785432395,10:37:09
90,Human Cashier,10:37:44,10.63,2,0.0,36.132600735061,0.0,85.56639007244632,0.0,121.69899080750838,10:39:45
91,Human Cashier,10:39:51,10.66,3,0.0,45.73488806644554,0.0,94.89116449831285,0.0,140.62605256475763,10:42:11
92,Human Cashier,10:40:56,10.68,4,0.0,49.030657757225136,0.0,56.798557324495036,0.0,105.82921508171967,10:42:42
93,Human Cashier,10:45:59,10.77,3,0.0,38.28836643001288,0.0,76.09129839736237,0.0,114.37966482737647,10:47:53
94,Human Cashier,10:46:54,10.78,1,0.0,29.258115245097066,0.0,97.7376521457459,0.0,126.99576739084296,10:49:01
95,Human Cashier,10:47:27,10.79,2,0.0,39.943882898805654,0.0,66.89659185391515,0.0,106.84047475272018,10:49:13
96,Human Cashier,10:49:44,10.83,5,0.0,62.21576280311712,0.0,136.74493478958468,0.0,198.96069759270176,10:53:03
97,Human Cashier,10:51:18,10.85,4,0.0,43.721232648353556,0.0,161.04966561394372,0.0,204.77089826229712,10:54:43
98,Human Cashier,10:52:31,10.88,3,0.0,35.321787972850856,0.0,95.35649667692206,0.0,130.67828464977356,10:54:42
99,Human Cashier,10:53:54,10.9,5,0.0,44.08357841134493,0.0,149.18054794591134,0.0,193.264126357255,10:57:07
100,Human Cashier,10:54:48,10.91,2,0.0,48.44462130258359,0.0,65.03646418821772,0.0,113.48108549080098,10:56:42
101,Human Cashier,10:55:10,10.92,3,0.0,74.44345207378637,0.0,131.46093355797234,0.0,205.9043856317585,10:58:36
102,Human Cashier,10:56:55,10.95,2,0.0,33.2196691825241,0.0,93.51661412172923,0.0,126.73628330425345,10:59:02
103,Human Cashier,10:58:17,10.97,2,0.0,67.16867872288366,0.0,109.88899391647244,0.0,177.0576726393556,11:01:14
104,Human Cashier,10:59:20,10.99,4,0.0,40.829944143150776,0.0,92.82590177345354,0.0,133.65584591660263,11:01:34
105,Human Cashier,11:00:04,11.0,1,0.0,40.22904042426342,0.0,60.24214279620698,0.0,100.47118322047027,11:01:45
106,Human Cashier,11:00:21,11.01,2,0.0,42.49718315683208,10.587837402996229,69.62670332898836,10.587837402996229,122.71172388881678,11:02:24
107,Human Cashier,11:09:47,11.16,4,0.0,54.506090882827564,0.0,106.65429736864309,0.0,161.16038825147007,11:12:28
108,Human Cashier,11:09:58,11.17,5,0.0,60.34249567367665,0.0,160.14432594265037,0.0,220.48682161632678,11:13:38
109,Human Cashier,11:13:33,11.23,5,0.0,69.18336809971751,0.0,101.11762535991645,0.0,170.3009934596339,11:16:23
110,Human Cashier,11:14:32,11.24,2,0.0,55.90848219265058,0.0,66.91467551703593,0.0,122.82315770968671,11:16:35
111,Human Cashier,11:15:36,11.26,2,0.0,32.5742829533046,0.0,84.15335267234396,0.0,116.72763562564796,11:17:33
112,Human Cashier,11:15:54,11.26,4,0.0,59.41169263644244,0.0,178.63906047801004,0.0,238.05075311445216,11:19:52
113,Human Cashier,11:16:57,11.28,2,0.0,49.02726832747866,0.0,68.25416905714172,0.0,117.2814373846195,11:18:54
114,Human Cashier,11:17:31,11.29,5,0.0,84.33172240440965,0.0,117.63959041728087,0.0,201.97131282168993,11:20:53
115,Human Cashier,11:18:17,11.3,2,0.0,48.86545047008783,0.0,99.25483888963747,0.0,148.12028935972558,11:20:45
116,Human Cashier,11:18:38,11.31,3,17.96785254549468,35.67387379991975,20.510175070125115,103.62652179595153,38.478027615619794,177.77842321149183,11:21:35
117,Human Cashier,11:19:34,11.33,4,0.0,54.12287398929503,16.674965879932643,152.84132420745456,16.674965879932643,223.6391640766833,11:23:18
118,Human Cashier,11:23:41,11.39,5,0.0,66.3769703140495,0.0,179.83774282232037,0.0,246.21471313637085,11:27:47
119,Human Cashier,11:25:11,11.42,3,0.0,68.4111842661484,0.0,92.47302430946453,0.0,160.8842085756114,11:27:52
120,Human Cashier,11:25:19,11.42,3,0.0,73.34591303768373,0.0,153.64027298910625,0.0,226.98618602679016,11:29:06
121,Human Cashier,11:25:35,11.43,1,45.03525340125816,21.20107588266829,66.38918882200778,38.761721614344815,111.42444222326594,171.38723972027947,11:28:26
122,Human Cashier,11:28:01,11.47,2,0.0,31.15153524622964,0.0,79.35628582355334,0.0,110.50782106978295,11:29:51
123,Human Cashier,11:28:32,11.48,3,0.0,98.14855197204672,0.0,56.58315164446353,0.0,154.73170361650955,11:31:06
124,Human Cashier,11:28:46,11.48,1,0.0,52.75933315866768,0.0,84.41521336495974,0.0,137.1745465236272,11:31:04
125,Human Cashier,11:28:51,11.48,3,47.6649182747733,43.69794567052962,0.0,142.7757212408273,47.6649182747733,234.1385851861305,11:32:46
126,Human Cashier,11:28:55,11.48,2,74.58217821730614,68.83491255654042,0.0,64.6295462146602,74.58217821730614,208.0466369885071,11:32:23
127,Human Cashier,11:30:50,11.51,3,0.0,64.94799558638017,0.0,115.82053802018169,0.0,180.7685336065624,11:33:51
128,Human Cashier,11:31:22,11.52,3,0.0,53.49418567333266,7.53019431964276,119.13562724557428,7.53019431964276,180.16000723855177,11:34:22
129,Human Cashier,11:33:36,11.56,3,0.0,38.83234481041453,0.0,148.31263399192363,0.0,187.1449788023383,11:36:43
130,Human Cashier,11:34:41,11.58,1,0.0,37.32795889917356,0.0,71.47982110121097,0.0,108.80778000038117,11:36:30
131,Human Cashier,11:37:01,11.62,3,0.0,37.34134000200511,0.0,96.68774084740483,0.0,134.0290808494101,11:39:15
132,Human Cashier,11:37:20,11.62,2,0.0,42.83003219356924,0.0,120.79540447700697,0.0,163.62543667057616,11:40:04
133,Human Cashier,11:39:59,11.67,2,0.0,48.76066539126847,0.0,83.52733469047595,0.0,132.28800008174585,11:42:11
134,Human Cashier,11:40:19,11.67,2,0.0,46.938375648423275,0.0,69.51874675981563,0.0,116.45712240823923,11:42:16
135,Human Cashier,11:42:55,11.72,5,0.0,79.37510483347091,0.0,89.55786903109765,0.0,168.93297386456834,11:45:44
136,Human Cashier,11:43:14,11.72,3,0.0,65.3897789831186,0.0,108.33764003431793,0.0,173.72741901743575,11:46:08
137,Human Cashier,11:44:15,11.74,2,0.0,78.23111605796171,0.0,116.81162914148696,0.0,195.04274519945102,11:47:30
138,Human Cashier,11:45:09,11.75,1,0.0,45.06773474289814,0.0,52.088805810902905,0.0,97.15654055379855,11:46:46
139,Human Cashier,11:47:14,11.79,2,0.0,44.90130351686139,0.0,122.80857113606889,0.0,167.70987465293,11:50:02
140,Human Cashier,11:47:25,11.79,3,0.0,82.42973318709396,0.0,94.90317769930826,0.0,177.3329108864018,11:50:22
141,Human Cashier,11:47:34,11.79,4,25.060741451688955,96.69220461654307,26.11636651952722,93.9313575200831,51.177107971216174,241.80067010784114,11:51:36
142,Human Cashier,11:48:18,11.81,2,28.847531677798543,41.60379195017073,0.0,75.41300487349297,28.847531677798543,145.8643285014623,11:50:44
143,Human Cashier,11:48:49,11.81,1,39.57758156153068,46.99439153812176,6.304994211011945,88.52118639031391,45.88257577254262,181.39815370097858,11:51:51
144,Human Cashier,11:49:13,11.82,5,22.271573444893875,57.47276407077925,11.16865660728945,166.8259458218014,33.440230052183324,257.73893994476384,11:53:31
145,Human Cashier,11:49:32,11.83,1,43.565670543343,42.36105155196716,37.46386514494225,54.47592533959811,81.02953568828525,177.86651257985068,11:52:30
146,Human Cashier,11:50:22,11.84,4,11.257424881925544,76.91799704631582,0.6582268269303313,142.18688808022827,11.915651708855876,231.02053683539998,11:54:13
147,Human Cashier,11:51:11,11.85,2,0.0,40.38430785696162,38.495836404275906,110.36249828678231,38.495836404275906,189.24264254802256,11:54:21
148,Human Cashier,11:52:11,11.87,5,0.0,70.71703836868508,9.604917015465617,166.98579121536926,9.604917015465617,247.3077465995193,11:56:18
149,Human Cashier,11:52:49,11.88,1,0.0,34.69802137043421,48.94828668889386,93.45547123949906,48.94828668889386,177.10177929882775,11:55:46
150,Human Cashier,11:55:34,11.93,3,0.0,42.32223626498267,0.0,118.16275162726342,0.0,160.48498789224686,11:58:15
151,Human Cashier,11:55:38,11.93,4,0.0,68.95000557991143,0.0,102.28894232729232,0.0,171.23894790720442,11:58:29
152,Human Cashier,11:55:43,11.93,3,33.83321814404917,51.49664703578578,0.0,107.30666856011842,33.83321814404917,192.63653373995476,11:58:55
153,Human Cashier,11:56:21,11.94,3,25.045456249456038,109.53594299206257,0.0,92.91864801714289,25.045456249456038,227.50004725865801,12:00:09
154,Human Cashier,11:57:11,11.95,3,0.0,46.7267707520728,17.058176529437333,130.9520516148116,17.058176529437333,194.7369988963219,12:00:26
155,Human Cashier,11:57:23,11.96,4,34.353685375401255,51.42398835360295,6.274752144476224,115.21492882427435,40.62843751987748,207.26735469775303,12:00:51
156,Human Cashier,11:58:31,11.98,5,5.114849827557919,59.03378619281172,50.61712166797224,133.54158554017818,55.73197149553016,248.30734322852004,12:02:39
157,Human Cashier,11:58:37,11.98,3,12.291900130825525,39.33441050364634,40.519569443356886,54.43657696272745,52.81146957418241,146.58245704055298,12:01:03
158,Human Cashier,11:59:23,11.99,3,5.161528239503241,52.8835748802466,29.271695584859117,85.93733109508713,34.43322382436236,173.25412979969406,12:02:17
159,Human Cashier,12:00:09,12.0,3,0.0,55.965988603064865,0.0,73.97313521647169,0.0,129.93912381953487,12:02:19
160,Human Cashier,12:00:32,12.01,5,0.0,38.23118662227053,65.92035650229445,127.64659937923874,65.92035650229445,231.7981425038015,12:04:24
161,Human Cashier,12:01:46,12.03,5,0.0,41.2257492291714,0.0,115.89344683727873,0.0,157.11919606645097,12:04:23
162,Human Cashier,12:01:47,12.03,4,0.0,76.33482672258327,0.0,108.41302426560588,0.0,184.7478509881912,12:04:52
163,Human Cashier,12:03:39,12.06,2,0.0,34.84628352422746,9.685267315766396,78.07738751944038,9.685267315766396,122.60893835943352,12:05:41
164,Human Cashier,12:04:21,12.07,2,0.0,56.87530389127102,0.0,69.09868267982986,0.0,125.9739865711017,12:06:27
165,Human Cashier,12:04:23,12.07,1,0.0,41.80831171529063,0.0,84.08909932104585,0.0,125.89741103633423,12:06:28
166,Human Cashier,12:04:57,12.08,1,7.44682046825983,28.015786142801034,9.068941076453484,68.64800354748019,16.515761544713314,113.17955123499632,12:06:50
167,Human Cashier,12:05:32,12.09,2,0.0,41.46671021853536,13.54776210077398,108.28197657289026,13.54776210077398,163.29644889219708,12:08:15
168,Human Cashier,12:05:32,12.09,2,0.6602076533272339,47.39593980330795,8.677373374935996,90.56014903340709,9.33758102826323,147.29366986497917,12:07:59
169,Human Cashier,12:06:23,12.11,1,0.0,58.68752533995297,0.0,96.64196350892202,0.0,155.32948884887446,12:08:58
170,Human Cashier,12:07:43,12.13,2,0.0,53.20364554987849,0.0,66.43340401907044,0.0,119.63704956894799,12:09:42
171,Human Cashier,12:07:51,12.13,2,0.0,49.45180391864686,0.0,54.51905437300364,0.0,103.97085829165007,12:09:34
172,Human Cashier,12:08:36,12.14,2,0.0,40.29480846913162,0.0,41.73619319445374,0.0,82.0310016635849,12:09:58
173,Human Cashier,12:10:00,12.17,1,0.0,33.62710371928132,0.0,102.11806940861237,0.0,135.74517312789249,12:12:16
174,Human Cashier,12:11:05,12.18,2,0.0,43.85302106814426,0.0,80.56325303084637,0.0,124.41627409899229,12:13:09
175,Human Cashier,12:11:18,12.19,4,0.0,39.898605394485216,0.0,77.64141710937841,0.0,117.54002250386475,12:13:15
176,Human Cashier,12:11:40,12.19,4,8.936723567079753,48.46724866321335,0.0,65.04514297711907,8.936723567079753,122.44911520741152,12:13:42
177,Human Cashier,12:11:43,12.2,2,15.08319101826055,44.019140136741754,27.331442914204672,77.91220851199353,42.41463393246522,164.34598258119877,12:14:27
178,Human Cashier,12:14:09,12.24,1,0.0,41.91902682823807,0.0,38.599847825132244,0.0,80.51887465336767,12:15:30
179,Human Cashier,12:14:18,12.24,1,0.0,57.119691601919804,0.0,87.07914472596923,0.0,144.19883632788697,12:16:43
180,Human Cashier,12:14:58,12.25,4,0.0,80.26135829342789,0.0,77.4912500383116,0.0,157.75260833173888,12:17:36
181,Human Cashier,12:15:14,12.25,2,1.8708514997924794,55.571014754565255,0.0,64.31808548382429,1.8708514997924794,121.75995173818228,12:17:15
182,Human Cashier,12:15:27,12.26,4,44.21495837413386,77.54139996473874,0.0,127.02570450104278,44.21495837413386,248.78206283991676,12:19:36
183,Human Cashier,12:15:28,12.26,3,50.42583163481686,76.18866219657748,0.0,69.1062605254406,50.42583163481686,195.72075435683655,12:18:44
184,Human Cashier,12:17:09,12.29,4,19.33801579183637,44.407808584390075,0.0,96.66927555374511,19.33801579183637,160.4150999299709,12:19:50
185,Human Cashier,12:17:24,12.29,2,11.15841068159716,87.06831824829727,0.0,82.80789973599391,11.15841068159716,181.0346286658896,12:20:25
186,Human Cashier,12:19:09,12.32,2,0.0,33.063603001412325,0.0,80.44645284584945,0.0,113.51005584726227,12:21:03
187,Human Cashier,12:19:45,12.33,3,0.0,68.0683511051583,0.0,85.1269164203093,0.0,153.19526752546517,12:22:18
188,Human Cashier,12:20:04,12.33,4,0.0,36.64249080726801,0.0,121.18084965035406,0.0,157.823340457624,12:22:41
189,Human Cashier,12:20:12,12.34,3,27.806474751352653,45.996445237284576,0.0,84.87722949172452,27.806474751352653,158.68014948036216,12:22:51
190,Human Cashier,12:20:17,12.34,2,36.02622497876291,45.47811046537659,39.64880595493014,104.34297436983074,75.67503093369305,225.4961157689031,12:24:03
191,Human Cashier,12:21:05,12.35,2,21.24230113469457,52.55378115592089,22.630623257147818,92.4458689183078,43.87292439184239,188.87257446607327,12:24:14
192,Human Cashier,12:22:15,12.37,4,0.0,55.87477010413021,0.0,116.85514045131822,0.0,172.7299105554448,12:25:08
193,Human Cashier,12:22:50,12.38,1,0.0,43.696117354736515,28.898778169063007,73.23684264786563,28.898778169063007,145.83173817166244,12:25:16
194,Human Cashier,12:24:40,12.41,2,0.0,32.23801880251746,0.0,117.49324800502764,0.0,149.73126680754285,12:27:10
195,Human Cashier,12:24:51,12.41,5,0.0,77.0853983229794,0.0,166.40084022425017,0.0,243.48623854722973,12:28:54
196,Human Cashier,12:25:46,12.43,1,0.0,46.41303977987086,0.0,60.014242571333085,0.0,106.4272823512074,12:27:33
197,Human Cashier,12:27:14,12.45,2,0.0,63.23197221695243,0.0,78.52994230183606,0.0,141.76191451878913,12:29:35
198,Human Cashier,12:30:04,12.5,2,0.0,48.35284155984573,0.0,83.74653964451024,0.0,132.09938120435618,12:32:16
199,Human Cashier,12:30:06,12.5,1,0.0,30.423921686104624,0.0,68.17719373329226,0.0,98.60111541939841,12:31:44
200,Human Cashier,12:31:26,12.52,4,0.0,74.88493647329328,0.0,130.8005794543632,0.0,205.68551592765652,12:34:52
201,Human Cashier,12:33:29,12.56,2,0.0,49.040137315072904,0.0,38.35679334240469,0.0,87.39693065747997,12:34:56
202,Human Cashier,12:33:44,12.56,4,0.0,46.783887946701846,0.0,110.6706414084696,0.0,157.45452935517096,12:36:22
203,Human Cashier,12:36:06,12.6,3,0.0,44.808032977742045,0.0,89.34118733655927,0.0,134.14922031429887,12:38:21
204,Human Cashier,12:38:36,12.64,3,0.0,43.74560936410193,0.0,106.32558240907613,0.0,150.07119177317873,12:41:06
205,Human Cashier,12:39:53,12.66,4,0.0,66.71325578131959,0.0,128.88047794184587,0.0,195.59373372316622,12:43:08
206,Human Cashier,12:40:52,12.68,2,0.0,28.2290084363101,0.0,71.96752523713288,0.0,100.1965336734429,12:42:32
207,Human Cashier,12:40:54,12.68,3,5.40378103753028,60.11239848802888,0.0,128.6632573902219,5.40378103753028,194.17943691577966,12:44:08
208,Human Cashier,12:40:55,12.68,1,25.02498315187404,52.41014964261757,19.55737559451518,71.49258614632225,44.58235874638922,168.48509453533188,12:43:43
209,Human Cashier,12:41:10,12.69,2,49.611403877184785,64.45158232134777,38.957580398680875,98.85556144344905,88.56898427586566,251.87612804066157,12:45:22
210,Human Cashier,12:42:17,12.7,2,0.0,34.633065114095686,16.548488955329958,34.64108326621277,16.548488955329958,85.82263733563741,12:43:43
211,Human Cashier,12:42:24,12.71,5,28.256052833075955,60.23322374087982,16.21044315085237,127.49646996143588,44.466495983928326,232.1961896862449,12:46:16
212,Human Cashier,12:42:40,12.71,1,23.97573737012135,24.534851217221558,14.772373381620127,64.56150131848077,38.74811075174148,127.84446328744161,12:44:48
213,Human Cashier,12:43:24,12.72,3,5.060677396417304,58.05250258352788,21.28137211657304,70.01779090888779,26.342049512990343,154.412343005406,12:45:58
214,Human Cashier,12:43:42,12.73,1,9.929500302034285,59.85695917012301,29.95495075398503,67.47751308652234,39.884451056019316,167.21892331266645,12:46:29
215,Human Cashier,12:45:42,12.76,1,0.0,45.00322267647705,0.0,67.15975169522041,0.0,112.16297437169851,12:47:34
216,Human Cashier,12:45:52,12.76,1,0.0,38.437613967156295,0.0,72.56368456217554,0.0,111.00129852932878,12:47:43
217,Human Cashier,12:46:23,12.77,3,3.811537592784589,43.354082569471,0.0,115.30636426389925,3.811537592784589,162.47198442615627,12:49:05
218,Human Cashier,12:47:04,12.78,2,0.0,67.9074617152302,0.0,162.63090137358586,0.0,230.53836308881364,12:50:54
219,Human Cashier,12:48:15,12.8,5,0.0,93.45099655210963,0.0,91.16746491535196,0.0,184.6184614674603,12:51:20
220,Human Cashier,12:48:16,12.8,4,0.0,51.993515187055124,0.0,108.99046878252518,0.0,160.98398396958146,12:50:57
221,Human Cashier,12:49:35,12.83,5,0.0,76.56724613209532,5.363670758972148,104.74063941250105,5.363670758972148,186.67155630356865,12:52:41
222,Human Cashier,12:49:37,12.83,2,12.097265829612297,35.246787812575015,30.177488393936073,114.9702614281324,42.27475422354837,192.49180346425783,12:52:49
223,Human Cashier,12:50:05,12.83,2,18.559624968100252,31.331379050378942,24.58929805239677,91.49680617780722,43.14892302049702,165.97710824868045,12:52:51
224,Human Cashier,12:51:21,12.86,5,0.0,50.02707875033271,29.880870230339497,106.03377534253175,29.880870230339497,185.94172432320192,12:54:27
225,Human Cashier,12:51:36,12.86,5,0.0,58.10273436684934,15.323517530803656,89.44547759711291,15.323517530803656,162.87172949476735,12:54:19
226,Human Cashier,12:51:52,12.86,3,19.607495478423516,46.591050243993486,0.0,135.79839253988231,19.607495478423516,201.99693826230214,12:55:14
227,Human Cashier,12:53:02,12.88,3,0.0,68.76887254865801,7.63986021187884,91.28647690891609,7.63986021187884,167.69520966945493,12:55:50
228,Human Cashier,12:53:36,12.89,3,0.0,36.46400819776494,14.519906299654394,110.02005357951506,14.519906299654394,161.00396807693323,12:56:17
229,Human Cashier,12:53:57,12.9,4,14.299464861673187,76.95870026645144,21.967636854344164,103.75869369377068,36.26710171601735,216.98449567623902,12:57:34
230,Human Cashier,12:54:23,12.91,2,0.0,45.01754981685418,5.381792853062507,75.73230310331748,5.381792853062507,126.1316457732355,12:56:29
231,Human Cashier,12:54:27,12.91,2,41.83798412200849,32.977498874362844,35.94955034720624,72.90556443778027,77.78753446921473,183.67059778135808,12:57:30
232,Human Cashier,12:54:40,12.91,2,47.80496551047327,48.038529429747875,13.486007396542846,106.44443105859935,61.29097290701611,215.77393339536502,12:58:16
233,Human Cashier,12:55:56,12.93,2,0.0,30.242108796649475,64.39242977409594,113.56549357662871,64.39242977409594,208.20003214737517,12:59:24
234,Human Cashier,12:56:20,12.94,3,0.0,61.71786954839722,54.32947861890716,58.01903402646226,54.32947861890716,174.0663821937669,12:59:14
235,Human Cashier,12:56:21,12.94,3,5.140994537730876,46.54903090291133,21.326674890038703,96.85742068200541,26.46766942776958,169.87412101268637,12:59:11
236,Human Cashier,12:57:43,12.96,2,0.0,35.11259734170068,52.44805628384711,98.70054085944174,52.44805628384711,186.26119448498866,13:00:49
237,Human Cashier,12:58:29,12.97,3,0.0,98.31617562029187,0.0,90.86410318545144,0.0,189.18027880574664,13:01:38
238,Human Cashier,12:58:54,12.98,3,0.0,41.12934771083005,0.0,49.97884096135637,0.0,91.10818867218768,13:00:25
239,Human Cashier,12:59:06,12.98,5,28.929915827604418,82.00385563667875,0.0,151.93167025368535,28.929915827604418,262.86544171796777,13:03:29
240,Human Cashier,12:59:12,12.99,4,55.500047128898586,64.61844569556693,0.0,77.19875882171468,55.500047128898586,197.31725164618183,13:02:29
241,Human Cashier,12:59:13,12.99,1,103.90943919777783,42.359370972660116,0.0,53.10061597874735,103.90943919777783,199.3694261491837,13:02:32
242,Human Cashier,13:00:46,13.01,3,25.483906233963353,57.033351455216064,20.165407366501313,116.47568357659826,45.649313600464666,219.15834863227792,13:04:25
243,Human Cashier,13:01:06,13.02,1,33.2561878362103,34.569922367602615,18.53069361114467,80.4133234263548,51.78688144735497,166.77012724131055,13:03:53
244,Human Cashier,13:01:25,13.02,3,43.62308346267673,38.383500189444334,41.64129600660817,132.533507103254,85.2643794692849,256.18138676198214,13:05:41
245,Human Cashier,13:01:49,13.03,3,24.960195397496136,59.45051930016297,39.49349773733411,83.32687979769271,64.45369313483025,207.23109223268693,13:05:16
246,Human Cashier,13:02:00,13.03,4,46.91337036537152,45.44285950572438,52.81473124793047,73.68552121454385,99.72810161330199,218.85648233357279,13:05:39
247,Human Cashier,13:03:31,13.06,2,0.0,38.350534143325795,67.11008193234011,72.40130819556425,67.11008193234011,177.86192427123024,13:06:28
248,Human Cashier,13:04:35,13.08,2,0.0,55.02672574219758,11.442922969559731,87.94965193404879,11.442922969559731,154.4193006458081,13:07:09
249,Human Cashier,13:04:48,13.08,4,0.0,31.678420929903872,19.045138465447963,65.58551794383588,19.045138465447963,116.30907733918866,13:06:45
250,Human Cashier,13:04:57,13.08,3,22.644716688941116,78.1534104431955,0.0,95.98196575726074,22.644716688941116,196.78009288939938,13:08:14
251,Human Cashier,13:06:18,13.1,2,0.0,62.65121105820772,0.0,77.74418565202302,0.0,140.39539671023158,13:08:38
252,Human Cashier,13:07:08,13.12,3,0.0,46.04348226254797,0.0,48.552788025355646,0.0,94.59627028790055,13:08:42
253,Human Cashier,13:07:35,13.13,2,0.0,32.745968766837365,6.021560852925177,88.86441005187639,6.021560852925177,127.63193967163897,13:09:43
254,Human Cashier,13:07:59,13.13,1,0.0,32.91917850246596,6.487640148428909,76.531792514547,6.487640148428909,115.93861116544213,13:09:55
255,Human Cashier,13:08:08,13.14,3,0.0,33.415893009047046,0.4754031647898955,70.1072497437684,0.4754031647898955,103.99854591760231,13:09:52
256,Human Cashier,13:08:24,13.14,5,7.173059537683002,63.48805588639507,17.29700807379413,217.06146364231302,24.470067611477134,305.01958714018474,13:13:29
257,Human Cashier,13:08:50,13.15,2,0.0,39.87193312306173,13.357323945077951,92.08193638757895,13.357323945077951,145.31119345571642,13:11:15
258,Human Cashier,13:09:47,13.16,1,0.0,43.05889494168448,0.0,35.259737248550884,0.0,78.3186321902358,13:11:06
259,Human Cashier,13:10:00,13.17,2,0.0,35.045201567741366,30.65938654776255,52.85547409015618,30.65938654776255,118.56006220565905,13:11:59
260,Human Cashier,13:10:16,13.17,4,14.908834238915006,43.719876500813626,0.84323343464348,99.20746216875808,15.752067673558486,158.6794063431298,13:12:54
261,Human Cashier,13:12:05,13.2,3,0.0,54.78601848581036,0.0,47.23074672214208,0.0,102.01676520795445,13:13:47
262,Human Cashier,13:12:22,13.21,3,0.0,33.92705798707743,0.0,88.09075349681156,0.0,122.01781148388909,13:14:24
263,Human Cashier,13:12:36,13.21,4,19.82385628348129,86.91016063210772,0.0,112.2627033715095,19.82385628348129,218.9967202871012,13:16:15
264,Human Cashier,13:13:09,13.22,4,0.0,72.33955008104726,0.0,165.83573679537201,0.0,238.1752868764197,13:17:08
265,Human Cashier,13:13:15,13.22,3,67.035445417554,69.63865047090331,43.698083942508674,83.92084809352589,110.73352936006268,264.2930279244938,13:17:39
266,Human Cashier,13:13:47,13.23,2,36.03146761770404,44.19276265347705,0.0,109.03977526095052,36.03146761770404,189.2640055321317,13:16:56
267,Human Cashier,13:15:19,13.26,4,0.0,52.30595347971321,44.93995304819691,117.89991948385337,44.93995304819691,215.14582601176517,13:18:54
268,Human Cashier,13:15:43,13.26,2,0.0,43.415858928689225,41.05578764479287,115.99300784541096,41.05578764479287,200.4646544188945,13:19:04
269,Human Cashier,13:16:51,13.28,1,0.0,82.53864314645435,40.19419465578176,75.506844507481,40.19419465578176,198.23968230971514,13:20:09
270,Human Cashier,13:17:02,13.28,1,0.0,57.45151785910317,0.0,67.20520425678107,0.0,124.6567221158839,13:19:07
271,Human Cashier,13:19:26,13.32,1,0.0,55.82523352494848,0.0,95.78040071255964,0.0,151.60563423750864,13:21:58
272,Human Cashier,13:19:45,13.33,5,0.0,84.77009344174911,0.0,148.49429608576017,0.0,233.26438952750686,13:23:38
273,Human Cashier,13:19:59,13.33,5,22.727882790219155,93.26045544681095,0.0,143.61733701203218,22.727882790219155,259.6056752490622,13:24:19
274,Human Cashier,13:21:01,13.35,5,8.604122864264355,53.342437310937754,0.0,153.39970294473838,8.604122864264355,215.34626311993998,13:24:36
275,Human Cashier,13:21:20,13.36,3,35.82348653981171,34.13872156896304,68.76526098233808,90.92105905049945,104.58874752214979,229.6485281416135,13:25:09
276,Human Cashier,13:21:33,13.36,5,29.891611311311863,71.279827658918,64.58538557663269,169.5536042908401,94.47699688794455,335.3104288376999,13:27:09
277,Human Cashier,13:22:38,13.38,4,0.0,62.603336315257366,55.94388578915459,136.01417010636123,55.94388578915459,254.5613922107732,13:26:52
278,Human Cashier,13:22:57,13.38,3,17.146843287748197,74.30099782931305,143.8330475628718,128.01566406963929,160.97989085062,363.2965527495726,13:29:01
279,Human Cashier,13:23:35,13.39,3,5.697945973366586,28.780299907841794,59.836800761895574,114.64586330040066,65.53474673526216,208.9609099435038,13:27:04
280,Human Cashier,13:23:51,13.4,2,18.398894007095805,50.043224817124006,124.43943924517225,95.16643794021898,142.83833325226806,288.04799600960905,13:28:39
281,Human Cashier,13:24:55,13.42,1,0.0,30.792502991479004,102.50165520701557,81.37358264754856,102.50165520701557,214.6677408460455,13:28:30
282,Human Cashier,13:24:58,13.42,3,0.9533900590104167,81.28448592923279,129.2285723641544,82.19778657062221,130.1819624231648,293.66423492302056,13:29:52
283,Human Cashier,13:26:37,13.44,2,0.0,58.3750711924319,63.24949132464826,102.9760734529508,63.24949132464826,224.60063597003318,13:30:22
284,Human Cashier,13:26:52,13.45,3,0.0,51.32226358178393,76.85872043508789,119.62112746770876,76.85872043508789,247.80211148457965,13:31:00
285,Human Cashier,13:28:28,13.47,2,0.0,41.10616744742045,42.56143906882062,83.2642037823989,42.56143906882062,166.9318102986399,13:31:15
286,Human Cashier,13:29:39,13.49,4,0.0,103.81604637530039,0.0,90.53038140390123,0.0,194.3464277792009,13:32:53
287,Human Cashier,13:30:25,13.51,5,0.0,72.85663785664707,0.0,140.52978381590557,0.0,213.3864216725524,13:33:59
288,Human Cashier,13:30:51,13.51,2,31.503354178501468,43.007870513511975,0.0,69.06284804939467,31.503354178501468,143.5740727414086,13:33:15
289,Human Cashier,13:31:15,13.52,2,23.235088891509804,73.40780808807672,1.9113129584693525,118.78106830780351,25.146401849979156,217.3352782458569,13:34:52
290,Human Cashier,13:31:41,13.53,4,25.464105541905155,57.46470720411731,11.598140845275339,110.80071723023885,37.062246387180494,205.32767082153805,13:35:06
291,Human Cashier,13:32:10,13.54,2,41.27992840193474,77.13419348975432,0.0,126.91382747767895,41.27992840193474,245.32794936936625,13:36:16
292,Human Cashier,13:35:09,13.59,3,0.0,37.75425787402262,0.0,80.96014054339096,0.0,118.71439841741085,13:37:07
293,Human Cashier,13:36:06,13.6,4,0.0,77.48643893979987,0.0,112.62678322291855,0.0,190.11322216271583,13:39:16
294,Human Cashier,13:36:54,13.61,4,0.0,80.94604318545345,0.0,123.30126545916592,0.0,204.2473086446189,13:40:18
295,Human Cashier,13:37:26,13.62,2,0.0,45.092255038964616,0.0,130.8890720549396,0.0,175.98132709390484,13:40:22
296,Human Cashier,13:37:51,13.63,5,19.756942012703803,43.970212536212564,21.473668526901747,158.79952910655132,41.23061053960555,244.000352182371,13:41:55
297,Human Cashier,13:39:02,13.65,2,0.0,60.53048464035145,18.549739381065592,42.27424515405394,18.549739381065592,121.35446917547233,13:41:04
298,Human Cashier,13:39:20,13.66,1,0.0,22.14952707578999,35.88410765220033,74.34280687669317,35.88410765220033,132.37644160468335,13:41:32
299,Human Cashier,13:40:17,13.67,2,0.0,46.944122481863936,0.07247178354373318,131.64968938718897,0.07247178354373318,178.66628365259749,13:43:15
300,Human Cashier,13:40:20,13.67,5,0.0,73.9997780315169,0.0,156.20824277244722,0.0,230.20802080396606,13:44:11
301,Human Cashier,13:40:29,13.67,4,35.06082770308058,84.18307303165206,0.0,84.09130722673585,35.06082770308058,203.33520796146695,13:43:52
302,Human Cashier,13:40:58,13.68,1,36.58664100689566,62.075421324446296,38.912909601040155,69.48617008062261,75.49955060793582,207.06114201300443,13:44:25
303,Human Cashier,13:40:59,13.68,2,89.13817790395842,31.82472118028151,52.266586046454904,88.89273288989521,141.40476395041333,262.12221802058775,13:45:21
304,Human Cashier,13:41:55,13.7,2,41.81699181031945,45.23924975482066,48.893571693181,68.62081933601218,90.71056350350045,204.57063259433198,13:45:19
305,Human Cashier,13:41:56,13.7,5,63.65023023941103,80.3797556439549,4.820781395468657,66.69270677714057,68.47101163487969,215.54347405597218,13:45:32
306,Human Cashier,13:42:36,13.71,4,45.35378480129657,60.97115417593694,56.54323685325653,82.62496194895962,101.8970216545531,245.49313777944917,13:46:42
307,Human Cashier,13:43:02,13.72,2,78.07929050470193,35.5630209172612,25.21654237513576,71.2102860307632,103.29583287983769,210.06913982786136,13:46:32
308,Human Cashier,13:43:11,13.72,2,71.54205516571528,33.782885934030865,35.09849659401516,33.471296088290885,106.64055175973044,173.89473378205003,13:46:05
309,Human Cashier,13:44:06,13.73,5,49.84425510470828,69.93353574429015,0.0,122.74672716829411,49.84425510470828,242.5245180172933,13:48:08
310,Human Cashier,13:45:38,13.76,4,0.0,56.43087185420028,0.0,172.5535251365513,0.0,228.98439699075243,13:49:27
311,Human Cashier,13:45:48,13.76,4,17.97466251648075,67.06408449675983,0.0,94.94505138104985,17.97466251648075,179.98379839429253,13:48:48
312,Human Cashier,13:47:55,13.8,2,0.0,49.88671362845912,0.0,79.78433951962343,0.0,129.67105314808578,13:50:04
313,Human Cashier,13:50:05,13.83,2,0.0,84.92524128023176,0.0,66.24609525534714,0.0,151.17133653557903,13:52:36
314,Human Cashier,13:50:50,13.85,1,0.0,46.5457671443632,0.0,55.60429240538917,0.0,102.15005954975277,13:52:32
315,Human Cashier,13:55:03,13.92,3,0.0,40.52366893436605,0.0,151.71881501760583,0.0,192.24248395196992,13:58:15
316,Human Cashier,13:55:17,13.92,4,0.0,82.40633662273893,0.0,95.60965756772121,0.0,178.01599419046033,13:58:15
317,Human Cashier,13:57:57,13.97,3,0.0,40.14850913019257,0.0,98.51076665227833,0.0,138.6592757824692,14:00:15
318,Human Cashier,13:59:41,13.99,4,0.0,48.58804242579413,0.0,137.50146657587987,0.0,186.08950900167474,14:02:47
319,Human Cashier,14:01:04,14.02,4,0.0,30.468270408919345,0.0,94.77463734045104,0.0,125.24290774937253,14:03:09
320,Human Cashier,14:01:07,14.02,4,0.0,53.15045176472266,0.0,71.6850676389004,0.0,124.83551940362304,14:03:12
321,Human Cashier,14:01:14,14.02,2,20.159878740167187,33.347425245115026,39.53085449532591,96.64988307362017,59.6907332354931,189.68804155422913,14:04:24
322,Human Cashier,14:02:12,14.04,2,0.0,54.7881808542347,2.193543990910257,66.10607871437044,2.193543990910257,123.0878035595124,14:04:15
323,Human Cashier,14:03:00,14.05,2,0.0,42.315441541313994,0.0,95.04120381644717,0.0,137.35664535776232,14:05:18
324,Human Cashier,14:06:50,14.11,2,0.0,63.188336313060894,0.0,75.46232288915864,0.0,138.65065920221969,14:09:09
325,Human Cashier,14:08:03,14.13,1,0.0,49.780076636861146,0.0,52.077298185104794,0.0,101.85737482196419,14:09:45
326,Human Cashier,14:09:41,14.16,2,0.0,59.02967283624851,0.0,87.72061973611413,0.0,146.75029257236383,14:12:07
327,Human Cashier,14:11:28,14.19,4,0.0,74.77508438699465,0.0,145.299663967746,0.0,220.07474835474204,14:15:08
328,Human Cashier,14:14:26,14.24,1,0.0,39.40106735621163,0.0,59.96296385653597,0.0,99.36403121274634,14:16:05
329,Human Cashier,14:14:41,14.24,3,0.0,57.742619957044674,0.0,166.34043879288666,0.0,224.08305874992948,14:18:25
330,Human Cashier,14:18:11,14.3,1,0.0,24.271929335885496,0.0,58.22642928695564,0.0,82.4983586228409,14:19:34
331,Human Cashier,14:18:37,14.31,2,0.0,53.223505092398746,0.0,123.76633045161641,0.0,176.9898355440164,14:21:34
332,Human Cashier,14:19:38,14.33,4,0.0,59.16068848221148,0.0,87.42853516433604,0.0,146.5892236465479,14:22:04
333,Human Cashier,14:19:51,14.33,2,0.0,40.46301941963462,0.0,125.18757072817134,0.0,165.65059014780854,14:22:37
334,Human Cashier,14:20:53,14.35,3,0.0,76.23700208311641,0.0,88.23227145484573,0.0,164.46927353796127,14:23:37
335,Human Cashier,14:22:06,14.37,2,0.0,48.963918974230786,0.0,70.71476579455127,0.0,119.67868476877993,14:24:06
336,Human Cashier,14:31:03,14.52,4,0.0,65.07690391037026,0.0,175.2237805295608,0.0,240.30068443992786,14:35:03
337,Human Cashier,14:40:33,14.68,3,0.0,60.76623509441757,0.0,103.77225935591434,0.0,164.53849445033484,14:43:18
338,Human Cashier,14:43:16,14.72,4,0.0,22.527193673370974,0.0,34.68967071348297,0.0,57.21686438685356,14:44:13
339,Human Cashier,14:44:59,14.75,5,0.0,56.739028552687294,0.0,98.06269931725626,0.0,154.80172786994444,14:47:34
340,Human Cashier,14:45:34,14.76,4,0.0,57.11111258129652,0.0,101.52572993799618,0.0,158.63684251929226,14:48:12
341,Human Cashier,14:47:52,14.8,4,0.0,45.390285409052176,0.0,98.17790785756844,0.0,143.56819326661935,14:50:15
342,Human Cashier,14:50:35,14.84,3,0.0,38.30320400529675,0.0,115.81058661253827,0.0,154.11379061783373,14:53:09
343,Human Cashier,14:59:09,14.99,3,0.0,65.92114511298685,0.0,55.96047829920999,0.0,121.88162341219868,15:01:11
344,Human Cashier,15:01:55,15.03,3,0.0,65.73759376458732,0.0,99.38832535502364,0.0,165.12591911961135,15:04:40
345,Human Cashier,15:03:02,15.05,5,0.0,87.41796487710948,0.0,122.59415632092522,0.0,210.01212119803313,15:06:32
346,Human Cashier,15:05:10,15.09,2,0.0,55.015916574107024,0.0,67.09909932803727,0.0,122.11501590214175,15:07:12
347,Human Cashier,15:08:18,15.14,2,0.0,57.79547011679146,0.0,98.30470929983635,0.0,156.1001794166259,15:10:54
348,Human Cashier,15:08:49,15.15,1,0.0,35.33715595015248,0.0,81.06085229638289,0.0,116.39800824653503,15:10:46
349,Human Cashier,15:14:32,15.24,5,0.0,68.58111814195576,0.0,169.34180435751338,0.0,237.9229224994706,15:18:30
350,Human Cashier,15:22:11,15.37,4,0.0,96.19858568872395,0.0,76.41023749278114,0.0,172.6088231815047,15:25:04
351,Human Cashier,15:22:19,15.37,2,0.0,22.82150334706829,0.0,123.68729313286802,0.0,146.5087964799386,15:24:46
352,Human Cashier,15:26:39,15.44,2,0.0,37.200873847881304,0.0,117.40661812093147,0.0,154.6074919688108,15:29:13
353,Human Cashier,15:30:42,15.51,2,0.0,33.85165075176352,0.0,67.87411683845073,0.0,101.72576759021467,15:32:23
354,Human Cashier,15:32:04,15.53,2,0.0,36.11914112754,0.0,73.82761104202677,0.0,109.94675216956603,15:33:54
355,Human Cashier,15:39:03,15.65,4,0.0,79.1451083902249,0.0,144.7077873201279,0.0,223.85289571035173,15:42:47
356,Human Cashier,15:39:31,15.66,1,0.0,26.674418425540683,0.0,63.13839423974883,0.0,89.81281266528822,15:41:00
357,Human Cashier,15:42:03,15.7,4,0.0,86.90783857963305,0.0,92.21967848700305,0.0,179.12751706663767,15:45:02
358,Human Cashier,15:42:50,15.71,2,0.0,49.56331207084423,0.0,91.70145572704759,0.0,141.264767797893,15:45:11
359,Human Cashier,15:44:07,15.74,4,0.0,61.974310800403416,0.0,138.50101809086757,0.0,200.4753288912725,15:47:27
360,Human Cashier,15:44:19,15.74,2,0.0,42.554768152376,0.0,78.87041639201426,0.0,121.4251845443905,15:46:20
361,Human Cashier,15:48:03,15.8,3,0.0,49.02777967137411,0.0,74.17011116354233,0.0,123.1978908349156,15:50:06
362,Human Cashier,15:48:31,15.81,4,0.0,74.54883029653715,0.0,146.12009835113713,0.0,220.66892864767578,15:52:11
363,Human Cashier,15:49:25,15.82,3,0.0,39.37811257157195,0.0,70.40359524154752,0.0,109.78170781311928,15:51:15
364,Human Cashier,15:52:44,15.88,3,0.0,59.03421458425766,0.0,108.33528878513182,0.0,167.36950336939117,15:55:31
365,Human Cashier,15:59:26,15.99,3,0.0,44.70184312375011,0.0,105.13969693629437,0.0,149.84154006004246,16:01:56
366,Human Cashier,15:59:37,15.99,3,0.0,43.18838476888113,0.0,79.94945583966609,0.0,123.13784060854596,16:01:40
367,Human Cashier,16:01:18,16.02,1,0.0,43.84316545735141,0.0,71.65398477273209,0.0,115.49715023008321,16:03:14
368,Human Cashier,16:02:13,16.04,4,0.0,55.932387671829765,0.0,135.49512767845647,0.0,191.42751535028583,16:05:25
369,Human Cashier,16:04:45,16.08,2,0.0,38.42299526290667,0.0,84.34958073016067,0.0,122.77257599306904,16:06:48
370,Human Cashier,16:05:21,16.09,4,0.0,57.94932581611664,0.0,104.32647997130591,0.0,162.2758057874271,16:08:03
371,Human Cashier,16:08:11,16.14,2,0.0,21.925714650547533,0.0,114.5250258320776,0.0,136.45074048262904,16:10:28
372,Human Cashier,16:09:54,16.16,2,0.0,47.85595299616392,0.0,112.06961154359166,0.0,159.92556453975703,16:12:34
373,Human Cashier,16:11:25,16.19,3,0.0,39.96324848620862,0.0,125.42624302893948,0.0,165.3894915151468,16:14:10
374,Human Cashier,16:15:32,16.26,4,0.0,51.029705393579206,0.0,142.81569560413692,0.0,193.84540099771402,16:18:46
375,Human Cashier,16:20:01,16.33,2,0.0,45.85409299770591,0.0,69.30435632450454,0.0,115.15844932220352,16:21:56
376,Human Cashier,16:20:16,16.34,1,0.0,48.31024459007041,0.0,75.38296724000784,0.0,123.69321183008287,16:22:20
377,Human Cashier,16:21:46,16.36,4,0.0,63.05903535796497,0.0,70.81238443506842,0.0,133.8714197930385,16:24:00
378,Human Cashier,16:22:52,16.38,1,0.0,43.63273420067336,0.0,71.61667975226133,0.0,115.2494139529299,16:24:47
379,Human Cashier,16:23:54,16.4,3,0.0,41.23277282390089,0.0,143.97289814237175,0.0,185.205670966272,16:27:00
380,Human Cashier,16:26:19,16.44,2,0.0,40.882794295724715,0.0,97.19503623850343,0.0,138.07783053422463,16:28:37
381,Human Cashier,16:28:11,16.47,2,0.0,40.372535124386985,0.0,58.498119934107464,0.0,98.87065505849023,16:29:50
382,Human Cashier,16:28:15,16.47,4,0.0,32.46257209561926,0.0,128.75922036444288,0.0,161.22179246006272,16:30:56
383,Human Cashier,16:29:37,16.49,2,0.0,49.27017550515348,0.0,115.53868673142544,0.0,164.8088622365758,16:32:22
384,Human Cashier,16:30:29,16.51,2,0.0,36.24139418815785,0.0,94.67496095785484,0.0,130.91635514601512,16:32:40
385,Human Cashier,16:31:43,16.53,2,0.0,52.73297061183015,0.0,77.34709569318558,0.0,130.08006630501768,16:33:53
386,Human Cashier,16:32:14,16.54,3,0.0,75.49807126259786,0.0,128.42376217672665,0.0,203.92183343932265,16:35:37
387,Human Cashier,16:34:05,16.57,4,0.0,60.264332546275064,0.0,131.29092568345365,0.0,191.5552582297314,16:37:17
388,Human Cashier,16:34:35,16.58,2,0.0,33.684670713701195,0.0,78.73727066400798,0.0,112.42194137771003,16:36:27
389,Human Cashier,16:35:00,16.58,3,4.881387015499058,94.1090149097796,0.0,74.9682584795162,4.881387015499058,173.9586604047945,16:37:54
390,Human Cashier,16:35:01,16.58,3,6.783641860558419,70.45207466461383,0.0,67.77989679782623,6.783641860558419,145.01561332299752,16:37:26
391,Human Cashier,16:41:32,16.69,2,0.0,39.23103992311442,0.0,111.69652287451123,0.0,150.92756279762398,16:44:03
392,Human Cashier,16:43:24,16.72,3,0.0,47.76228143021594,0.0,80.9410121823643,0.0,128.70329361258337,16:45:33
393,Human Cashier,16:43:43,16.73,3,0.0,65.7478243858508,0.0,117.56368411753641,0.0,183.311508503386,16:46:46
394,Human Cashier,16:43:57,16.73,2,15.080697024088295,32.30388537600728,0.0,106.85443573263443,15.080697024088295,154.23901813272823,16:46:31
395,Human Cashier,16:44:32,16.74,3,12.395881384363747,40.08807512524029,8.549051681118726,64.94855251286549,20.944933065482473,125.98156070358527,16:46:38
396,Human Cashier,16:45:05,16.75,3,0.0,33.77893434877771,51.58152143243933,86.88166230293284,51.58152143243933,172.2421180841484,16:47:58
397,Human Cashier,16:45:48,16.76,2,0.0,28.08921995276139,21.282158830188564,59.62833587237612,21.282158830188564,108.99971465532144,16:47:37
398,Human Cashier,16:46:14,16.77,2,0.0,39.98162618085555,0.0,60.52573058705999,0.0,100.50735676792101,16:47:54
399,Human Cashier,16:47:31,16.79,1,0.0,52.02731842873769,0.0,74.54104590564386,0.0,126.56836433438002,16:49:37
400,Human Cashier,16:48:00,16.8,1,0.0,61.83093635968248,0.0,51.24123237857274,0.0,113.0721687382611,16:49:53
401,Human Cashier,16:48:16,16.8,3,6.610891932439699,55.77990392620126,0.0,71.6148087128567,6.610891932439699,134.0056045714955,16:50:30
402,Human Cashier,16:50:09,16.84,3,0.0,53.637160891842385,0.0,103.84341609182447,0.0,157.48057698366756,16:52:46
403,Human Cashier,16:50:47,16.85,4,0.0,87.62771664660248,0.0,64.77617903551356,0.0,152.40389568211685,16:53:19
404,Human Cashier,16:50:50,16.85,2,11.8784708132589,63.00239629547341,0.0,62.78470000534762,11.8784708132589,137.6655671140761,16:53:08
405,Human Cashier,16:52:04,16.87,3,1.5531881947317743,69.277682263843,0.0,114.80041759467619,1.5531881947317743,185.6312880532496,16:55:09
406,Human Cashier,16:52:09,16.87,3,5.109659673034912,59.075984589375494,0.0,95.86636595629052,5.109659673034912,160.05201021870016,16:54:49
407,Human Cashier,16:54:15,16.9,2,0.0,57.292708024677644,0.0,45.4100029984565,0.0,102.70271102313563,16:55:57
408,Human Cashier,16:54:18,16.91,3,0.0,54.9467561350547,0.0,131.38220412158293,0.0,186.3289602566365,16:57:25
409,Human Cashier,16:56:42,16.95,2,0.0,42.45564671311528,0.0,114.25071334543141,0.0,156.7063600585534,16:59:19
410,Human Cashier,16:57:59,16.97,5,0.0,38.70234104659256,0.0,130.86303215749376,0.0,169.56537320408825,17:00:49
411,Human Cashier,16:59:09,16.99,3,0.0,70.03086215644262,0.0,98.76247631796677,0.0,168.79333847441012,17:01:57
412,Human Cashier,16:59:54,17.0,2,0.0,59.68623344320365,0.0,67.66163535723673,0.0,127.34786880043976,17:02:01
413,Human Cashier,17:00:42,17.01,1,0.0,48.9198528857263,0.0,60.47163239392618,0.0,109.39148527965153,17:02:32
414,Human Cashier,17:01:31,17.03,4,0.0,36.02727262569673,0.0,143.18542491342478,0.0,179.21269753912202,17:04:30
415,Human Cashier,17:03:38,17.06,5,0.0,102.37106474950923,0.0,125.61508438852292,0.0,227.98614913803613,17:07:26
416,Human Cashier,17:05:09,17.09,3,0.0,42.508317302241615,0.0,81.97818986072659,0.0,124.48650716296834,17:07:13
417,Human Cashier,17:06:21,17.11,5,0.0,39.03544173283985,0.0,167.51672353406946,0.0,206.5521652669122,17:09:47
418,Human Cashier,17:08:13,17.14,2,0.0,43.67634664720217,0.0,50.76033312571733,0.0,94.43667977292353,17:09:48
419,Human Cashier,17:08:48,17.15,4,0.0,57.73418705053918,0.0,99.56063425062416,0.0,157.2948213011623,17:11:26
420,Human Cashier,17:10:52,17.18,2,0.0,43.02566524676175,0.0,105.224610547693,0.0,148.25027579446032,17:13:21
421,Human Cashier,17:12:04,17.2,3,0.0,43.70362567964908,0.0,143.8619322829806,0.0,187.56555796263274,17:15:12
422,Human Cashier,17:13:33,17.23,3,0.0,50.00498817293636,0.0,125.97541103911381,0.0,175.98039921205054,17:16:29
423,Human Cashier,17:14:05,17.23,1,0.0,30.052397830286818,0.0,96.44895313206675,0.0,126.50135096235317,17:16:11
424,Human Cashier,17:17:35,17.29,3,0.0,53.388529694629405,0.0,110.60256752431174,0.0,163.99109721894638,17:20:19
425,Human Cashier,17:18:29,17.31,3,0.0,25.933151978709866,0.0,107.92598863151163,0.0,133.8591406102205,17:20:43
426,Human Cashier,17:19:52,17.33,3,0.0,45.68986139660925,0.0,61.294783824303465,0.0,106.98464522091672,17:21:39
427,Human Cashier,17:21:25,17.36,4,0.0,88.48267247558668,0.0,116.55992638686926,0.0,205.04259886245563,17:24:50
428,Human Cashier,17:24:30,17.41,3,0.0,43.60611528614687,0.0,80.1368438702055,0.0,123.74295915634866,17:26:33
429,Human Cashier,17:24:44,17.41,3,0.0,60.744318565608516,0.0,153.43269325935833,0.0,214.17701182496967,17:28:19
430,Human Cashier,17:26:18,17.44,2,0.0,60.253248439615476,0.0,126.58329956137302,0.0,186.83654800098884,17:29:25
431,Human Cashier,17:26:29,17.44,3,0.0,24.227465762086904,0.0,67.03020744951542,0.0,91.25767321159947,17:28:00
432,Human Cashier,17:27:31,17.46,1,0.0,40.08137370101481,0.0,43.7872522312315,0.0,83.86862593224942,17:28:55
433,Human Cashier,17:27:32,17.46,5,0.0,77.49704608952528,0.0,171.0683123418488,0.0,248.5653584313768,17:31:40
434,Human Cashier,17:28:09,17.47,3,2.18369985868776,68.74809371966288,0.0,109.13936160413519,2.18369985868776,180.0711551824861,17:31:09
435,Human Cashier,17:28:37,17.48,5,12.281523374535027,43.78474344311453,0.0,130.99091181677952,12.281523374535027,187.05717863442987,17:31:44
436,Human Cashier,17:32:05,17.53,1,0.0,36.23424373848424,0.0,45.68568837362954,0.0,81.91993211211957,17:33:26
437,Human Cashier,17:32:13,17.54,2,0.0,102.49819553918009,0.0,74.55826527635169,0.0,177.05646081553277,17:35:10
438,Human Cashier,17:33:08,17.55,2,0.0,65.92616749996031,0.0,58.51869665162184,0.0,124.44486415157735,17:35:12
439,Human Cashier,17:33:28,17.56,2,26.909221103138407,41.222202277854244,0.0,58.09682747838951,26.909221103138407,126.22825085937802,17:35:35
440,Human Cashier,17:34:06,17.57,4,7.228333774168277,37.16553834503404,19.115221714884683,73.97891949674296,26.34355548905296,137.48801333083247,17:36:24
441,Human Cashier,17:36:15,17.6,5,0.0,66.97949081286393,0.0,101.27161484806088,0.0,168.2511056609219,17:39:03
442,Human Cashier,17:38:03,17.63,2,0.0,58.33885735647945,0.0,111.8459098309069,0.0,170.18476718739112,17:40:53
443,Human Cashier,17:38:05,17.63,2,0.0,54.139201827125916,0.0,88.54466327279283,0.0,142.68386509991979,17:40:28
444,Human Cashier,17:38:23,17.64,2,36.07988367641519,55.15808503436831,0.0,82.61610221154896,36.07988367641519,173.85407092233072,17:41:17
445,Human Cashier,17:39:09,17.65,3,0.0,59.25962315749266,19.757522035113652,110.6218203955763,19.757522035113652,189.6389655881867,17:42:18
446,Human Cashier,17:40:08,17.67,2,0.0,57.18135817363327,0.0,98.17230042927599,0.0,155.35365860290767,17:42:44
447,Human Cashier,17:40:48,17.68,3,0.0,57.59736439322512,0.0,70.28742067891355,0.0,127.88478507213586,17:42:56
448,Human Cashier,17:43:15,17.72,3,0.0,61.07199713388805,0.0,144.91159117099565,0.0,205.98358830488723,17:46:41
449,Human Cashier,17:43:20,17.72,1,0.0,30.30777766367713,0.0,62.01037135695482,0.0,92.31814902063343,17:44:52
450,Human Cashier,17:44:44,17.75,3,0.0,54.04620871935584,0.0,102.92011577153369,0.0,156.9663244908952,17:47:21
451,Human Cashier,17:45:42,17.76,2,0.0,71.3877856266673,0.0,81.86450924386276,0.0,153.25229487053002,17:48:16
452,Human Cashier,17:46:10,17.77,2,0.0,62.64634897057761,0.0,104.73046682605793,0.0,167.3768157966333,17:48:58
453,Human Cashier,17:46:56,17.78,4,0.0,41.83747069661864,0.0,100.64396304754457,0.0,142.48143374416395,17:49:18
454,Human Cashier,17:47:53,17.8,5,0.0,57.63868200416148,0.0,112.23783929207666,0.0,169.87652129623893,17:50:43
455,Human Cashier,17:48:28,17.81,5,0.0,108.4637165056977,0.0,98.36991783173214,0.0,206.83363433743216,17:51:55
456,Human Cashier,17:51:43,17.86,2,0.0,91.24131888157872,0.0,104.86436447436203,0.0,196.10568335594144,17:54:59
457,Human Cashier,17:53:10,17.89,4,0.0,67.58950068798666,0.0,129.22664935238427,0.0,196.81615004037303,17:56:26
458,Human Cashier,17:53:50,17.9,2,0.0,27.116228900843968,0.0,105.59182384090786,0.0,132.70805274174927,17:56:03
459,Human Cashier,17:55:22,17.92,2,0.0,54.35434657751099,0.0,116.61902055496924,0.0,170.97336713247932,17:58:13
460,Human Cashier,17:55:24,17.92,2,0.0,37.79998702747038,0.0,96.53544824713366,0.0,134.3354352746028,17:57:38
461,Human Cashier,17:55:56,17.93,4,5.769180011535354,48.46658511387954,0.0,113.74764810042112,5.769180011535354,167.98341322583292,17:58:44
462,Human Cashier,17:56:15,17.94,4,1.5624735053788754,65.41972712611872,15.998479582623986,107.69240612759864,17.56095308800286,190.67308634172514,17:59:26
463,Human Cashier,17:56:33,17.94,3,16.687484564747137,48.72960245932877,34.540074520147755,106.91109787785848,51.22755908489489,206.86825942208088,18:00:00
464,Human Cashier,17:56:34,17.94,4,47.94418082210177,48.342988344530745,33.33427620526345,97.53465725726281,81.27845702736522,227.15610262915288,18:00:21
465,Human Cashier,17:58:05,17.97,2,0.0,62.582133408132954,17.760875806088734,90.83488640211161,17.760875806088734,171.17789561633253,18:00:57
466,Human Cashier,17:58:50,17.98,2,0.0,46.918503919742456,23.218448882427765,114.01670295617726,23.218448882427765,184.15365575834585,18:01:54
467,Human Cashier,18:00:08,18.0,2,0.0,32.14616885849526,0.0,117.20985516838424,0.0,149.356024026878,18:02:37
468,Human Cashier,18:06:25,18.11,2,0.0,31.844199956650353,0.0,102.65931905878574,0.0,134.50351901543763,18:08:40
469,Human Cashier,18:06:31,18.11,3,0.0,80.66087198006271,0.0,73.17875653170441,0.0,153.83962851177057,18:09:05
470,Human Cashier,18:06:35,18.11,2,22.49076858830813,33.423216788243316,0.0,72.31214177090172,22.49076858830813,128.22612714745628,18:08:43
471,Human Cashier,18:08:14,18.14,3,0.0,56.29721381963871,0.0,115.60834504989752,0.0,171.90555886954098,18:11:06
472,Human Cashier,18:08:45,18.15,2,0.0,56.711096606730095,0.0,81.89208725253889,0.0,138.60318385926803,18:11:04
473,Human Cashier,18:08:51,18.15,1,19.491669057104446,39.3857050942822,0.0,100.13044844767671,19.491669057104446,159.00782259906555,18:11:30
474,Human Cashier,18:09:16,18.15,4,26.093707064632326,83.99562421591558,0.06483822721202159,130.32236457003273,26.158545291844348,240.4765340777958,18:13:16
475,Human Cashier,18:09:18,18.15,3,31.67114285975549,24.06450052553871,49.989764239493525,110.19925054763763,81.66090709924902,215.9246581724219,18:12:54
476,Human Cashier,18:10:41,18.18,5,0.0,58.97400585384871,0.0,102.09410390254047,0.0,161.06810975639382,18:13:22
477,Human Cashier,18:11:13,18.19,4,0.0,61.24914279495992,62.256360988278175,119.73697302729855,62.256360988278175,243.24247681053384,18:15:16
478,Human Cashier,18:11:34,18.19,3,5.267643937557295,22.849444624539625,51.29373476449109,82.23715168779277,56.56137870204839,161.64797501437715,18:14:16
479,Human Cashier,18:14:06,18.23,2,0.0,22.230502815234495,0.0,56.939473830184454,0.0,79.1699766454185,18:15:25
480,Human Cashier,18:16:10,18.27,3,0.0,56.339773260140156,0.0,101.76485167873483,0.0,158.10462493887462,18:18:48
481,Human Cashier,18:16:25,18.27,4,0.0,70.9403829314149,0.0,131.78300072438668,0.0,202.723383655808,18:19:48
482,Human Cashier,18:17:09,18.29,2,0.0,51.14126064257075,0.0,81.88410103607477,0.0,133.02536167865037,18:19:22
483,Human Cashier,18:17:43,18.3,3,0.0,67.04654072759412,31.32471243281907,129.47906907620197,31.32471243281907,227.85032223661256,18:21:31
484,Human Cashier,18:18:01,18.3,3,0.0,44.10071627323764,3.3857302401884226,95.1000425131272,3.3857302401884226,142.58648902655113,18:20:23
485,Human Cashier,18:18:18,18.3,5,27.076995006747893,58.20008081739495,5.043141563430254,121.99417422668407,32.12013657017815,212.31439161425806,18:21:50
486,Human Cashier,18:19:21,18.32,2,0.0,46.61382597559885,16.11583594626427,87.03648106401714,16.11583594626427,149.7661429858781,18:21:50
487,Human Cashier,18:20:14,18.34,2,0.0,44.21776111354655,32.44806250362308,83.85082647555076,32.44806250362308,160.51665009272256,18:22:55
488,Human Cashier,18:21:30,18.36,4,0.0,52.93293998472973,0.0,63.67736868153553,0.0,116.61030866626243,18:23:27
489,Human Cashier,18:23:04,18.38,5,0.0,28.551535071503015,0.0,113.59837510209675,0.0,142.14991017359716,18:25:27
490,Human Cashier,18:23:23,18.39,1,0.0,37.339191047787445,0.0,79.49387822867564,0.0,116.83306927646481,18:25:20
491,Human Cashier,18:25:05,18.42,4,0.0,43.94143539340236,0.0,154.6277927583261,0.0,198.5692281517331,18:28:24
492,Human Cashier,18:28:11,18.47,2,0.0,46.927140498010644,0.0,93.51720734401769,0.0,140.44434784202895,18:30:31
493,Human Cashier,18:28:11,18.47,4,0.0,30.3384576846066,0.0,118.54967301114088,0.0,148.88813069574826,18:30:40
494,Human Cashier,18:28:59,18.48,2,0.0,37.835557387399675,0.0,90.25747305041935,0.0,128.09303043781983,18:31:07
495,Human Cashier,18:29:10,18.49,3,0.0,64.38279615085398,16.835011675233545,129.1112301776331,16.835011675233545,210.32903800371423,18:32:40
496,Human Cashier,18:30:04,18.5,4,0.0,45.214792741644224,0.0,176.6743358991339,0.0,221.88912864078156,18:33:46
497,Human Cashier,18:32:38,18.54,3,0.0,70.25079678604233,0.0,70.67433270946209,0.0,140.92512949550292,18:34:59
498,Human Cashier,18:34:24,18.57,4,0.0,54.53560375017034,0.0,78.90860982271771,0.0,133.44421357288957,18:36:38
499,Human Cashier,18:34:50,18.58,2,0.0,46.00593100084628,0.0,63.582019230183796,0.0,109.58795023102721,18:36:40
500,Human Cashier,18:35:19,18.59,4,0.013620036334032193,43.86034080040953,0.0,167.66770744760584,0.013620036334032193,211.54166828434973,18:38:50
501,Human Cashier,18:36:03,18.6,2,0.0,64.16158236167512,0.0,73.17360415680282,0.0,137.33518651847407,18:38:20
502,Human Cashier,18:36:49,18.61,3,0.0,38.80282205114113,0.0,130.13818651486994,0.0,168.9410085660129,18:39:38
503,Human Cashier,18:37:55,18.63,2,0.0,42.6482442560451,0.0,75.12738373401574,0.0,117.77562799005682,18:39:53
504,Human Cashier,18:39:09,18.65,3,0.0,72.4510341759205,0.0,101.36547938628642,0.0,173.81651356221118,18:42:03
505,Human Cashier,18:39:55,18.67,2,0.0,70.60646818202991,0.0,81.84230202454255,0.0,152.44877020656713,18:42:27
506,Human Cashier,18:41:08,18.69,3,0.0,42.754842924995735,0.0,58.16176113661257,0.0,100.91660406160372,18:42:49
507,Human Cashier,18:41:25,18.69,3,0.0,52.61076914296109,0.0,83.35367136501095,0.0,135.96444050797436,18:43:41
508,Human Cashier,18:42:20,18.71,2,0.0,29.79307444088019,0.0,99.48932906861636,0.0,129.28240350949636,18:44:29
509,Human Cashier,18:42:43,18.71,2,0.0,42.01215306467863,0.0,68.90039894861108,0.0,110.9125520132875,18:44:34
510,Human Cashier,18:42:50,18.71,4,0.0,81.82434740806883,0.0,112.38124794869938,0.0,194.20559535676875,18:46:05
511,Human Cashier,18:43:09,18.72,4,16.029679586288694,90.34656154450633,0.0,170.19311988369572,16.029679586288694,276.56936101449537,18:47:46
512,Human Cashier,18:43:53,18.73,2,19.568222144771426,29.827691821073003,0.0,88.29043651178337,19.568222144771426,137.68635047763382,18:46:10
513,Human Cashier,18:44:02,18.73,1,39.91111913095665,30.54943722419495,52.004118903430935,66.9175999072594,91.91523803438758,189.38227516584448,18:47:12
514,Human Cashier,18:44:50,18.75,3,5.900480922435236,49.757078776957734,25.079091515013715,75.7019711782764,30.97957243744895,156.43862239268492,18:47:26
515,Human Cashier,18:44:57,18.75,2,15.165608994553622,75.86784870038254,43.05387011030689,180.88984912113548,58.21947910486051,314.9771769263825,18:50:12
516,Human Cashier,18:45:00,18.75,2,45.671514609894075,81.28826029275449,19.492802400534856,88.80079953802682,65.16431701042893,235.2533768412104,18:48:55
517,Human Cashier,18:46:26,18.77,1,2.2985085533437086,51.06982986656995,26.160270312364446,83.71959489954955,28.458778865708155,163.24820363182516,18:49:09
518,Human Cashier,18:47:26,18.79,2,0.0,85.51667959499689,81.25708867154754,92.00238992216255,81.25708867154754,258.7761581887098,18:51:44
519,Human Cashier,18:47:28,18.79,3,0.0,41.635967674100115,45.0847729543093,87.02358741444681,45.0847729543093,173.74432804285607,18:50:22
520,Human Cashier,18:48:00,18.8,2,10.08576116815675,35.3563581756541,24.302188553629094,102.32921508741899,34.387949721785844,172.07352298485785,18:50:52
521,Human Cashier,18:48:51,18.81,4,0.0,78.62462588907455,12.779987663787324,104.78013301877573,12.779987663787324,196.1847465716346,18:52:07
522,Human Cashier,18:50:26,18.84,4,0.0,63.64485564197588,0.0,119.33191078817049,0.0,182.9767664301471,18:53:29
523,Human Cashier,18:50:31,18.84,5,0.0,58.579553790116556,14.654804969723045,166.56257022833617,14.654804969723045,239.79692898817302,18:54:31
524,Human Cashier,18:50:56,18.85,2,32.939059589880344,74.82509268333968,0.0,97.44071521848146,32.939059589880344,205.20486749170232,18:54:22
525,Human Cashier,18:51:02,18.85,4,27.910007508857234,81.46151278629584,37.49054653648636,120.88915472936839,65.4005540453436,267.75122156100406,18:55:30
526,Human Cashier,18:51:09,18.85,2,94.83146264552488,53.39007992895191,53.3820540511515,87.7712824190241,148.21351669667638,289.37487904465524,18:55:59
527,Human Cashier,18:51:13,18.85,2,98.38782828526018,22.32532403565999,68.09911961448233,105.58753142812297,166.48694789974252,294.39980336352164,18:56:07
528,Human Cashier,18:53:58,18.9,2,0.0,58.80720416100199,32.614212267435505,43.32715940942849,32.614212267435505,134.7485758378607,18:56:13
529,Human Cashier,18:57:00,18.95,5,0.0,32.3395900756412,0.0,162.27300131978157,0.0,194.6125913954238,19:00:15
530,Human Cashier,18:57:46,18.96,3,0.0,78.10215601088386,0.0,79.52183720539513,0.0,157.6239932162789,19:00:23
531,Human Cashier,18:57:54,18.96,1,0.0,42.678151117145276,0.0,72.5566602744227,0.0,115.23481139156502,18:59:49
532,Human Cashier,18:58:58,18.98,4,0.0,41.30639290316223,9.914493935015344,172.8699142509515,9.914493935015344,224.09080108912895,19:02:42
533,Human Cashier,19:00:53,19.01,4,0.0,75.40777040625787,0.0,129.63715541013804,0.0,205.04492581639352,19:04:18
534,Human Cashier,19:02:06,19.04,2,0.0,39.36988821099523,0.0,65.49340082586802,0.0,104.86328903686808,19:03:51
535,Human Cashier,19:04:17,19.07,1,0.0,23.051884949840506,0.0,37.1670990573415,0.0,60.21898400718055,19:05:17
536,Human Cashier,19:05:05,19.08,3,0.0,50.47734665365746,0.0,88.05736006614936,0.0,138.53470671980904,19:07:24
537,Human Cashier,19:05:18,19.09,5,0.0,50.74698844161586,0.0,137.03056578588,0.0,187.77755422749033,19:08:26
538,Human Cashier,19:05:34,19.09,2,22.233737570270023,40.237094474273775,47.82026559187943,98.66132057167152,70.05400316214946,208.95241820809315,19:09:03
539,Human Cashier,19:05:35,19.09,2,34.48171810095664,20.112053059462063,0.0,92.93339714741806,34.48171810095664,147.52716830783902,19:08:02
540,Human Cashier,19:06:37,19.11,2,0.0,36.81514976450984,48.2146230303988,79.05073971741584,48.2146230303988,164.08051251232246,19:09:21
541,Human Cashier,19:07:33,19.13,2,0.0,40.486489608254274,12.246929658344015,92.00904825802897,12.246929658344015,144.74246752462204,19:09:58
542,Human Cashier,19:08:36,19.14,1,0.0,42.095123747297954,0.0,46.00386327295123,0.0,88.09898702024657,19:10:04
543,Human Cashier,19:08:48,19.15,1,0.0,42.11004511671376,0.0,64.70994433833258,0.0,106.81998945504893,19:10:35
544,Human Cashier,19:09:48,19.16,1,0.0,45.36597945038947,0.0,90.31959682807407,0.0,135.68557627846167,19:12:04
545,Human Cashier,19:10:43,19.18,3,0.0,63.11909104350052,0.0,70.43780738570744,0.0,133.5568984292113,19:12:57
546,Human Cashier,19:11:14,19.19,3,0.0,72.05583061062477,0.0,50.71111276376178,0.0,122.76694337438676,19:13:17
547,Human Cashier,19:13:06,19.22,3,0.0,47.117865084597334,0.0,94.01830076692724,0.0,141.1361658515234,19:15:28
548,Human Cashier,19:13:17,19.22,4,0.0,57.1939790276449,0.0,148.61025024425706,0.0,205.80422927190375,19:16:43
549,Human Cashier,19:14:17,19.24,2,0.0,72.80684064315899,0.0,102.9860363821593,0.0,175.79287702531292,19:17:13
550,Human Cashier,19:14:29,19.24,1,0.0,48.73748219835287,0.0,93.13437215054438,0.0,141.87185434890125,19:16:51
551,Human Cashier,19:14:50,19.25,5,27.939093823304574,76.17647156868905,9.57652727925597,114.81128984188139,37.515621102560544,228.50338251313224,19:18:38
552,Human Cashier,19:18:01,19.3,3,0.0,61.67080652763611,0.0,77.7816767152829,0.0,139.45248324291606,19:20:20
553,Human Cashier,19:18:39,19.31,3,0.0,55.68183298840609,0.0,108.60727435957577,0.0,164.28910734797682,19:21:23
554,Human Cashier,19:20:47,19.35,3,0.0,59.604191227749766,0.0,115.56385175637816,0.0,175.168042984129,19:23:42
555,Human Cashier,19:23:02,19.38,4,0.0,54.243056639585674,0.0,73.72715210939317,0.0,127.97020874897862,19:25:10
556,Human Cashier,19:23:39,19.39,3,0.0,31.430149506890647,0.0,96.8932694566152,0.0,128.32341896351136,19:25:47
557,Human Cashier,19:24:54,19.42,3,0.0,54.48639048198494,0.0,153.28392753227783,0.0,207.77031801426347,19:28:22
558,Human Cashier,19:26:12,19.44,2,0.0,42.27190026180937,0.0,62.29996761437593,0.0,104.57186787618411,19:27:56
559,Human Cashier,19:27:25,19.46,4,0.0,70.14067667807774,0.0,81.20059498915127,0.0,151.34127166723192,19:29:56
560,Human Cashier,19:28:30,19.47,4,0.0,44.430010669453154,0.0,119.46553112636153,0.0,163.8955417958132,19:31:14
561,Human Cashier,19:28:44,19.48,2,0.0,83.91370135806342,0.0,62.474549150809246,0.0,146.38825050886953,19:31:11
562,Human Cashier,19:29:26,19.49,3,0.0,51.79409408268941,0.0,133.44528446791858,0.0,185.2393785506065,19:32:31
563,Human Cashier,19:29:57,19.5,5,11.416246966269682,28.138269308260476,34.33627984254417,93.95110253616784,45.752526808813855,167.84189865324151,19:32:45
564,Human Cashier,19:30:36,19.51,3,0.0,75.79305341425048,0.0,75.497963613545,0.0,151.29101702779735,19:33:07
565,Human Cashier,19:32:06,19.54,3,0.0,65.08390117548551,0.0,181.21692145883884,0.0,246.30082263432269,19:36:13
566,Human Cashier,19:34:28,19.57,2,0.0,71.21358026441001,0.0,37.45201863001921,0.0,108.66559889443306,19:36:16
567,Human Cashier,19:36:47,19.61,2,0.0,68.05921256056642,0.0,68.24272194910684,0.0,136.30193450967636,19:39:03
568,Human Cashier,19:37:39,19.63,2,0.0,49.416066982706106,0.0,116.23289327666417,0.0,165.64896025936469,19:40:25
569,Human Cashier,19:37:53,19.63,3,2.174900547339348,58.88843130905465,0.0,132.0145729658104,2.174900547339348,193.07790482220298,19:41:06
570,Human Cashier,19:39:14,19.65,2,0.0,52.16247987243578,0.0,76.90281678831516,0.0,129.0652966607522,19:41:23
571,Human Cashier,19:39:59,19.67,4,0.0,63.68494733291941,0.0,92.37649786507413,0.0,156.06144519799273,19:42:35
572,Human Cashier,19:40:28,19.67,1,0.0,38.94125820136571,0.0,112.88961801175836,0.0,151.83087621312734,19:43:00
573,Human Cashier,19:41:05,19.68,5,0.0,48.34740571575097,0.0,134.2805835387639,0.0,182.62798925451352,19:44:07
574,Human Cashier,19:44:46,19.75,4,0.0,56.9256095825179,0.0,69.57969353237522,0.0,126.50530311489274,19:46:53
575,Human Cashier,19:46:41,19.78,2,0.0,55.96445467089238,0.0,80.94073982660446,0.0,136.9051944974999,19:48:58
576,Human Cashier,19:47:05,19.78,1,0.0,47.08559289518215,0.0,48.052431419449945,0.0,95.13802431462682,19:48:40
577,Human Cashier,19:47:38,19.79,2,0.0,34.5625172202421,0.0,59.938535994692714,0.0,94.50105321493174,19:49:12
578,Human Cashier,19:47:49,19.8,2,3.175598732268554,35.10100067114422,12.95143074830412,48.227173611527526,16.127029480572673,99.45520376324566,19:49:28
579,Human Cashier,19:48:20,19.81,3,0.0,37.947427319419674,0.0,86.66273165854322,0.0,124.6101589779646,19:50:25
580,Human Cashier,19:49:20,19.82,1,0.0,41.39132142760496,0.0,79.52180229772583,0.0,120.91312372533139,19:51:21
581,Human Cashier,19:49:32,19.83,3,0.0,46.94445175767306,0.0,85.51821975945326,0.0,132.46267151712527,19:51:45
582,Human Cashier,19:52:41,19.88,3,0.0,60.05061391660351,0.0,142.86092694166518,0.0,202.91154085826565,19:56:04
583,Human Cashier,19:54:34,19.91,3,0.0,74.09711793158415,0.0,52.441556150514494,0.0,126.53867408209771,19:56:41
584,Human Cashier,19:56:15,19.94,4,0.0,29.45812855606823,0.0,85.17703070811056,0.0,114.6351592641804,19:58:09
585,Human Cashier,19:57:45,19.96,2,0.0,34.12518955125266,0.0,57.548979079074066,0.0,91.6741686303285,19:59:17
586,Human Cashier,19:57:55,19.97,5,0.0,102.54184542086557,0.0,129.07566054526868,0.0,231.61750596613274,20:01:47
587,Human Cashier,19:58:19,19.97,5,0.3474485932601965,96.40946980487189,0.0,183.51732020289268,0.3474485932601965,280.27423860102135,20:02:59
588,Human Cashier,20:01:28,20.02,2,0.0,43.17025868837872,0.0,88.08766768445871,0.0,131.25792637283303,20:03:39
589,Human Cashier,20:02:40,20.04,3,0.0,60.68259553444183,0.0,62.32821504804895,0.0,123.0108105824911,20:04:43
590,Human Cashier,20:07:35,20.13,3,0.0,61.969839807950095,0.0,134.50488889117742,0.0,196.474728699126,20:10:52
591,Human Cashier,20:08:34,20.14,1,0.0,20.702816028778138,0.0,84.28896214844875,0.0,104.99177817723103,20:10:19
592,Human Cashier,20:11:14,20.19,5,0.0,57.17533302893717,0.0,172.7004352275148,0.0,229.87576825645374,20:15:04
593,Human Cashier,20:12:15,20.2,2,0.0,45.42581934169423,0.0,80.77594110710592,0.0,126.20176044880645,20:14:21
594,Human Cashier,20:12:58,20.22,2,0.0,53.68933210759946,29.036940173216863,117.44442566978968,29.036940173216863,200.17069795060524,20:16:19
595,Human Cashier,20:13:10,20.22,4,0.0,34.36521385100081,0.0,162.0923787444899,0.0,196.45759259549232,20:16:26
596,Human Cashier,20:13:59,20.23,1,0.0,51.01136117603188,13.941806224589527,60.55900153430774,13.941806224589527,125.51216893492528,20:16:05
597,Human Cashier,20:23:06,20.39,2,0.0,50.337085648644525,0.0,104.38316501057238,0.0,154.7202506592148,20:25:41
598,Human Cashier,20:24:34,20.41,4,0.0,88.70407471944691,0.0,69.76351887320831,0.0,158.46759359265707,20:27:13
599,Human Cashier,20:25:05,20.42,5,0.0,56.4723412481919,0.0,168.8560086496329,0.0,225.32834989782714,20:28:50
600,Human Cashier,20:25:50,20.43,2,11.830116485267354,43.42955468089955,0.0,54.17283527657018,11.830116485267354,109.4325064427394,20:27:39
601,Human Cashier,20:28:34,20.48,2,0.0,26.249265686101204,0.0,94.66841010731734,0.0,120.91767579341831,20:30:35
602,Human Cashier,20:29:19,20.49,1,0.0,72.28920714728348,0.0,50.210569031636595,0.0,122.49977617892,20:31:22
603,Human Cashier,20:29:34,20.49,2,0.0,31.348983110853325,0.0,82.52861905950344,0.0,113.87760217035975,20:31:28
604,Human Cashier,20:30:46,20.51,3,0.0,41.97315644443595,0.0,89.64574090093096,0.0,131.61889734536817,20:32:57
605,Human Cashier,20:31:31,20.53,3,0.0,57.23277089377853,0.0,118.64795082046516,0.0,175.88072171424574,20:34:27
606,Human Cashier,20:33:07,20.55,5,0.0,37.506653862226976,0.0,219.34257186273422,0.0,256.84922572496,20:37:24
607,Human Cashier,20:38:30,20.64,3,0.0,69.26354823960817,0.0,87.90562252520456,0.0,157.16917076481332,20:41:07
608,Human Cashier,20:38:45,20.65,5,0.0,34.344451136155726,0.0,117.58221059830024,0.0,151.92666173445468,20:41:17
609,Human Cashier,20:39:07,20.65,2,12.324362325729453,37.08950555445092,0.0,80.58836567514096,12.324362325729453,130.00223355532216,20:41:17
610,Human Cashier,20:40:18,20.67,5,0.0,107.0165680825792,0.0,131.25441418369354,0.0,238.27098226627277,20:44:16
611,Human Cashier,20:42:00,20.7,3,0.0,48.87257796363199,0.0,145.80854607179515,0.0,194.68112403542182,20:45:15
612,Human Cashier,20:45:23,20.76,2,0.0,43.514418675124084,0.0,100.11407122794147,0.0,143.62848990307248,20:47:47
613,Human Cashier,20:48:21,20.81,4,0.0,47.131880432516304,0.0,162.98055097469077,0.0,210.11243140720035,20:51:51
614,Human Cashier,20:48:57,20.82,2,0.0,34.9593785607091,0.0,80.0859108956781,0.0,115.04528945638594,20:50:52
615,Human Cashier,20:48:59,20.82,2,8.96498935825366,20.59901208221749,0.0,57.2250605576916,8.96498935825366,86.78906199816265,20:50:26
616,Human Cashier,20:49:20,20.82,2,8.682957444019848,66.36682664090617,0.0,88.16387396783527,8.682957444019848,163.21365805276582,20:52:03
617,Human Cashier,20:50:41,20.84,2,0.0,28.065582727164234,0.0,73.35598823545382,0.0,101.42157096261508,20:52:22
618,Human Cashier,20:58:56,20.98,3,0.0,57.7407908492241,0.0,128.4032831633189,0.0,186.14407401253993,21:02:02
619,Human Cashier,20:59:37,20.99,1,0.0,30.831437013187525,0.0,80.1491873926953,0.0,110.98062440587819,21:01:28
620,Human Cashier,21:00:26,21.01,2,0.0,54.706547977078785,0.0,131.4446439635115,0.0,186.15119194058934,21:03:32
621,Human Cashier,21:11:54,21.2,1,0.0,41.24561769216021,0.0,70.49555278593222,0.0,111.74117047809705,21:13:46
622,Human Cashier,21:24:22,21.41,2,0.0,74.46192320917254,0.0,64.00417681074454,0.0,138.4661000199194,21:26:40
623,Human Cashier,21:25:53,21.43,5,0.0,87.84011547750615,0.0,106.50009771951872,0.0,194.3402131970215,21:29:08
624,Human Cashier,21:26:26,21.44,2,0.0,37.85968096514451,0.0,78.41461843524428,0.0,116.27429940038564,21:28:22
625,Human Cashier,21:29:18,21.49,1,0.0,29.5594173939992,0.0,101.87242052570964,0.0,131.4318379197066,21:31:29
626,Human Cashier,21:29:25,21.49,1,0.0,24.705744167843115,0.0,89.21375970895488,0.0,113.9195038767939,21:31:19
627,Human Cashier,21:40:21,21.67,3,0.0,57.55212526345971,0.0,171.4015421668058,0.0,228.95366743026534,21:44:10
628,Human Cashier,21:46:19,21.77,3,0.0,30.87680737329814,0.0,69.24959510488186,0.0,100.1264024781849,21:48:00
629,Human Cashier,21:47:15,21.79,4,0.0,39.187712740070054,0.0,114.88467715594116,0.0,154.0723898960132,21:49:49
630,Human Cashier,21:47:19,21.79,2,0.0,33.472977886122344,0.0,86.42873806228324,0.0,119.90171594840649,21:49:19
631,Human Cashier,21:50:32,21.84,3,0.0,51.31073980625046,0.0,81.45640460013946,0.0,132.76714440638898,21:52:44
632,Human Cashier,21:51:56,21.87,4,0.0,52.71022106005081,0.0,147.35581626644367,0.0,200.0660373264909,21:55:16
633,Human Cashier,22:02:57,22.05,4,0.0,45.74727674773273,0.0,61.4824552448244,0.0,107.22973199255648,22:04:44
634,Human Cashier,22:03:28,22.06,4,0.0,62.087733506228105,0.0,116.47182520313625,0.0,178.55955870936305,22:06:27
635,Human Cashier,22:04:47,22.08,1,0.0,35.16144263749644,0.0,52.969183449503795,0.0,88.13062608699693,22:06:15
636,Human Cashier,22:09:55,22.17,1,0.0,42.15162683449672,0.0,52.535255762028115,0.0,94.68688259652845,22:11:30
637,Human Cashier,22:10:05,22.17,4,0.0,76.89436943578242,0.0,101.50954144114196,0.0,178.40391087692115,22:13:04
638,Human Cashier,22:13:24,22.22,3,0.0,57.3797959508819,0.0,53.212241684230364,0.0,110.59203763511323,22:15:14
639,Human Cashier,22:14:55,22.25,5,0.0,53.07327435845817,0.0,171.34174285653248,0.0,224.41501721498935,22:18:39
640,Human Cashier,22:15:43,22.26,2,0.0,63.23686381511724,0.0,47.92525767619018,0.0,111.16212149131024,22:17:34
641,Human Cashier,22:17:50,22.3,4,0.0,61.142575552318974,0.0,80.94822564499296,0.0,142.09080119730788,22:20:12
642,Human Cashier,22:21:59,22.37,3,0.0,31.58587704496872,0.0,126.62941076276499,0.0,158.21528780773224,22:24:37
643,Human Cashier,22:23:27,22.39,3,0.0,55.375442185126786,0.0,86.1742751187696,0.0,141.5497173038966,22:25:49
644,Human Cashier,22:34:55,22.58,4,0.0,46.96719157829164,0.0,111.59725238869574,0.0,158.56444396698498,22:37:34
645,Human Cashier,22:42:02,22.7,3,0.0,47.60664190777992,0.0,101.69945686039999,0.0,149.30609876818198,22:44:31
646,Human Cashier,22:42:18,22.71,5,0.0,67.39360169575332,0.0,161.0568072278719,0.0,228.45040892362158,22:46:07
647,Human Cashier,22:42:57,22.72,1,0.0,36.05742667889521,0.0,51.23149577908036,0.0,87.2889224579776,22:44:25
648,Human Cashier,22:44:03,22.73,4,0.0,91.27618009372624,0.0,203.49958387909805,0.0,294.77576397282974,22:48:57
649,Human Cashier,22:48:07,22.8,2,0.0,55.3134964699303,0.0,97.9676389820104,0.0,153.28113545193628,22:50:40
650,Human Cashier,22:52:35,22.88,1,0.0,57.144131776009495,0.0,59.66752019678286,0.0,116.81165197279188,22:54:32
651,Human Cashier,22:52:37,22.88,3,0.0,38.471660830612734,0.0,154.43717994705437,0.0,192.90884077766532,22:55:50
652,Human Cashier,22:55:41,22.93,2,0.0,68.65938478776707,0.0,54.762382442434166,0.0,123.42176723020384,22:57:45
653,Human Cashier,22:55:43,22.93,2,0.0,32.47347352578523,0.0,111.69806669941822,0.0,144.17154022520845,22:58:07
654,Human Cashier,22:59:26,22.99,5,0.0,61.50156476479055,0.0,145.5603227738259,0.0,207.06188753861352,23:02:53
1,Self-Order Terminal (SOT),07:01:06,7.02,3,0.0,76.27584499043823,0.0,96.79261273234688,0.0,173.06845772278513,07:03:59
2,Self-Order Terminal (SOT),07:02:15,7.04,1,0.0,52.33516794891627,0.0,60.464057186475166,0.0,112.79922513539145,07:04:08
3,Self-Order Terminal (SOT),07:09:43,7.16,2,0.0,68.34974575438058,0.0,136.35274425037147,0.0,204.702490004752,07:13:08
4,Self-Order Terminal (SOT),07:13:04,7.22,1,0.0,58.739560482317714,0.0,69.94075201937432,0.0,128.68031250169213,07:15:13
5,Self-Order Terminal (SOT),07:20:54,7.35,2,0.0,76.5557892297362,0.0,75.0404285846523,0.0,151.59621781438864,07:23:25
6,Self-Order Terminal (SOT),07:25:13,7.42,4,0.0,54.23460317383409,0.0,132.53668107428942,0.0,186.7712842481235,07:28:20
7,Self-Order Terminal (SOT),07:25:33,7.43,4,0.0,89.18645012468544,0.0,82.75793289908043,0.0,171.94438302376602,07:28:24
8,Self-Order Terminal (SOT),07:26:10,7.44,3,0.0,63.020085901005025,0.0,87.38852763439938,0.0,150.40861353540458,07:28:40
9,Self-Order Terminal (SOT),07:31:14,7.52,2,0.0,44.02473769868742,0.0,73.4493745202696,0.0,117.47411221895709,07:33:11
10,Self-Order Terminal (SOT),07:31:36,7.53,4,0.0,50.17840108876198,0.0,145.80237417308317,0.0,195.98077526184534,07:34:52
11,Self-Order Terminal (SOT),07:36:23,7.61,2,0.0,93.10431549280887,0.0,119.10252992660534,0.0,212.2068454194141,07:39:55
12,Self-Order Terminal (SOT),07:38:21,7.64,3,0.0,61.33038460834317,0.0,93.63083970595265,0.0,154.96122431429558,07:40:56
13,Self-Order Terminal (SOT),07:39:01,7.65,2,0.0,133.0080334542502,0.0,57.90182990025016,0.0,190.90986335450043,07:42:12
14,Self-Order Terminal (SOT),07:45:11,7.75,1,0.0,61.19452961778998,0.0,32.01775797143233,0.0,93.21228758922234,07:46:44
15,Self-Order Terminal (SOT),07:51:11,7.85,1,0.0,75.71395821540557,0.0,52.02608916549566,0.0,127.74004738090116,07:53:19
16,Self-Order Terminal (SOT),07:56:19,7.94,4,0.0,87.56887523976461,0.0,115.23505611136707,0.0,202.80393135113172,07:59:42
17,Self-Order Terminal (SOT),07:58:34,7.98,4,0.0,96.33229684822324,0.0,108.39083330665981,0.0,204.72313015488317,08:01:58
18,Self-Order Terminal (SOT),07:59:33,7.99,3,0.0,58.81550714018576,0.0,100.69854337060536,0.0,159.5140505107911,08:02:13
19,Self-Order Terminal (SOT),08:18:01,8.3,4,0.0,71.72693495622069,0.0,102.30869907904031,0.0,174.03563403526095,08:20:56
20,Self-Order Terminal (SOT),08:20:43,8.35,5,0.0,80.01233099926384,0.0,93.84845391195877,0.0,173.86078491122316,08:23:37
21,Self-Order Terminal (SOT),08:22:39,8.38,4,0.0,60.659995501644865,0.0,102.81919366801074,0.0,163.479189169655,08:25:22
22,Self-Order Terminal (SOT),08:27:06,8.45,2,0.0,57.88215445109689,0.0,100.7115067646348,0.0,158.59366121573112,08:29:45
23,Self-Order Terminal (SOT),08:29:01,8.48,5,0.0,132.54883803784676,0.0,182.17603818741173,0.0,314.7248762252584,08:34:16
24,Self-Order Terminal (SOT),08:29:19,8.49,1,0.0,68.2513788757065,0.0,66.7109922437492,0.0,134.9623711194563,08:31:34
25,Self-Order Terminal (SOT),08:34:51,8.58,2,0.0,66.34675315663863,0.0,90.57825839287021,0.0,156.92501154950878,08:37:28
26,Self-Order Terminal (SOT),08:35:30,8.59,4,0.0,106.44271629918181,0.0,148.41651039285475,0.0,254.85922669203592,08:39:45
27,Self-Order Terminal (SOT),08:37:59,8.63,1,0.0,36.00658634093934,0.0,71.05467418890893,0.0,107.06126052984837,08:39:46
28,Self-Order Terminal (SOT),08:38:30,8.64,3,0.0,64.05801687040497,0.0,71.58359652181038,0.0,135.64161339221482,08:40:46
29,Self-Order Terminal (SOT),08:42:40,8.71,4,0.0,124.85138835609177,0.0,96.96664026411457,0.0,221.81802862020595,08:46:22
30,Self-Order Terminal (SOT),08:45:56,8.77,3,0.0,105.44048513429868,0.0,153.32965086069598,0.0,258.77013599499514,08:50:15
31,Self-Order Terminal (SOT),08:46:29,8.77,4,0.0,95.78747405908068,0.0,112.17905011535012,0.0,207.96652417443056,08:49:57
32,Self-Order Terminal (SOT),08:48:24,8.81,4,0.0,108.34685648809948,0.0,195.21954210192425,0.0,303.5663985900237,08:53:27
33,Self-Order Terminal (SOT),08:57:03,8.95,1,0.0,116.27530081166182,0.0,98.52958381213338,0.0,214.80488462379526,09:00:38
34,Self-Order Terminal (SOT),09:00:30,9.01,4,0.0,82.85146297143547,0.0,114.77405148787429,0.0,197.62551445930967,09:03:47
35,Self-Order Terminal (SOT),09:01:38,9.03,2,0.0,95.73812597038474,0.0,105.68086993141695,0.0,201.41899590180128,09:05:00
36,Self-Order Terminal (SOT),09:06:43,9.11,1,0.0,73.49871937494272,0.0,59.145900325827434,0.0,132.64461970077082,09:08:56
37,Self-Order Terminal (SOT),09:17:05,9.28,2,0.0,55.37809049592173,0.0,70.88698093388227,0.0,126.26507142980518,09:19:11
38,Self-Order Terminal (SOT),09:21:59,9.37,3,0.0,113.97726958215233,0.0,107.2361626821988,0.0,221.21343226435056,09:25:40
39,Self-Order Terminal (SOT),09:25:58,9.43,2,0.0,108.53851478441624,0.0,94.8357622863274,0.0,203.37427707074312,09:29:21
40,Self-Order Terminal (SOT),09:26:20,9.44,2,0.0,67.79927666519211,0.0,54.36742922596514,0.0,122.16670589115711,09:28:22
41,Self-Order Terminal (SOT),09:49:59,9.83,2,0.0,79.62371810839751,0.0,72.71437621155842,0.0,152.33809431995724,09:52:31
42,Self-Order Terminal (SOT),09:51:46,9.86,5,0.0,84.10851505494286,0.0,159.97455554260432,0.0,244.0830705975477,09:55:50
43,Self-Order Terminal (SOT),09:59:36,9.99,3,0.0,84.20440972252145,0.0,61.98857382779196,0.0,146.19298355031242,10:02:02
44,Self-Order Terminal (SOT),10:01:50,10.03,4,0.0,69.05078922442364,0.0,98.8957197456474,0.0,167.9465089700716,10:04:38
45,Self-Order Terminal (SOT),10:03:11,10.05,2,0.0,178.36785258229332,0.0,84.14079825350714,0.0,262.5086508357999,10:07:34
46,Self-Order Terminal (SOT),10:04:15,10.07,3,0.0,69.96859881032013,0.0,81.04507939907623,0.0,151.01367820939595,10:06:46
47,Self-Order Terminal (SOT),10:08:37,10.14,4,0.0,125.31608328190394,0.0,179.6837181042829,0.0,304.99980138618594,10:13:42
48,Self-Order Terminal (SOT),10:11:29,10.19,3,0.0,71.8700851078562,0.0,103.38456796778532,0.0,175.25465307564082,10:14:24
49,Self-Order Terminal (SOT),10:14:26,10.24,4,0.0,83.93784985369454,0.0,67.39246287060035,0.0,151.33031272429616,10:16:57
50,Self-Order Terminal (SOT),10:15:44,10.26,4,0.0,88.44970804791258,0.0,103.56009031949473,0.0,192.0097983674077,10:18:56
51,Self-Order Terminal (SOT),10:19:21,10.32,1,0.0,47.48205233369429,0.0,52.18952712248356,0.0,99.67157945617873,10:21:01
52,Self-Order Terminal (SOT),10:20:07,10.34,2,0.0,131.5773656018138,0.0,99.57113155108824,0.0,231.14849715290256,10:23:59
53,Self-Order Terminal (SOT),10:21:50,10.36,3,0.0,66.31381809462465,0.0,120.67146607444585,0.0,186.98528416906993,10:24:57
54,Self-Order Terminal (SOT),10:23:59,10.4,2,0.0,36.4891405485189,0.0,88.709942585657,0.0,125.19908313417727,10:26:04
55,Self-Order Terminal (SOT),10:25:02,10.42,2,0.0,100.2575110839345,0.0,114.4043677202128,0.0,214.66187880414873,10:28:36
56,Self-Order Terminal (SOT),10:26:30,10.44,3,0.0,119.24624656128057,0.0,113.27667662806093,0.0,232.52292318934087,10:30:23
57,Self-Order Terminal (SOT),10:28:45,10.48,4,0.0,108.84599823417611,0.0,84.26786016218588,0.0,193.11385839636205,10:31:59
58,Self-Order Terminal (SOT),10:30:53,10.51,2,0.0,55.29211236471225,0.0,106.93770564411045,0.0,162.2298180088219,10:33:35
59,Self-Order Terminal (SOT),10:33:54,10.56,5,0.0,90.08667099099652,0.0,118.48196973861403,0.0,208.5686407296107,10:37:22
60,Self-Order Terminal (SOT),10:40:10,10.67,5,0.0,124.46215003784162,0.0,104.4937777481536,0.0,228.9559277859953,10:43:59
61,Self-Order Terminal (SOT),10:43:37,10.73,2,0.0,87.33905951173477,0.0,71.2214327179686,0.0,158.5604922297025,10:46:15
62,Self-Order Terminal (SOT),10:43:44,10.73,3,0.0,66.95504316189187,0.0,151.31578189825433,0.0,218.2708250601463,10:47:22
63,Self-Order Terminal (SOT),10:44:12,10.74,4,0.0,67.90719874913185,0.0,90.40700401485354,0.0,158.3142027639842,10:46:50
64,Self-Order Terminal (SOT),10:45:09,10.75,5,0.0,139.23179158709374,0.0,146.34299445167431,0.0,285.57478603876734,10:49:54
65,Self-Order Terminal (SOT),10:47:31,10.79,3,0.0,70.06375740227182,0.0,139.85289393040338,0.0,209.91665133267452,10:51:01
66,Self-Order Terminal (SOT),10:50:30,10.84,2,0.0,67.05440091230403,0.0,92.79737307248534,0.0,159.85177398479027,10:53:10
67,Self-Order Terminal (SOT),10:51:12,10.85,3,0.0,64.64463011044155,0.0,88.10290162717507,0.0,152.74753173761746,10:53:45
68,Self-Order Terminal (SOT),10:51:45,10.86,4,0.0,143.60424959341,0.0,134.79663055939915,0.0,278.4008801528107,10:56:24
69,Self-Order Terminal (SOT),10:52:35,10.88,2,0.0,64.57089367017623,0.0,103.90045992262942,0.0,168.47135359280583,10:55:24
70,Self-Order Terminal (SOT),10:53:15,10.89,1,0.0,103.04862847461258,0.0,65.32978279948811,0.0,168.37841127410138,10:56:04
71,Self-Order Terminal (SOT),10:54:41,10.91,3,0.0,44.79886521245416,0.0,71.67701244209054,0.0,116.47587765454591,10:56:37
72,Self-Order Terminal (SOT),10:54:50,10.91,1,0.0,95.16371511387601,0.0,79.24650879414455,0.0,174.41022390802027,10:57:44
73,Self-Order Terminal (SOT),10:55:15,10.92,4,0.0,91.37973338542453,0.0,103.72419912697404,0.0,195.1039325124002,10:58:30
74,Self-Order Terminal (SOT),10:55:23,10.92,2,0.0,39.76096261766854,0.7300328821274888,51.251218294270004,0.7300328821274888,91.74221379406663,10:56:55
75,Self-Order Terminal (SOT),10:58:41,10.98,4,0.0,74.65735923032202,0.0,133.5780245571554,0.0,208.23538378747617,11:02:09
76,Self-Order Terminal (SOT),10:59:57,11.0,4,0.0,127.18178490170601,0.0,133.2445246518412,0.0,260.426309553548,11:04:17
77,Self-Order Terminal (SOT),11:00:33,11.01,2,0.0,58.32741115374724,0.0,71.31560972209533,0.0,129.6430208758411,11:02:43
78,Self-Order Terminal (SOT),11:01:24,11.02,1,0.0,70.84904321512033,0.0,52.54743823881894,0.0,123.39648145393949,11:03:27
79,Self-Order Terminal (SOT),11:01:54,11.03,4,0.0,134.0836426863138,0.0,135.08655456222607,0.0,269.1701972485389,11:06:23
80,Self-Order Terminal (SOT),11:02:37,11.04,3,0.0,94.87328690569275,0.0,132.82401623618202,0.0,227.69730314187473,11:06:24
81,Self-Order Terminal (SOT),11:04:02,11.07,1,0.0,59.948074588073254,0.0,73.28770079692384,0.0,133.2357753849974,11:06:15
82,Self-Order Terminal (SOT),11:04:16,11.07,2,0.0,59.8452462389992,59.05653556008292,64.31328595864055,59.05653556008292,183.21506775772286,11:07:20
83,Self-Order Terminal (SOT),11:04:43,11.08,2,0.0,65.3782348350183,34.62926263463669,84.21132830507015,34.62926263463669,184.21882577472388,11:07:47
84,Self-Order Terminal (SOT),11:05:58,11.1,4,0.0,69.78036837565142,0.0,95.02063584450686,0.0,164.80100422015857,11:08:42
85,Self-Order Terminal (SOT),11:06:42,11.11,3,0.0,85.75813114696186,0.0,81.21398814433223,0.0,166.9721192912948,11:09:29
86,Self-Order Terminal (SOT),11:09:29,11.16,4,0.0,129.92805362700693,0.0,246.05151153463345,0.0,375.9795651616405,11:15:45
87,Self-Order Terminal (SOT),11:11:03,11.18,5,0.0,182.3262765018875,0.0,115.14804790769215,0.0,297.47432440958073,11:16:01
88,Self-Order Terminal (SOT),11:11:14,11.19,2,0.0,45.03925144793785,0.0,67.96847552602131,0.0,113.00772697395769,11:13:07
89,Self-Order Terminal (SOT),11:15:39,11.26,3,0.0,88.91679092243967,0.0,106.52195686338197,0.0,195.43874778582176,11:18:55
90,Self-Order Terminal (SOT),11:17:52,11.3,3,0.0,85.95693536663285,0.0,79.71253289486503,0.0,165.66946826149797,11:20:38
91,Self-Order Terminal (SOT),11:18:02,11.3,2,0.0,57.928446613887424,0.0,46.335515599761095,0.0,104.26396221364848,11:19:46
92,Self-Order Terminal (SOT),11:19:10,11.32,1,0.0,42.864347514257254,0.0,54.361165846863,0.0,97.22551336112156,11:20:47
93,Self-Order Terminal (SOT),11:19:33,11.33,2,0.0,121.23545206715822,0.0,91.50816826420512,0.0,212.74362033136276,11:23:05
94,Self-Order Terminal (SOT),11:20:04,11.33,3,0.0,87.81750138952916,0.0,82.09883268789523,0.0,169.91633407742484,11:22:54
95,Self-Order Terminal (SOT),11:20:41,11.34,1,0.0,77.6882217454752,55.56996474668267,73.88213116104629,55.56996474668267,207.14031765320397,11:24:08
96,Self-Order Terminal (SOT),11:21:07,11.35,1,0.0,47.465010770922994,0.0,82.77090467010171,0.0,130.2359154410242,11:23:17
97,Self-Order Terminal (SOT),11:21:29,11.36,4,2.7730136657537514,68.96545229930862,24.233613726888507,66.68407736840571,27.006627392642258,162.65615706035533,11:24:12
98,Self-Order Terminal (SOT),11:22:50,11.38,1,0.0,34.868706020970315,0.0,67.6124549033269,0.0,102.481160924297,11:24:32
99,Self-Order Terminal (SOT),11:25:44,11.43,3,0.0,65.2027547632918,0.0,84.7972966682797,0.0,150.00005143157068,11:28:14
100,Self-Order Terminal (SOT),11:26:04,11.43,3,0.0,102.09831160453307,0.0,90.77283347454143,0.0,192.87114507907427,11:29:17
101,Self-Order Terminal (SOT),11:26:05,11.43,3,0.0,104.59976907146425,0.0,103.38618286514493,0.0,207.98595193660913,11:29:33
102,Self-Order Terminal (SOT),11:27:11,11.45,2,0.0,46.976738220543346,16.339602126745376,54.35742949667902,16.339602126745376,117.67376984396651,11:29:08
103,Self-Order Terminal (SOT),11:27:11,11.45,3,0.0,67.24083206096097,49.95299208116376,64.5104299055219,49.95299208116376,181.70425404764683,11:30:13
104,Self-Order Terminal (SOT),11:27:34,11.46,2,12.097405743854324,98.79997675068755,8.470999670003948,97.15848175449223,20.568405413858272,216.52686391903808,11:31:10
105,Self-Order Terminal (SOT),11:28:17,11.47,2,0.0,69.13419625601372,46.96439411481697,89.9683906661441,46.96439411481697,206.06698103697636,11:31:43
106,Self-Order Terminal (SOT),11:28:29,11.47,1,0.0,30.17386347989985,17.5774771321976,67.0259472040034,17.5774771321976,114.7772878161013,11:30:24
107,Self-Order Terminal (SOT),11:31:16,11.52,4,0.0,106.21099604530869,0.0,128.94020860083572,0.0,235.15120464614483,11:35:11
108,Self-Order Terminal (SOT),11:31:49,11.53,5,0.0,88.53836874982916,0.0,133.06365393248996,0.0,221.60202268232206,11:35:30
109,Self-Order Terminal (SOT),11:31:51,11.53,5,0.0,117.24095605571051,0.0,125.40296427443208,0.0,242.64392033014337,11:35:54
110,Self-Order Terminal (SOT),11:32:17,11.54,4,0.0,99.08124353254871,75.04782301356681,127.86279844659809,75.04782301356681,301.99186499271127,11:37:19
111,Self-Order Terminal (SOT),11:32:20,11.54,3,42.13938085318114,66.2818700404397,82.13250172508197,118.8021082463097,124.2718825782631,309.3558608650128,11:37:29
112,Self-Order Terminal (SOT),11:32:22,11.54,3,55.62366972228483,71.08471398073601,85.76241021817259,117.35342122045353,141.38607994045742,329.8242151416489,11:37:51
113,Self-Order Terminal (SOT),11:32:43,11.55,3,65.30283512312053,74.84978557790552,135.15834371201709,106.99376817169512,200.46117883513762,382.3047325847383,11:39:06
114,Self-Order Terminal (SOT),11:33:07,11.55,3,48.87042431772716,86.533534887966,149.12534277715895,85.10597735453283,197.9957670948861,369.6352793373844,11:39:16
115,Self-Order Terminal (SOT),11:33:48,11.56,2,20.53172205460578,64.91556390665811,136.0190460647318,77.86178154784403,156.5507681193376,299.3281135738398,11:38:47
116,Self-Order Terminal (SOT),11:34:55,11.58,2,0.0,139.06686004458732,122.87059393411982,120.2946270665664,122.87059393411982,382.23208104527293,11:41:17
117,Self-Order Terminal (SOT),11:35:08,11.59,2,0.0,51.048332815742896,167.4952739688997,105.36319227385312,167.4952739688997,323.9067990584954,11:40:32
118,Self-Order Terminal (SOT),11:35:33,11.59,3,0.0,116.16080846342072,195.90506321517387,124.87729762652764,195.90506321517387,436.94316930512286,11:42:50
119,Self-Order Terminal (SOT),11:36:07,11.6,3,0.0,65.18249958634519,113.48174726537036,99.5099746399395,113.48174726537036,278.17422149165577,11:40:45
120,Self-Order Terminal (SOT),11:36:21,11.61,2,0.0,62.13737786229668,189.2339359715843,150.97352424563778,189.2339359715843,402.34483807951983,11:43:03
121,Self-Order Terminal (SOT),11:36:58,11.62,5,14.218134707880381,95.87754053937083,255.22240958603652,86.51015409501069,269.4405442939169,451.82823892829765,11:44:30
122,Self-Order Terminal (SOT),11:37:21,11.62,5,0.0,81.73914757424612,247.46689757312197,128.38937270478664,247.46689757312197,457.59541785215697,11:44:58
123,Self-Order Terminal (SOT),11:37:36,11.63,5,0.0,105.54867427794845,225.26858805942902,185.40368484941348,225.26858805942902,516.22094718679,11:46:13
124,Self-Order Terminal (SOT),11:37:42,11.63,4,0.0,59.448979182720805,154.97232838220953,110.48666082410632,154.97232838220953,324.9079683890377,11:43:07
125,Self-Order Terminal (SOT),11:40:17,11.67,1,0.0,74.55020626851395,178.29423142164887,72.22371679916873,178.29423142164887,325.0681544893341,11:45:42
126,Self-Order Terminal (SOT),11:41:39,11.69,1,0.0,59.5583861057001,140.194650350335,61.87727895175182,140.194650350335,261.63031540778684,11:46:00
127,Self-Order Terminal (SOT),11:42:29,11.71,1,0.0,54.07360698969061,138.39896903310728,67.15560270900606,138.39896903310728,259.6281787318039,11:46:49
128,Self-Order Terminal (SOT),11:43:10,11.72,2,0.0,108.15832982356598,74.91683074946923,54.80640377364563,74.91683074946923,237.88156434668053,11:47:07
129,Self-Order Terminal (SOT),11:43:19,11.72,3,0.0,57.71109832026056,103.77794625288516,95.32765640514458,103.77794625288516,256.8167009782919,11:47:36
130,Self-Order Terminal (SOT),11:43:55,11.73,2,0.0,111.99637869727255,62.14736182897468,97.0524551781144,62.14736182897468,271.19619570436043,11:48:26
131,Self-Order Terminal (SOT),11:44:12,11.74,4,0.0,99.01613620458473,76.68297846802307,108.11647844980162,76.68297846802307,283.81559312241006,11:48:56
132,Self-Order Terminal (SOT),11:45:02,11.75,4,0.0,60.21313358022789,93.34911767590165,100.20356448400086,93.34911767590165,253.76581574013107,11:49:16
133,Self-Order Terminal (SOT),11:45:13,11.75,4,0.0,118.30674714695749,124.72130606195788,130.1216386978959,124.72130606195788,373.1496919068122,11:51:26
134,Self-Order Terminal (SOT),11:45:20,11.76,3,26.941043107264704,66.12814458593124,93.07167242115611,129.13681083955157,120.01271552842081,315.277670953903,11:50:35
135,Self-Order Terminal (SOT),11:45:33,11.76,4,18.146465315217938,150.68514035186806,107.80946964343093,222.32837143147248,125.95593495864887,498.96944674198676,11:53:52
136,Self-Order Terminal (SOT),11:45:50,11.76,4,12.443455107866612,65.78901715620749,107.54684054287645,73.69515307747001,119.99029565074306,259.4744658844211,11:50:09
137,Self-Order Terminal (SOT),11:46:09,11.77,3,43.82333279712111,112.09076836892095,110.117714891785,92.51381444638967,153.9410476889061,358.5456305042171,11:52:08
138,Self-Order Terminal (SOT),11:47:40,11.79,4,0.0,108.16956240839211,117.94849265295852,190.442196659825,117.94849265295852,416.5602517211737,11:54:36
139,Self-Order Terminal (SOT),11:49:40,11.83,3,0.0,69.27497811543904,78.71078472508816,73.46600196706112,78.71078472508816,221.45176480758892,11:53:21
140,Self-Order Terminal (SOT),11:50:23,11.84,5,0.0,103.92491999474346,74.70214437229515,111.38641413136232,74.70214437229515,290.0134784984002,11:55:13
141,Self-Order Terminal (SOT),11:50:37,11.84,3,0.0,100.56260619235687,138.28570868396127,132.38988780813253,138.28570868396127,371.2382026844498,11:56:49
142,Self-Order Terminal (SOT),11:50:38,11.84,4,0.0,99.9992728530365,93.59649908831489,141.8724889975442,93.59649908831489,335.4682609388983,11:56:13
143,Self-Order Terminal (SOT),11:51:13,11.85,1,0.0,94.16417267920104,145.5429419637294,98.69555158727917,145.5429419637294,338.40266623020943,11:56:51
144,Self-Order Terminal (SOT),11:51:22,11.86,2,44.07841950286456,107.27273602196883,174.8915174339927,62.48585239321559,218.96993693685727,388.7285253520422,11:57:51
145,Self-Order Terminal (SOT),11:51:32,11.86,1,46.117898156015144,67.75158003483952,167.71740805101945,65.76533270954145,213.8353062070346,347.35221895141876,11:57:19
146,Self-Order Terminal (SOT),11:54:36,11.91,1,0.0,67.83234738264112,67.43725375776557,49.72870577788685,67.43725375776557,184.9983069182963,11:57:41
147,Self-Order Terminal (SOT),11:54:57,11.92,3,0.0,49.92497672488086,92.3571274089918,116.17632962097524,92.3571274089918,258.45843375484765,11:59:15
148,Self-Order Terminal (SOT),11:54:57,11.92,2,0.0,83.35869193030993,90.91221118557951,40.743614589544634,90.91221118557951,215.0145177054328,11:58:32
149,Self-Order Terminal (SOT),11:55:07,11.92,1,0.0,68.18061331927589,85.80074884681744,75.69570586233387,85.80074884681744,229.67706802842804,11:58:57
150,Self-Order Terminal (SOT),11:55:09,11.92,5,34.49810885623447,97.48328419883468,70.56357990671677,142.34050392537253,105.06168876295123,344.8854768871606,12:00:54
151,Self-Order Terminal (SOT),11:57:09,11.95,2,0.0,52.26868411972528,55.77442644888288,65.70381351035883,55.77442644888288,173.7469240789651,12:00:02
152,Self-Order Terminal (SOT),11:59:05,11.98,5,0.0,106.15721239643068,0.0,115.8381855995727,0.0,221.9953979960046,12:02:47
153,Self-Order Terminal (SOT),12:01:08,12.02,1,0.0,61.12953163676204,0.0,56.86611967038831,0.0,117.99565130714836,12:03:06
154,Self-Order Terminal (SOT),12:01:09,12.02,4,0.0,105.40901325993497,0.0,96.79802062963931,0.0,202.2070338895719,12:04:31
155,Self-Order Terminal (SOT),12:01:44,12.03,1,0.0,54.13986073712807,0.0,85.45976696454078,0.0,139.5996277016675,12:04:04
156,Self-Order Terminal (SOT),12:03:04,12.05,2,0.0,95.33505280916648,0.0,78.08740030443855,0.0,173.4224531136024,12:05:57
157,Self-Order Terminal (SOT),12:04:31,12.08,5,0.0,76.50049065951714,0.0,109.96906003417386,0.0,186.46955069369142,12:07:38
158,Self-Order Terminal (SOT),12:06:00,12.1,3,0.0,111.6855440533315,0.0,118.98249063370794,0.0,230.66803468704165,12:09:51
159,Self-Order Terminal (SOT),12:06:03,12.1,1,0.0,115.38835225926408,0.0,101.53241198579472,0.0,216.9207642450565,12:09:40
160,Self-Order Terminal (SOT),12:06:19,12.11,1,0.0,59.93736224353202,0.0,83.54921477880255,0.0,143.48657702233322,12:08:43
161,Self-Order Terminal (SOT),12:07:00,12.12,4,0.0,65.96120552609176,36.689591890717566,112.98200475557574,36.689591890717566,215.6328021723857,12:10:36
162,Self-Order Terminal (SOT),12:08:21,12.14,2,0.0,46.00218278658377,32.853936168179644,85.487157977771,32.853936168179644,164.34327693253363,12:11:05
163,Self-Order Terminal (SOT),12:09:01,12.15,2,0.0,73.5174318486022,0.0,88.2526625435789,0.0,161.7700943921809,12:11:43
164,Self-Order Terminal (SOT),12:09:08,12.15,5,0.0,92.11118744385577,25.651338943560404,96.42801760342601,25.651338943560404,214.19054399084416,12:12:42
165,Self-Order Terminal (SOT),12:09:35,12.16,4,0.0,43.53228348668884,17.005195635469136,135.12170218387976,17.005195635469136,195.65918130603677,12:12:51
166,Self-Order Terminal (SOT),12:09:59,12.17,3,0.0,56.86207275101997,47.34246948976579,40.10687099359663,47.34246948976579,144.3114132343835,12:12:23
167,Self-Order Terminal (SOT),12:10:07,12.17,3,7.979587046695087,99.52963900264422,47.243695770852355,93.11970504083665,55.22328281754744,247.87262686102986,12:14:15
168,Self-Order Terminal (SOT),12:10:13,12.17,3,5.600678687933396,61.89353603055441,62.88519387971246,140.93842308210012,68.48587256764586,271.31783168030233,12:14:44
169,Self-Order Terminal (SOT),12:10:32,12.18,3,7.3484522778999235,83.62349052303094,47.39023269671452,87.98103222995677,54.73868497461444,226.3432077276011,12:14:19
170,Self-Order Terminal (SOT),12:10:46,12.18,1,10.144732767272217,74.82476884244136,124.15807791808038,83.8180090531401,134.3028106853526,292.94558858093296,12:15:39
171,Self-Order Terminal (SOT),12:11:09,12.19,4,11.326109176177852,121.77150686038674,136.46520234962372,102.11102518262732,147.79131152580158,371.67384356881666,12:17:21
172,Self-Order Terminal (SOT),12:11:19,12.19,4,35.46064637343079,63.46815082017919,80.69094385338758,143.81227291804555,116.15159022681837,323.43201396504446,12:16:42
173,Self-Order Terminal (SOT),12:11:30,12.19,5,33.1136736284825,142.10028529453868,175.40432000602232,52.71891225467749,208.51799363450482,403.3371911837203,12:18:14
174,Self-Order Terminal (SOT),12:11:40,12.19,2,31.201461382752314,59.42027608706281,94.1427186359615,63.27869252522101,125.34418001871381,248.04314863099717,12:15:48
175,Self-Order Terminal (SOT),12:12:21,12.21,3,37.3038878746338,63.51970819364729,106.05915112802904,133.50967869266557,143.36303900266284,340.3924258889747,12:18:01
176,Self-Order Terminal (SOT),12:12:28,12.21,2,41.854346017607895,54.73954989448142,157.60621871646072,129.1628784159698,199.4605647340686,383.3629930445204,12:18:52
177,Self-Order Terminal (SOT),12:13:38,12.23,1,0.0,99.83412426782985,175.94864051651166,97.57585806986698,175.94864051651166,373.3586228542081,12:19:51
178,Self-Order Terminal (SOT),12:13:58,12.23,1,3.775757968869584,95.59814572103933,194.54824127271786,25.452954876502666,198.32399924158744,319.3750998391297,12:19:17
179,Self-Order Terminal (SOT),12:14:06,12.23,2,0.0,56.303289079391575,178.8626777891077,71.39345184644061,178.8626777891077,306.55941871493997,12:19:12
180,Self-Order Terminal (SOT),12:15:10,12.25,3,0.0,74.13708023733972,168.40649553588446,129.32598727544746,168.40649553588446,371.8695630486691,12:21:22
181,Self-Order Terminal (SOT),12:15:34,12.26,2,0.0,64.29435695773726,158.88469037672985,68.72324093094093,158.88469037672985,291.90228826540624,12:20:26
182,Self-Order Terminal (SOT),12:16:22,12.27,4,0.0,113.11211838991066,186.7772394374224,114.14437448831211,186.7772394374224,414.03373231564547,12:23:16
183,Self-Order Terminal (SOT),12:16:27,12.27,2,0.0,81.25365051838156,123.22520448506475,95.17709802151202,123.22520448506475,299.65595302495785,12:21:26
184,Self-Order Terminal (SOT),12:16:36,12.28,2,0.0,76.6529056299336,152.8560384082084,79.74063760149572,152.8560384082084,309.24958163963674,12:21:46
185,Self-Order Terminal (SOT),12:17:47,12.3,3,0.0,51.60391680902356,167.40731291196062,159.86174752028873,167.40731291196062,378.8729772412735,12:24:06
186,Self-Order Terminal (SOT),12:18:19,12.31,3,0.0,88.84524161639497,118.0199260697591,71.02303631542267,118.0199260697591,277.88820400157783,12:22:57
187,Self-Order Terminal (SOT),12:18:51,12.31,3,0.0,95.00881089912737,150.81182199498653,69.7092005210119,150.81182199498653,315.529833415123,12:24:06
188,Self-Order Terminal (SOT),12:19:33,12.33,4,0.0,84.24745528440339,138.47195359610123,91.56085131981447,138.47195359610123,314.28026020031757,12:24:48
189,Self-Order Terminal (SOT),12:21:15,12.35,5,0.0,125.66660438930032,45.61456613654809,64.52807285069468,45.61456613654809,235.80924337654506,12:25:11
190,Self-Order Terminal (SOT),12:21:24,12.36,4,0.0,73.75809085561829,88.23047731579209,88.31534627238518,88.23047731579209,250.3039144437971,12:25:34
191,Self-Order Terminal (SOT),12:24:14,12.4,3,0.0,88.96322130604887,0.0,136.0298113901453,0.0,224.99303269619486,12:27:59
192,Self-Order Terminal (SOT),12:24:57,12.42,3,0.0,70.88557939247247,0.0,214.11738880948332,0.0,285.0029682019558,12:29:42
193,Self-Order Terminal (SOT),12:25:04,12.42,3,0.0,86.73920834591229,0.0,128.68144544438056,0.0,215.42065379029373,12:28:40
194,Self-Order Terminal (SOT),12:25:35,12.43,2,0.0,75.05189166333176,69.04314017533761,71.83129023277253,69.04314017533761,215.92632207144197,12:29:11
195,Self-Order Terminal (SOT),12:26:46,12.45,1,0.0,61.69299876202806,51.70070282093366,89.7075965387352,51.70070282093366,203.10129812169544,12:30:09
196,Self-Order Terminal (SOT),12:27:03,12.45,2,0.0,61.07314466218285,66.65190174331656,68.95443570729084,66.65190174331656,196.67948211279145,12:30:20
197,Self-Order Terminal (SOT),12:28:41,12.48,3,0.0,58.68848190573908,2.0691056327850674,81.29133805281218,2.0691056327850674,142.0489255913344,12:31:03
198,Self-Order Terminal (SOT),12:28:42,12.48,3,0.0,80.60546004192321,6.385657768947567,71.24736098871395,6.385657768947567,158.2384787995834,12:31:20
199,Self-Order Terminal (SOT),12:29:23,12.49,4,0.0,83.58914707660355,0.0,119.44135373153615,0.0,203.03050080814137,12:32:46
200,Self-Order Terminal (SOT),12:29:26,12.49,5,0.0,90.54354940703558,7.014133915054117,126.80083309668237,7.014133915054117,224.35851641877525,12:33:10
201,Self-Order Terminal (SOT),12:30:40,12.51,2,0.0,74.1406748525785,0.0,62.16527149120055,0.0,136.3059463437785,12:32:56
202,Self-Order Terminal (SOT),12:31:49,12.53,2,0.0,62.749290678784575,0.0,86.67737804114829,0.0,149.42666871993424,12:34:18
203,Self-Order Terminal (SOT),12:32:38,12.54,4,0.0,68.5310883393114,0.0,56.301481732658864,0.0,124.8325700719688,12:34:42
204,Self-Order Terminal (SOT),12:33:20,12.56,5,0.0,84.71882309724515,0.0,124.54599244931788,0.0,209.26481554656493,12:36:50
205,Self-Order Terminal (SOT),12:34:49,12.58,3,0.0,67.73897442775129,0.0,100.44792647783989,0.0,168.18690090558812,12:37:37
206,Self-Order Terminal (SOT),12:34:49,12.58,4,0.0,89.09970864357537,31.118900218367344,58.742658733162486,31.118900218367344,178.96126759510298,12:37:48
207,Self-Order Terminal (SOT),12:35:07,12.59,2,0.0,67.81854476568769,0.0,72.57227043920379,0.0,140.3908152048898,12:37:27
208,Self-Order Terminal (SOT),12:35:27,12.59,5,0.0,123.11890397617638,0.0,119.06362183205914,0.0,242.18252580823537,12:39:29
209,Self-Order Terminal (SOT),12:36:40,12.61,3,0.0,107.3706592581929,0.0,83.15660127126489,0.0,190.52726052945582,12:39:51
210,Self-Order Terminal (SOT),12:37:38,12.63,2,0.0,85.59577976593866,0.0,76.49890912688764,0.0,162.09468889282653,12:40:20
211,Self-Order Terminal (SOT),12:38:25,12.64,2,0.0,111.77220631839346,0.0,83.90980200686627,0.0,195.68200832526054,12:41:41
212,Self-Order Terminal (SOT),12:40:16,12.67,5,0.0,110.87136451960214,0.0,130.55828401807284,0.0,241.42964853767626,12:44:18
213,Self-Order Terminal (SOT),12:40:20,12.67,3,0.0,109.53468026845519,0.0,136.59715863069655,0.0,246.13183889914944,12:44:26
214,Self-Order Terminal (SOT),12:40:26,12.67,2,0.0,55.02756289034254,0.0,51.9904170277034,0.0,107.01797991804779,12:42:13
215,Self-Order Terminal (SOT),12:40:29,12.67,4,0.0,100.88463028505552,2.8968868731462862,66.51391357058206,2.8968868731462862,170.29543072878369,12:43:20
216,Self-Order Terminal (SOT),12:40:41,12.68,1,39.66378709316268,93.63775436904537,24.86657622924031,69.85412837975933,64.53036332240299,228.02224607121025,12:44:30
217,Self-Order Terminal (SOT),12:41:05,12.68,3,62.4949024045236,101.81584471060565,28.742439307465247,105.51321154975128,91.23734171198885,298.56639797234675,12:46:03
218,Self-Order Terminal (SOT),12:41:13,12.69,5,55.75484592874636,106.27066364358606,30.326494987108163,160.35149227165286,86.08134091585453,352.7034968310945,12:47:06
219,Self-Order Terminal (SOT),12:42:57,12.72,1,0.0,66.34354761378992,25.694889366182906,72.56117118686345,25.694889366182906,164.5996081668345,12:45:42
220,Self-Order Terminal (SOT),12:43:24,12.72,3,0.0,75.01623863277831,63.03074811764236,66.27372732406,63.03074811764236,204.32071407448166,12:46:48
221,Self-Order Terminal (SOT),12:43:54,12.73,5,0.0,101.87903848743571,27.32390488155943,196.57639320686621,27.32390488155943,325.77933657586254,12:49:20
222,Self-Order Terminal (SOT),12:44:42,12.75,2,0.0,106.68590313730498,19.343932868247066,88.49818658041802,19.343932868247066,214.52802258597148,12:48:17
223,Self-Order Terminal (SOT),12:45:28,12.76,2,0.0,69.63246431594884,28.019858967545588,48.14552374971102,28.019858967545588,145.79784703320547,12:47:54
224,Self-Order Terminal (SOT),12:45:29,12.76,2,0.0,130.10785401927703,38.11533906961995,64.79233718456342,38.11533906961995,233.01553027346017,12:49:22
225,Self-Order Terminal (SOT),12:45:59,12.77,2,0.0,90.268264425207,24.56939857380712,128.62485928826968,24.56939857380712,243.4625222872819,12:50:03
226,Self-Order Terminal (SOT),12:46:09,12.77,4,20.36745938972308,83.48572138085436,89.14873525237635,120.42040835176417,109.51619464209944,313.4223243747183,12:51:22
227,Self-Order Terminal (SOT),12:46:11,12.77,3,27.283407279210223,68.2374698303745,93.69971662498574,93.67121199939935,120.98312390419596,282.89180573397243,12:50:54
228,Self-Order Terminal (SOT),12:46:24,12.77,3,65.78466064644454,68.2074111158534,84.986846746222,146.43321368856442,150.77150739266654,365.41213219708516,12:52:29
229,Self-Order Terminal (SOT),12:46:56,12.78,2,43.2323317049304,131.8806710843165,91.44741352163328,103.76109659563188,134.67974522656368,370.3215129065102,12:53:06
230,Self-Order Terminal (SOT),12:47:13,12.79,1,33.173810790318385,87.8784641225106,99.49246450187638,50.86972527964436,132.66627529219477,271.4144646943496,12:51:45
231,Self-Order Terminal (SOT),12:49:18,12.82,5,0.0,85.79747112104491,61.00614003395822,145.55938475253637,61.00614003395822,292.3629959075406,12:54:10
232,Self-Order Terminal (SOT),12:49:40,12.83,4,0.0,79.11593529515999,90.17172325570209,88.39092181888562,90.17172325570209,257.6785803697494,12:53:58
233,Self-Order Terminal (SOT),12:51:10,12.85,1,0.0,72.94391721537293,107.43396192801083,62.820196125071966,107.43396192801083,243.19807526845398,12:55:13
234,Self-Order Terminal (SOT),12:51:15,12.85,3,0.0,52.884935443192056,57.59042804766068,112.76856801151168,57.59042804766068,223.2439315023621,12:54:59
235,Self-Order Terminal (SOT),12:51:38,12.86,3,0.0,69.92729295979571,130.92337447389582,158.9070314975355,130.92337447389582,359.75769893122924,12:57:38
236,Self-Order Terminal (SOT),12:51:42,12.86,5,0.0,39.93496311486558,95.58351855959336,67.1871215742914,95.58351855959336,202.70560324874896,12:55:05
237,Self-Order Terminal (SOT),12:53:56,12.9,1,0.0,41.92002853980415,26.816638890908507,59.46735544328134,26.816638890908507,128.20402287399338,12:56:04
238,Self-Order Terminal (SOT),12:54:00,12.9,4,0.0,116.18781619474208,101.24753181136111,153.7507698744056,101.24753181136111,371.1861178805084,13:00:11
239,Self-Order Terminal (SOT),12:54:05,12.9,2,0.0,79.20886259460069,0.0,119.55717669220957,0.0,198.76603928681288,12:57:23
240,Self-Order Terminal (SOT),12:54:29,12.91,3,0.0,71.72780248052204,23.638965952606668,100.05714395338458,23.638965952606668,195.42391238651544,12:57:44
241,Self-Order Terminal (SOT),12:54:36,12.91,2,1.6635226466751192,72.83026239712895,92.43879059839674,71.45806120008153,94.10231324507185,238.39063684228313,12:58:35
242,Self-Order Terminal (SOT),12:55:09,12.92,2,14.483525465031562,81.92406788449475,58.70519409976623,99.07182136367544,73.1887195647978,254.18460881296778,12:59:23
243,Self-Order Terminal (SOT),12:55:10,12.92,5,30.817047703101707,121.0133728764101,53.06871293761651,176.95142131574758,83.88576064071822,381.8505548328758,13:01:32
244,Self-Order Terminal (SOT),12:57:13,12.95,1,0.0,70.02296538470627,60.28654304709562,105.74591737798961,60.28654304709562,236.0554258097909,13:01:09
245,Self-Order Terminal (SOT),12:57:37,12.96,2,0.0,66.83454231123082,87.5842536090895,67.96193951013827,87.5842536090895,222.38073543045903,13:01:19
246,Self-Order Terminal (SOT),12:59:31,12.99,1,0.0,78.41966416653067,19.844319953375816,61.23356161177585,19.844319953375816,159.49754573167957,13:02:10
247,Self-Order Terminal (SOT),12:59:33,12.99,3,0.0,129.37390923351774,27.7929319414543,65.76966793983604,27.7929319414543,222.93650911480654,13:03:16
248,Self-Order Terminal (SOT),12:59:46,13.0,3,0.0,91.37169221615545,14.760000883426983,57.63553208098133,14.760000883426983,163.7672251805634,13:02:29
249,Self-Order Terminal (SOT),13:00:08,13.0,1,0.0,65.06743790762037,5.836534383313847,92.72448104443568,5.836534383313847,163.62845333536825,13:02:52
250,Self-Order Terminal (SOT),13:01:42,13.03,4,0.0,84.80043597999146,0.0,92.979238130101,0.0,177.77967411009377,13:04:40
251,Self-Order Terminal (SOT),13:02:31,13.04,4,0.0,81.21794271099922,0.0,112.57358737134733,0.0,193.79153008234425,13:05:45
252,Self-Order Terminal (SOT),13:02:40,13.04,3,0.0,74.51508289322616,0.0,82.3082699871727,0.0,156.82335288040122,13:05:16
253,Self-Order Terminal (SOT),13:05:49,13.1,2,0.0,68.48429891032414,0.0,64.96559367856472,0.0,133.44989258888745,13:08:03
254,Self-Order Terminal (SOT),13:06:22,13.11,2,0.0,105.56943124053139,0.0,77.94498953974797,0.0,183.5144207802805,13:09:26
255,Self-Order Terminal (SOT),13:06:56,13.12,3,0.0,95.74364333056175,0.0,104.30004750002735,0.0,200.04369083058918,13:10:16
256,Self-Order Terminal (SOT),13:07:10,13.12,2,0.0,73.60940131940143,0.0,24.301163527962995,0.0,97.91056484736328,13:08:48
257,Self-Order Terminal (SOT),13:07:39,13.13,4,0.0,97.9496267573488,0.0,117.2175013241186,0.0,215.16712808146622,13:11:14
258,Self-Order Terminal (SOT),13:09:01,13.15,2,0.0,111.35377850478156,0.0,80.29461488767556,0.0,191.64839339245736,13:12:12
259,Self-Order Terminal (SOT),13:09:32,13.16,2,0.0,50.84497729904427,0.0,151.05214308118175,0.0,201.8971203802248,13:12:54
260,Self-Order Terminal (SOT),13:10:03,13.17,3,0.0,63.48650846686136,7.941769451575965,120.82248167943236,7.941769451575965,192.25075959786773,13:13:15
261,Self-Order Terminal (SOT),13:11:42,13.19,4,0.0,87.05762017427128,0.0,64.88232461363718,0.0,151.93994478790773,13:14:13
262,Self-Order Terminal (SOT),13:12:39,13.21,2,0.0,51.04170791148225,0.0,80.02627744471533,0.0,131.067985356196,13:14:50
263,Self-Order Terminal (SOT),13:14:03,13.23,2,0.0,41.89510408858936,0.0,92.41822410774988,0.0,134.31332819633826,13:16:18
264,Self-Order Terminal (SOT),13:14:23,13.24,2,0.0,97.90693710516037,0.0,147.24391841217496,0.0,245.150855517335,13:18:28
265,Self-Order Terminal (SOT),13:15:00,13.25,3,0.0,60.91752232692549,0.0,67.25279644343989,0.0,128.17031877036789,13:17:08
266,Self-Order Terminal (SOT),13:16:16,13.27,3,0.0,78.18928843939082,0.0,88.81225238523821,0.0,167.00154082462905,13:19:03
267,Self-Order Terminal (SOT),13:16:28,13.27,2,0.0,67.6584398135744,0.0,93.28903544277128,0.0,160.9474752563474,13:19:09
268,Self-Order Terminal (SOT),13:16:39,13.28,4,0.0,82.42429169770595,61.47744010104725,69.07528648962213,61.47744010104725,212.97701828837307,13:20:12
269,Self-Order Terminal (SOT),13:16:48,13.28,3,0.0,68.54016573912398,32.06042674429773,95.36454825582064,32.06042674429773,195.96514073924118,13:20:04
270,Self-Order Terminal (SOT),13:17:03,13.28,5,30.516989172836475,134.5875733623522,15.110518026034697,67.68166689426837,45.62750719887117,247.896747455492,13:21:11
271,Self-Order Terminal (SOT),13:17:16,13.29,3,20.029709711270698,85.30597764098505,7.9830578017863445,127.4929617360353,28.012767513057042,240.81170689007922,13:21:17
272,Self-Order Terminal (SOT),13:18:49,13.31,4,0.0,103.22570532205704,39.34156858135975,96.46216522028995,39.34156858135975,239.02943912370756,13:22:48
273,Self-Order Terminal (SOT),13:19:00,13.32,2,0.0,57.89011858931548,14.106558259194571,148.17301635110886,14.106558259194571,220.16969319961936,13:22:40
274,Self-Order Terminal (SOT),13:19:40,13.33,2,0.0,54.544112897209494,42.00659903023916,84.81970549456366,42.00659903023916,181.3704174220111,13:22:42
275,Self-Order Terminal (SOT),13:20:29,13.34,2,0.0,63.3548736384505,68.07484565850245,116.83689257664632,68.07484565850245,248.2666118736015,13:24:37
276,Self-Order Terminal (SOT),13:24:16,13.4,2,0.0,74.72435139808854,0.0,103.0716943112804,0.0,177.79604570937227,13:27:14
277,Self-Order Terminal (SOT),13:25:41,13.43,2,0.0,54.09864560178599,0.0,66.99017129290529,0.0,121.08881689469126,13:27:42
278,Self-Order Terminal (SOT),13:26:05,13.43,3,0.0,63.97535314939334,0.0,124.62622509459783,0.0,188.60157824398993,13:29:14
279,Self-Order Terminal (SOT),13:26:48,13.45,2,0.0,36.220350811573184,0.0,74.63394687675216,0.0,110.85429768832546,13:28:39
280,Self-Order Terminal (SOT),13:29:09,13.49,5,0.0,82.3126208471853,0.0,111.89031057063859,0.0,194.20293141782167,13:32:24
281,Self-Order Terminal (SOT),13:30:19,13.51,1,0.0,84.64706363234494,0.0,41.83879819013083,0.0,126.48586182247891,13:32:25
282,Self-Order Terminal (SOT),13:31:39,13.53,3,0.0,86.21553567140529,0.0,121.691366630507,0.0,207.90690230191467,13:35:07
283,Self-Order Terminal (SOT),13:33:49,13.56,4,0.0,98.95856930194887,0.0,134.42298633944668,0.0,233.3815556413938,13:37:43
284,Self-Order Terminal (SOT),13:35:12,13.59,4,0.0,51.07587794891697,0.0,87.9446493235482,0.0,139.020527272467,13:37:31
285,Self-Order Terminal (SOT),13:37:50,13.63,4,0.0,62.29507519293404,0.0,97.78620748403941,0.0,160.08128267697248,13:40:30
286,Self-Order Terminal (SOT),13:37:56,13.63,4,0.0,97.02408874754474,0.0,59.74606899277552,0.0,156.77015774032043,13:40:33
287,Self-Order Terminal (SOT),13:38:28,13.64,5,0.0,107.9824737247048,0.0,117.68390052084344,0.0,225.66637424554574,13:42:14
288,Self-Order Terminal (SOT),13:38:33,13.64,4,0.0,136.06880937274647,0.0,92.56790274031205,0.0,228.63671211306064,13:42:22
289,Self-Order Terminal (SOT),13:38:35,13.64,2,16.470106468452286,133.0203880460631,57.161021409330715,96.02177649999837,73.631127877783,302.67329242384585,13:43:38
290,Self-Order Terminal (SOT),13:38:43,13.65,3,50.481324315504025,48.75965540294087,7.350183313679736,92.39520197135941,57.83150762918376,198.9863650034822,13:42:02
291,Self-Order Terminal (SOT),13:39:38,13.66,4,37.75078613023652,105.16382364566527,20.794157731350424,124.29978725395223,58.544943861586944,288.0085547612034,13:44:26
292,Self-Order Terminal (SOT),13:40:48,13.68,4,0.0,55.889134412647515,29.516713804201572,51.087619337770235,29.516713804201572,136.49346755461738,13:43:05
293,Self-Order Terminal (SOT),13:43:10,13.72,5,0.0,79.12004786663825,0.0,128.11816784794087,0.0,207.2382157145803,13:46:37
294,Self-Order Terminal (SOT),13:46:01,13.77,4,0.0,108.1040169162289,0.0,108.03194405233896,0.0,216.13596096856782,13:49:37
295,Self-Order Terminal (SOT),13:49:42,13.83,3,0.0,46.842084755343656,0.0,142.26936849700652,0.0,189.11145325234975,13:52:51
296,Self-Order Terminal (SOT),13:50:21,13.84,3,0.0,55.14529851424403,0.0,77.38036074841919,0.0,132.52565926266107,13:52:33
297,Self-Order Terminal (SOT),13:52:01,13.87,4,0.0,96.35290157440201,0.0,91.84532068108112,0.0,188.19822225548342,13:55:09
298,Self-Order Terminal (SOT),13:52:10,13.87,3,0.0,55.38410692380009,0.0,116.33615467926388,0.0,171.72026160306268,13:55:02
299,Self-Order Terminal (SOT),13:53:30,13.89,4,0.0,90.2199607250564,2.1373096683091717,117.18680958152135,2.1373096683091717,209.5440799748867,13:56:59
300,Self-Order Terminal (SOT),13:53:41,13.89,2,0.0,76.62058460589016,0.0,74.06845341865599,0.0,150.68903802454588,13:56:11
301,Self-Order Terminal (SOT),13:55:19,13.92,2,0.0,54.03815655839848,0.0,65.36812635968157,0.0,119.40628291808025,13:57:18
302,Self-Order Terminal (SOT),13:55:45,13.93,4,0.0,74.42360256982522,0.0,84.05881723488417,0.0,158.48241980470993,13:58:23
303,Self-Order Terminal (SOT),14:00:38,14.01,4,0.0,153.20694113197416,0.0,143.55708917817356,0.0,296.76403031014706,14:05:34
304,Self-Order Terminal (SOT),14:02:23,14.04,3,0.0,57.24571137532238,0.0,87.27216912266458,0.0,144.5178804979878,14:04:48
305,Self-Order Terminal (SOT),14:02:45,14.05,4,0.0,132.99482802922066,0.0,123.34341877318813,0.0,256.3382468024065,14:07:02
306,Self-Order Terminal (SOT),14:03:21,14.06,2,0.0,75.21540607602154,0.0,144.43748970158612,0.0,219.65289577760996,14:07:00
307,Self-Order Terminal (SOT),14:04:10,14.07,2,0.0,109.48037753739078,62.32208427207297,106.03835077622486,62.32208427207297,277.8408125856877,14:08:48
308,Self-Order Terminal (SOT),14:04:24,14.07,2,0.0,75.26726062129343,81.13639590994717,52.78461058207421,81.13639590994717,209.18826711331712,14:07:53
309,Self-Order Terminal (SOT),14:04:52,14.08,2,0.0,37.2622581155013,5.065736021930206,100.359184490427,5.065736021930206,142.68717862785707,14:07:15
310,Self-Order Terminal (SOT),14:05:16,14.09,1,0.0,80.42398947666467,38.64566643207945,80.4873302053254,38.64566643207945,199.55698611406842,14:08:35
311,Self-Order Terminal (SOT),14:09:25,14.16,3,0.0,126.77510133112543,0.0,120.46700065096077,0.0,247.24210198208675,14:13:33
312,Self-Order Terminal (SOT),14:19:34,14.33,5,0.0,61.99533417457333,0.0,175.90548695043572,0.0,237.90082112501113,14:23:32
313,Self-Order Terminal (SOT),14:20:00,14.33,4,0.0,80.5458425211317,0.0,94.25076924501883,0.0,174.79661176615264,14:22:55
314,Self-Order Terminal (SOT),14:21:47,14.36,4,0.0,107.4706832166584,0.0,72.26771399145557,0.0,179.7383972081152,14:24:47
315,Self-Order Terminal (SOT),14:23:16,14.39,2,0.0,36.04745703128146,0.0,74.36261277227901,0.0,110.41006980355814,14:25:06
316,Self-Order Terminal (SOT),14:24:22,14.41,4,0.0,93.90702934585713,0.0,168.206841447271,0.0,262.1138707931277,14:28:44
317,Self-Order Terminal (SOT),14:28:27,14.47,4,0.0,110.73924452432333,0.0,162.86583906321536,0.0,273.6050835875394,14:33:00
318,Self-Order Terminal (SOT),14:35:05,14.58,4,0.0,106.93899711611202,0.0,105.78811113501118,0.0,212.72710825112154,14:38:38
319,Self-Order Terminal (SOT),14:35:58,14.6,4,0.0,85.05438733776356,0.0,112.3507012066167,0.0,197.40508854438303,14:39:15
320,Self-Order Terminal (SOT),14:36:38,14.61,3,0.0,87.01855552032075,0.0,100.48972424031196,0.0,187.50827976063374,14:39:46
321,Self-Order Terminal (SOT),14:37:38,14.63,5,0.0,105.05049108979063,0.0,94.34613983183878,0.0,199.39663092163028,14:40:57
322,Self-Order Terminal (SOT),14:39:43,14.66,3,0.0,63.73665255240472,0.0,100.27096771656126,0.0,164.007620268967,14:42:27
323,Self-Order Terminal (SOT),14:42:19,14.71,4,0.0,89.71199145724466,0.0,106.82737769423518,0.0,196.53936915148006,14:45:35
324,Self-Order Terminal (SOT),14:46:14,14.77,4,0.0,69.57809960830848,0.0,120.0663299817653,0.0,189.64442959007283,14:49:23
325,Self-Order Terminal (SOT),14:46:23,14.77,4,0.0,68.72568193590689,0.0,133.61946366802067,0.0,202.34514560392563,14:49:46
326,Self-Order Terminal (SOT),14:47:09,14.79,2,0.0,98.67029176540875,0.0,56.07655591378298,0.0,154.74684767919098,14:49:44
327,Self-Order Terminal (SOT),14:58:53,14.98,2,0.0,97.3902020972543,0.0,68.71560448537032,0.0,166.10580658262188,15:01:39
328,Self-Order Terminal (SOT),15:00:17,15.0,1,0.0,74.40269786127115,0.0,45.00305493984673,0.0,119.40575280111807,15:02:16
329,Self-Order Terminal (SOT),15:04:53,15.08,4,0.0,92.3459805038209,0.0,109.1459735366479,0.0,201.49195404046986,15:08:15
330,Self-Order Terminal (SOT),15:07:07,15.12,2,0.0,70.03055787104547,0.0,66.07020387641052,0.0,136.100761747457,15:09:23
331,Self-Order Terminal (SOT),15:10:35,15.18,3,0.0,96.55999556457878,0.0,67.49317386786346,0.0,164.0531694324418,15:13:19
332,Self-Order Terminal (SOT),15:13:58,15.23,4,0.0,90.0466387331808,0.0,105.72264358015461,0.0,195.76928231333295,15:17:13
333,Self-Order Terminal (SOT),15:15:43,15.26,2,0.0,97.85865045460687,0.0,91.77372619076296,0.0,189.63237664537155,15:18:52
334,Self-Order Terminal (SOT),15:16:20,15.27,1,0.0,48.44158214398909,0.0,87.38024278956426,0.0,135.82182493355504,15:18:36
335,Self-Order Terminal (SOT),15:17:40,15.29,2,0.0,91.66045342868588,0.0,104.89283245319915,0.0,196.55328588188422,15:20:57
336,Self-Order Terminal (SOT),15:19:59,15.33,1,0.0,98.94761061703989,0.0,56.247947762416814,0.0,155.19555837945882,15:22:34
337,Self-Order Terminal (SOT),15:21:17,15.35,3,0.0,133.3511569370457,0.0,78.2606016300713,0.0,211.61175856711634,15:24:49
338,Self-Order Terminal (SOT),15:24:33,15.41,3,0.0,71.69922678645906,0.0,66.27296701005062,0.0,137.97219379650778,15:26:51
339,Self-Order Terminal (SOT),15:25:17,15.42,5,0.0,71.19456773996336,0.0,151.31867666733712,0.0,222.5132444073024,15:29:00
340,Self-Order Terminal (SOT),15:26:57,15.45,4,0.0,102.93626968776448,0.0,81.27080044654323,0.0,184.2070701343073,15:30:01
341,Self-Order Terminal (SOT),15:29:21,15.49,3,0.0,83.1285079902967,0.0,94.26811444058842,0.0,177.39662243088242,15:32:19
342,Self-Order Terminal (SOT),15:32:55,15.55,3,0.0,65.13668372883707,0.0,134.7226094717836,0.0,199.85929320062132,15:36:15
343,Self-Order Terminal (SOT),15:35:24,15.59,3,0.0,42.33740069876428,0.0,91.7313606211795,0.0,134.06876131994431,15:37:38
344,Self-Order Terminal (SOT),15:35:30,15.59,4,0.0,56.74905444745675,0.0,86.89818049092216,0.0,143.64723493838028,15:37:53
345,Self-Order Terminal (SOT),15:37:42,15.63,5,0.0,65.8850708573056,0.0,92.68040089409342,0.0,158.56547175139713,15:40:21
346,Self-Order Terminal (SOT),15:38:46,15.65,2,0.0,78.65533046888893,0.0,73.20798671268305,0.0,151.8633171815709,15:41:18
347,Self-Order Terminal (SOT),15:39:19,15.66,5,0.0,112.50775605803807,0.0,117.52961846566838,0.0,230.03737452370842,15:43:09
348,Self-Order Terminal (SOT),15:41:02,15.68,2,0.0,65.60056252212856,0.0,104.34855930665314,0.0,169.94912182878397,15:43:52
349,Self-Order Terminal (SOT),15:46:49,15.78,4,0.0,68.99324139392031,0.0,155.58289030945727,0.0,224.57613170337936,15:50:33
350,Self-Order Terminal (SOT),15:48:05,15.8,2,0.0,70.14160533232204,0.0,139.89136210465327,0.0,210.032967436975,15:51:35
351,Self-Order Terminal (SOT),15:49:41,15.83,3,0.0,87.3444374693875,0.0,144.31913044096592,0.0,231.66356791035287,15:53:33
352,Self-Order Terminal (SOT),15:53:51,15.9,1,0.0,111.05655549251014,0.0,54.23003188453501,0.0,165.28658737704245,15:56:36
353,Self-Order Terminal (SOT),15:58:45,15.98,4,0.0,74.54608634117912,0.0,127.9140717730639,0.0,202.4601581142415,16:02:08
354,Self-Order Terminal (SOT),15:59:49,16.0,2,0.0,63.65807674233286,0.0,92.40587306186809,0.0,156.0639498042001,16:02:25
355,Self-Order Terminal (SOT),16:01:10,16.02,3,0.0,61.75765261326084,0.0,83.45643189881868,0.0,145.21408451208117,16:03:35
356,Self-Order Terminal (SOT),16:03:38,16.06,2,0.0,65.66253295031936,0.0,103.0753916678893,0.0,168.7379246182063,16:06:26
357,Self-Order Terminal (SOT),16:05:42,16.09,3,0.0,77.83244502209918,0.0,64.84981678120776,0.0,142.68226180330748,16:08:04
358,Self-Order Terminal (SOT),16:05:58,16.1,1,0.0,67.57242547755504,0.0,73.05416881091804,0.0,140.6265942884711,16:08:18
359,Self-Order Terminal (SOT),16:12:15,16.2,2,0.0,57.02570178498625,0.0,151.36609419510305,0.0,208.39179598008923,16:15:43
360,Self-Order Terminal (SOT),16:16:47,16.28,2,0.0,81.44072493031774,0.0,77.71953515124889,0.0,159.16026008156769,16:19:26
361,Self-Order Terminal (SOT),16:17:00,16.28,2,0.0,44.72877233578528,0.0,77.12562938912762,0.0,121.85440172491508,16:19:02
362,Self-Order Terminal (SOT),16:20:30,16.34,1,0.0,47.214881626492,0.0,68.646063076382,0.0,115.86094470287208,16:22:26
363,Self-Order Terminal (SOT),16:22:23,16.37,1,0.0,61.68070970358715,0.0,85.44019123660696,0.0,147.12090094019368,16:24:50
364,Self-Order Terminal (SOT),16:28:33,16.48,2,0.0,40.45083436743213,0.0,86.93949849828628,0.0,127.39033286571794,16:30:40
365,Self-Order Terminal (SOT),16:30:31,16.51,3,0.0,98.4964230653334,0.0,73.96537240052278,0.0,172.46179546586063,16:33:23
366,Self-Order Terminal (SOT),16:33:34,16.56,4,0.0,110.93235660498827,0.0,159.97903228112187,0.0,270.9113888861102,16:38:05
367,Self-Order Terminal (SOT),16:34:36,16.58,5,0.0,126.21987229968269,0.0,126.79402931610274,0.0,253.01390161578456,16:38:49
368,Self-Order Terminal (SOT),16:35:26,16.59,3,0.0,108.5726551403037,0.0,79.64236397084917,0.0,188.21501911115774,16:38:34
369,Self-Order Terminal (SOT),16:36:21,16.61,2,0.0,65.33719395961855,38.669932351047464,83.23518234178597,38.669932351047464,187.24230865245045,16:39:28
370,Self-Order Terminal (SOT),16:37:28,16.62,2,0.0,88.16926956065498,0.0,59.28870433873775,0.0,147.45797389939253,16:39:56
371,Self-Order Terminal (SOT),16:38:06,16.64,3,0.0,82.35789305972419,0.0,86.79632104454842,0.0,169.15421410426643,16:40:56
372,Self-Order Terminal (SOT),16:40:41,16.68,4,0.0,102.70136352316824,0.0,88.88475791313257,0.0,191.58612143630307,16:43:52
373,Self-Order Terminal (SOT),16:41:25,16.69,3,0.0,101.32961863496814,0.0,127.99349365610219,0.0,229.3231122910729,16:45:14
374,Self-Order Terminal (SOT),16:44:11,16.74,4,0.0,70.21925115826076,0.0,118.05484471300458,0.0,188.2740958712675,16:47:19
375,Self-Order Terminal (SOT),16:44:35,16.74,3,0.0,103.95939050770524,0.0,89.36985466659743,0.0,193.32924517430365,16:47:48
376,Self-Order Terminal (SOT),16:46:11,16.77,1,0.0,54.898135137271,0.0,61.826550980598995,0.0,116.7246861178719,16:48:08
377,Self-Order Terminal (SOT),16:48:49,16.81,5,0.0,49.84803037696164,0.0,112.75278780124498,0.0,162.600818178209,16:51:32
378,Self-Order Terminal (SOT),16:48:52,16.81,4,0.0,87.56849562133556,0.0,103.01689023917451,0.0,190.58538586051145,16:52:02
379,Self-Order Terminal (SOT),16:51:08,16.85,1,0.0,50.68339818563582,0.0,65.93662270819485,0.0,116.6200208938244,16:53:04
380,Self-Order Terminal (SOT),16:51:37,16.86,3,0.0,116.4302685755348,0.0,75.14885544549797,0.0,191.57912402103102,16:54:48
381,Self-Order Terminal (SOT),16:52:54,16.88,3,0.0,120.12163237652169,0.0,117.78527011825378,0.0,237.90690249477484,16:56:52
382,Self-Order Terminal (SOT),16:54:15,16.9,2,0.0,44.33763501512214,0.0,86.97435912380291,0.0,131.31199413892318,16:56:26
383,Self-Order Terminal (SOT),16:57:25,16.96,4,0.0,73.07293320246559,0.0,93.28305751076272,0.0,166.3559907132294,17:00:11
384,Self-Order Terminal (SOT),17:00:18,17.0,4,0.0,93.3291861295855,0.0,146.4477106267764,0.0,239.77689675636066,17:04:17
385,Self-Order Terminal (SOT),17:02:56,17.05,2,0.0,60.11075978790308,0.0,65.93268322072463,0.0,126.04344300862431,17:05:02
386,Self-Order Terminal (SOT),17:03:53,17.06,3,0.0,116.68150677152573,0.0,79.00545487768805,0.0,195.68696164921857,17:07:09
387,Self-Order Terminal (SOT),17:05:32,17.09,2,0.0,58.67670370663723,0.0,71.87273946166478,0.0,130.5494431683037,17:07:42
388,Self-Order Terminal (SOT),17:07:02,17.12,4,0.0,93.33080006688851,0.0,167.69186122629426,0.0,261.0226612931874,17:11:23
389,Self-Order Terminal (SOT),17:07:14,17.12,3,0.0,92.21895417706182,0.0,72.48924917065725,0.0,164.70820334771997,17:09:58
390,Self-Order Terminal (SOT),17:08:49,17.15,5,0.0,99.72231947744304,0.0,134.57701526645565,0.0,234.2993347438969,17:12:44
391,Self-Order Terminal (SOT),17:10:16,17.17,2,0.0,58.152599164286976,0.0,67.12531232379624,0.0,125.27791148808319,17:12:21
392,Self-Order Terminal (SOT),17:11:34,17.19,4,0.0,59.274037218030635,0.0,144.86606967872063,0.0,204.14010689675342,17:14:58
393,Self-Order Terminal (SOT),17:17:56,17.3,2,0.0,55.51009103310763,0.0,151.97047585230408,0.0,207.48056688541692,17:21:24
394,Self-Order Terminal (SOT),17:18:06,17.3,2,0.0,64.36288451643316,0.0,56.7108748618465,0.0,121.07375937828328,17:20:07
395,Self-Order Terminal (SOT),17:21:48,17.36,2,0.0,70.9741192414676,0.0,54.355481415402515,0.0,125.32960065687075,17:23:53
396,Self-Order Terminal (SOT),17:22:49,17.38,3,0.0,143.91457389682495,0.0,155.01886463162012,0.0,298.93343852844555,17:27:48
397,Self-Order Terminal (SOT),17:23:06,17.39,2,0.0,78.68941211073263,0.0,75.32739462373964,0.0,154.01680673447117,17:25:40
398,Self-Order Terminal (SOT),17:26:35,17.44,5,0.0,69.53182880900177,0.0,186.25802307141518,0.0,255.78985188041406,17:30:50
399,Self-Order Terminal (SOT),17:26:36,17.44,4,0.0,83.32727059089457,0.0,101.99762100869222,0.0,185.3248915995864,17:29:41
400,Self-Order Terminal (SOT),17:31:48,17.53,2,0.0,66.9523377594366,0.0,104.50209490560992,0.0,171.45443266505026,17:34:39
401,Self-Order Terminal (SOT),17:31:52,17.53,4,0.0,88.74240475615719,0.0,91.55806673124283,0.0,180.30047148740414,17:34:53
402,Self-Order Terminal (SOT),17:32:10,17.54,3,0.0,72.16668033526742,0.0,59.686168745643215,0.0,131.85284908091126,17:34:22
403,Self-Order Terminal (SOT),17:35:31,17.59,2,0.0,58.645572712523105,0.0,68.6344046559464,0.0,127.27997736846737,17:37:38
404,Self-Order Terminal (SOT),17:35:57,17.6,1,0.0,65.55388214987028,0.0,91.85184113103684,0.0,157.4057232809064,17:38:34
405,Self-Order Terminal (SOT),17:36:22,17.61,1,0.0,36.492799166196725,0.0,63.65501999338248,0.0,100.14781915958156,17:38:02
406,Self-Order Terminal (SOT),17:37:12,17.62,2,0.0,98.67415556939795,0.0,92.04581520685497,0.0,190.71997077624837,17:40:22
407,Self-Order Terminal (SOT),17:40:52,17.68,3,0.0,89.09233947991568,0.0,67.31601835941734,0.0,156.4083578393329,17:43:28
408,Self-Order Terminal (SOT),17:41:02,17.68,2,0.0,55.743187227372324,0.0,85.3787928665524,0.0,141.12198009392887,17:43:23
409,Self-Order Terminal (SOT),17:41:15,17.69,2,0.0,74.49918720707048,0.0,88.51499174883494,0.0,163.01417895590566,17:43:58
410,Self-Order Terminal (SOT),17:41:27,17.69,4,0.0,106.12031928257274,10.089614653450553,134.2427449620891,10.089614653450553,250.4526788981093,17:45:38
411,Self-Order Terminal (SOT),17:42:02,17.7,4,0.0,102.80034221572559,0.0,103.55736495093043,0.0,206.35770716665866,17:45:28
412,Self-Order Terminal (SOT),17:42:56,17.72,2,0.0,85.65179709273978,0.0,93.58351840422247,0.0,179.23531549696054,17:45:55
413,Self-Order Terminal (SOT),17:45:07,17.75,5,0.0,99.32683528451707,0.0,144.72311639508032,0.0,244.04995167959714,17:49:11
414,Self-Order Terminal (SOT),17:45:42,17.76,4,0.0,94.39463363073538,0.0,116.29585457502681,0.0,210.69048820576427,17:49:13
415,Self-Order Terminal (SOT),17:45:57,17.77,4,0.0,135.04223821383087,0.0,142.13532534933313,0.0,277.17756356316386,17:50:35
416,Self-Order Terminal (SOT),17:47:55,17.8,1,0.0,64.86220740083418,11.243902192851237,83.81021145989384,11.243902192851237,159.91632105357712,17:50:35
417,Self-Order Terminal (SOT),17:49:49,17.83,4,0.0,50.742500462242766,0.0,120.98944980762798,0.0,171.7319502698665,17:52:41
418,Self-Order Terminal (SOT),17:50:05,17.83,1,0.0,28.97565568081441,0.0,62.72442438679709,0.0,91.70008006761054,17:51:37
419,Self-Order Terminal (SOT),17:52:25,17.87,3,0.0,92.35603491450878,0.0,106.85580165381064,0.0,199.21183656832,17:55:44
420,Self-Order Terminal (SOT),17:52:45,17.88,5,0.0,102.42176824144777,0.0,131.77330415107494,0.0,234.19507239251834,17:56:40
421,Self-Order Terminal (SOT),17:54:11,17.9,2,0.0,73.30350826202995,0.0,72.31383718584199,0.0,145.6173454478776,17:56:36
422,Self-Order Terminal (SOT),17:55:08,17.92,1,0.0,89.89505748832012,0.0,80.03664839893781,0.0,169.9317058872548,17:57:58
423,Self-Order Terminal (SOT),17:55:37,17.93,5,0.0,101.14220702763255,0.0,115.57004536684288,0.0,216.71225239447085,17:59:13
424,Self-Order Terminal (SOT),17:56:16,17.94,2,0.0,81.76813737851404,0.0,104.45648856471963,0.0,186.22462594323588,17:59:22
425,Self-Order Terminal (SOT),18:00:35,18.01,4,0.0,71.59183288032702,0.0,141.90487922338747,0.0,213.49671210371162,18:04:08
426,Self-Order Terminal (SOT),18:02:24,18.04,2,0.0,68.70045882319481,0.0,70.73821074665187,0.0,139.43866956984857,18:04:43
427,Self-Order Terminal (SOT),18:03:02,18.05,4,0.0,126.25227779494617,0.0,129.80497218239188,0.0,256.0572499773407,18:07:18
428,Self-Order Terminal (SOT),18:04:40,18.08,1,0.0,64.93834284974508,0.0,46.7711907192596,0.0,111.70953356900282,18:06:32
429,Self-Order Terminal (SOT),18:04:52,18.08,3,0.0,78.33234331485184,0.0,63.2996673366694,0.0,141.6320106515268,18:07:14
430,Self-Order Terminal (SOT),18:05:21,18.09,3,0.0,91.18874272334116,0.0,92.46722096301617,0.0,183.65596368635306,18:08:25
431,Self-Order Terminal (SOT),18:07:50,18.13,4,0.0,59.85957829874463,0.0,77.98611633256746,0.0,137.8456946313163,18:10:08
432,Self-Order Terminal (SOT),18:08:12,18.14,3,0.0,108.63405387433687,0.0,52.190552772279936,0.0,160.8246066466163,18:10:53
433,Self-Order Terminal (SOT),18:09:27,18.16,3,0.0,121.83553833204355,0.0,106.83465096123726,0.0,228.67018929328333,18:13:16
434,Self-Order Terminal (SOT),18:09:38,18.16,5,0.0,115.62557990924634,0.0,54.88811599554063,0.0,170.51369590478862,18:12:29
435,Self-Order Terminal (SOT),18:10:56,18.18,3,0.0,59.82596529765771,0.0,130.31301165829038,0.0,190.13897695594642,18:14:06
436,Self-Order Terminal (SOT),18:13:39,18.23,1,0.0,66.43736675340057,0.0,50.18787332422684,0.0,116.6252400776284,18:15:36
437,Self-Order Terminal (SOT),18:14:56,18.25,2,0.0,62.89640757112053,0.0,57.375608789244886,0.0,120.27201636036625,18:16:56
438,Self-Order Terminal (SOT),18:15:17,18.25,1,0.0,42.29580085017232,0.0,52.54747670625629,0.0,94.8432775564288,18:16:52
439,Self-Order Terminal (SOT),18:15:47,18.26,2,0.0,60.78416869685853,4.0464035137338215,82.41969471151222,4.0464035137338215,147.25026692210668,18:18:14
440,Self-Order Terminal (SOT),18:15:55,18.27,1,0.0,30.51388013212944,0.0,56.17190809353133,0.0,86.68578822565905,18:17:22
441,Self-Order Terminal (SOT),18:16:20,18.27,5,0.0,168.17226857274696,0.0,156.1219920031141,0.0,324.29426057585806,18:21:45
442,Self-Order Terminal (SOT),18:17:32,18.29,4,0.0,98.5255192565555,0.0,102.90073417338624,0.0,201.42625342994143,18:20:53
443,Self-Order Terminal (SOT),18:21:04,18.35,1,0.0,94.91087313150526,0.0,50.19727877441457,0.0,145.10815190592257,18:23:29
444,Self-Order Terminal (SOT),18:22:36,18.38,2,0.0,68.74213444048893,0.0,55.00703391485743,0.0,123.74916835534532,18:24:40
445,Self-Order Terminal (SOT),18:23:44,18.4,2,0.0,52.50138722926598,0.0,88.43072039627508,0.0,140.93210762554372,18:26:05
446,Self-Order Terminal (SOT),18:24:01,18.4,5,0.0,91.70155520528787,0.0,203.89128849769546,0.0,295.592843702987,18:28:57
447,Self-Order Terminal (SOT),18:25:03,18.42,4,0.0,124.30249831324645,0.0,146.3326998759313,0.0,270.6351981891785,18:29:33
448,Self-Order Terminal (SOT),18:25:26,18.42,2,0.0,62.203479222284706,0.0,113.91542159712876,0.0,176.11890081941237,18:28:22
449,Self-Order Terminal (SOT),18:25:43,18.43,2,0.0,89.22179854695376,70.28506664021552,113.59138545525094,70.28506664021552,273.09825064241886,18:30:16
450,Self-Order Terminal (SOT),18:27:28,18.46,4,0.0,74.27629372414182,14.92323151218443,153.84942793753055,14.92323151218443,243.04895317385672,18:31:31
451,Self-Order Terminal (SOT),18:27:52,18.46,3,0.0,121.22848027310167,22.633344985108124,96.76272073904184,22.633344985108124,240.6245459972488,18:31:53
452,Self-Order Terminal (SOT),18:28:18,18.47,4,0.0,101.14749405781104,26.655112011925667,115.38405422968161,26.655112011925667,243.1866602994196,18:32:21
453,Self-Order Terminal (SOT),18:28:26,18.47,2,0.0,76.11875633152283,0.0,43.44373481095864,0.0,119.56249114248203,18:30:26
454,Self-Order Terminal (SOT),18:29:21,18.49,4,0.0,82.543132727745,47.370143556974654,80.10232013538555,47.370143556974654,210.01559642011125,18:32:51
455,Self-Order Terminal (SOT),18:31:09,18.52,2,0.0,57.29076457505338,0.0,54.85026305058828,0.0,112.14102762564289,18:33:02
456,Self-Order Terminal (SOT),18:32:55,18.55,4,0.0,107.874733124751,0.0,83.45555406328833,0.0,191.3302871880369,18:36:06
457,Self-Order Terminal (SOT),18:33:18,18.55,3,0.0,100.09576187825792,0.0,115.66903975422133,0.0,215.7648016324747,18:36:54
458,Self-Order Terminal (SOT),18:33:44,18.56,2,0.0,78.2690593126813,0.0,78.00583490398898,0.0,156.2748942166727,18:36:20
459,Self-Order Terminal (SOT),18:34:52,18.58,3,0.0,90.2492807838585,0.0,63.31944592440144,0.0,153.56872670826124,18:37:26
460,Self-Order Terminal (SOT),18:35:23,18.59,4,0.0,78.69633186930288,0.0,75.77535663576727,0.0,154.47168850506569,18:37:58
461,Self-Order Terminal (SOT),18:36:03,18.6,3,0.0,40.535149577602205,10.65791362166783,83.02719324342962,10.65791362166783,134.22025644269888,18:38:17
462,Self-Order Terminal (SOT),18:36:26,18.61,5,0.0,131.56555440591788,0.0,124.98078352075756,0.0,256.5463379266803,18:40:43
463,Self-Order Terminal (SOT),18:36:50,18.61,4,0.0,108.87350995576043,0.0,95.38760769043056,0.0,204.2611176461869,18:40:15
464,Self-Order Terminal (SOT),18:39:33,18.66,4,0.0,130.30714381682446,0.0,128.54145814664003,0.0,258.8486019634656,18:43:52
465,Self-Order Terminal (SOT),18:40:30,18.68,2,0.0,109.8405108095166,0.0,66.91562375030682,0.0,176.75613455982239,18:43:27
466,Self-Order Terminal (SOT),18:41:07,18.69,2,0.0,48.78903379661984,0.0,132.69340185216174,0.0,181.48243564878067,18:44:08
467,Self-Order Terminal (SOT),18:42:08,18.7,3,0.0,52.0029316298549,26.945658359843947,112.11615850569169,26.945658359843947,191.0647484953879,18:45:19
468,Self-Order Terminal (SOT),18:42:57,18.72,4,0.0,115.14402321865354,0.0,147.57323537582997,0.0,262.71725859447906,18:47:20
469,Self-Order Terminal (SOT),18:44:05,18.73,5,0.0,80.09198005006417,0.0,131.3775357537742,0.0,211.46951580383757,18:47:36
470,Self-Order Terminal (SOT),18:44:30,18.74,2,0.0,43.34104314236543,0.0,121.93632394320888,0.0,165.27736708557495,18:47:15
471,Self-Order Terminal (SOT),18:44:40,18.74,4,0.0,145.24199627451168,31.724468179847463,107.8176313560409,31.724468179847463,284.78409581039887,18:49:24
472,Self-Order Terminal (SOT),18:44:51,18.75,3,0.8203924951521913,98.31696684584317,44.722864035698876,82.42813298946103,45.54325653085107,226.28835636615258,18:48:38
473,Self-Order Terminal (SOT),18:45:31,18.76,4,0.0,89.31633283626776,19.631274194689468,104.92944921185006,19.631274194689468,213.87705624280352,18:49:05
474,Self-Order Terminal (SOT),18:46:26,18.77,2,0.0,68.65464565148002,62.84504727211606,62.24559789394935,62.84504727211606,193.74529081754008,18:49:40
475,Self-Order Terminal (SOT),18:46:34,18.78,4,0.0,76.24918775175155,74.28079460250592,107.00732885917573,74.28079460250592,257.537311213433,18:50:52
476,Self-Order Terminal (SOT),18:47:00,18.78,3,0.32405792533245403,82.39084796858627,77.38075261522317,49.35721148311611,77.70481054055563,209.45286999225937,18:50:29
477,Self-Order Terminal (SOT),18:47:19,18.79,1,0.0,61.68738184624911,63.6823639784925,59.57321149962421,63.6823639784925,184.9429573243615,18:50:24
478,Self-Order Terminal (SOT),18:47:57,18.8,3,0.0,54.251526086741514,93.04159477329085,85.36989234194607,93.04159477329085,232.66301320197817,18:51:49
479,Self-Order Terminal (SOT),18:49:46,18.83,4,0.0,79.33550797516156,0.0,123.83825667555733,0.0,203.17376465072448,18:53:09
480,Self-Order Terminal (SOT),18:51:42,18.86,2,0.0,70.67643678506028,0.0,127.68425323959204,0.0,198.36069002465229,18:55:00
481,Self-Order Terminal (SOT),18:53:47,18.9,1,0.0,67.1933681938397,0.0,42.56875928625371,0.0,109.7621274800913,18:55:37
482,Self-Order Terminal (SOT),18:54:18,18.91,4,0.0,69.16285205264342,0.0,129.75378176640504,0.0,198.916633819048,18:57:37
483,Self-Order Terminal (SOT),18:55:20,18.92,4,0.0,74.45859995987085,0.0,60.736748718321344,0.0,135.1953486781931,18:57:35
484,Self-Order Terminal (SOT),18:55:46,18.93,2,0.0,58.875052749535435,0.0,123.56604478029267,0.0,182.44109752983059,18:58:48
485,Self-Order Terminal (SOT),18:56:52,18.95,5,0.0,82.22680723727176,0.0,133.23265396927664,0.0,215.45946120654844,19:00:28
486,Self-Order Terminal (SOT),18:57:01,18.95,3,0.0,37.63245164596515,0.0,136.59845001672196,0.0,174.23090166268958,18:59:55
487,Self-Order Terminal (SOT),18:57:13,18.95,3,0.0,67.84062395234875,27.57292637820501,148.7721269232345,27.57292637820501,244.1856772537867,19:01:17
488,Self-Order Terminal (SOT),18:58:04,18.97,4,0.0,95.66215330407788,15.46591726828774,93.27769122884094,15.46591726828774,204.40576180120115,19:01:29
489,Self-Order Terminal (SOT),18:58:49,18.98,2,0.0,78.66756599007411,20.274978752851894,76.00459784929573,20.274978752851894,174.94714259221655,19:01:44
490,Self-Order Terminal (SOT),18:59:00,18.98,1,0.0,85.25098861099312,63.46673996339814,62.40107910586939,63.46673996339814,211.1188076802573,19:02:31
491,Self-Order Terminal (SOT),18:59:13,18.99,2,0.0,67.23441707769555,57.191214598213264,92.47063523878725,57.191214598213264,216.89626691469311,19:02:50
492,Self-Order Terminal (SOT),19:02:17,19.04,2,0.0,96.22432249504479,0.0,77.39784632958168,0.0,173.62216882462235,19:05:11
493,Self-Order Terminal (SOT),19:02:44,19.05,3,0.0,75.49262145993832,0.0,116.30392498791467,0.0,191.79654644785478,19:05:55
494,Self-Order Terminal (SOT),19:02:56,19.05,3,0.0,52.5841891621001,0.0,62.660031539174675,0.0,115.24422070127912,19:04:51
495,Self-Order Terminal (SOT),19:03:04,19.05,1,0.0,62.20865049829258,45.02145812200615,58.51755480274249,45.02145812200615,165.74766342304065,19:05:50
496,Self-Order Terminal (SOT),19:03:58,19.07,4,0.0,97.90284478516516,13.751382354566886,151.72413908193866,13.751382354566886,263.3783662216738,19:08:21
497,Self-Order Terminal (SOT),19:04:05,19.07,5,0.0,126.72244902535736,0.0,110.83213729778134,0.0,237.5545863231382,19:08:02
498,Self-Order Terminal (SOT),19:04:23,19.07,1,0.0,56.861116253849374,0.0,49.47767197043899,0.0,106.3387882242896,19:06:09
499,Self-Order Terminal (SOT),19:04:44,19.08,1,0.0,60.84933357676245,10.783261063981627,59.15731950844458,10.783261063981627,130.7899141491871,19:06:55
500,Self-Order Terminal (SOT),19:05:03,19.08,1,17.029182510450482,68.34601878989612,26.575699351807998,64.02747077524246,43.60488186225848,175.97837142739445,19:07:59
501,Self-Order Terminal (SOT),19:07:34,19.13,4,0.0,49.01245354162711,0.0,108.61829414068464,0.0,157.63074768231309,19:10:12
502,Self-Order Terminal (SOT),19:09:54,19.17,2,0.0,106.19786123645962,0.0,69.34797709381601,0.0,175.54583833027573,19:12:50
503,Self-Order Terminal (SOT),19:10:27,19.17,2,0.0,79.60967787629191,0.0,128.61289448796649,0.0,208.2225723642623,19:13:55
504,Self-Order Terminal (SOT),19:11:11,19.19,3,0.0,73.67309023082997,0.0,85.98775858496832,0.0,159.66084881579445,19:13:50
505,Self-Order Terminal (SOT),19:11:40,19.19,2,0.0,67.51173787263069,2.5279901842368417,62.26997779959035,2.5279901842368417,132.30970585645264,19:13:52
506,Self-Order Terminal (SOT),19:12:11,19.2,4,0.0,97.54733921361036,3.992688785059727,128.5181842324038,3.992688785059727,230.0582122310734,19:16:01
507,Self-Order Terminal (SOT),19:12:25,19.21,5,0.0,96.94043499379875,0.0,146.7702604261448,0.0,243.71069541994075,19:16:29
508,Self-Order Terminal (SOT),19:12:54,19.22,4,0.0,105.02122795425635,11.703003816786804,90.55914195863784,11.703003816786804,207.28337372967508,19:16:21
509,Self-Order Terminal (SOT),19:12:55,19.22,1,0.0,43.739289194260614,11.821628486053669,60.69102860989629,11.821628486053669,116.25194629020552,19:14:51
510,Self-Order Terminal (SOT),19:14:10,19.24,2,0.0,77.05536872513375,33.311537527311884,115.40557184808308,33.311537527311884,225.77247810052359,19:17:56
511,Self-Order Terminal (SOT),19:14:28,19.24,4,0.0,92.58038390797452,20.419055931721232,135.68196361485778,20.419055931721232,248.68140345455322,19:18:37
512,Self-Order Terminal (SOT),19:15:17,19.25,2,0.0,54.334822980797405,17.714238353888504,90.11398471299283,17.714238353888504,162.16304604768084,19:17:59
513,Self-Order Terminal (SOT),19:16:15,19.27,4,0.0,74.04017626662386,26.88171132037678,106.98771678438798,26.88171132037678,207.9096043713871,19:19:43
514,Self-Order Terminal (SOT),19:16:47,19.28,1,0.0,48.603487019103255,23.1712921140861,39.835863308483276,23.1712921140861,111.6106424416721,19:18:39
515,Self-Order Terminal (SOT),19:17:27,19.29,3,0.0,76.54660759069426,0.0,65.13081709430585,0.0,141.67742468500364,19:19:49
516,Self-Order Terminal (SOT),19:17:32,19.29,2,0.0,59.34326484485806,6.306128914351575,72.07051908830427,6.306128914351575,137.7199128475113,19:19:49
517,Self-Order Terminal (SOT),19:18:09,19.3,3,0.0,70.38514541610931,23.784277940008906,72.92362091077055,23.784277940008906,167.0930442668905,19:20:56
518,Self-Order Terminal (SOT),19:19:23,19.32,4,0.0,75.23510797692052,0.0,136.78973043302642,0.0,212.02483840994682,19:22:55
519,Self-Order Terminal (SOT),19:20:56,19.35,1,0.0,52.4293252215014,0.0,74.72678150751841,0.0,127.15610672901676,19:23:04
520,Self-Order Terminal (SOT),19:23:40,19.39,2,0.0,67.27723002320917,0.0,50.092189376949435,0.0,117.36941940015822,19:25:38
521,Self-Order Terminal (SOT),19:24:46,19.41,4,0.0,85.88257370149981,0.0,135.04458713263173,0.0,220.9271608341296,19:28:27
522,Self-Order Terminal (SOT),19:25:12,19.42,2,0.0,37.362047614994914,0.0,72.67905554238655,0.0,110.04110315738217,19:27:02
523,Self-Order Terminal (SOT),19:26:22,19.44,3,0.0,119.21923286527259,0.0,117.09982082865099,0.0,236.31905369392916,19:30:18
524,Self-Order Terminal (SOT),19:27:54,19.47,4,0.0,85.62756621663706,0.0,106.32770821907232,0.0,191.9552744357061,19:31:06
525,Self-Order Terminal (SOT),19:28:51,19.48,2,0.0,71.59821141038984,0.0,90.04017143960131,0.0,161.63838284998928,19:31:32
526,Self-Order Terminal (SOT),19:29:07,19.49,2,0.0,61.31058379099324,58.18271552080114,47.556890435024016,58.18271552080114,167.05018974681298,19:31:54
527,Self-Order Terminal (SOT),19:29:16,19.49,2,0.0,50.31067228789,11.644919966449379,77.47823875882682,11.644919966449379,139.4338310131643,19:31:36
528,Self-Order Terminal (SOT),19:33:58,19.57,3,0.0,85.29264419908682,0.0,98.32942559741133,0.0,183.62206979649636,19:37:02
529,Self-Order Terminal (SOT),19:34:55,19.58,3,0.0,127.92322685062908,0.0,58.64294681774454,0.0,186.566173668376,19:38:01
530,Self-Order Terminal (SOT),19:35:08,19.59,3,0.0,91.09797938072433,0.0,124.44677774574248,0.0,215.54475712646672,19:38:43
531,Self-Order Terminal (SOT),19:35:17,19.59,2,0.0,47.929976717426186,0.0,82.48462769314969,0.0,130.4146044105728,19:37:27
532,Self-Order Terminal (SOT),19:36:34,19.61,4,0.0,56.7707577832566,0.0,196.63610261658096,0.0,253.40686039983848,19:40:47
533,Self-Order Terminal (SOT),19:36:53,19.61,3,0.0,110.46890010919375,0.0,84.78502943889963,0.0,195.25392954808922,19:40:09
534,Self-Order Terminal (SOT),19:38:56,19.65,3,0.0,45.97115591775606,0.0,69.4560975475927,0.0,115.42725346535008,19:40:52
535,Self-Order Terminal (SOT),19:39:21,19.66,2,0.0,65.57793064347567,0.0,129.83494846961105,0.0,195.4128791130861,19:42:36
536,Self-Order Terminal (SOT),19:40:25,19.67,3,0.0,69.95662186300592,0.0,92.54034165193417,0.0,162.49696351493913,19:43:08
537,Self-Order Terminal (SOT),19:40:35,19.68,1,0.0,71.33187445037605,0.0,100.16097207878471,0.0,171.49284652915958,19:43:27
538,Self-Order Terminal (SOT),19:43:06,19.72,1,0.0,74.19687633416329,0.0,62.41827762964884,0.0,136.61515396381583,19:45:23
539,Self-Order Terminal (SOT),19:45:30,19.76,1,0.0,77.25589172842369,0.0,61.26859588307474,0.0,138.524487611503,19:47:49
540,Self-Order Terminal (SOT),19:48:26,19.81,2,0.0,75.0356073083541,0.0,88.76032849713839,0.0,163.79593580549408,19:51:10
541,Self-Order Terminal (SOT),19:48:53,19.81,5,0.0,89.61693699729726,0.0,89.71149381954629,0.0,179.32843081684405,19:51:53
542,Self-Order Terminal (SOT),19:49:04,19.82,2,0.0,74.03916940875229,0.0,67.51955447743799,0.0,141.55872388619173,19:51:26
543,Self-Order Terminal (SOT),19:50:16,19.84,1,0.0,87.55765116169361,0.0,84.11849914580357,0.0,171.67615030750312,19:53:08
544,Self-Order Terminal (SOT),19:52:10,19.87,1,0.0,50.90913047686742,0.0,114.27415152217105,0.0,165.18328199903772,19:54:55
545,Self-Order Terminal (SOT),19:57:56,19.97,4,0.0,59.38515148685944,0.0,123.67194399739249,0.0,183.05709548424784,20:00:59
546,Self-Order Terminal (SOT),19:59:08,19.99,2,0.0,63.47849037281363,0.0,66.06324173126575,0.0,129.54173210408044,20:01:17
547,Self-Order Terminal (SOT),20:00:15,20.0,2,0.0,73.13551230743687,0.0,60.357093492451156,0.0,133.49260579988913,20:02:29
548,Self-Order Terminal (SOT),20:00:35,20.01,1,0.0,51.02907257308537,0.0,60.6380481306359,0.0,111.6671207037216,20:02:26
549,Self-Order Terminal (SOT),20:01:18,20.02,4,0.0,88.33128439785511,0.0,42.41244283585033,0.0,130.7437272337047,20:03:28
550,Self-Order Terminal (SOT),20:02:26,20.04,2,0.0,62.161622820857964,0.0,67.53320726708358,0.0,129.69483008794487,20:04:35
551,Self-Order Terminal (SOT),20:02:52,20.05,4,0.0,68.11461659306237,0.0,63.46232768232501,0.0,131.5769442753881,20:05:04
552,Self-Order Terminal (SOT),20:05:02,20.08,4,0.0,118.8673661401768,0.0,88.27737609568264,0.0,207.1447422358615,20:08:29
553,Self-Order Terminal (SOT),20:09:06,20.15,1,0.0,75.04487926951325,0.0,72.43438153592992,0.0,147.4792608054413,20:11:34
554,Self-Order Terminal (SOT),20:12:19,20.21,3,0.0,70.83333368980816,0.0,91.43827195103022,0.0,162.27160564083897,20:15:01
555,Self-Order Terminal (SOT),20:14:46,20.25,4,0.0,118.33681189163102,0.0,132.2405479547922,0.0,250.57735984642204,20:18:57
556,Self-Order Terminal (SOT),20:15:44,20.26,1,0.0,51.77359699194061,0.0,48.06015291237437,0.0,99.83374990431184,20:17:24
557,Self-Order Terminal (SOT),20:18:01,20.3,3,0.0,53.41119377332063,0.0,123.42733956369827,0.0,176.838533337017,20:20:58
558,Self-Order Terminal (SOT),20:20:56,20.35,4,0.0,117.05009025046132,0.0,189.4892879531355,0.0,306.53937820359715,20:26:02
559,Self-Order Terminal (SOT),20:24:11,20.4,3,0.0,101.648985279806,0.0,114.71126919417306,0.0,216.36025447397697,20:27:47
560,Self-Order Terminal (SOT),20:27:08,20.45,3,0.0,72.74617800036131,0.0,74.0931217561629,0.0,146.83929975652427,20:29:35
561,Self-Order Terminal (SOT),20:28:30,20.47,3,0.0,73.53822301084799,0.0,83.445813598599,0.0,156.98403660944314,20:31:07
562,Self-Order Terminal (SOT),20:30:11,20.5,2,0.0,106.35213008335583,0.0,74.28091657102838,0.0,180.63304665438045,20:33:11
563,Self-Order Terminal (SOT),20:32:05,20.53,3,0.0,77.65927170372495,0.0,61.78909353597432,0.0,139.44836523970298,20:34:25
564,Self-Order Terminal (SOT),20:36:02,20.6,5,0.0,109.81300331413382,0.0,124.04003574051055,0.0,233.8530390546439,20:39:56
565,Self-Order Terminal (SOT),20:36:46,20.61,3,0.0,83.553500269629,0.0,101.50679052672179,0.0,185.06029079634754,20:39:52
566,Self-Order Terminal (SOT),20:37:09,20.62,4,0.0,112.59802648079211,0.0,101.59646188426593,0.0,214.19448836505762,20:40:43
567,Self-Order Terminal (SOT),20:38:54,20.65,3,0.0,122.92805746465132,0.0,73.29381490739715,0.0,196.2218723720507,20:42:10
568,Self-Order Terminal (SOT),20:39:07,20.65,2,0.0,65.91115034834752,0.0,95.82891330503797,0.0,161.74006365338573,20:41:49
569,Self-Order Terminal (SOT),20:39:40,20.66,2,0.0,75.20799470086472,0.0,107.23817341211137,0.0,182.446168112976,20:42:43
570,Self-Order Terminal (SOT),20:40:24,20.67,2,0.0,50.81356265158345,33.45849708006426,45.11926077431707,33.45849708006426,129.39132050596527,20:42:34
571,Self-Order Terminal (SOT),20:40:31,20.68,3,0.0,83.44411495679422,15.287217857599899,95.19450386549536,15.287217857599899,193.92583667988947,20:43:45
572,Self-Order Terminal (SOT),20:40:37,20.68,5,18.447465270241082,102.18077035310169,5.0574030590069015,107.16065314508485,23.504868329247984,232.84629182743083,20:44:30
573,Self-Order Terminal (SOT),20:41:39,20.69,1,0.0,52.53302638940827,2.1766602345960564,81.92811022156536,2.1766602345960564,136.63779684557085,20:43:56
574,Self-Order Terminal (SOT),20:43:42,20.73,2,0.0,53.484740514034755,0.0,57.71611462564128,0.0,111.20085513967206,20:45:33
575,Self-Order Terminal (SOT),20:44:18,20.74,2,0.0,73.20110291108935,0.0,85.6237121671724,0.0,158.82481507826014,20:46:57
576,Self-Order Terminal (SOT),20:44:42,20.75,1,0.0,66.93969290945569,0.0,100.89441131272343,0.0,167.83410422218003,20:47:30
577,Self-Order Terminal (SOT),20:46:26,20.77,3,0.0,82.31083299466533,0.0,49.88206617845078,0.0,132.19289917311107,20:48:38
578,Self-Order Terminal (SOT),20:48:12,20.8,3,0.0,92.01365267732704,0.0,85.36022772931497,0.0,177.37388040664518,20:51:10
579,Self-Order Terminal (SOT),20:50:55,20.85,4,0.0,90.77042549751076,0.0,182.46702803382652,0.0,273.23745353133563,20:55:28
580,Self-Order Terminal (SOT),20:55:26,20.92,1,0.0,90.7039586644982,0.0,65.2112266799576,0.0,155.9151853444564,20:58:01
581,Self-Order Terminal (SOT),21:01:37,21.03,2,0.0,75.40239002150705,0.0,93.82699748903875,0.0,169.22938751054608,21:04:26
582,Self-Order Terminal (SOT),21:02:40,21.04,4,0.0,83.84675423414905,0.0,77.61400218871468,0.0,161.46075642285723,21:05:22
583,Self-Order Terminal (SOT),21:03:40,21.06,4,0.0,101.18735922974268,0.0,84.5341351768322,0.0,185.72149440657086,21:06:46
584,Self-Order Terminal (SOT),21:04:03,21.07,2,0.0,115.31627297116587,0.0,75.96302441183008,0.0,191.27929738300008,21:07:14
585,Self-Order Terminal (SOT),21:15:22,21.26,1,0.0,69.1784897181283,0.0,77.68935705933353,0.0,146.8678467774589,21:17:48
586,Self-Order Terminal (SOT),21:15:31,21.26,3,0.0,125.01868588595764,0.0,66.49544395320841,0.0,191.51412983916816,21:18:43
587,Self-Order Terminal (SOT),21:22:24,21.37,1,0.0,57.396795546414424,0.0,23.282229897613213,0.0,80.6790254440275,21:23:45
588,Self-Order Terminal (SOT),21:25:36,21.43,4,0.0,85.93317560454933,0.0,88.40896066798362,0.0,174.34213627253484,21:28:30
589,Self-Order Terminal (SOT),21:26:14,21.44,2,0.0,91.06122649725262,0.0,130.85736053952775,0.0,221.91858703678008,21:29:56
590,Self-Order Terminal (SOT),21:31:35,21.53,1,0.0,55.35941627698743,0.0,64.62660777102583,0.0,119.98602404801204,21:33:35
591,Self-Order Terminal (SOT),21:37:47,21.63,2,0.0,59.227276733787434,0.0,95.03597747964044,0.0,154.26325421342335,21:40:21
592,Self-Order Terminal (SOT),21:38:00,21.63,3,0.0,99.5230892316609,0.0,134.52909924564383,0.0,234.0521884773043,21:41:54
593,Self-Order Terminal (SOT),21:38:03,21.63,2,0.0,90.31257656524234,0.0,75.22340357890062,0.0,165.53598014414456,21:40:49
594,Self-Order Terminal (SOT),21:42:34,21.71,4,0.0,67.07420757232117,0.0,134.83991532833238,0.0,201.91412290065637,21:45:56
595,Self-Order Terminal (SOT),21:44:24,21.74,5,0.0,114.9606637390709,0.0,120.30274776915763,0.0,235.26341150822554,21:48:19
596,Self-Order Terminal (SOT),21:45:05,21.75,4,0.0,58.183601893073295,0.0,115.24896110066122,0.0,173.43256299373024,21:47:59
597,Self-Order Terminal (SOT),21:47:32,21.79,2,0.0,106.82846434950773,0.0,103.7589833573001,0.0,210.58744770680642,21:51:02
598,Self-Order Terminal (SOT),21:47:50,21.8,2,0.0,42.733108020443915,0.0,89.30318594031745,0.0,132.03629396076576,21:50:02
599,Self-Order Terminal (SOT),21:52:18,21.87,3,0.0,33.55290040208499,0.0,97.79582701450856,0.0,131.34872741659638,21:54:29
600,Self-Order Terminal (SOT),21:53:04,21.88,3,0.0,80.21771605206874,0.0,114.50218051094602,0.0,194.71989656300866,21:56:18
601,Self-Order Terminal (SOT),21:58:13,21.97,1,0.0,60.03979852707904,0.0,89.03329350415811,0.0,149.0730920312344,22:00:42
602,Self-Order Terminal (SOT),22:00:39,22.01,3,0.0,68.1899138872424,0.0,54.758883359772625,0.0,122.94879724700877,22:02:42
603,Self-Order Terminal (SOT),22:03:27,22.06,3,0.0,125.00872748878342,0.0,97.60784466616269,0.0,222.6165721549478,22:07:10
604,Self-Order Terminal (SOT),22:03:53,22.06,4,0.0,58.54030709984175,0.0,82.40088878290823,0.0,140.94119588275498,22:06:14
605,Self-Order Terminal (SOT),22:04:27,22.07,1,0.0,92.23871456366591,0.0,94.70253562980756,0.0,186.94125019347848,22:07:34
606,Self-Order Terminal (SOT),22:05:08,22.09,4,0.0,81.61756583132168,0.0,114.68888480330945,0.0,196.30645063463453,22:08:24
607,Self-Order Terminal (SOT),22:07:17,22.12,5,0.0,121.82003244970096,0.0,122.14661528891195,0.0,243.96664773861266,22:11:21
608,Self-Order Terminal (SOT),22:11:08,22.19,3,0.0,103.13327791485197,0.0,92.4616465053362,0.0,195.59492442018382,22:14:24
609,Self-Order Terminal (SOT),22:13:31,22.23,2,0.0,80.21682129522152,0.0,66.17958108202794,0.0,146.39640237724961,22:15:58
610,Self-Order Terminal (SOT),22:15:16,22.25,3,0.0,53.072138804341165,0.0,88.61220194838798,0.0,141.6843407527267,22:17:38
611,Self-Order Terminal (SOT),22:16:14,22.27,2,0.0,109.30219751153193,0.0,88.86123131191617,0.0,198.16342882344907,22:19:33
612,Self-Order Terminal (SOT),22:18:15,22.3,2,0.0,50.00620659904737,0.0,87.88163946806253,0.0,137.88784606711124,22:20:32
613,Self-Order Terminal (SOT),22:18:57,22.32,2,0.0,88.37679933011408,0.0,70.01726655069828,0.0,158.3940658808133,22:21:35
614,Self-Order Terminal (SOT),22:27:43,22.46,2,0.0,85.12237408270292,0.0,97.1109367587488,0.0,182.2333108414532,22:30:46
615,Self-Order Terminal (SOT),22:28:02,22.47,4,0.0,121.48438527037011,0.0,115.34692974670301,0.0,236.83131501707248,22:31:58
616,Self-Order Terminal (SOT),22:34:03,22.57,1,0.0,73.31667086060588,0.0,54.351150153075444,0.0,127.66782101368153,22:36:11
617,Self-Order Terminal (SOT),22:43:57,22.73,2,0.0,70.16074157118571,0.0,50.28280369206369,0.0,120.44354526324605,22:45:57
618,Self-Order Terminal (SOT),22:45:43,22.76,4,0.0,53.383405633151035,0.0,130.15465857235753,0.0,183.53806420550973,22:48:46
619,Self-Order Terminal (SOT),22:48:08,22.8,2,0.0,55.00076276731572,0.0,130.63818871694136,0.0,185.63895148425945,22:51:14
620,Self-Order Terminal (SOT),22:50:44,22.85,2,0.0,105.471258371303,0.0,76.82546267905055,0.0,182.2967210503557,22:53:46
621,Self-Order Terminal (SOT),22:51:48,22.86,5,0.0,88.24455849087035,0.0,239.1196128447602,0.0,327.3641713356337,22:57:15
622,Self-Order Terminal (SOT),22:54:07,22.9,2,0.0,44.280713416962044,0.0,86.10932312816446,0.0,130.39003654512635,22:56:18
