timestamp,actual,predicted_actual,recorded_actual,residual
2025-12-31 01:00:00,24.2,24.21564665500739,24.2,-0.01564665500739082
2025-12-31 02:00:00,24.2,24.208556051871962,24.2,-0.008556051871963177
2025-12-31 03:00:00,24.3,24.30630416011634,24.3,-0.00630416011633983
2025-12-31 04:00:00,24.4,24.397000716777566,24.4,0.0029992832224330357
2025-12-31 05:00:00,24.5,24.509612044300436,24.5,-0.00961204430043594
2025-12-31 06:00:00,24.1,24.083798727927007,24.1,0.016201272072994044
2025-12-31 07:00:00,24.9,24.847969114389194,24.9,0.05203088561080449
2025-12-31 08:00:00,24.2,24.23333229565708,24.2,-0.03333229565707896
2025-12-31 09:00:00,25.3,25.249890932338392,25.3,0.05010906766160872
2025-12-31 10:00:00,27.1,27.072404751670202,27.1,0.027595248329799205
2025-12-31 11:00:00,27.5,27.547953711385247,27.5,-0.04795371138524729
2025-12-31 12:00:00,27.3,27.31011891004649,27.3,-0.010118910046490015
2025-12-31 13:00:00,28.4,28.372800560886585,28.4,0.027199439113413604
2025-12-31 14:00:00,26.5,26.498545653505065,26.5,0.0014543464949348106
2025-12-31 15:00:00,26.5,26.532189176111753,26.5,-0.032189176111753426
2025-12-31 16:00:00,26.3,26.296048098957886,26.3,0.003951901042114514
2025-12-31 17:00:00,26.0,25.995020856313783,26.0,0.004979143686217213
2025-12-31 18:00:00,26.0,26.011701423581364,26.0,-0.011701423581364168
2025-12-31 19:00:00,24.5,24.45967882557646,24.5,0.04032117442353922
2025-12-31 20:00:00,24.8,24.808062348589765,24.8,-0.008062348589763957
2025-12-31 21:00:00,23.8,23.765483200607544,23.8,0.03451679939245622
2025-12-31 22:00:00,23.7,23.712092368507246,23.7,-0.012092368507246931
2025-12-31 23:00:00,23.8,23.793073358464458,23.8,0.006926641535542899
2026-01-01 00:00:00,23.8,23.794026766723228,23.8,0.005973233276773016
2026-01-01 01:00:00,24.2,24.16868304750515,24.2,0.03131695249484778
2026-01-01 02:00:00,24.2,24.1806783935265,24.2,0.019321606473500452
2026-01-01 03:00:00,24.0,24.029160687769537,24.0,-0.02916068776953651
2026-01-01 04:00:00,24.0,23.99677416728683,24.0,0.003225832713170007
2026-01-01 05:00:00,23.9,23.890515986869445,23.9,0.009484013130553137
2026-01-01 06:00:00,24.2,24.20629865019319,24.2,-0.00629865019319098
2026-01-01 07:00:00,25.4,25.43091547216082,25.4,-0.03091547216082091
2026-01-01 08:00:00,26.3,26.31363340330073,26.3,-0.013633403300730151
2026-01-01 09:00:00,27.4,27.375315466261203,27.4,0.024684533738795977
2026-01-01 10:00:00,29.0,29.00902070280652,29.0,-0.00902070280652012
2026-01-01 11:00:00,29.1,29.1705890622882,29.1,-0.0705890622881995
2026-01-01 12:00:00,30.1,30.161289529669343,30.1,-0.06128952966934165
2026-01-01 13:00:00,29.9,29.90492758655939,29.9,-0.004927586559389852
2026-01-01 14:00:00,29.5,29.538522519079965,29.5,-0.03852251907996518
2026-01-01 15:00:00,29.1,29.15197313380096,29.1,-0.051973133800959914
2026-01-01 16:00:00,27.2,27.166260955600535,27.2,0.03373904439946429
2026-01-01 17:00:00,27.2,27.129649055534685,27.2,0.07035094446531431
2026-01-01 18:00:00,27.0,27.006474909541343,27.0,-0.006474909541342555
2026-01-01 19:00:00,26.6,26.564251720037607,26.6,0.03574827996239449
2026-01-01 20:00:00,26.5,26.526287202626502,26.5,-0.026287202626502193
2026-01-01 21:00:00,26.4,26.452421319309455,26.4,-0.05242131930945604
2026-01-01 22:00:00,25.9,25.91848571219027,25.9,-0.018485712190273063
2026-01-01 23:00:00,25.2,25.234242413933323,25.2,-0.034242413933323945
2026-01-02 00:00:00,24.6,24.606655698378688,24.6,-0.006655698378686736
2026-01-02 01:00:00,25.1,25.07531801211565,25.1,0.024681987884353163
2026-01-02 02:00:00,24.5,24.49128984660199,24.5,0.008710153398009624
2026-01-02 03:00:00,24.2,24.20421068673104,24.2,-0.004210686731042301
2026-01-02 04:00:00,24.1,24.097622257632864,24.1,0.002377742367137614
2026-01-02 05:00:00,23.9,23.90114507054101,23.9,-0.00114507054101054
2026-01-02 06:00:00,23.6,23.596659360728285,23.6,0.003340639271716128
2026-01-02 07:00:00,25.3,25.2514288948613,25.3,0.04857110513870211
2026-01-02 08:00:00,26.8,26.797068041774175,26.8,0.002931958225826037
2026-01-02 09:00:00,28.0,28.07247059342828,28.0,-0.07247059342828166
2026-01-02 10:00:00,29.1,29.090365278209845,29.1,0.009634721790156675
2026-01-02 11:00:00,29.8,29.745308465495157,29.8,0.054691534504843986
2026-01-02 12:00:00,29.5,29.51545962754252,29.5,-0.015459627542519172
2026-01-02 13:00:00,29.5,29.51604235252483,29.5,-0.016042352524831216
2026-01-02 14:00:00,26.5,26.37551765397124,26.5,0.12448234602875985
2026-01-02 15:00:00,26.2,26.196828725385704,26.2,0.0031712746142957826
2026-01-02 16:00:00,26.7,26.68748303662124,26.7,0.01251696337875785
2026-01-02 17:00:00,26.1,26.110366500121067,26.1,-0.01036650012106577
2026-01-02 18:00:00,25.0,25.022944942770167,25.0,-0.022944942770166676
2026-01-02 19:00:00,25.0,24.99744036320424,25.0,0.0025596367957589905
2026-01-02 20:00:00,24.4,24.41545414465297,24.4,-0.01545414465297057
2026-01-02 21:00:00,24.1,24.10141049829204,24.1,-0.0014104982920386533
2026-01-02 22:00:00,24.2,24.228669564593808,24.2,-0.02866956459380887
2026-01-02 23:00:00,24.4,24.38052742081065,24.4,0.019472579189347528
2026-01-03 00:00:00,24.3,24.30235486408115,24.3,-0.002354864081148378
2026-01-03 01:00:00,23.9,23.908208365810907,23.9,-0.008208365810908447
2026-01-03 02:00:00,23.8,23.789174203971466,23.8,0.010825796028534285
2026-01-03 03:00:00,23.8,23.790138839203454,23.8,0.009861160796546642
2026-01-03 04:00:00,23.7,23.701138485926435,23.7,-0.0011384859264360614
2026-01-03 05:00:00,23.7,23.698702181620654,23.7,0.0012978183793457276
2026-01-03 06:00:00,23.8,23.79606985974999,23.8,0.003930140250009373
2026-01-03 07:00:00,24.1,24.106744657212516,24.1,-0.006744657212514937
2026-01-03 08:00:00,24.9,24.952872398683947,24.9,-0.052872398683948774
2026-01-03 09:00:00,25.2,25.23715036410567,25.2,-0.03715036410567052
2026-01-03 10:00:00,26.0,26.02927090124039,26.0,-0.029270901240391112
2026-01-03 11:00:00,26.7,26.815945380612796,26.7,-0.11594538061279636
2026-01-03 12:00:00,27.1,27.096770942933016,27.1,0.003229057066985064
2026-01-03 13:00:00,25.9,25.92550908943705,25.9,-0.025509089437051102
2026-01-03 14:00:00,26.4,26.358277965564685,26.4,0.041722034435313304
2026-01-03 15:00:00,26.2,26.23416008287147,26.2,-0.034160082871469655
2026-01-03 16:00:00,25.5,25.536212359282715,25.5,-0.0362123592827146
2026-01-03 17:00:00,24.6,24.576753210084547,24.6,0.023246789915454258
2026-01-03 18:00:00,24.5,24.49154124233524,24.5,0.008458757664758565
2026-01-03 19:00:00,24.7,24.732506152680138,24.7,-0.032506152680138456
2026-01-03 20:00:00,25.0,25.002668138624415,25.0,-0.0026681386244149508
2026-01-03 21:00:00,24.9,24.913075671949738,24.9,-0.013075671949739132
2026-01-03 22:00:00,24.6,24.60539108895255,24.6,-0.005391088952549694
2026-01-03 23:00:00,24.6,24.60147085510431,24.6,-0.001470855104308555
2026-01-04 00:00:00,24.0,24.004812422847692,24.0,-0.004812422847692233
2026-01-04 01:00:00,24.5,24.507358519586695,24.5,-0.007358519586695422
2026-01-04 02:00:00,24.5,24.469850143884415,24.5,0.030149856115585294
2026-01-04 03:00:00,23.6,23.629063781088366,23.6,-0.029063781088364493
2026-01-04 04:00:00,23.2,23.216828757198854,23.2,-0.016828757198855016
2026-01-04 05:00:00,22.8,22.78643059086795,22.8,0.013569409132049515
2026-01-04 06:00:00,22.6,22.61930686907318,22.6,-0.01930686907317991
2026-01-04 07:00:00,22.5,22.551777473605956,22.5,-0.05177747360595575
2026-01-04 08:00:00,23.5,23.466642889815304,23.5,0.03335711018469567
2026-01-04 09:00:00,25.5,25.706262965812716,25.5,-0.20626296581271575
2026-01-04 10:00:00,27.5,27.519292301446797,27.5,-0.0192923014467965
2026-01-04 11:00:00,28.6,28.62789094440956,28.6,-0.027890944409559637
2026-01-04 12:00:00,29.3,29.359808431821143,29.3,-0.059808431821142705
2026-01-04 13:00:00,29.2,29.17784454607901,29.2,0.02215545392098761
2026-01-04 14:00:00,29.7,29.63981135259151,29.7,0.06018864740848784
2026-01-04 15:00:00,29.6,29.617172569889988,29.6,-0.017172569889986278
2026-01-04 16:00:00,29.3,29.293903990387186,29.3,0.006096009612814868
2026-01-04 17:00:00,28.9,28.861786126246873,28.9,0.03821387375312568
2026-01-04 18:00:00,28.0,27.952010277977198,28.0,0.04798972202280183
2026-01-04 19:00:00,27.5,27.48926905217519,27.5,0.01073094782481121
2026-01-04 20:00:00,27.6,27.63936497594173,27.6,-0.03936497594173005
2026-01-04 21:00:00,27.2,27.206227637782813,27.2,-0.006227637782814099
2026-01-04 22:00:00,26.5,26.51273782283043,26.5,-0.0127378228304309
2026-01-04 23:00:00,25.8,25.819889827499505,25.8,-0.01988982749950452
2026-01-05 00:00:00,25.5,25.502330721474685,25.5,-0.002330721474685049
2026-01-05 01:00:00,25.1,25.090668323177972,25.1,0.009331676822029067
2026-01-05 02:00:00,25.1,25.102085904731666,25.1,-0.0020859047316648116
2026-01-05 03:00:00,24.4,24.39406756518557,24.4,0.005932434814429399
2026-01-05 04:00:00,24.2,24.19430473031518,24.2,0.005695269684817816
2026-01-05 05:00:00,24.0,23.990563793274024,24.0,0.009436206725975893
2026-01-05 06:00:00,23.9,23.90738319452928,23.9,-0.0073831945292823775
2026-01-05 07:00:00,25.6,25.672374033285646,25.6,-0.0723740332856444
2026-01-05 08:00:00,26.3,26.392887261720468,26.3,-0.0928872617204668
2026-01-05 09:00:00,27.7,27.708520500572476,27.7,-0.008520500572476664
2026-01-05 10:00:00,29.0,29.04534218986094,29.0,-0.045342189860939186
2026-01-05 11:00:00,29.4,29.349704698343086,29.4,0.05029530165691298
2026-01-05 12:00:00,29.1,29.156917740805806,29.1,-0.056917740805804584
2026-01-05 13:00:00,30.0,30.02943798134124,30.0,-0.029437981341239094
2026-01-05 14:00:00,30.4,30.38045123857404,30.4,0.01954876142595907
2026-01-05 15:00:00,30.1,30.06405400235888,30.1,0.03594599764112161
2026-01-05 16:00:00,29.5,29.51103183288421,29.5,-0.011031832884210502
2026-01-05 17:00:00,29.0,29.07379521059902,29.0,-0.07379521059901961
2026-01-05 18:00:00,28.2,28.114045050752754,28.2,0.08595494924724534
2026-01-05 19:00:00,27.8,27.82664638728854,27.8,-0.026646387288540296
2026-01-05 20:00:00,28.1,28.05238153667112,28.1,0.04761846332888098
2026-01-05 21:00:00,27.9,27.938420992870377,27.9,-0.03842099287037826
2026-01-05 22:00:00,27.4,27.39749523924007,27.4,0.0025047607599297805
2026-01-05 23:00:00,27.0,26.9758320697076,27.0,0.02416793029239983
2026-01-06 00:00:00,26.5,26.488547813302098,26.5,0.011452186697901823
2026-01-06 01:00:00,25.9,25.910297065557657,25.9,-0.010297065557658414
2026-01-06 02:00:00,26.0,25.998523720549226,26.0,0.0014762794507738874
2026-01-06 03:00:00,25.9,25.880092819594363,25.9,0.019907180405635216
2026-01-06 04:00:00,25.5,25.504215215099197,25.5,-0.004215215099197422
2026-01-06 05:00:00,25.1,25.1001650643315,25.1,-0.00016506433149743316
2026-01-06 06:00:00,25.0,25.002174582577673,25.0,-0.002174582577673334
2026-01-06 07:00:00,25.9,25.85731484132152,25.9,0.04268515867847711
2026-01-06 08:00:00,27.9,27.874781755737118,27.9,0.025218244262880773
2026-01-06 09:00:00,28.7,28.755428287024444,28.7,-0.055428287024444245
2026-01-06 10:00:00,29.3,29.296483660362533,29.3,0.0035163396374677802
2026-01-06 11:00:00,30.6,30.66959079955123,30.6,-0.0695907995512286
2026-01-06 12:00:00,31.2,31.20743481034251,31.2,-0.007434810342509479
2026-01-06 13:00:00,31.7,31.7130790970832,31.7,-0.013079097083199542
2026-01-06 14:00:00,31.2,31.286066589984895,31.2,-0.08606658998489536
2026-01-06 15:00:00,30.8,30.84679632560553,30.8,-0.0467963256055306
2026-01-06 16:00:00,30.5,30.411429779705347,30.5,0.08857022029465256
2026-01-06 17:00:00,29.9,29.924990491988705,29.9,-0.02499049198870651
2026-01-06 18:00:00,29.0,28.96710941924355,29.0,0.032890580756451016
2026-01-06 19:00:00,28.5,28.558464093227418,28.5,-0.058464093227417635
2026-01-06 20:00:00,27.7,27.736734583166733,27.7,-0.036734583166733614
2026-01-06 21:00:00,27.3,27.304414784227237,27.3,-0.004414784227236623
2026-01-06 22:00:00,27.0,27.017390241507123,27.0,-0.01739024150712254
2026-01-06 23:00:00,26.3,26.304461297908528,26.3,-0.004461297908527229
2026-01-07 00:00:00,26.1,26.09450703952738,26.1,0.005492960472622599
2026-01-07 01:00:00,25.9,25.904507857771886,25.9,-0.004507857771887558
2026-01-07 02:00:00,26.2,26.216281802482797,26.2,-0.016281802482797758
2026-01-07 03:00:00,24.5,24.392473295315263,24.5,0.10752670468473724
2026-01-07 04:00:00,24.5,24.499290040595895,24.5,0.0007099594041051205
2026-01-07 05:00:00,24.4,24.38600792772654,24.4,0.01399207227346011
2026-01-07 06:00:00,24.3,24.301147722608963,24.3,-0.0011477226089624537
2026-01-07 07:00:00,25.9,25.846555040289488,25.9,0.053444959710510886
2026-01-07 08:00:00,27.2,27.23127393356917,27.2,-0.031273933569170964
2026-01-07 09:00:00,28.6,28.55569553089705,28.6,0.044304469102950605
2026-01-07 10:00:00,29.1,29.094889274789043,29.1,0.0051107252109581225
2026-01-07 11:00:00,27.6,27.601081281949575,27.6,-0.00108128194957402
2026-01-07 12:00:00,27.7,27.669064126015574,27.7,0.030935873984425655
2026-01-07 13:00:00,30.1,30.14738215997735,30.1,-0.0473821599773494
2026-01-07 14:00:00,29.7,29.691910468838525,29.7,0.008089531161473928
2026-01-07 15:00:00,29.5,29.428823630871683,29.5,0.07117636912831671
2026-01-07 16:00:00,29.2,29.181961376616794,29.2,0.018038623383205277
2026-01-07 17:00:00,28.8,28.839826023538876,28.8,-0.03982602353887543
2026-01-07 18:00:00,28.2,28.13257248750197,28.2,0.06742751249802836
2026-01-07 19:00:00,27.5,27.52398820989016,27.5,-0.023988209890159595
2026-01-07 20:00:00,27.9,27.929526916870646,27.9,-0.029526916870647568
2026-01-07 21:00:00,27.6,27.619941637131156,27.6,-0.019941637131154266
2026-01-07 22:00:00,27.4,27.393141540677657,27.4,0.006858459322341304
2026-01-07 23:00:00,26.7,26.669332418988486,26.7,0.03066758101151379
2026-01-08 00:00:00,26.1,26.049317679417907,26.1,0.05068232058209432
2026-01-08 01:00:00,26.4,26.38676063099846,26.4,0.013239369001539103
2026-01-08 02:00:00,26.2,26.19783726702103,26.2,0.0021627329789701832
2026-01-08 03:00:00,25.7,25.6992038482807,25.7,0.0007961517192995871
2026-01-08 04:00:00,25.8,25.79011436382254,25.8,0.009885636177461521
2026-01-08 05:00:00,25.8,25.78672596293098,25.8,0.01327403706902075
2026-01-08 06:00:00,25.2,25.211691798204825,25.2,-0.011691798204825687
2026-01-08 07:00:00,26.4,26.39747913548881,26.4,0.0025208645111902683
2026-01-08 08:00:00,27.4,27.458510499818654,27.4,-0.05851049981865586
2026-01-08 09:00:00,28.7,28.73151049536285,28.7,-0.031510495362852
2026-01-08 10:00:00,29.4,29.45613687808948,29.4,-0.05613687808948242
2026-01-08 11:00:00,29.3,29.190799064270568,29.3,0.10920093572943301
2026-01-08 12:00:00,28.6,28.691948671166728,28.6,-0.09194867116672611
2026-01-08 13:00:00,29.6,29.67358077407357,29.6,-0.07358077407356944
2026-01-08 14:00:00,28.4,28.3669009269995,28.4,0.03309907300049986
2026-01-08 15:00:00,28.4,28.271432812325262,28.4,0.12856718767473652
2026-01-08 16:00:00,27.9,27.8941108955631,27.9,0.005889104436899828
2026-01-08 17:00:00,26.5,26.60450751921502,26.5,-0.10450751921501933
2026-01-08 18:00:00,25.7,25.702547885491523,25.7,-0.002547885491523516
2026-01-08 19:00:00,25.6,25.56070448443461,25.6,0.039295515565392236
2026-01-08 20:00:00,25.6,25.617283968528636,25.6,-0.01728396852863412
2026-01-08 21:00:00,25.5,25.50776331117711,25.5,-0.007763311177111376
2026-01-08 22:00:00,25.1,25.09670717335326,25.1,0.003292826646742242
2026-01-08 23:00:00,25.0,25.006543441098014,25.0,-0.006543441098013858
2026-01-09 00:00:00,24.8,24.783020432162328,24.8,0.01697956783767296
2026-01-09 01:00:00,24.9,24.892262802261744,24.9,0.007737197738254764
2026-01-09 02:00:00,25.2,25.225700233750054,25.2,-0.02570023375005448
2026-01-09 03:00:00,25.1,25.10328023306765,25.1,-0.0032802330676489078
2026-01-09 04:00:00,25.0,25.018417474419806,25.0,-0.018417474419806013
2026-01-09 05:00:00,24.8,24.80767145499257,24.8,-0.007671454992568272
2026-01-09 06:00:00,24.5,24.491263671822846,24.5,0.008736328177153752
2026-01-09 07:00:00,25.5,25.541513002087445,25.5,-0.04151300208744502
2026-01-09 08:00:00,26.8,26.91788732830359,26.8,-0.11788732830358839
2026-01-09 09:00:00,28.2,28.291377548777067,28.2,-0.09137754877706783
2026-01-09 10:00:00,29.2,29.178809565159796,29.2,0.021190434840203665
2026-01-09 11:00:00,30.0,30.053795887334193,30.0,-0.05379588733419283
2026-01-09 12:00:00,30.8,30.821021929109943,30.8,-0.02102192910994205
2026-01-09 13:00:00,29.4,29.446505384020004,29.4,-0.046505384020004925
2026-01-09 14:00:00,29.6,29.595753165153145,29.6,0.0042468348468567285
2026-01-09 15:00:00,28.5,28.674871549143642,28.5,-0.1748715491436421
2026-01-09 16:00:00,29.1,29.22838151408987,29.1,-0.1283815140898703
2026-01-09 17:00:00,28.2,28.201564919171783,28.2,-0.0015649191717841404
2026-01-09 18:00:00,27.5,27.51674548874167,27.5,-0.01674548874166959
2026-01-09 19:00:00,25.2,25.199640530073747,25.2,0.0003594699262521317
2026-01-09 20:00:00,24.8,24.883748399827738,24.8,-0.08374839982773707
2026-01-09 21:00:00,25.0,24.95765889199621,25.0,0.04234110800378943
2026-01-09 22:00:00,25.1,25.096967553788257,25.1,0.003032446211744144
2026-01-09 23:00:00,24.8,24.809158958802957,24.8,-0.009158958802956363
2026-01-10 00:00:00,24.4,24.400254855776932,24.4,-0.00025485577693373784
2026-01-10 01:00:00,24.5,24.504810093320565,24.5,-0.00481009332056459
2026-01-10 02:00:00,24.5,24.481978353546285,24.5,0.018021646453714624
2026-01-10 03:00:00,24.3,24.31058138751177,24.3,-0.010581387511770401
2026-01-10 04:00:00,24.1,24.095450200385667,24.1,0.00454979961433466
2026-01-10 05:00:00,24.0,23.994213047012195,24.0,0.005786952987804739
2026-01-10 06:00:00,23.9,23.902797314748348,23.9,-0.002797314748349322
2026-01-10 07:00:00,24.2,24.148951388926363,24.2,0.0510486110736359
2026-01-10 08:00:00,24.5,24.555475021447286,24.5,-0.05547502144728611
2026-01-10 09:00:00,25.0,25.090733860518025,25.0,-0.09073386051802501
2026-01-10 10:00:00,24.6,24.70536544355674,24.6,-0.10536544355673882
2026-01-10 11:00:00,25.0,25.01620957866067,25.0,-0.016209578660671298
2026-01-10 12:00:00,26.4,26.378044834601653,26.4,0.021955165398345855
2026-01-10 13:00:00,26.7,26.712289765929548,26.7,-0.012289765929548224
2026-01-10 14:00:00,27.4,27.380880648927235,27.4,0.019119351072763635
2026-01-10 15:00:00,27.4,27.416007515633062,27.4,-0.016007515633063463
2026-01-10 16:00:00,27.5,27.510955134933134,27.5,-0.010955134933134048
2026-01-10 17:00:00,27.5,27.464447200825738,27.5,0.035552799174261907
2026-01-10 18:00:00,27.0,27.02017488829739,27.0,-0.020174888297390225
2026-01-10 19:00:00,27.3,27.432809066315,27.3,-0.1328090663149979
2026-01-10 20:00:00,26.7,26.638468228709975,26.7,0.061531771290024295
2026-01-10 21:00:00,26.1,26.110021193391535,26.1,-0.010021193391533956
2026-01-10 22:00:00,26.0,25.99429397591404,26.0,0.005706024085959882
2026-01-10 23:00:00,25.8,25.836782026030626,25.8,-0.0367820260306253
2026-01-11 00:00:00,25.4,25.410866414241415,25.4,-0.010866414241416322
2026-01-11 01:00:00,25.1,25.09467436065355,25.1,0.005325639346452249
2026-01-11 02:00:00,24.7,24.688974724200072,24.7,0.011025275799926959
2026-01-11 03:00:00,24.4,24.41105376869815,24.4,-0.01105376869815089
2026-01-11 04:00:00,24.2,24.19097284695756,24.2,0.00902715304243884
2026-01-11 05:00:00,24.0,23.991340363638038,24.0,0.008659636361961986
2026-01-11 06:00:00,23.8,23.80000721767242,23.8,-7.217672418846632e-06
2026-01-11 07:00:00,24.9,24.925113332579393,24.9,-0.02511333257939441
2026-01-11 08:00:00,25.8,25.820629353092457,25.8,-0.02062935309245617
2026-01-11 09:00:00,27.0,27.088898955269638,27.0,-0.08889895526963798
2026-01-11 10:00:00,27.8,27.873885868301446,27.8,-0.07388586830144561
2026-01-11 11:00:00,28.0,27.946266762100652,28.0,0.053733237899347586
2026-01-11 12:00:00,28.4,28.518800241852105,28.4,-0.11880024185210658
2026-01-11 13:00:00,24.7,24.790871055949268,24.7,-0.09087105594926825
2026-01-11 14:00:00,24.5,24.533137985765414,24.5,-0.03313798576541416
2026-01-11 15:00:00,25.1,25.097734484127,25.1,0.0022655158730024993
2026-01-11 16:00:00,25.5,25.479199291717183,25.5,0.02080070828281677
2026-01-11 17:00:00,25.6,25.580407699063738,25.6,0.01959230093626374
2026-01-11 18:00:00,25.6,25.588801843195608,25.6,0.011198156804393733
2026-01-11 19:00:00,26.4,26.561901625466533,26.4,-0.16190162546653397
2026-01-11 20:00:00,26.0,25.99669546621309,26.0,0.003304533786909758
2026-01-11 21:00:00,25.5,25.506971873650294,25.5,-0.006971873650293503
2026-01-11 22:00:00,24.1,24.138676700241298,24.1,-0.03867670024129666
2026-01-11 23:00:00,24.0,23.999595762005633,24.0,0.0004042379943669516
2026-01-12 00:00:00,23.5,23.4750247989556,23.5,0.024975201044398432
2026-01-12 01:00:00,23.5,23.500078608508666,23.5,-7.860850866592273e-05
2026-01-12 02:00:00,24.0,23.98202092551974,24.0,0.017979074480258816
2026-01-12 03:00:00,23.6,23.608180983540038,23.6,-0.00818098354003638
2026-01-12 04:00:00,23.5,23.50746724643238,23.5,-0.007467246432380392
2026-01-12 05:00:00,23.5,23.499187386823877,23.5,0.0008126131761230226
2026-01-12 06:00:00,23.3,23.30790634573393,23.3,-0.007906345733928788
2026-01-12 07:00:00,23.4,23.443177871589388,23.4,-0.04317787158938913
2026-01-12 08:00:00,23.3,23.326182773609283,23.3,-0.026182773609281895
2026-01-12 09:00:00,23.6,23.677250322062413,23.6,-0.07725032206241167
2026-01-12 10:00:00,24.0,24.038335117644653,24.0,-0.03833511764465314
2026-01-12 11:00:00,24.9,25.00523001927191,24.9,-0.10523001927191089
2026-01-12 12:00:00,24.6,24.627152588654717,24.6,-0.02715258865471526
2026-01-12 13:00:00,25.9,25.921222453767513,25.9,-0.021222453767514082
2026-01-12 14:00:00,27.8,27.775024191292903,27.8,0.024975808707097258
2026-01-12 15:00:00,26.7,27.07959676762834,26.7,-0.37959676762833894
2026-01-12 16:00:00,26.0,25.941370980679288,26.0,0.05862901932071196
2026-01-12 17:00:00,26.1,26.14193512359226,26.1,-0.04193512359225693
2026-01-12 18:00:00,25.1,25.081285837914166,25.1,0.01871416208583554
2026-01-12 19:00:00,25.5,25.497502448388754,25.5,0.002497551611245541
2026-01-12 20:00:00,25.4,25.436553252395047,25.4,-0.036553252395048474
2026-01-12 21:00:00,25.4,25.387632938891297,25.4,0.01236706110870145
2026-01-12 22:00:00,25.0,24.993791356579372,25.0,0.0062086434206278796
2026-01-12 23:00:00,24.7,24.691168211496695,24.7,0.008831788503304239
2026-01-13 00:00:00,24.1,24.07997749687432,24.1,0.020022503125680657
2026-01-13 01:00:00,24.6,24.591221244860662,24.6,0.008778755139339012
2026-01-13 02:00:00,23.6,23.5852216118465,23.6,0.014778388153501965
2026-01-13 03:00:00,23.4,23.413183240131044,23.4,-0.013183240131045437
2026-01-13 04:00:00,23.4,23.404562579188187,23.4,-0.00456257918818892
2026-01-13 05:00:00,23.2,23.184007728446936,23.2,0.015992271553063375
2026-01-13 06:00:00,23.0,23.018328226387712,23.0,-0.018328226387712476
2026-01-13 07:00:00,24.0,23.964410046489494,24.0,0.03558995351050598
2026-01-13 08:00:00,24.1,24.090639766476933,24.1,0.009360233523068473
2026-01-13 09:00:00,25.3,25.3973199209761,25.3,-0.09731992097609776
2026-01-13 10:00:00,27.0,26.969270270323918,27.0,0.03072972967608223
2026-01-13 11:00:00,28.5,28.4880617031164,28.5,0.011938296883599264
2026-01-13 12:00:00,28.2,28.22128786241466,28.2,-0.02128786241465974
2026-01-13 13:00:00,28.5,28.406065880198668,28.5,0.09393411980133237
2026-01-13 14:00:00,28.5,28.501446606130365,28.5,-0.001446606130365069
2026-01-13 15:00:00,28.1,28.145199185643992,28.1,-0.04519918564399106
2026-01-13 16:00:00,27.2,27.195129687734124,27.2,0.004870312265875754
2026-01-13 17:00:00,27.2,27.287136298244963,27.2,-0.08713629824496394
2026-01-13 18:00:00,26.2,26.200740045885706,26.2,-0.0007400458857063086
2026-01-13 19:00:00,26.4,26.36454383256632,26.4,0.0354561674336793
2026-01-13 20:00:00,26.1,26.07841563670933,26.1,0.02158436329067115
2026-01-13 21:00:00,25.8,25.82162824122248,25.8,-0.02162824122247997
2026-01-13 22:00:00,25.5,25.504866978971055,25.5,-0.004866978971055147
2026-01-13 23:00:00,25.3,25.30370917114485,25.3,-0.0037091711448482556
2026-01-14 00:00:00,24.8,24.792445421962356,24.8,0.007554578037645143
2026-01-14 01:00:00,25.1,25.114992822333182,25.1,-0.014992822333180555
2026-01-14 02:00:00,24.6,24.598033373771724,24.6,0.0019666262282775904
2026-01-14 03:00:00,24.2,24.200932972784642,24.2,-0.0009329727846427716
2026-01-14 04:00:00,24.0,23.996208432381653,24.0,0.0037915676183466474
2026-01-14 05:00:00,24.0,24.001674460046964,24.0,-0.0016744600469635884
2026-01-14 06:00:00,23.5,23.499030263757177,23.5,0.0009697362428227052
2026-01-14 07:00:00,24.2,24.229195970288753,24.2,-0.02919597028875387
2026-01-14 08:00:00,25.4,25.350753488035682,25.4,0.0492465119643164
2026-01-14 09:00:00,26.5,26.607150172071545,26.5,-0.10715017207154531
2026-01-14 10:00:00,27.4,27.404313628157592,27.4,-0.0043136281575932856
2026-01-14 11:00:00,28.2,28.327706473689346,28.2,-0.12770647368934718
2026-01-14 12:00:00,27.4,27.40336728552108,27.4,-0.0033672855210831187
2026-01-14 13:00:00,27.4,27.493100075896418,27.4,-0.09310007589641955
2026-01-14 14:00:00,27.8,27.833322302673345,27.8,-0.03332230267334424
2026-01-14 15:00:00,28.4,28.401382150070845,28.4,-0.0013821500708459666
2026-01-14 16:00:00,26.1,26.204686776698367,26.1,-0.10468677669836524
2026-01-14 17:00:00,25.5,25.485151120251054,25.5,0.014848879748946331
2026-01-14 18:00:00,24.7,24.695715710252422,24.7,0.004284289747577219
2026-01-14 19:00:00,25.0,25.009039609376725,25.0,-0.009039609376724655
2026-01-14 20:00:00,25.1,25.095106072210832,25.1,0.0048939277891690836
2026-01-14 21:00:00,24.9,24.919955128740476,24.9,-0.019955128740477335
2026-01-14 22:00:00,24.8,24.802631305431245,24.8,-0.002631305431243902
2026-01-14 23:00:00,24.8,24.8122690303585,24.8,-0.012269030358499577
2026-01-15 00:00:00,24.5,24.499156918195563,24.5,0.0008430818044367072
2026-01-15 01:00:00,24.1,24.100895374197325,24.1,-0.0008953741973236617
2026-01-15 02:00:00,24.0,24.00464726588952,24.0,-0.004647265889520469
2026-01-15 03:00:00,23.7,23.686830655995546,23.7,0.01316934400445291
2026-01-15 04:00:00,23.3,23.31236559693302,23.3,-0.012365596933019418
2026-01-15 05:00:00,23.2,23.198990062745935,23.2,0.001009937254064397
2026-01-15 06:00:00,23.2,23.195237329937033,23.2,0.004762670062966379
2026-01-15 07:00:00,24.6,24.608214701571317,24.6,-0.00821470157131543
2026-01-15 08:00:00,25.3,25.188975852219528,25.3,0.11102414778047276
2026-01-15 09:00:00,26.6,26.666186819763418,26.6,-0.06618681976341634
2026-01-15 10:00:00,27.5,27.36706849241762,27.5,0.1329315075823807
2026-01-15 11:00:00,28.0,27.961076589432377,28.0,0.03892341056762305
2026-01-15 12:00:00,28.8,28.812965595832228,28.8,-0.01296559583222745
2026-01-15 13:00:00,28.1,28.10724511475056,28.1,-0.007245114750560333
2026-01-15 14:00:00,28.0,28.02233266840203,28.0,-0.0223326684020293
2026-01-15 15:00:00,27.4,27.511441419770332,27.4,-0.11144141977033328
2026-01-15 16:00:00,27.4,27.502072331594615,27.4,-0.10207233159461637
2026-01-15 17:00:00,26.8,26.880823109330578,26.8,-0.08082310933057713
2026-01-15 18:00:00,26.5,26.601549310044287,26.5,-0.10154931004428747
2026-01-15 19:00:00,25.8,25.78220188125125,25.8,0.01779811874875037
2026-01-15 20:00:00,25.6,25.648820166691483,25.6,-0.04882016669148115
2026-01-15 21:00:00,25.2,25.242543838721726,25.2,-0.042543838721726956
2026-01-15 22:00:00,25.1,25.101255835932843,25.1,-0.0012558359328416202
2026-01-15 23:00:00,25.0,24.99234284788919,25.0,0.007657152110809307
2026-01-16 00:00:00,24.7,24.68748964312291,24.7,0.012510356877090345
2026-01-16 01:00:00,24.6,24.600055370802316,24.6,-5.537080231476921e-05
2026-01-16 02:00:00,24.5,24.50050919612712,24.5,-0.0005091961271190826
2026-01-16 03:00:00,24.5,24.4990542425339,24.5,0.0009457574660984847
2026-01-16 04:00:00,24.4,24.387367441592016,24.4,0.012632558407982941
2026-01-16 05:00:00,24.1,24.10491467576151,24.1,-0.004914675761508391
2026-01-16 06:00:00,24.1,24.104794907174952,24.1,-0.00479490717495068
2026-01-16 07:00:00,25.0,24.994566833585147,25.0,0.005433166414853474
2026-01-16 08:00:00,25.9,25.957644307742356,25.9,-0.057644307742357626
2026-01-16 09:00:00,27.2,27.224145955104387,27.2,-0.02414595510438744
2026-01-16 10:00:00,28.0,28.00311877701244,28.0,-0.0031187770124390113
2026-01-16 11:00:00,29.5,29.42618204071686,29.5,0.07381795928314006
2026-01-16 12:00:00,28.1,28.14783999174925,28.1,-0.04783999174924958
2026-01-16 13:00:00,28.5,28.539136499991457,28.5,-0.039136499991457185
2026-01-16 14:00:00,29.2,29.21423920548801,29.2,-0.014239205488010498
2026-01-16 15:00:00,29.4,29.35697753087482,29.4,0.04302246912518015
2026-01-16 16:00:00,25.1,25.31505030775645,25.1,-0.2150503077564494
2026-01-16 17:00:00,26.2,26.151399323149064,26.2,0.04860067685093483
2026-01-16 18:00:00,26.4,26.426598321433545,26.4,-0.026598321433546346
2026-01-16 19:00:00,26.4,26.423465368254867,26.4,-0.023465368254868224
2026-01-16 20:00:00,25.0,24.982570307395978,25.0,0.01742969260402205
2026-01-16 21:00:00,24.9,24.895056407244073,24.9,0.0049435927559251525
2026-01-16 22:00:00,24.5,24.478821418273792,24.5,0.021178581726207568
2026-01-16 23:00:00,24.2,24.202429095072677,24.2,-0.002429095072677967
2026-01-17 00:00:00,24.0,23.9991660688665,24.0,0.0008339311334992772
2026-01-17 01:00:00,24.6,24.6290159956673,24.6,-0.02901599566729729
2026-01-17 02:00:00,24.9,24.940582849113845,24.9,-0.040582849113846464
2026-01-17 03:00:00,23.9,23.908909660592673,23.9,-0.00890966059267484
2026-01-17 04:00:00,23.1,23.07589669394491,23.1,0.024103306055092588
2026-01-17 05:00:00,23.1,23.138651513055496,23.1,-0.038651513055494746
2026-01-17 06:00:00,23.4,23.402257941566184,23.4,-0.0022579415661851954
2026-01-17 07:00:00,24.2,24.22823134295571,24.2,-0.028231342955709948
2026-01-17 08:00:00,24.7,24.74581305858736,24.7,-0.045813058587359734
2026-01-17 09:00:00,25.8,25.74716630408241,25.8,0.05283369591759168
2026-01-17 10:00:00,27.1,27.14892276036076,27.1,-0.048922760360760265
2026-01-17 11:00:00,28.5,28.463963343958156,28.5,0.03603665604184414
2026-01-17 12:00:00,27.0,26.97702386732828,27.0,0.02297613267171883
2026-01-17 13:00:00,27.0,26.987210316762607,27.0,0.01278968323739349
2026-01-17 14:00:00,26.9,26.947579522749397,26.9,-0.04757952274939825
2026-01-17 15:00:00,26.8,26.74692529204138,26.8,0.053074707958622014
2026-01-17 16:00:00,27.4,27.404095450080316,27.4,-0.00409545008031742
2026-01-17 17:00:00,27.5,27.51518013215218,27.5,-0.015180132152181613
2026-01-17 18:00:00,24.9,24.90197950720481,24.9,-0.001979507204811881
2026-01-17 19:00:00,25.1,25.06433838853852,25.1,0.03566161146148161
2026-01-17 20:00:00,24.5,24.486925205372074,24.5,0.013074794627925712
2026-01-17 21:00:00,23.9,23.88928051841649,23.9,0.010719481583507218
2026-01-17 22:00:00,23.8,23.7975534145412,23.8,0.002446585458802275
2026-01-17 23:00:00,23.9,23.92773948126703,23.9,-0.027739481267030186
2026-01-18 00:00:00,23.8,23.80520100625758,23.8,-0.005201006257578911
2026-01-18 01:00:00,23.8,23.785482972149122,23.8,0.014517027850878605
2026-01-18 02:00:00,23.6,23.592703192444517,23.6,0.007296807555484008
2026-01-18 03:00:00,23.6,23.613754136935352,23.6,-0.013754136935350658
2026-01-18 04:00:00,23.3,23.287093654047545,23.3,0.012906345952455212
2026-01-18 05:00:00,22.9,22.906819749219494,22.9,-0.006819749219495463
2026-01-18 06:00:00,23.0,22.97687100952739,23.0,0.02312899047261041
2026-01-18 07:00:00,23.4,23.339778422629294,23.4,0.06022157737070444
2026-01-18 08:00:00,23.9,23.887202390377904,23.9,0.012797609622094086
2026-01-18 09:00:00,24.9,24.829290464298165,24.9,0.07070953570183391
2026-01-18 10:00:00,26.0,26.03611591092593,26.0,-0.03611591092592903
2026-01-18 11:00:00,27.3,27.351755341387722,27.3,-0.05175534138772164
2026-01-18 12:00:00,27.8,27.787111258796774,27.8,0.012888741203227028
2026-01-18 13:00:00,27.2,27.24208048416977,27.2,-0.042080484169769505
2026-01-18 14:00:00,27.2,27.202662458673924,27.2,-0.0026624586739245615
2026-01-18 15:00:00,27.4,27.376012648581415,27.4,0.023987351418583103
2026-01-18 16:00:00,26.5,26.645998075605217,26.5,-0.14599807560521683
2026-01-18 17:00:00,24.8,24.775298467930735,24.8,0.024701532069265397
2026-01-18 18:00:00,24.6,24.611230540806613,24.6,-0.011230540806611344
2026-01-18 19:00:00,26.1,26.21573128046513,26.1,-0.11573128046512693
2026-01-18 20:00:00,26.0,25.97174736077347,26.0,0.028252639226529652
2026-01-18 21:00:00,26.1,26.12476316438339,26.1,-0.024763164383386993
2026-01-18 22:00:00,25.8,25.787921646437802,25.8,0.012078353562198885
2026-01-18 23:00:00,25.5,25.494150160759798,25.5,0.005849839240202215
2026-01-19 00:00:00,25.0,25.004296790564734,25.0,-0.0042967905647337545
2026-01-19 01:00:00,25.6,25.605713126860223,25.6,-0.005713126860221962
2026-01-19 02:00:00,24.7,24.66169611491538,24.7,0.03830388508461979
2026-01-19 03:00:00,23.5,23.538459238846922,23.5,-0.03845923884692226
2026-01-19 04:00:00,23.5,23.49537318409325,23.5,0.004626815906750181
2026-01-19 05:00:00,23.4,23.37338105855098,23.4,0.026618941449019218
2026-01-19 06:00:00,23.4,23.413820191221504,23.4,-0.01382019122150524
2026-01-19 07:00:00,25.1,25.08577607780718,25.1,0.014223922192822869
2026-01-19 08:00:00,26.5,26.539364315106823,26.5,-0.039364315106823256
2026-01-19 09:00:00,27.0,27.02919582490163,27.0,-0.029195824901631084
2026-01-19 10:00:00,27.5,27.489308070323915,27.5,0.01069192967608501
2026-01-19 11:00:00,27.4,27.4169026128549,27.4,-0.0169026128549028
2026-01-19 12:00:00,27.9,27.911459661913653,27.9,-0.011459661913654884
2026-01-19 13:00:00,28.6,28.673810365027304,28.6,-0.07381036502730254
2026-01-19 14:00:00,28.9,28.824182338616286,28.9,0.07581766138371293
2026-01-19 15:00:00,28.3,28.315605011441153,28.3,-0.015605011441152783
2026-01-19 16:00:00,28.1,28.11120991829375,28.1,-0.011209918293747734
2026-01-19 17:00:00,27.6,27.672480706567047,27.6,-0.07248070656704542
2026-01-19 18:00:00,27.1,27.103459859109844,27.1,-0.003459859109842256
2026-01-19 19:00:00,26.5,26.507775394929165,26.5,-0.007775394929165458
2026-01-19 20:00:00,26.4,26.40280196510476,26.4,-0.0028019651047621608
2026-01-19 21:00:00,25.8,25.78995495600933,25.8,0.010045043990672298
2026-01-19 22:00:00,25.5,25.490685799620895,25.5,0.009314200379105131
2026-01-19 23:00:00,25.2,25.20361064065406,25.2,-0.0036106406540596936
2026-01-20 00:00:00,24.9,24.88955282703473,24.9,0.010447172965267981
2026-01-20 01:00:00,24.3,24.29983276410893,24.3,0.0001672358910695948
2026-01-20 02:00:00,23.8,23.80464069162518,23.8,-0.0046406916251804375
2026-01-20 03:00:00,23.6,23.595147024220488,23.6,0.004852975779513713
2026-01-20 04:00:00,23.4,23.39535267265032,23.4,0.004647327349680097
2026-01-20 05:00:00,23.2,23.197430123924544,23.2,0.002569876075455113
2026-01-20 06:00:00,23.1,23.090134193845934,23.1,0.009865806154067513
2026-01-20 07:00:00,24.5,24.483884576231222,24.5,0.016115423768777504
2026-01-20 08:00:00,25.8,25.694671235225407,25.8,0.10532876477459396
2026-01-20 09:00:00,27.5,27.462165617177842,27.5,0.03783438282215812
2026-01-20 10:00:00,27.7,27.697860593723167,27.7,0.0021394062768322897
2026-01-20 11:00:00,28.1,28.19091474883572,28.1,-0.09091474883571848
2026-01-20 12:00:00,29.0,29.06776394514777,29.0,-0.06776394514777095
2026-01-20 13:00:00,27.2,27.134094278745593,27.2,0.0659057212544063
2026-01-20 14:00:00,27.4,27.45323491563013,27.4,-0.053234915630131496
2026-01-20 15:00:00,26.9,26.96103185581829,26.9,-0.06103185581829251
2026-01-20 16:00:00,26.6,26.585461424611434,26.6,0.014538575388566954
2026-01-20 17:00:00,26.1,26.147429991077114,26.1,-0.04742999107711299
2026-01-20 18:00:00,25.4,25.414522448216896,25.4,-0.014522448216897743
2026-01-20 19:00:00,25.5,25.51237193602281,25.5,-0.012371936022809393
2026-01-20 20:00:00,25.4,25.398744855518974,25.4,0.001255144481024928
2026-01-20 21:00:00,25.1,25.12610837844934,25.1,-0.02610837844934011
2026-01-20 22:00:00,24.7,24.7060078439523,24.7,-0.006007843952300362
2026-01-20 23:00:00,24.1,24.07087516898786,24.1,0.029124831012140362
2026-01-21 00:00:00,24.0,23.998353627688484,24.0,0.0016463723115158757
2026-01-21 01:00:00,24.0,23.996419780020535,24.0,0.0035802199794652267
2026-01-21 02:00:00,24.0,24.00099751156948,24.0,-0.0009975115694800252
2026-01-21 03:00:00,23.8,23.805549398073076,23.8,-0.005549398073075196
2026-01-21 04:00:00,23.8,23.794092983839263,23.8,0.0059070161607372995
2026-01-21 05:00:00,23.8,23.799618258630595,23.8,0.00038174136940583026
2026-01-21 06:00:00,23.8,23.805499827270367,23.8,-0.005499827270366353
2026-01-21 07:00:00,23.7,23.708409876602257,23.7,-0.008409876602257782
2026-01-21 08:00:00,24.5,24.511392641868774,24.5,-0.011392641868773978
2026-01-21 09:00:00,24.8,24.860003140783853,24.8,-0.06000314078385216
2026-01-21 10:00:00,25.3,25.412493895776176,25.3,-0.11249389577617563
2026-01-21 11:00:00,25.7,25.813813951703754,25.7,-0.11381395170375441
2026-01-21 12:00:00,27.1,27.395837195289168,27.1,-0.29583719528916674
2026-01-21 13:00:00,28.0,28.303060422107812,28.0,-0.30306042210781214
2026-01-21 14:00:00,27.4,28.07429997401506,27.4,-0.6742999740150601
2026-01-21 15:00:00,27.0,27.307250435143473,27.0,-0.30725043514347306
2026-01-21 16:00:00,27.0,27.138157068845114,27.0,-0.13815706884511414
2026-01-21 17:00:00,26.4,26.398395772790938,26.4,0.0016042272090608378
2026-01-21 18:00:00,25.6,25.575662618303,25.6,0.02433738169700206
2026-01-21 19:00:00,25.1,25.101650683418683,25.1,-0.0016506834186813535
2026-01-21 20:00:00,24.8,24.823469548530362,24.8,-0.023469548530361095
2026-01-21 21:00:00,24.5,24.49590056313627,24.5,0.004099436863729267
2026-01-21 22:00:00,24.4,24.399186848630215,24.4,0.000813151369783327
2026-01-21 23:00:00,24.2,24.181251101662696,24.2,0.018748898337303643
2026-01-22 00:00:00,24.0,24.00318046365375,24.0,-0.0031804636537486886
2026-01-22 01:00:00,24.2,24.189971514688967,24.2,0.010028485311032398
2026-01-22 02:00:00,24.1,24.093607314080128,24.1,0.006392685919873742
2026-01-22 03:00:00,23.8,23.798535823768667,23.8,0.0014641762313338802
2026-01-22 04:00:00,23.5,23.501446813783293,23.5,-0.0014468137832928107
2026-01-22 05:00:00,23.6,23.596591667676243,23.6,0.0034083323237581453
2026-01-22 06:00:00,23.5,23.495682961717332,23.5,0.004317038282668051
2026-01-22 07:00:00,23.4,23.40709388050519,23.4,-0.007093880505191663
2026-01-22 08:00:00,23.8,23.85019881823611,23.8,-0.05019881823610817
2026-01-22 09:00:00,23.9,23.881275519489062,23.9,0.01872448051093656
2026-01-22 10:00:00,24.8,24.72068684863333,24.8,0.07931315136666939
2026-01-22 11:00:00,26.3,26.287198409000407,26.3,0.01280159099959377
2026-01-22 12:00:00,25.8,25.85157740430848,25.8,-0.051577404308478236
2026-01-22 13:00:00,26.4,26.37921220624189,26.4,0.02078779375811024
2026-01-22 14:00:00,26.0,25.990430263973725,26.0,0.009569736026275422
2026-01-22 15:00:00,26.2,26.162579185041054,26.2,0.03742081495894567
2026-01-22 16:00:00,26.1,26.119172966157954,26.1,-0.019172966157952942
2026-01-22 17:00:00,26.0,26.031834363449533,26.0,-0.0318343634495335
2026-01-22 18:00:00,24.6,24.572592877397387,24.6,0.027407122602614464
2026-01-22 19:00:00,24.4,24.40832996136524,24.4,-0.008329961365241445
2026-01-22 20:00:00,23.9,23.90063270905263,23.9,-0.0006327090526312418
2026-01-22 21:00:00,23.2,23.241044728790893,23.2,-0.041044728790893714
2026-01-22 22:00:00,23.2,23.180770469566852,23.2,0.019229530433147346
2026-01-22 23:00:00,23.0,23.023233625929535,23.0,-0.02323362592953515
2026-01-23 00:00:00,22.9,22.89894467825716,22.9,0.00105532174283951
2026-01-23 01:00:00,24.1,24.04484229367952,24.1,0.05515770632048245
2026-01-23 02:00:00,24.3,24.41884869605214,24.3,-0.11884869605214021
2026-01-23 03:00:00,24.0,24.077260307424815,24.0,-0.07726030742481527
2026-01-23 04:00:00,23.7,23.69250908205722,23.7,0.007490917942778452
2026-01-23 05:00:00,23.7,23.66736947058678,23.7,0.03263052941321831
2026-01-23 06:00:00,23.0,22.947338299347628,23.0,0.05266170065237219
2026-01-23 07:00:00,25.2,25.24748927972073,25.2,-0.04748927972073247
2026-01-23 08:00:00,25.6,25.667396391604555,25.6,-0.06739639160455368
2026-01-23 09:00:00,26.5,26.799880653400805,26.5,-0.2998806534008054
2026-01-23 10:00:00,25.2,25.184283458042415,25.2,0.015716541957583985
2026-01-23 11:00:00,26.6,26.584257672385924,26.6,0.015742327614077567
2026-01-23 12:00:00,27.5,27.56696652449095,27.5,-0.06696652449095097
2026-01-23 13:00:00,25.8,25.845565429981527,25.8,-0.045565429981525796
2026-01-23 14:00:00,27.9,27.879218868667678,27.9,0.020781131332320513
2026-01-23 15:00:00,27.0,27.00791013285193,27.0,-0.007910132851929319
2026-01-23 16:00:00,25.5,25.5866266402661,25.5,-0.08662664026610045
2026-01-23 17:00:00,25.5,25.461723158602673,25.5,0.03827684139732668
2026-01-23 18:00:00,25.1,25.077116078458868,25.1,0.02288392154113339
2026-01-23 19:00:00,26.0,26.021537881744536,26.0,-0.021537881744535525
2026-01-23 20:00:00,23.8,23.755876408060853,23.8,0.04412359193914739
2026-01-23 21:00:00,24.2,24.219942684411738,24.2,-0.0199426844117383
2026-01-23 22:00:00,24.0,23.982485709681434,24.0,0.017514290318565884
2026-01-23 23:00:00,23.6,23.588986162025964,23.6,0.011013837974036988
2026-01-24 00:00:00,23.3,23.301958834084918,23.3,-0.001958834084916816
2026-01-24 01:00:00,24.5,24.438988693759544,24.5,0.06101130624045581
2026-01-24 02:00:00,25.0,25.07441302827586,25.0,-0.07441302827585972
2026-01-24 03:00:00,25.9,25.877253900477385,25.9,0.02274609952261386
2026-01-24 04:00:00,25.2,25.242296807913803,25.2,-0.04229680791380375
2026-01-24 05:00:00,25.5,25.473677015013212,25.5,0.026322984986787645
2026-01-24 06:00:00,25.0,25.05870075015377,25.0,-0.05870075015376841
2026-01-24 07:00:00,25.3,25.35433929364316,25.3,-0.05433929364316015
2026-01-24 08:00:00,27.2,27.526478443267163,27.2,-0.32647844326716324
2026-01-24 09:00:00,27.2,27.2407494980277,27.2,-0.04074949802770078
2026-01-24 10:00:00,28.2,28.16043558964491,28.2,0.03956441035509073
2026-01-24 11:00:00,28.5,28.393987261357847,28.5,0.10601273864215344
2026-01-24 12:00:00,28.6,28.67580524502197,28.6,-0.07580524502196795
2026-01-24 13:00:00,28.2,28.532877669743705,28.2,-0.3328776697437057
2026-01-24 14:00:00,28.8,28.862879077265745,28.8,-0.0628790772657446
2026-01-24 15:00:00,28.8,29.03626568650722,28.8,-0.23626568650722035
2026-01-24 16:00:00,28.6,28.73000669016336,28.6,-0.1300066901633592
2026-01-24 17:00:00,28.2,28.233912955835205,28.2,-0.033912955835205594
2026-01-24 18:00:00,27.5,27.442485084310384,27.5,0.057514915689615975
2026-01-24 19:00:00,26.9,26.918945409010544,26.9,-0.018945409010544978
2026-01-24 20:00:00,27.0,26.99922364771692,27.0,0.0007763522830792624
2026-01-24 21:00:00,26.6,26.60670834522725,26.6,-0.006708345227249168
2026-01-24 22:00:00,25.9,25.869759744816534,25.9,0.030240255183464626
2026-01-24 23:00:00,25.7,25.69034606254257,25.7,0.009653937457429151
2026-01-25 00:00:00,23.5,23.71157889176957,23.5,-0.21157889176956957
2026-01-25 01:00:00,23.3,23.288378119152487,23.3,0.011621880847513921
2026-01-25 02:00:00,23.3,23.295730713548018,23.3,0.004269286451982879
2026-01-25 03:00:00,23.1,23.12444652195921,23.1,-0.024446521959209377
2026-01-25 04:00:00,23.0,22.98504235218628,23.0,0.014957647813719888
2026-01-25 05:00:00,22.9,22.867565727262235,22.9,0.03243427273776334
2026-01-25 06:00:00,22.6,22.59264331808267,22.6,0.007356681917332963
2026-01-25 07:00:00,24.0,24.045211892639877,24.0,-0.045211892639876794
2026-01-25 08:00:00,25.9,25.914708480645654,25.9,-0.014708480645655442
2026-01-25 09:00:00,27.4,27.516176284876295,27.4,-0.11617628487629617
2026-01-25 10:00:00,28.4,28.464333358412926,28.4,-0.06433335841292731
2026-01-25 11:00:00,28.9,28.947514620264926,28.9,-0.04751462026492703
2026-01-25 12:00:00,29.2,29.182205087557378,29.2,0.017794912442621325
2026-01-25 13:00:00,29.7,29.82636463408428,29.7,-0.126364634084279
2026-01-25 14:00:00,29.2,29.16619404009609,29.2,0.033805959903908445
2026-01-25 15:00:00,29.1,29.194659851435425,29.1,-0.09465985143542355
2026-01-25 16:00:00,28.6,28.637044901067604,28.6,-0.03704490106760261
2026-01-25 17:00:00,28.2,28.119548226161484,28.2,0.0804517738385151
2026-01-25 18:00:00,27.7,27.682221593020895,27.7,0.01777840697910449
2026-01-25 19:00:00,27.0,26.968604634477042,27.0,0.03139536552295752
2026-01-25 20:00:00,26.9,26.900626941451474,26.9,-0.0006269414514754601
2026-01-25 21:00:00,27.0,26.98526645659684,27.0,0.014733543403160354
2026-01-25 22:00:00,26.2,26.178313388851134,26.2,0.02168661114886561
2026-01-25 23:00:00,25.5,25.463948311768814,25.5,0.03605168823118632
2026-01-26 00:00:00,25.2,25.19769232078826,25.2,0.002307679211739355
2026-01-26 01:00:00,24.5,24.48467460218641,24.5,0.015325397813590769
2026-01-26 02:00:00,24.5,24.492289379006063,24.5,0.007710620993936601
2026-01-26 03:00:00,24.1,24.10355008397439,24.1,-0.00355008397438894
2026-01-26 04:00:00,23.9,23.91482632759066,23.9,-0.014826327590661492
2026-01-26 05:00:00,23.7,23.69253785465192,23.7,0.007462145348078764
2026-01-26 06:00:00,23.1,23.116670298594318,23.1,-0.01667029859431679
2026-01-26 07:00:00,25.0,25.032128437042584,25.0,-0.03212843704258361
2026-01-26 08:00:00,26.1,26.122831126555976,26.1,-0.022831126555974635
2026-01-26 09:00:00,27.0,27.106587443706772,27.0,-0.10658744370677198
2026-01-26 10:00:00,28.1,28.143983556611275,28.1,-0.0439835566112734
2026-01-26 11:00:00,28.9,28.945965230091783,28.9,-0.04596523009178455
2026-01-26 12:00:00,28.8,28.887150121881163,28.8,-0.08715012188116233
2026-01-26 13:00:00,28.8,28.782589325396152,28.8,0.017410674603848264
2026-01-26 14:00:00,29.0,28.95801133633669,29.0,0.04198866366331089
2026-01-26 15:00:00,29.1,29.09231952332123,29.1,0.007680476678771697
2026-01-26 16:00:00,28.8,28.841039973806076,28.8,-0.04103997380607538
2026-01-26 17:00:00,28.0,27.95207234921371,28.0,0.04792765078628847
2026-01-26 18:00:00,27.4,27.372310850266622,27.4,0.02768914973337644
2026-01-26 19:00:00,27.2,27.144997967933353,27.2,0.05500203206664622
2026-01-26 20:00:00,27.4,27.409665545519566,27.4,-0.009665545519567331
2026-01-26 21:00:00,27.0,26.99062838422113,27.0,0.009371615778871245
2026-01-26 22:00:00,26.6,26.577740704188408,26.6,0.022259295811593915
2026-01-26 23:00:00,26.0,25.989104060469174,26.0,0.010895939530826126
2026-01-27 00:00:00,25.2,25.19930596989281,25.2,0.0006940301071907129
2026-01-27 01:00:00,24.5,24.519607679112756,24.5,-0.01960767911275596
2026-01-27 02:00:00,24.2,24.19243480210705,24.2,0.00756519789294785
2026-01-27 03:00:00,23.5,23.48415567695032,23.5,0.015844323049680753
2026-01-27 04:00:00,23.5,23.488326012428818,23.5,0.01167398757118221
2026-01-27 05:00:00,23.5,23.484762450933555,23.5,0.0152375490664447
2026-01-27 06:00:00,23.7,23.730183886129147,23.7,-0.030183886129147908
2026-01-27 07:00:00,25.1,25.088276465317072,25.1,0.011723534682928971
2026-01-27 08:00:00,26.1,26.06095351676554,26.1,0.03904648323446125
2026-01-27 09:00:00,27.5,27.532334551858447,27.5,-0.03233455185844747
2026-01-27 10:00:00,28.4,28.56244216554585,28.4,-0.16244216554585122
2026-01-27 11:00:00,28.5,28.44847470217793,28.5,0.051525297822070826
2026-01-27 12:00:00,29.0,28.977147141665828,29.0,0.022852858334172055
2026-01-27 13:00:00,28.4,28.334052192844762,28.4,0.0659478071552364
2026-01-27 14:00:00,28.4,28.436791152899268,28.4,-0.036791152899269264
2026-01-27 15:00:00,28.5,28.50420774319873,28.5,-0.004207743198730185
2026-01-27 16:00:00,28.2,28.152823239893433,28.2,0.04717676010656646
2026-01-27 17:00:00,27.9,27.83581994184631,27.9,0.06418005815368844
2026-01-27 18:00:00,27.5,27.456270021524002,27.5,0.04372997847599791
2026-01-27 19:00:00,26.9,26.924945617892302,26.9,-0.024945617892303318
2026-01-27 20:00:00,27.0,26.96772920941643,27.0,0.03227079058357063
2026-01-27 21:00:00,27.0,27.017879004299658,27.0,-0.017879004299658163
2026-01-27 22:00:00,26.2,26.18796102167069,26.2,0.012038978329307781
2026-01-27 23:00:00,26.0,26.011112604448957,26.0,-0.011112604448957342
2026-01-28 00:00:00,24.0,23.894511167154754,24.0,0.10548883284524635
2026-01-28 01:00:00,23.8,23.80779324545594,23.8,-0.007793245455939513
2026-01-28 02:00:00,24.0,23.97928394935054,24.0,0.020716050649461693
2026-01-28 03:00:00,24.2,24.201280254948013,24.2,-0.0012802549480142034
2026-01-28 04:00:00,24.3,24.290778896127712,24.3,0.009221103872288694
2026-01-28 05:00:00,24.2,24.19054717706947,24.2,0.009452822930530402
2026-01-28 06:00:00,23.8,23.808346718176047,23.8,-0.008346718176046153
2026-01-28 07:00:00,25.4,25.396977509141404,25.4,0.0030224908585942956
2026-01-28 08:00:00,26.6,26.581959005813907,26.6,0.018040994186094395
2026-01-28 09:00:00,26.9,26.956125892369215,26.9,-0.0561258923692165
2026-01-28 10:00:00,27.9,27.940466025932793,27.9,-0.040466025932794025
2026-01-28 11:00:00,28.1,28.112950396049868,28.1,-0.012950396049866697
2026-01-28 12:00:00,28.6,28.724325048847287,28.6,-0.12432504884728601
2026-01-28 13:00:00,28.4,28.295683226934678,28.4,0.10431677306532094
2026-01-28 14:00:00,26.9,27.083244166248868,26.9,-0.18324416624886908
2026-01-28 15:00:00,27.4,27.335260952665067,27.4,0.06473904733493185
2026-01-28 16:00:00,27.0,27.04104889466352,27.0,-0.041048894663518354
2026-01-28 17:00:00,26.3,26.27903481366076,26.3,0.020965186339239494
2026-01-28 18:00:00,25.2,25.223064009067738,25.2,-0.02306400906773831
2026-01-28 19:00:00,24.6,24.589568114922102,24.6,0.010431885077899494
2026-01-28 20:00:00,24.6,24.585002051628113,24.6,0.014997948371888725
2026-01-28 21:00:00,24.3,24.3199497895633,24.3,-0.019949789563298737
2026-01-28 22:00:00,24.1,24.09662700796546,24.1,0.0033729920345422215
2026-01-28 23:00:00,23.6,23.587047707932854,23.6,0.012952292067147653
2026-01-29 00:00:00,23.4,23.396231716727947,23.4,0.003768283272052031
2026-01-29 01:00:00,23.7,23.680328168526174,23.7,0.019671831473825563
2026-01-29 02:00:00,23.5,23.50334947050343,23.5,-0.003349470503430041
2026-01-29 03:00:00,22.7,22.686889297225243,22.7,0.013110702774756788
2026-01-29 04:00:00,23.2,23.212925491290974,23.2,-0.012925491290975089
2026-01-29 05:00:00,23.1,23.07661229285291,23.1,0.02338770714709071
2026-01-29 06:00:00,23.2,23.25337338564165,23.2,-0.05337338564164895
2026-01-29 07:00:00,24.1,24.06184350267147,24.1,0.03815649732853288
2026-01-29 08:00:00,24.8,24.861787599856385,24.8,-0.061787599856383935
2026-01-29 09:00:00,26.5,26.56485266782676,26.5,-0.06485266782675936
2026-01-29 10:00:00,27.8,27.817662662276554,27.8,-0.01766266227655322
2026-01-29 11:00:00,26.6,26.732296732411086,26.6,-0.13229673241108486
2026-01-29 12:00:00,26.5,26.48856856578574,26.5,0.011431434214259184
2026-01-29 13:00:00,27.7,27.781326086778073,27.7,-0.0813260867780734
2026-01-29 14:00:00,26.5,26.556542749063166,26.5,-0.05654274906316559
2026-01-29 15:00:00,26.5,26.489391792963666,26.5,0.01060820703633425
2026-01-29 16:00:00,26.5,26.58926466768537,26.5,-0.08926466768537011
2026-01-29 17:00:00,26.2,26.211246540442918,26.2,-0.011246540442918729
2026-01-29 18:00:00,26.1,26.125208503898186,26.1,-0.02520850389818463
2026-01-29 19:00:00,23.7,23.792150429215027,23.7,-0.09215042921502814
2026-01-29 20:00:00,23.0,23.080248409272922,23.0,-0.08024840927292232
2026-01-29 21:00:00,23.1,23.126774645761063,23.1,-0.026774645761062033
2026-01-29 22:00:00,23.2,23.213111937159955,23.2,-0.01311193715995529
2026-01-29 23:00:00,23.2,23.207677211526434,23.2,-0.007677211526434746
2026-01-30 00:00:00,23.2,23.183948227607925,23.2,0.01605177239207478
2026-01-30 01:00:00,23.3,23.283079968584005,23.3,0.01692003141599585
2026-01-30 02:00:00,23.4,23.409475624338018,23.4,-0.009475624338019628
2026-01-30 03:00:00,23.2,23.147083000458508,23.2,0.052916999541491094
2026-01-30 04:00:00,23.2,23.19011419419758,23.2,0.009885805802419156
2026-01-30 05:00:00,22.8,22.81396225993955,22.8,-0.013962259939550137
2026-01-30 06:00:00,22.7,22.739087102943227,22.7,-0.03908710294322759
2026-01-30 07:00:00,23.2,23.23011914337906,23.2,-0.03011914337906063
2026-01-30 08:00:00,23.5,23.490673763510152,23.5,0.009326236489847872
2026-01-30 09:00:00,24.6,24.541489362795428,24.6,0.05851063720457361
2026-01-30 10:00:00,26.0,26.084310823120106,26.0,-0.08431082312010574
2026-01-30 11:00:00,26.1,26.078632713082012,26.1,0.021367286917989503
2026-01-30 12:00:00,27.2,27.129409556721917,27.2,0.07059044327808195
2026-01-30 13:00:00,28.4,28.42705729136629,28.4,-0.027057291366290315
2026-01-30 14:00:00,29.2,29.0759415221912,29.2,0.12405847780879853
2026-01-30 15:00:00,28.4,28.5031653113297,28.4,-0.10316531132970042
2026-01-30 16:00:00,28.3,28.390699650601057,28.3,-0.09069965060105645
2026-01-30 17:00:00,27.8,27.842037280522366,27.8,-0.042037280522364995
2026-01-30 18:00:00,27.4,27.381084890208847,27.4,0.018915109791151963
2026-01-30 19:00:00,27.5,27.45647781389035,27.5,0.04352218610965153
2026-01-30 20:00:00,27.5,27.460146415625726,27.5,0.03985358437427422
2026-01-30 21:00:00,27.1,27.085893141120895,27.1,0.014106858879106454
2026-01-30 22:00:00,26.6,26.637984201749703,26.6,-0.037984201749701185
2026-01-30 23:00:00,25.9,25.923748785296816,25.9,-0.023748785296817232
2026-01-31 00:00:00,25.4,25.40635978134763,25.4,-0.006359781347629934
2026-01-31 01:00:00,25.5,25.481298474145376,25.5,0.018701525854623924
2026-01-31 02:00:00,26.1,26.086269500235638,26.1,0.013730499764363913
2026-01-31 03:00:00,25.1,25.105253811040296,25.1,-0.0052538110402942095
2026-01-31 04:00:00,24.9,24.930820454960273,24.9,-0.03082045496027419
2026-01-31 05:00:00,24.2,24.20372677212868,24.2,-0.0037267721286795563
2026-01-31 06:00:00,23.4,23.33695524598217,23.4,0.06304475401782739
2026-01-31 07:00:00,24.0,24.044939566601936,24.0,-0.04493956660193632
2026-01-31 08:00:00,24.6,24.597209248413527,24.6,0.0027907515864740162
2026-01-31 09:00:00,25.0,25.090869887120874,25.0,-0.09086988712087418
2026-01-31 10:00:00,26.9,26.940609206092923,26.9,-0.040609206092923955
2026-01-31 11:00:00,26.8,26.822068956131996,26.8,-0.022068956131995776
2026-01-31 12:00:00,26.8,26.83323662113051,26.8,-0.03323662113050929
2026-01-31 13:00:00,28.4,28.357091628327794,28.4,0.04290837167220474
2026-01-31 14:00:00,29.4,29.381307529094617,29.4,0.018692470905381953
2026-01-31 15:00:00,29.1,29.09409112428596,29.1,0.005908875714041528
2026-01-31 16:00:00,28.6,28.588224664148232,28.6,0.011775335851769597
2026-01-31 17:00:00,28.2,28.241072414513294,28.2,-0.041072414513294575
2026-01-31 18:00:00,27.6,27.645955898686694,27.6,-0.045955898686692365
2026-01-31 19:00:00,27.2,27.18969090135116,27.2,0.010309098648839665
2026-01-31 20:00:00,27.3,27.3654650890008,27.3,-0.06546508900079928
2026-01-31 21:00:00,27.0,26.987682301839236,27.0,0.012317698160764223
2026-01-31 22:00:00,26.1,26.05473160972911,26.1,0.045268390270891246
2026-01-31 23:00:00,24.5,24.348575469695813,24.5,0.1514245303041868
2026-02-01 00:00:00,24.0,24.036551485420944,24.0,-0.036551485420943663
2026-02-01 01:00:00,23.7,23.684238294926374,23.7,0.01576170507362562
2026-02-01 02:00:00,23.9,23.898709489049516,23.9,0.001290510950482826
2026-02-01 03:00:00,22.9,22.905417058219253,22.9,-0.005417058219254756
2026-02-01 04:00:00,23.1,23.073404718209385,23.1,0.0265952817906161
2026-02-01 05:00:00,23.3,23.330115311720974,23.3,-0.030115311720972926
2026-02-01 06:00:00,23.4,23.399863658199163,23.4,0.0001363418008359929
2026-02-01 07:00:00,23.4,23.374664208580896,23.4,0.025335791419102804
2026-02-01 08:00:00,24.4,24.362115833606243,24.4,0.03788416639375569
2026-02-01 09:00:00,25.4,25.394330822810836,25.4,0.005669177189162156
2026-02-01 10:00:00,26.9,26.900164664485736,26.9,-0.0001646644857373758
2026-02-01 11:00:00,28.2,28.215976934992614,28.2,-0.0159769349926151
2026-02-01 12:00:00,28.0,27.985034354500485,28.0,0.01496564549951529
2026-02-01 13:00:00,29.2,29.21551392285144,29.2,-0.015513922851440043
2026-02-01 14:00:00,29.4,29.386371907413054,29.4,0.013628092586944973
2026-02-01 15:00:00,27.0,26.981372502151935,27.0,0.01862749784806539
2026-02-01 16:00:00,26.5,26.439246961962045,26.5,0.060753038037955065
2026-02-01 17:00:00,26.0,26.00736561222185,26.0,-0.007365612221850171
2026-02-01 18:00:00,25.8,25.825974463050947,25.8,-0.02597446305094664
2026-02-01 19:00:00,26.8,26.7444508510249,26.8,0.05554914897509988
2026-02-01 20:00:00,26.5,26.50129484564803,26.5,-0.0012948456480295079
2026-02-01 21:00:00,25.9,25.87149535212285,25.9,0.028504647877149125
2026-02-01 22:00:00,25.2,25.202814501113235,25.2,-0.002814501113235224
2026-02-01 23:00:00,24.9,24.91677451656446,24.9,-0.016774516564460384
2026-02-02 00:00:00,24.7,24.711161137994907,24.7,-0.011161137994907477
2026-02-02 01:00:00,24.6,24.597255074416246,24.6,0.0027449255837552755
2026-02-02 02:00:00,23.7,23.721481964431955,23.7,-0.021481964431956158
2026-02-02 03:00:00,23.0,23.01670163490914,23.0,-0.016701634909139784
2026-02-02 04:00:00,22.8,22.797787026397803,22.8,0.002212973602198076
2026-02-02 05:00:00,22.9,22.893512341327718,22.9,0.006487658672281071
2026-02-02 06:00:00,23.0,23.000218336162774,23.0,-0.0002183361627743352
2026-02-02 07:00:00,23.5,23.488524532589953,23.5,0.011475467410047457
2026-02-02 08:00:00,24.4,24.36493159783385,24.4,0.03506840216615004
2026-02-02 09:00:00,25.2,25.180471120537874,25.2,0.01952887946212556
2026-02-02 10:00:00,26.0,25.899660003487135,26.0,0.10033999651286507
2026-02-02 11:00:00,27.6,27.62328301440399,27.6,-0.023283014403990165
2026-02-02 12:00:00,28.7,28.736745747574023,28.7,-0.036745747574023824
2026-02-02 13:00:00,28.2,28.218793700394954,28.2,-0.018793700394954982
2026-02-02 14:00:00,28.7,28.699335546119652,28.7,0.0006644538803470823
2026-02-02 15:00:00,27.6,27.682117340060508,27.6,-0.0821173400605062
2026-02-02 16:00:00,27.5,27.54802067290709,27.5,-0.048020672907089335
2026-02-02 17:00:00,27.0,26.93534386176272,27.0,0.06465613823727878
2026-02-02 18:00:00,26.7,26.70696724699788,26.7,-0.006967246997881205
2026-02-02 19:00:00,25.5,25.53082982453905,25.5,-0.03082982453905103
2026-02-02 20:00:00,25.1,25.105507373375517,25.1,-0.005507373375515101
2026-02-02 21:00:00,25.0,25.015631497898287,25.0,-0.015631497898286995
2026-02-02 22:00:00,24.9,24.90274358196955,24.9,-0.0027435819695504904
2026-02-02 23:00:00,24.5,24.47793427837595,24.5,0.022065721624048962
2026-02-03 00:00:00,24.5,24.49469099839269,24.5,0.005309001607308517
2026-02-03 01:00:00,23.8,23.83026992503652,23.8,-0.030269925036520817
2026-02-03 02:00:00,23.8,23.793631420872224,23.8,0.0063685791277769965
2026-02-03 03:00:00,23.2,23.185890636752298,23.2,0.014109363247701623
2026-02-03 04:00:00,22.9,22.923765530590863,22.9,-0.023765530590864614
2026-02-03 05:00:00,22.5,22.495116499780984,22.5,0.004883500219015957
2026-02-03 06:00:00,22.5,22.49170456464271,22.5,0.00829543535729016
2026-02-03 07:00:00,23.9,23.95362972797239,23.9,-0.053629727972392516
2026-02-03 08:00:00,25.9,26.078611586087106,25.9,-0.1786115860871078
2026-02-03 09:00:00,27.0,27.139237961752308,27.0,-0.13923796175230763
2026-02-03 10:00:00,27.5,27.56675199443317,27.5,-0.0667519944331687
2026-02-03 11:00:00,28.7,28.591413390270386,28.7,0.10858660972961331
2026-02-03 12:00:00,29.2,29.18478879943732,29.2,0.015211200562678329
2026-02-03 13:00:00,29.0,29.06339016776131,29.0,-0.0633901677613089
2026-02-03 14:00:00,29.1,29.12924490412018,29.1,-0.029244904120179882
2026-02-03 15:00:00,28.6,28.72387773441892,28.6,-0.1238777344189188
2026-02-03 16:00:00,28.2,28.236343286657497,28.2,-0.0363432866574982
2026-02-03 17:00:00,27.9,27.852533652089594,27.9,0.047466347910404494
2026-02-03 18:00:00,27.0,27.019267809474712,27.0,-0.019267809474712294
2026-02-03 19:00:00,26.5,26.500007814368708,26.5,-7.814368707670383e-06
2026-02-03 20:00:00,26.6,26.613079596156165,26.6,-0.01307959615616383
2026-02-03 21:00:00,26.3,26.303604602900794,26.3,-0.003604602900793452
2026-02-03 22:00:00,26.0,26.019561934538046,26.0,-0.019561934538046444
2026-02-03 23:00:00,25.6,25.60199152713806,25.6,-0.0019915271380597233
2026-02-04 00:00:00,25.3,25.297602963607854,25.3,0.00239703639214639
2026-02-04 01:00:00,25.1,25.09148277273432,25.1,0.00851722726568127
2026-02-04 02:00:00,25.1,25.10633805350196,25.1,-0.006338053501959706
2026-02-04 03:00:00,24.9,24.88785779193384,24.9,0.012142208066158844
2026-02-04 04:00:00,24.8,24.826307364964748,24.8,-0.026307364964747393
2026-02-04 05:00:00,24.6,24.611734412472014,24.6,-0.011734412472012679
2026-02-04 06:00:00,24.4,24.39909009960584,24.4,0.0009099003941592798
2026-02-04 07:00:00,25.2,25.185987526381396,25.2,0.014012473618603138
2026-02-04 08:00:00,26.7,26.67238418124727,26.7,0.02761581875272867
2026-02-04 09:00:00,28.0,27.992944156007077,28.0,0.007055843992922917
2026-02-04 10:00:00,28.7,28.731105563341842,28.7,-0.031105563341842668
2026-02-04 11:00:00,26.7,26.871678772480777,26.7,-0.171678772480778
2026-02-04 12:00:00,27.5,27.508705322963355,27.5,-0.00870532296335469
2026-02-04 13:00:00,28.7,28.6680861132841,28.7,0.03191388671589834
2026-02-04 14:00:00,29.3,29.221934953681963,29.3,0.0780650463180379
2026-02-04 15:00:00,26.8,26.799240238226027,26.8,0.000759761773974077
2026-02-04 16:00:00,27.5,27.501263115670422,27.5,-0.0012631156704223656
2026-02-04 17:00:00,27.9,27.927103358671985,27.9,-0.027103358671986655
2026-02-04 18:00:00,27.3,27.296401335837512,27.3,0.003598664162488774
2026-02-04 19:00:00,25.8,25.81825443106767,25.8,-0.018254431067667554
2026-02-04 20:00:00,25.6,25.637807663153925,25.6,-0.0378076631539237
2026-02-04 21:00:00,25.6,25.619709043722434,25.6,-0.01970904372243254
2026-02-04 22:00:00,25.4,25.384837665796994,25.4,0.015162334203004946
2026-02-04 23:00:00,25.0,25.002349600128714,25.0,-0.002349600128713547
2026-02-05 00:00:00,24.9,24.908176150905412,24.9,-0.008176150905413238
2026-02-05 01:00:00,24.5,24.49314407431703,24.5,0.00685592568297011
2026-02-05 02:00:00,24.1,24.10350163218968,24.1,-0.003501632189678361
2026-02-05 03:00:00,23.9,23.903708291608112,23.9,-0.0037082916081132566
2026-02-05 04:00:00,23.8,23.794556369966024,23.8,0.005443630033976632
2026-02-05 05:00:00,23.5,23.500020850749152,23.5,-2.085074915214591e-05
2026-02-05 06:00:00,23.5,23.501101263619255,23.5,-0.0011012636192546665
2026-02-05 07:00:00,24.8,24.830897289319108,24.8,-0.030897289319106847
2026-02-05 08:00:00,25.9,25.821420327567353,25.9,0.07857967243264596
2026-02-05 09:00:00,27.2,27.202356029892332,27.2,-0.002356029892332856
2026-02-05 10:00:00,28.5,28.465503249673194,28.5,0.03449675032680588
2026-02-05 11:00:00,28.5,28.47915343110961,28.5,0.02084656889039138
2026-02-05 12:00:00,29.0,29.01614043175665,29.0,-0.01614043175665003
2026-02-05 13:00:00,29.0,29.041366630799885,29.0,-0.04136663079988523
2026-02-05 14:00:00,25.7,25.934951127350786,25.7,-0.2349511273507865
2026-02-05 15:00:00,27.8,27.91037299712223,27.8,-0.11037299712223003
2026-02-05 16:00:00,28.9,28.973027059447052,28.9,-0.07302705944705323
2026-02-05 17:00:00,28.6,28.540099178832403,28.6,0.05990082116759865
2026-02-05 18:00:00,27.6,27.585233450721407,27.6,0.014766549278593999
2026-02-05 19:00:00,27.2,27.168225389376666,27.2,0.03177461062333364
2026-02-05 20:00:00,27.0,26.982064351578167,27.0,0.01793564842183315
2026-02-05 21:00:00,26.6,26.574227553009454,26.6,0.025772446990547593
2026-02-05 22:00:00,26.2,26.175819619304338,26.2,0.024180380695661086
2026-02-05 23:00:00,26.0,26.007901532408553,26.0,-0.00790153240855318
2026-02-06 00:00:00,25.4,25.36881167367738,25.4,0.031188326322617144
2026-02-06 01:00:00,25.1,25.108625352432988,25.1,-0.008625352432986233
2026-02-06 02:00:00,25.0,24.9943627281695,25.0,0.005637271830501334
2026-02-06 03:00:00,23.9,23.846676822443396,23.9,0.053323177556602985
2026-02-06 04:00:00,23.9,23.924040743905877,23.9,-0.024040743905878514
2026-02-06 05:00:00,23.6,23.582834735576014,23.6,0.017165264423987026
2026-02-06 06:00:00,23.5,23.509779426982004,23.5,-0.009779426982003514
2026-02-06 07:00:00,24.7,24.69666511007189,24.7,0.0033348899281087085
2026-02-06 08:00:00,25.8,25.78697718291935,25.8,0.013022817080649673
2026-02-06 09:00:00,27.0,26.971292313954475,27.0,0.028707686045525094
2026-02-06 10:00:00,28.1,28.10142763664525,28.1,-0.001427636645249919
2026-02-06 11:00:00,28.9,28.867780600070954,28.9,0.0322193999290441
2026-02-06 12:00:00,26.9,26.95411929428997,26.9,-0.054119294289971975
2026-02-06 13:00:00,28.0,28.026122339263086,28.0,-0.026122339263086047
2026-02-06 14:00:00,26.2,26.179492150935477,26.2,0.020507849064522077
2026-02-06 15:00:00,27.7,27.596955770698166,27.7,0.10304422930183321
2026-02-06 16:00:00,28.2,28.229011319667997,28.2,-0.029011319667997526
2026-02-06 17:00:00,28.0,27.966517156781762,28.0,0.03348284321823769
2026-02-06 18:00:00,27.4,27.42547614239081,27.4,-0.025476142390811418
2026-02-06 19:00:00,27.5,27.4880166196062,27.5,0.011983380393800758
2026-02-06 20:00:00,27.2,27.20022901427116,27.2,-0.0002290142711594001
2026-02-06 21:00:00,26.9,26.898421290275426,26.9,0.0015787097245727466
2026-02-06 22:00:00,26.5,26.505699227453796,26.5,-0.005699227453796141
2026-02-06 23:00:00,26.1,26.100618151358038,26.1,-0.0006181513580365561
2026-02-07 00:00:00,25.8,25.813388652056865,25.8,-0.013388652056864458
2026-02-07 01:00:00,25.0,25.017426859777345,25.0,-0.017426859777344816
2026-02-07 02:00:00,25.0,25.00802266759121,25.0,-0.008022667591209398
2026-02-07 03:00:00,24.5,24.49022425174109,24.5,0.009775748258910255
2026-02-07 04:00:00,24.4,24.396939335250728,24.4,0.0030606647492703587
2026-02-07 05:00:00,24.0,24.009328383338914,24.0,-0.009328383338914392
2026-02-07 06:00:00,23.3,23.330336748917738,23.3,-0.030336748917736855
2026-02-07 07:00:00,23.6,23.635434725697763,23.6,-0.03543472569776185
2026-02-07 08:00:00,24.5,24.56719131842266,24.5,-0.06719131842265824
2026-02-07 09:00:00,26.1,26.09924917220571,26.1,0.0007508277942918085
2026-02-07 10:00:00,27.4,27.45754987966253,27.4,-0.05754987966253111
2026-02-07 11:00:00,28.0,28.079465583016503,28.0,-0.07946558301650342
2026-02-07 12:00:00,28.8,28.8633147893034,28.8,-0.06331478930339784
2026-02-07 13:00:00,28.8,28.800553191423468,28.8,-0.0005531914234673252
2026-02-07 14:00:00,29.1,29.089906963188128,29.1,0.010093036811873901
2026-02-07 15:00:00,28.8,28.701144539930425,28.8,0.09885546006957568
2026-02-07 16:00:00,27.2,27.2529582961761,27.2,-0.052958296176100816
2026-02-07 17:00:00,27.4,27.384709411638266,27.4,0.015290588361732915
2026-02-07 18:00:00,26.8,26.864105571731272,26.8,-0.06410557173127174
2026-02-07 19:00:00,26.4,26.387453495815304,26.4,0.012546504184694385
2026-02-07 20:00:00,26.0,25.955909110771486,26.0,0.044090889228513674
2026-02-07 21:00:00,25.5,25.487492340947515,25.5,0.012507659052484854
2026-02-07 22:00:00,25.4,25.37834112801922,25.4,0.021658871980779537
2026-02-07 23:00:00,25.2,25.188264411913465,25.2,0.011735588086533966
2026-02-08 00:00:00,25.0,24.987294606443093,25.0,0.012705393556906586
2026-02-08 01:00:00,25.0,25.005660874094154,25.0,-0.005660874094154167
2026-02-08 02:00:00,23.4,23.608470549983767,23.4,-0.2084705499837689
2026-02-08 03:00:00,23.1,23.128186338289613,23.1,-0.028186338289611257
2026-02-08 04:00:00,23.0,22.978781199938876,23.0,0.0212188000611242
2026-02-08 05:00:00,23.0,23.016655085256232,23.0,-0.016655085256232383
2026-02-08 06:00:00,22.9,22.89580981457673,22.9,0.004190185423269099
2026-02-08 07:00:00,23.5,23.46961741643903,23.5,0.030382583560971455
2026-02-08 08:00:00,24.0,23.980166087574272,24.0,0.019833912425728073
2026-02-08 09:00:00,24.9,24.91069768016134,24.9,-0.01069768016134276
2026-02-08 10:00:00,25.0,25.020961305921787,25.0,-0.020961305921787243
2026-02-08 11:00:00,25.9,25.9032233281036,25.9,-0.003223328103601375
2026-02-08 12:00:00,26.5,26.66796180261917,26.5,-0.16796180261917115
2026-02-08 13:00:00,28.0,27.992883384672833,28.0,0.0071166153271668975
2026-02-08 14:00:00,27.9,27.997791683419795,27.9,-0.09779168341979627
2026-02-08 15:00:00,28.1,28.113620223080883,28.1,-0.013620223080881289
2026-02-08 16:00:00,28.5,28.527044069037863,28.5,-0.027044069037863494
2026-02-08 17:00:00,28.3,28.306277740039096,28.3,-0.006277740039095647
2026-02-08 18:00:00,27.5,27.518767520812066,27.5,-0.018767520812065897
2026-02-08 19:00:00,27.0,26.98182696654438,27.0,0.01817303345562138
2026-02-08 20:00:00,26.8,26.810285860521695,26.8,-0.010285860521694445
2026-02-08 21:00:00,26.3,26.317307241024025,26.3,-0.017307241024024478
2026-02-08 22:00:00,26.0,26.015682784868037,26.0,-0.015682784868037203
2026-02-08 23:00:00,26.0,26.006781037099955,26.0,-0.006781037099955256
2026-02-09 00:00:00,25.6,25.60658042940334,25.6,-0.006580429403339139
2026-02-09 01:00:00,25.3,25.298250728244376,25.3,0.0017492717556244486
2026-02-09 02:00:00,24.2,24.238254919166838,24.2,-0.038254919166838874
2026-02-09 03:00:00,24.0,23.99817544910245,24.0,0.00182455089754896
2026-02-09 04:00:00,23.8,23.800873234214876,23.8,-0.0008732342148753958
2026-02-09 05:00:00,23.6,23.6020628132196,23.6,-0.0020628132195987803
2026-02-09 06:00:00,23.4,23.39571484206779,23.4,0.004285157932208961
2026-02-09 07:00:00,23.5,23.50819990565372,23.5,-0.008199905653718531
2026-02-09 08:00:00,24.1,24.07292191344711,24.1,0.027078086552890568
2026-02-09 09:00:00,25.1,25.20257007440621,25.1,-0.10257007440620924
2026-02-09 10:00:00,26.4,26.453100676240897,26.4,-0.05310067624089854
2026-02-09 11:00:00,27.8,27.699635996402634,27.8,0.10036400359736675
2026-02-09 12:00:00,29.2,29.234791983456184,29.2,-0.03479198345618428
2026-02-09 13:00:00,28.4,28.45636371788106,28.4,-0.056363717881062314
2026-02-09 14:00:00,28.9,28.935728347614386,28.9,-0.0357283476143877
2026-02-09 15:00:00,28.8,28.78679043341749,28.8,0.01320956658251049
2026-02-09 16:00:00,28.2,28.224711275084378,28.2,-0.024711275084378315
2026-02-09 17:00:00,28.0,27.943916888765084,28.0,0.056083111234915606
2026-02-09 18:00:00,27.5,27.45210532341458,27.5,0.04789467658541824
2026-02-09 19:00:00,26.9,26.924763490311758,26.9,-0.024763490311759284
2026-02-09 20:00:00,26.8,26.804568976634922,26.8,-0.004568976634921285
2026-02-09 21:00:00,26.5,26.515153544960683,26.5,-0.015153544960682552
2026-02-09 22:00:00,26.1,26.11062116972454,26.1,-0.010621169724537083
2026-02-09 23:00:00,25.7,25.670329459282637,25.7,0.02967054071736186
2026-02-10 00:00:00,25.3,25.32234127549827,25.3,-0.022341275498270363
2026-02-10 01:00:00,24.9,24.907609888281034,24.9,-0.007609888281034927
2026-02-10 02:00:00,24.5,24.49797247529133,24.5,0.0020275247086694037
2026-02-10 03:00:00,24.5,24.493050154758382,24.5,0.00694984524161768
2026-02-10 04:00:00,24.5,24.48702319368093,24.5,0.012976806319070278
2026-02-10 05:00:00,24.3,24.309995478634413,24.3,-0.00999547863441208
2026-02-10 06:00:00,24.3,24.313124413088957,24.3,-0.013124413088956288
2026-02-10 07:00:00,25.1,25.133795364706106,25.1,-0.03379536470610489
2026-02-10 08:00:00,26.4,26.35927041898737,26.4,0.040729581012627136
2026-02-10 09:00:00,25.8,25.81928396199152,25.8,-0.01928396199151905
2026-02-10 10:00:00,26.7,26.666072362362346,26.7,0.03392763763765316
2026-02-10 11:00:00,28.5,28.553364710258542,28.5,-0.05336471025854195
2026-02-10 12:00:00,29.4,29.335177513460764,29.4,0.06482248653923506
2026-02-10 13:00:00,29.1,29.075358107134925,29.1,0.024641892865076898
2026-02-10 14:00:00,29.1,29.056915322891722,29.1,0.043084677108279124
2026-02-10 15:00:00,28.7,28.59717466971507,28.7,0.10282533028492935
2026-02-10 16:00:00,28.0,28.011245093840742,28.0,-0.011245093840742015
2026-02-10 17:00:00,28.1,28.063221634370958,28.1,0.036778365629043464
2026-02-10 18:00:00,27.8,27.780777171764996,27.8,0.019222828235005096
2026-02-10 19:00:00,27.2,27.248760575832122,27.2,-0.04876057583212301
2026-02-10 20:00:00,27.0,26.964843616461554,27.0,0.03515638353844608
2026-02-10 21:00:00,26.5,26.485976790086273,26.5,0.014023209913727186
2026-02-10 22:00:00,26.4,26.42220225604142,26.4,-0.02220225604142101
2026-02-10 23:00:00,26.0,25.99152093756742,26.0,0.00847906243258123
2026-02-11 00:00:00,25.6,25.619769645779776,25.6,-0.01976964577977469
2026-02-11 01:00:00,25.4,25.405549781591287,25.4,-0.005549781591287939
2026-02-11 02:00:00,25.4,25.401655610844024,25.4,-0.0016556108440255457
2026-02-11 03:00:00,25.1,25.096891808297485,25.1,0.0031081917025161943
2026-02-11 04:00:00,25.0,24.99780934588595,25.0,0.00219065411404884
2026-02-11 05:00:00,24.9,24.89531220866098,24.9,0.004687791339019753
2026-02-11 06:00:00,24.6,24.597348309182493,24.6,0.0026516908175082676
2026-02-11 07:00:00,25.0,24.977412446985678,25.0,0.022587553014322026
2026-02-11 08:00:00,26.9,26.87997553476896,26.9,0.020024465231038846
2026-02-11 09:00:00,28.6,28.581342023457424,28.6,0.018657976542577615
2026-02-11 10:00:00,30.0,30.109711507324583,30.0,-0.10971150732458312
2026-02-11 11:00:00,30.2,30.17921765156812,30.2,0.020782348431879427
2026-02-11 12:00:00,28.2,28.11874352210509,28.2,0.08125647789491097
2026-02-11 13:00:00,27.8,27.874476659366668,27.8,-0.07447665936666681
2026-02-11 14:00:00,28.2,28.22345979847906,28.2,-0.023459798479059657
2026-02-11 15:00:00,28.2,28.199477169262202,28.2,0.0005228307377969088
2026-02-11 16:00:00,28.4,28.389077288496622,28.4,0.010922711503376092
2026-02-11 17:00:00,27.6,27.54949473258167,27.6,0.05050526741833039
2026-02-11 18:00:00,27.0,26.985497742053305,27.0,0.014502257946695352
2026-02-11 19:00:00,26.0,25.973820008209476,26.0,0.026179991790524326
2026-02-11 20:00:00,26.0,26.02489758829277,26.0,-0.024897588292770223
2026-02-11 21:00:00,26.1,26.09047587594182,26.1,0.009524124058181371
2026-02-11 22:00:00,26.2,26.137839541679288,26.2,0.0621604583207116
2026-02-11 23:00:00,25.9,25.886998019149576,25.9,0.013001980850422257
2026-02-12 00:00:00,25.6,25.603310090967035,25.6,-0.0033100909670338297
2026-02-12 01:00:00,25.6,25.620919708291392,25.6,-0.020919708291391004
2026-02-12 02:00:00,25.6,25.610629213778875,25.6,-0.010629213778873492
2026-02-12 03:00:00,25.4,25.398225803697713,25.4,0.0017741963022857021
2026-02-12 04:00:00,25.2,25.19586456687923,25.2,0.00413543312076925
2026-02-12 05:00:00,25.1,25.10278477778443,25.1,-0.002784777784427206
2026-02-12 06:00:00,25.1,25.08873260649715,25.1,0.011267393502851775
2026-02-12 07:00:00,25.8,25.78482391663144,25.8,0.015176083368562132
2026-02-12 08:00:00,27.3,27.26205817097206,27.3,0.03794182902793963
2026-02-12 09:00:00,28.0,28.06730081532177,28.0,-0.06730081532176868
2026-02-12 10:00:00,29.1,29.117516988367907,29.1,-0.017516988367905384
2026-02-12 11:00:00,30.4,30.370816992458966,30.4,0.029183007541032424
2026-02-12 12:00:00,26.5,26.72051171321106,26.5,-0.2205117132110601
2026-02-12 13:00:00,27.3,27.266871784990478,27.3,0.03312821500952268
2026-02-12 14:00:00,27.6,27.567648531121606,27.6,0.032351468878395906
2026-02-12 15:00:00,24.8,24.820907164897463,24.8,-0.020907164897462138
2026-02-12 16:00:00,26.0,25.969165489675774,26.0,0.030834510324226017
2026-02-12 17:00:00,26.5,26.45005360103146,26.5,0.04994639896854025
2026-02-12 18:00:00,24.8,24.813776155666392,24.8,-0.013776155666391787
2026-02-12 19:00:00,25.3,25.277481430665613,25.3,0.02251856933438745
2026-02-12 20:00:00,24.5,24.488831455604284,24.5,0.011168544395715685
2026-02-12 21:00:00,24.4,24.358710836075115,24.4,0.041289163924883354
2026-02-12 22:00:00,24.2,24.210567388697473,24.2,-0.0105673886974742
2026-02-12 23:00:00,23.9,23.914403944032028,23.9,-0.014403944032029159
2026-02-13 00:00:00,24.1,24.086328442691304,24.1,0.013671557308697402
2026-02-13 01:00:00,24.2,24.17064817345987,24.2,0.02935182654012891
2026-02-13 02:00:00,24.2,24.170058733450684,24.2,0.02994126654931506
2026-02-13 03:00:00,24.2,24.224393905252736,24.2,-0.02439390525273666
2026-02-13 04:00:00,24.2,24.195116790008665,24.2,0.00488320999133407
2026-02-13 05:00:00,24.1,24.103891371508734,24.1,-0.003891371508732533
2026-02-13 06:00:00,24.0,23.999992213662196,24.0,7.786337803850074e-06
2026-02-13 07:00:00,24.5,24.521521847417077,24.5,-0.021521847417076856
2026-02-13 08:00:00,25.6,25.616645315673498,25.6,-0.016645315673496697
2026-02-13 09:00:00,26.5,26.565936911453267,26.5,-0.0659369114532673
2026-02-13 10:00:00,26.8,26.82035374224256,26.8,-0.020353742242559036
2026-02-13 11:00:00,27.5,27.49833546675735,27.5,0.0016645332426499237
2026-02-13 12:00:00,27.8,27.769040591678255,27.8,0.030959408321745485
2026-02-13 13:00:00,29.0,28.99179626907162,29.0,0.008203730928379116
2026-02-13 14:00:00,29.3,29.30504315880311,29.3,-0.005043158803108128
2026-02-13 15:00:00,29.0,28.918711581170342,29.0,0.08128841882965787
2026-02-13 16:00:00,29.1,29.179921955092496,29.1,-0.07992195509249456
2026-02-13 17:00:00,28.5,28.44926366794965,28.5,0.050736332050348665
2026-02-13 18:00:00,27.9,27.88229403086395,27.9,0.01770596913604905
2026-02-13 19:00:00,26.2,26.252890675176616,26.2,-0.0528906751766165
2026-02-13 20:00:00,26.1,26.125780978502505,26.1,-0.02578097850250316
2026-02-13 21:00:00,26.1,26.074627141692325,26.1,0.025372858307676438
2026-02-13 22:00:00,25.9,25.891207970009674,25.9,0.008792029990324579
2026-02-13 23:00:00,25.6,25.602846161719395,25.6,-0.0028461617193933364
2026-02-14 00:00:00,25.4,25.398609871940803,25.4,0.0013901280591959164
2026-02-14 01:00:00,25.3,25.29994824547261,25.3,5.1754527390812655e-05
2026-02-14 02:00:00,25.5,25.510428458531152,25.5,-0.010428458531151819
2026-02-14 03:00:00,25.5,25.48800745674331,25.5,0.011992543256688748
2026-02-14 04:00:00,25.2,25.190041826184157,25.2,0.009958173815842741
2026-02-14 05:00:00,24.3,24.34888979068675,24.3,-0.0488897906867507
2026-02-14 06:00:00,23.6,23.607457778262926,23.6,-0.007457778262924819
2026-02-14 07:00:00,23.9,23.95885395572329,23.9,-0.058853955723289886
2026-02-14 08:00:00,25.5,25.499475249787942,25.5,0.0005247502120582226
2026-02-14 09:00:00,27.5,27.444158510840147,27.5,0.0558414891598531
2026-02-14 10:00:00,28.9,28.906951616416855,28.9,-0.0069516164168561545
2026-02-14 11:00:00,27.5,27.467455338266515,27.5,0.03254466173348547
2026-02-14 12:00:00,28.6,28.598180948686185,28.6,0.0018190513138165443
2026-02-14 13:00:00,30.5,30.548228479143045,30.5,-0.04822847914304518
2026-02-14 14:00:00,29.1,29.131986274884046,29.1,-0.03198627488404426
2026-02-14 15:00:00,29.5,29.51986289093729,29.5,-0.01986289093728999
2026-02-14 16:00:00,28.4,28.401188630841112,28.4,-0.001188630841113536
2026-02-14 17:00:00,28.0,28.02102114120104,28.0,-0.021021141201039484
2026-02-14 18:00:00,27.6,27.613197410728144,27.6,-0.013197410728142955
2026-02-14 19:00:00,27.5,27.450698114941197,27.5,0.04930188505880295
2026-02-14 20:00:00,26.9,26.94482175418953,26.9,-0.04482175418953105
2026-02-14 21:00:00,26.2,26.204579363489234,26.2,-0.004579363489234822
2026-02-14 22:00:00,25.9,25.881585559528155,25.9,0.018414440471843818
2026-02-14 23:00:00,24.6,24.636439170861895,24.6,-0.03643917086189319
2026-02-15 00:00:00,24.2,24.2305914325454,24.2,-0.030591432545399755
2026-02-15 01:00:00,24.1,24.110107808317032,24.1,-0.010107808317030731
2026-02-15 02:00:00,24.1,24.095642290945708,24.1,0.004357709054293224
2026-02-15 03:00:00,24.0,23.998557596829443,24.0,0.001442403170557327
2026-02-15 04:00:00,24.2,24.190311956917032,24.2,0.009688043082967113
2026-02-15 05:00:00,23.9,23.91501175136032,23.9,-0.015011751360322734
2026-02-15 06:00:00,23.8,23.78760964995023,23.8,0.012390350049770404
2026-02-15 07:00:00,23.8,23.826785812248595,23.8,-0.026785812248594
2026-02-15 08:00:00,25.1,25.160726330858736,25.1,-0.06072633085873491
2026-02-15 09:00:00,26.1,26.060119067434066,26.1,0.03988093256593572
2026-02-15 10:00:00,27.6,27.57321400966401,27.6,0.026785990335991272
2026-02-15 11:00:00,28.9,28.90227078183571,28.9,-0.0022707818357119436
2026-02-15 12:00:00,29.2,29.22635720754524,29.2,-0.02635720754524229
2026-02-15 13:00:00,28.7,28.633007731542946,28.7,0.06699226845705297
2026-02-15 14:00:00,29.1,29.144573887880558,29.1,-0.044573887880556384
2026-02-15 15:00:00,29.2,29.189509189886294,29.2,0.010490810113704896
2026-02-15 16:00:00,29.1,29.121534844753864,29.1,-0.02153484475386236
2026-02-15 17:00:00,28.5,28.461529798002438,28.5,0.038470201997562015
2026-02-15 18:00:00,26.6,26.572142500356705,26.6,0.027857499643296535
2026-02-15 19:00:00,27.5,27.622081743287836,27.5,-0.12208174328783628
2026-02-15 20:00:00,28.0,28.057198437487138,28.0,-0.05719843748713771
2026-02-15 21:00:00,27.5,27.453888297328586,27.5,0.04611170267141418
2026-02-15 22:00:00,27.0,26.994583153951442,27.0,0.005416846048557744
2026-02-15 23:00:00,26.9,26.91551634195022,26.9,-0.015516341950220891
2026-02-16 00:00:00,26.4,26.37567883128847,26.4,0.024321168711527008
2026-02-16 01:00:00,26.4,26.37071434044203,26.4,0.029285659557967136
2026-02-16 02:00:00,26.1,26.069176927756768,26.1,0.03082307224323344
2026-02-16 03:00:00,24.9,24.913144720616856,24.9,-0.013144720616857342
2026-02-16 04:00:00,24.6,24.609767600394324,24.6,-0.009767600394322784
2026-02-16 05:00:00,24.4,24.379733967800597,24.4,0.020266032199401707
2026-02-16 06:00:00,24.2,24.19289327958781,24.2,0.007106720412188849
2026-02-16 07:00:00,24.2,24.230536258709556,24.2,-0.030536258709556563
2026-02-16 08:00:00,24.9,24.94947099172938,24.9,-0.04947099172938252
2026-02-16 09:00:00,26.0,26.029998234391073,26.0,-0.029998234391072742
2026-02-16 10:00:00,27.5,27.535490159009626,27.5,-0.035490159009626154
2026-02-16 11:00:00,28.6,28.596589130356563,28.6,0.0034108696434387298
2026-02-16 12:00:00,27.3,27.267074675998316,27.3,0.032925324001684686
2026-02-16 13:00:00,28.2,28.219925743908476,28.2,-0.01992574390847679
2026-02-16 14:00:00,27.0,27.029378916551728,27.0,-0.029378916551728196
2026-02-16 15:00:00,27.5,27.480710079339715,27.5,0.019289920660284565
2026-02-16 16:00:00,27.2,27.202560607176505,27.2,-0.002560607176505414
2026-02-16 17:00:00,27.0,26.997270644183462,27.0,0.0027293558165375487
2026-02-16 18:00:00,26.6,26.58081543538635,26.6,0.01918456461365281
2026-02-16 19:00:00,26.5,26.472547886710338,26.5,0.02745211328966235
2026-02-16 20:00:00,26.4,26.37840099063624,26.4,0.021599009363757915
2026-02-16 21:00:00,25.9,25.890328976951555,25.9,0.009671023048444027
2026-02-16 22:00:00,25.6,25.583276630045937,25.6,0.016723369954064538
2026-02-16 23:00:00,25.1,25.10092188683462,25.1,-0.0009218868346181353
2026-02-17 00:00:00,25.0,25.0061120234234,25.0,-0.006112023423398227
2026-02-17 01:00:00,24.9,24.920893547067767,24.9,-0.020893547067768026
2026-02-17 02:00:00,24.8,24.785106227689134,24.8,0.014893772310866638
2026-02-17 03:00:00,24.5,24.49484001892239,24.5,0.005159981077611064
2026-02-17 04:00:00,24.4,24.404805167220204,24.4,-0.0048051672202049645
2026-02-17 05:00:00,24.1,24.10610936573601,24.1,-0.006109365736008954
2026-02-17 06:00:00,23.8,23.798719835746507,23.8,0.001280164253493865
2026-02-17 07:00:00,24.5,24.52663315961608,24.5,-0.026633159616078927
2026-02-17 08:00:00,25.9,25.88540196485382,25.9,0.014598035146178745
2026-02-17 09:00:00,27.5,27.52351439448438,27.5,-0.023514394484379864
2026-02-17 10:00:00,28.6,28.697820302157222,28.6,-0.0978203021572206
2026-02-17 11:00:00,29.0,29.05786980020894,29.0,-0.05786980020894106
2026-02-17 12:00:00,28.8,28.74559669725919,28.8,0.05440330274080907
2026-02-17 13:00:00,28.9,28.911537928350274,28.9,-0.01153792835027545
2026-02-17 14:00:00,29.1,29.14861150521416,29.1,-0.0486115052141578
2026-02-17 15:00:00,26.6,26.53372366738082,26.6,0.0662763326191822
2026-02-17 16:00:00,26.5,26.503841129132148,26.5,-0.003841129132148069
2026-02-17 17:00:00,26.6,26.635782782217095,26.6,-0.03578278221709397
2026-02-17 18:00:00,26.3,26.336370914615877,26.3,-0.03637091461587616
2026-02-17 19:00:00,26.2,26.171376250686457,26.2,0.02862374931354239
2026-02-17 20:00:00,26.4,26.41708092111964,26.4,-0.017080921119642767
2026-02-17 21:00:00,26.3,26.301968291364666,26.3,-0.0019682913646654754
2026-02-17 22:00:00,26.3,26.250835495869964,26.3,0.04916450413003659
2026-02-17 23:00:00,26.3,26.278997985380126,26.3,0.021002014619874387
2026-02-18 00:00:00,26.1,26.092004964047902,26.1,0.007995035952099272
2026-02-18 01:00:00,26.0,26.01079424407574,26.0,-0.010794244075739812
2026-02-18 02:00:00,25.8,25.82432306556075,25.8,-0.02432306556075048
2026-02-18 03:00:00,25.2,25.221604938775414,25.2,-0.021604938775414695
2026-02-18 04:00:00,24.7,24.704076126287116,24.7,-0.004076126287117177
2026-02-18 05:00:00,25.0,24.984727792076587,25.0,0.015272207923413106
2026-02-18 06:00:00,24.8,24.786210490380643,24.8,0.013789509619357432
2026-02-18 07:00:00,24.0,23.999420540681044,24.0,0.0005794593189563102
2026-02-18 08:00:00,24.4,24.384103316285195,24.4,0.015896683714803572
2026-02-18 09:00:00,26.1,26.108700524586663,26.1,-0.008700524586661373
2026-02-18 10:00:00,27.2,27.129606431274695,27.2,0.07039356872530433
2026-02-18 11:00:00,28.6,28.582564106941312,28.6,0.01743589305868909
2026-02-18 12:00:00,29.0,29.08447234932755,29.0,-0.08447234932755165
2026-02-18 13:00:00,28.1,28.10658774068679,28.1,-0.0065877406867898
2026-02-18 14:00:00,28.4,28.317196808296085,28.4,0.08280319170391337
2026-02-18 15:00:00,28.8,28.82116788964379,28.8,-0.02116788964378813
2026-02-18 16:00:00,28.4,28.375275256573005,28.4,0.02472474342699371
2026-02-18 17:00:00,28.5,28.417691353208433,28.5,0.08230864679156724
2026-02-18 18:00:00,27.9,27.86939837459522,27.9,0.03060162540477762
2026-02-18 19:00:00,27.5,27.45622548152572,27.5,0.04377451847427949
2026-02-18 20:00:00,26.6,26.610351922452985,26.6,-0.010351922452983331
2026-02-18 21:00:00,26.1,26.096065770684106,26.1,0.003934229315895266
2026-02-18 22:00:00,26.1,26.10064652920871,26.1,-0.0006465292087085572
2026-02-18 23:00:00,26.0,26.004480277947426,26.0,-0.0044802779474260035
2026-02-19 00:00:00,26.0,26.024667867650926,26.0,-0.024667867650926212
2026-02-19 01:00:00,26.0,26.023218408332212,26.0,-0.023218408332212448
2026-02-19 02:00:00,25.3,25.2876482077184,25.3,0.012351792281599216
2026-02-19 03:00:00,24.5,24.515106199736092,24.5,-0.015106199736091952
2026-02-19 04:00:00,23.9,23.924513836997335,23.9,-0.024513836997336114
2026-02-19 05:00:00,23.6,23.609259522876606,23.6,-0.009259522876604365
2026-02-19 06:00:00,23.0,23.006851896944077,23.0,-0.006851896944077396
2026-02-19 07:00:00,24.3,24.346494320451814,24.3,-0.046494320451813564
2026-02-19 08:00:00,25.2,25.236560228332923,25.2,-0.03656022833292383
2026-02-19 09:00:00,25.8,25.922969229629572,25.8,-0.12296922962957169
2026-02-19 10:00:00,26.3,26.278696696010787,26.3,0.021303303989213873
2026-02-19 11:00:00,27.4,27.344607503535194,27.4,0.05539249646480471
2026-02-19 12:00:00,28.6,28.519875344893624,28.6,0.08012465510637767
2026-02-19 13:00:00,26.9,26.93322703084831,26.9,-0.03322703084831247
2026-02-19 14:00:00,26.0,26.01592236857479,26.0,-0.015922368574788237
2026-02-19 15:00:00,26.0,25.995319623458727,26.0,0.00468037654127329
2026-02-19 16:00:00,26.5,26.500473024201362,26.5,-0.00047302420136219325
2026-02-19 17:00:00,25.3,25.291295599691935,25.3,0.00870440030806563
2026-02-19 18:00:00,25.0,24.97478909960448,25.0,0.025210900395521207
2026-02-19 19:00:00,25.5,25.537134305826605,25.5,-0.03713430582660493
2026-02-19 20:00:00,25.1,25.095623929670243,25.1,0.004376070329758619
2026-02-19 21:00:00,24.6,24.603339352006586,24.6,-0.0033393520065843063
2026-02-19 22:00:00,24.4,24.402990463001583,24.4,-0.0029904630015842315
2026-02-19 23:00:00,23.9,23.905757781053193,23.9,-0.005757781053194577
2026-02-20 00:00:00,23.5,23.46932622050035,23.5,0.030673779499650777
2026-02-20 01:00:00,23.8,23.837835662028972,23.8,-0.037835662028971484
2026-02-20 02:00:00,23.8,23.773895051530072,23.8,0.0261049484699285
2026-02-20 03:00:00,24.0,23.98712367878848,24.0,0.012876321211521713
2026-02-20 04:00:00,23.8,23.81693161743042,23.8,-0.016931617430419266
2026-02-20 05:00:00,23.0,22.995576859309033,23.0,0.0044231406909673865
2026-02-20 06:00:00,22.9,22.900489426130637,22.9,-0.000489426130638293
2026-02-20 07:00:00,24.2,24.19231944532866,24.2,0.0076805546713387685
2026-02-20 08:00:00,24.5,24.526972119910354,24.5,-0.02697211991035431
2026-02-20 09:00:00,25.6,25.759646537601537,25.6,-0.15964653760153524
2026-02-20 10:00:00,26.5,26.605591080361467,26.5,-0.10559108036146725
2026-02-20 11:00:00,28.1,28.035717279948226,28.1,0.06428272005177504
2026-02-20 12:00:00,28.6,28.66607226411277,28.6,-0.06607226411276912
2026-02-20 13:00:00,29.2,29.159539600236823,29.2,0.040460399763176724
2026-02-20 14:00:00,28.3,28.446361916509918,28.3,-0.14636191650991748
2026-02-20 15:00:00,28.5,28.63622350414801,28.5,-0.13622350414800977
2026-02-20 16:00:00,28.0,28.048973992821498,28.0,-0.04897399282149806
2026-02-20 17:00:00,27.2,27.214567972259907,27.2,-0.014567972259907691
2026-02-20 18:00:00,26.9,26.815033786097253,26.9,0.08496621390274584
2026-02-20 19:00:00,26.6,26.57507285401154,26.6,0.024927145988460353
2026-02-20 20:00:00,26.5,26.505826285875283,26.5,-0.005826285875283332
2026-02-20 21:00:00,25.9,25.910973587970258,25.9,-0.010973587970259047
2026-02-20 22:00:00,25.5,25.49992820800858,25.5,7.179199142015591e-05
2026-02-20 23:00:00,25.5,25.480841956656356,25.5,0.019158043343644238
2026-02-21 00:00:00,25.2,25.192361274511175,25.2,0.007638725488824605
2026-02-21 01:00:00,25.2,25.19667204233149,25.2,0.0033279576685103507
2026-02-21 02:00:00,25.2,25.192150168731096,25.2,0.007849831268902818
2026-02-21 03:00:00,25.2,25.215213529576626,25.2,-0.015213529576627138
2026-02-21 04:00:00,24.9,24.88126553798255,24.9,0.01873446201744855
2026-02-21 05:00:00,24.5,24.506278517960915,24.5,-0.006278517960915053
2026-02-21 06:00:00,24.5,24.48083690585703,24.5,0.01916309414297146
2026-02-21 07:00:00,25.4,25.42360575028293,25.4,-0.023605750282932547
2026-02-21 08:00:00,26.8,26.71563128235234,26.8,0.08436871764765996
2026-02-21 09:00:00,27.8,27.76072144955945,27.8,0.03927855044054951
2026-02-21 10:00:00,28.0,27.993620147880986,28.0,0.006379852119014373
2026-02-21 11:00:00,28.2,28.17346016349995,28.2,0.02653983650004932
2026-02-21 12:00:00,29.8,29.694097449747495,29.8,0.10590255025250528
2026-02-21 13:00:00,29.6,29.587623725512323,29.6,0.012376274487678529
2026-02-21 14:00:00,28.4,28.396073763835098,28.4,0.003926236164900843
2026-02-21 15:00:00,28.8,28.772976622161075,28.8,0.027023377838926166
2026-02-21 16:00:00,28.6,28.654907062792944,28.6,-0.05490706279294244
2026-02-21 17:00:00,28.4,28.41712777085614,28.4,-0.017127770856141922
2026-02-21 18:00:00,26.1,26.056174477240603,26.1,0.04382552275939844
2026-02-21 19:00:00,25.6,25.618011811658462,25.6,-0.018011811658460886
2026-02-21 20:00:00,25.4,25.409583447707245,25.4,-0.009583447707246506
2026-02-21 21:00:00,25.0,24.99564404299314,25.0,0.004355957006861644
2026-02-21 22:00:00,24.8,24.79850978495466,24.8,0.001490215045340193
2026-02-21 23:00:00,24.4,24.386622230882235,24.4,0.01337776911776345
2026-02-22 00:00:00,23.9,23.897523077272545,23.9,0.002476922727453257
2026-02-22 01:00:00,24.2,24.188236859431395,24.2,0.011763140568604058
2026-02-22 02:00:00,24.4,24.376052538946425,24.4,0.023947461053573704
2026-02-22 03:00:00,24.4,24.410524882220763,24.4,-0.010524882220764198
2026-02-22 04:00:00,24.0,23.99579097056067,24.0,0.004209029439330436
2026-02-22 05:00:00,23.8,23.792556742609868,23.8,0.007443257390132629
2026-02-22 06:00:00,23.5,23.500946150551236,23.5,-0.0009461505512362578
2026-02-22 07:00:00,23.8,23.813619355826624,23.8,-0.013619355826623547
2026-02-22 08:00:00,24.2,24.207450915122795,24.2,-0.0074509151227957204
2026-02-22 09:00:00,25.8,25.82936993165459,25.8,-0.02936993165458901
2026-02-22 10:00:00,26.8,26.71287829946059,26.8,0.08712170053940937
2026-02-22 11:00:00,28.4,28.42637250718152,28.4,-0.026372507181520177
2026-02-22 12:00:00,29.5,29.514955965335243,29.5,-0.014955965335243349
2026-02-22 13:00:00,30.3,30.29337566351391,30.3,0.006624336486090954
2026-02-22 14:00:00,28.8,28.70431886636044,28.8,0.09568113363956243
2026-02-22 15:00:00,27.1,27.129867468103697,27.1,-0.02986746810369567
2026-02-22 16:00:00,26.3,26.296965299908244,26.3,0.003034700091756548
2026-02-22 17:00:00,24.6,24.614649067867575,24.6,-0.014649067867573251
2026-02-22 18:00:00,24.5,24.502204293746765,24.5,-0.002204293746764563
2026-02-22 19:00:00,26.1,26.092240889246273,26.1,0.007759110753728038
2026-02-22 20:00:00,25.6,25.612078189862427,25.6,-0.012078189862425148
2026-02-22 21:00:00,25.3,25.317698197616867,25.3,-0.017698197616866196
2026-02-22 22:00:00,25.0,25.013547963626596,25.0,-0.013547963626596271
2026-02-22 23:00:00,24.2,24.183973051016185,24.2,0.016026948983814293
2026-02-23 00:00:00,23.9,23.914128731960112,23.9,-0.014128731960113328
2026-02-23 01:00:00,24.3,24.29728964592388,24.3,0.002710354076121746
2026-02-23 02:00:00,24.0,24.012916965180928,24.0,-0.012916965180927775
2026-02-23 03:00:00,23.8,23.790145375847455,23.8,0.009854624152545455
2026-02-23 04:00:00,23.8,23.794888362848063,23.8,0.005111637151937742
2026-02-23 05:00:00,23.5,23.50703406810974,23.5,-0.007034068109739167
2026-02-23 06:00:00,23.5,23.49642746214994,23.5,0.003572537850061508
2026-02-23 07:00:00,23.5,23.496925112799005,23.5,0.0030748872009951356
2026-02-23 08:00:00,23.5,23.507455554748674,23.5,-0.007455554748673876
2026-02-23 09:00:00,24.5,24.467329677525495,24.5,0.0326703224745053
2026-02-23 10:00:00,26.0,25.968651435179595,26.0,0.031348564820405045
2026-02-23 11:00:00,27.3,27.366229996701424,27.3,-0.06622999670142349
2026-02-23 12:00:00,27.6,27.566751747802492,27.6,0.03324825219750949
2026-02-23 13:00:00,27.2,27.163179796277973,27.2,0.036820203722026434
2026-02-23 14:00:00,27.8,27.76934567021324,27.8,0.03065432978675986
2026-02-23 15:00:00,28.0,28.049748712862733,28.0,-0.04974871286273341
2026-02-23 16:00:00,28.0,28.003314620795717,28.0,-0.0033146207957166496
2026-02-23 17:00:00,28.0,28.030152942101306,28.0,-0.03015294210130648
2026-02-23 18:00:00,27.3,27.297425138173157,27.3,0.002574861826843744
2026-02-23 19:00:00,26.0,25.963920626347242,26.0,0.036079373652757596
2026-02-23 20:00:00,25.8,25.80251149718106,25.8,-0.0025114971810609177
2026-02-23 21:00:00,25.5,25.494648613054174,25.5,0.005351386945825709
2026-02-23 22:00:00,25.1,25.086525640684844,25.1,0.013474359315157614
2026-02-23 23:00:00,25.2,25.19271126474973,25.2,0.007288735250270406
2026-02-24 00:00:00,25.4,25.413938715156213,25.4,-0.013938715156214698
2026-02-24 01:00:00,25.2,25.192779539938535,25.2,0.007220460061464706
2026-02-24 02:00:00,25.0,25.00973593048708,25.0,-0.009735930487078548
2026-02-24 03:00:00,24.8,24.80250826128521,24.8,-0.0025082612852109776
2026-02-24 04:00:00,24.6,24.602042864785236,24.6,-0.0020428647852348547
2026-02-24 05:00:00,24.6,24.59935741178387,24.6,0.000642588216130946
2026-02-24 06:00:00,24.4,24.400300211384604,24.4,-0.0003002113846051202
2026-02-24 07:00:00,24.0,24.037230204514508,24.0,-0.03723020451450765
2026-02-24 08:00:00,25.9,25.926318618515058,25.9,-0.026318618515059455
2026-02-24 09:00:00,26.0,25.974687587617108,26.0,0.025312412382891836
2026-02-24 10:00:00,27.5,27.583571526874543,27.5,-0.08357152687454317
2026-02-24 11:00:00,29.6,29.61562931369534,29.6,-0.01562931369533871
2026-02-24 12:00:00,30.5,30.466256942485234,30.5,0.033743057514765695
2026-02-24 13:00:00,30.1,30.1866968607801,30.1,-0.08669686078009775
2026-02-24 14:00:00,29.8,29.87480067158798,29.8,-0.07480067158797965
2026-02-24 15:00:00,29.3,29.35561827756253,29.3,-0.05561827756253024
2026-02-24 16:00:00,29.0,29.013639461734464,29.0,-0.01363946173446351
2026-02-24 17:00:00,28.6,28.562386951973856,28.6,0.03761304802614518
2026-02-24 18:00:00,27.8,27.77642642873767,27.8,0.023573571262332393
2026-02-24 19:00:00,27.0,26.985738477672058,27.0,0.014261522327942089
2026-02-24 20:00:00,26.7,26.664929038832252,26.7,0.03507096116774733
2026-02-24 21:00:00,26.5,26.514736610587775,26.5,-0.01473661058777509
2026-02-24 22:00:00,26.5,26.486399235358984,26.5,0.013600764641015672
2026-02-24 23:00:00,26.2,26.198967399609945,26.2,0.0010326003900544833
2026-02-25 00:00:00,25.9,25.885131025314227,25.9,0.014868974685771974
2026-02-25 01:00:00,26.2,26.170879296706254,26.2,0.02912070329374572
2026-02-25 02:00:00,26.0,26.001304834034144,26.0,-0.0013048340341441644
2026-02-25 03:00:00,25.9,25.92318850754774,25.9,-0.023188507547740045
2026-02-25 04:00:00,25.5,25.50149808068734,25.5,-0.0014980806873410302
2026-02-25 05:00:00,25.2,25.20665239753549,25.2,-0.00665239753548974
2026-02-25 06:00:00,25.0,24.996984576464243,25.0,0.0030154235357571224
2026-02-25 07:00:00,26.2,26.20955317645295,26.2,-0.009553176452950396
2026-02-25 08:00:00,27.4,27.340173218494883,27.4,0.05982678150511589
2026-02-25 09:00:00,29.4,29.328121446183946,29.4,0.07187855381605246
2026-02-25 10:00:00,30.4,30.451955372961088,30.4,-0.0519553729610891
2026-02-25 11:00:00,31.4,31.352103793329015,31.4,0.04789620667098404
2026-02-25 12:00:00,31.3,31.260504561783073,31.3,0.039495438216928136
2026-02-25 13:00:00,32.2,32.23219667257746,32.2,-0.03219667257745584
2026-02-25 14:00:00,32.5,32.426308697871924,32.5,0.07369130212807562
2026-02-25 15:00:00,32.2,32.19777923441226,32.2,0.002220765587743756
2026-02-25 16:00:00,31.4,31.2852141982821,31.4,0.11478580171789687
2026-02-25 17:00:00,29.8,29.83048114684968,29.8,-0.03048114684968084
2026-02-25 18:00:00,28.9,28.722150994540417,28.9,0.17784900545958138
2026-02-25 19:00:00,28.4,28.43866649663325,28.4,-0.03866649663325106
2026-02-25 20:00:00,28.0,27.96992950005831,28.0,0.030070499941690088
2026-02-25 21:00:00,27.5,27.487469814005657,27.5,0.012530185994343412
2026-02-25 22:00:00,27.0,27.001572664331693,27.0,-0.0015726643316931188
2026-02-25 23:00:00,26.5,26.482950668789304,26.5,0.017049331210696295
2026-02-26 00:00:00,26.0,25.999111149080804,26.0,0.0008888509191962157
2026-02-26 01:00:00,26.4,26.444929855737033,26.4,-0.044929855737034785
2026-02-26 02:00:00,26.3,26.272229187566662,26.3,0.027770812433338676
2026-02-26 03:00:00,26.1,26.07773053829891,26.1,0.022269461701093007
2026-02-26 04:00:00,26.2,26.18025867242975,26.2,0.019741327570248046
2026-02-26 05:00:00,25.7,25.69125702096643,25.7,0.008742979033570464
2026-02-26 06:00:00,25.5,25.492589409861687,25.5,0.0074105901383134665
2026-02-26 07:00:00,26.6,26.672028048491352,26.6,-0.07202804849135092
2026-02-26 08:00:00,27.9,27.738647108197146,27.9,0.16135289180285284
2026-02-26 09:00:00,29.4,29.31734389735473,29.4,0.08265610264527012
2026-02-26 10:00:00,30.1,30.136313962718823,30.1,-0.03631396271882181
2026-02-26 11:00:00,31.2,31.192136568576736,31.2,0.007863431423263734
2026-02-26 12:00:00,31.6,31.578474009238914,31.6,0.021525990761087854
2026-02-26 13:00:00,31.0,30.999699003331713,31.0,0.0003009966682867571
2026-02-26 14:00:00,31.5,31.505345211813225,31.5,-0.005345211813224893
2026-02-26 15:00:00,31.0,31.06228957060932,31.0,-0.06228957060931961
2026-02-26 16:00:00,30.7,30.65197723075447,30.7,0.04802276924553084
2026-02-26 17:00:00,29.8,29.725461869147868,29.8,0.07453813085213312
2026-02-26 18:00:00,28.7,28.64442720438456,28.7,0.05557279561543993
2026-02-26 19:00:00,28.2,28.206216483067102,28.2,-0.006216483067102985
2026-02-26 20:00:00,28.0,27.987811263450293,28.0,0.012188736549706647
2026-02-26 21:00:00,27.6,27.58795029198372,27.6,0.012049708016281357
2026-02-26 22:00:00,27.2,27.150946594744962,27.2,0.04905340525503732
2026-02-26 23:00:00,26.9,26.90999706530916,26.9,-0.009997065309161002
2026-02-27 00:00:00,26.5,26.50198054681423,26.5,-0.001980546814230877
2026-02-27 01:00:00,26.0,25.99492950767834,26.0,0.00507049232166068
2026-02-27 02:00:00,25.5,25.474818580966996,25.5,0.02518141903300375
2026-02-27 03:00:00,25.2,25.196476717942474,25.2,0.003523282057525279
2026-02-27 04:00:00,25.2,25.21830669934429,25.2,-0.018306699344289967
2026-02-27 05:00:00,25.0,25.009603442329563,25.0,-0.00960344232956345
2026-02-27 06:00:00,24.7,24.685024290303133,24.7,0.014975709696866346
2026-02-27 07:00:00,25.6,25.67045227816583,25.6,-0.07045227816582766
2026-02-27 08:00:00,25.4,25.462656219869782,25.4,-0.06265621986978331
2026-02-27 09:00:00,25.2,25.19366723133154,25.2,0.006332768668460886
2026-02-27 10:00:00,26.1,26.068419899231102,26.1,0.031580100768898944
2026-02-27 11:00:00,27.0,27.05356394612506,27.0,-0.05356394612505966
2026-02-27 12:00:00,26.2,26.23419139113405,26.2,-0.03419139113405123
2026-02-27 13:00:00,27.5,27.463229316125812,27.5,0.03677068387418814
2026-02-27 14:00:00,27.6,27.544959222224804,27.6,0.055040777775197114
2026-02-27 15:00:00,28.0,28.116125123132875,28.0,-0.11612512313287482
2026-02-27 16:00:00,28.2,28.220966706282724,28.2,-0.020966706282724346
2026-02-27 17:00:00,27.8,27.779717283878007,27.8,0.020282716121993616
2026-02-27 18:00:00,26.8,26.882008498693978,26.8,-0.08200849869397686
2026-02-27 19:00:00,27.3,27.26146286996386,27.3,0.0385371300361399
2026-02-27 20:00:00,27.1,27.023043147445502,27.1,0.07695685255449902
2026-02-27 21:00:00,27.0,26.945390178311577,27.0,0.05460982168842321
2026-02-27 22:00:00,27.0,26.961913511944122,27.0,0.03808648805587822
2026-02-27 23:00:00,26.8,26.78565276388035,26.8,0.01434723611965083
2026-02-28 00:00:00,26.5,26.48164013845333,26.5,0.018359861546670686
2026-02-28 01:00:00,26.4,26.392496170350203,26.4,0.00750382964979579
2026-02-28 02:00:00,26.4,26.36170720768388,26.4,0.03829279231611693
2026-02-28 03:00:00,25.9,25.884877611139725,25.9,0.015122388860273617
2026-02-28 04:00:00,25.6,25.599920186756115,25.6,7.981324388595112e-05
2026-02-28 05:00:00,25.2,25.194130606399607,25.2,0.005869393600391959
2026-02-28 06:00:00,24.8,24.809535156169073,24.8,-0.009535156169071968
2026-02-28 07:00:00,26.0,25.99210833469446,26.0,0.00789166530553942
2026-02-28 08:00:00,26.8,26.948073141707198,26.8,-0.1480731417071972
2026-02-28 09:00:00,27.8,27.729248915292565,27.8,0.0707510847074353
2026-02-28 10:00:00,29.6,29.63116529949845,29.6,-0.03116529949844704
2026-02-28 11:00:00,30.7,30.732416784588683,30.7,-0.032416784588683356
2026-02-28 12:00:00,31.4,31.42968032074893,31.4,-0.029680320748930455
2026-02-28 13:00:00,29.7,29.870042444424147,29.7,-0.17004244442414773
2026-02-28 14:00:00,29.1,29.159767433239075,29.1,-0.05976743323907385
2026-02-28 15:00:00,28.7,28.817899636926917,28.7,-0.11789963692691785
2026-02-28 16:00:00,27.5,27.48334024869797,27.5,0.016659751302029235
2026-02-28 17:00:00,27.8,27.815726824778306,27.8,-0.015726824778305115
2026-02-28 18:00:00,27.5,27.463353267499752,27.5,0.03664673250024819
2026-02-28 19:00:00,27.1,27.07336274281885,27.1,0.026637257181150176
2026-02-28 20:00:00,26.8,26.789991520584596,26.8,0.010008479415404281
2026-02-28 21:00:00,26.5,26.51811409417392,26.5,-0.018114094173920847
2026-02-28 22:00:00,26.4,26.41486641345726,26.4,-0.014866413457262695
2026-02-28 23:00:00,26.2,26.213421370732718,26.2,-0.01342137073271843
2026-03-01 00:00:00,26.0,25.989618144044833,26.0,0.010381855955166941
2026-03-01 01:00:00,26.2,26.198814321283407,26.2,0.0011856787165918092
2026-03-01 02:00:00,26.1,26.106672876034477,26.1,-0.006672876034475195
2026-03-01 03:00:00,25.9,25.91238561596563,25.9,-0.012385615965630592
2026-03-01 04:00:00,25.5,25.48008904394928,25.5,0.01991095605071891
2026-03-01 05:00:00,25.5,25.498363025191342,25.5,0.0016369748086582092
2026-03-01 06:00:00,25.4,25.388184339477952,25.4,0.0118156605220463
2026-03-01 07:00:00,26.2,26.21392339068779,26.2,-0.013923390687789805
2026-03-01 08:00:00,27.6,27.542780955107183,27.6,0.05721904489281826
2026-03-01 09:00:00,29.1,28.9972244607071,29.1,0.10277553929290306
2026-03-01 10:00:00,30.2,30.3014218471667,30.2,-0.10142184716670144
2026-03-01 11:00:00,30.9,30.889894802413227,30.9,0.010105197586771197
2026-03-01 12:00:00,31.5,31.488023477329488,31.5,0.011976522670511969
2026-03-01 13:00:00,32.2,32.26905356034916,32.2,-0.069053560349154
2026-03-01 14:00:00,29.2,29.325924917427066,29.2,-0.12592491742706713
2026-03-01 15:00:00,28.7,28.870614480554963,28.7,-0.17061448055496342
2026-03-01 16:00:00,28.2,28.217985114181808,28.2,-0.01798511418180837
2026-03-01 17:00:00,28.0,27.99906687123501,28.0,0.0009331287649914088
2026-03-01 18:00:00,27.8,27.792362240935155,27.8,0.00763775906484554
2026-03-01 19:00:00,27.9,27.869683325241624,27.9,0.030316674758374518
2026-03-01 20:00:00,27.2,27.203522667715298,27.2,-0.003522667715298411
2026-03-01 21:00:00,26.8,26.820056221384863,26.8,-0.020056221384862738
2026-03-01 22:00:00,26.3,26.315946974633327,26.3,-0.015946974633326505
2026-03-01 23:00:00,26.1,26.06082880751228,26.1,0.039171192487721385
2026-03-02 00:00:00,25.9,25.891549737590555,25.9,0.008450262409443354
2026-03-02 01:00:00,26.4,26.36481111643257,26.4,0.035188883567428775
2026-03-02 02:00:00,26.1,26.060029037734203,26.1,0.039970962265797993
2026-03-02 03:00:00,25.9,25.88978870959115,25.9,0.010211290408847162
2026-03-02 04:00:00,25.9,25.870740465237436,25.9,0.029259534762562822
2026-03-02 05:00:00,25.1,25.111357267823262,25.1,-0.011357267823260742
2026-03-02 06:00:00,24.9,24.896635784072867,24.9,0.003364215927131653
2026-03-02 07:00:00,26.1,26.070730506003937,26.1,0.02926949399606471
2026-03-02 08:00:00,27.1,27.084008956774056,27.1,0.015991043225945134
2026-03-02 09:00:00,28.5,28.52622628467616,28.5,-0.026226284676159395
2026-03-02 10:00:00,29.6,29.60024136181539,29.6,-0.00024136181538736423
2026-03-02 11:00:00,30.0,30.0477212348,30.0,-0.0477212348000009
2026-03-02 12:00:00,29.2,29.220076126474886,29.2,-0.02007612647488699
2026-03-02 13:00:00,26.8,26.715264274504932,26.8,0.08473572549506869
2026-03-02 14:00:00,27.5,27.4533293671753,27.5,0.046670632824699965
2026-03-02 15:00:00,27.1,27.154799997048453,27.1,-0.05479999704845184
2026-03-02 16:00:00,26.9,26.89128059747215,26.9,0.00871940252784853
2026-03-02 17:00:00,26.7,26.676410106530433,26.7,0.023589893469566192
2026-03-02 18:00:00,26.3,26.324630248530728,26.3,-0.024630248530726817
2026-03-02 19:00:00,26.8,26.792553327948955,26.8,0.007446672051045766
2026-03-02 20:00:00,26.5,26.549860587287696,26.5,-0.04986058728769649
2026-03-02 21:00:00,26.1,26.076099528472934,26.1,0.023900471527067424
2026-03-02 22:00:00,26.0,25.993981399422903,26.0,0.006018600577096578
2026-03-02 23:00:00,25.5,25.46672212845624,25.5,0.03327787154375983
2026-03-03 00:00:00,25.4,25.378006888457623,25.4,0.021993111542375487
2026-03-03 01:00:00,25.5,25.49195204859393,25.5,0.008047951406069842
2026-03-03 02:00:00,25.4,25.392081377986685,25.4,0.007918622013313836
2026-03-03 03:00:00,24.9,24.903978038251207,24.9,-0.00397803825120846
2026-03-03 04:00:00,24.3,24.328564149757252,24.3,-0.0285641497572513
2026-03-03 05:00:00,24.5,24.483356743487,24.5,0.01664325651299947
2026-03-03 06:00:00,23.8,23.810972069436005,23.8,-0.010972069436004261
2026-03-03 07:00:00,25.3,25.29695088534437,25.3,0.003049114655631513
2026-03-03 08:00:00,25.1,25.141808823035753,25.1,-0.041808823035751175
2026-03-03 09:00:00,24.2,24.264354461290687,24.2,-0.06435446129068723
2026-03-03 10:00:00,25.0,25.02757442308576,25.0,-0.027574423085759747
2026-03-03 11:00:00,27.2,27.171644132429652,27.2,0.02835586757034747
2026-03-03 12:00:00,29.5,29.415319979246107,29.5,0.08468002075389336
2026-03-03 13:00:00,30.5,30.549798599734956,30.5,-0.04979859973495593
2026-03-03 14:00:00,26.9,27.066969109240546,26.9,-0.1669691092405472
2026-03-03 15:00:00,26.6,26.609076016889368,26.6,-0.009076016889366656
2026-03-03 16:00:00,28.6,28.595919449142205,28.6,0.004080550857796794
2026-03-03 17:00:00,28.1,28.134910851351773,28.1,-0.0349108513517713
2026-03-03 18:00:00,27.5,27.466277041296443,27.5,0.03372295870355657
2026-03-03 19:00:00,26.5,26.494944006623545,26.5,0.005055993376455348
2026-03-03 20:00:00,26.0,26.000446142778788,26.0,-0.0004461427787880723
2026-03-03 21:00:00,25.5,25.487840643693193,25.5,0.012159356306806757
2026-03-03 22:00:00,25.4,25.375357420766004,25.4,0.024642579233994155
2026-03-03 23:00:00,25.0,25.00887821127754,25.0,-0.008878211277540515
2026-03-04 00:00:00,24.9,24.898422823176023,24.9,0.0015771768239751793
2026-03-04 01:00:00,25.2,25.187117492764077,25.2,0.012882507235921992
2026-03-04 02:00:00,25.4,25.368740713910157,25.4,0.031259286089841964
2026-03-04 03:00:00,25.1,25.11922741171385,25.1,-0.019227411713849563
2026-03-04 04:00:00,24.8,24.82667645081668,24.8,-0.02667645081668013
2026-03-04 05:00:00,24.6,24.6097764666403,24.6,-0.009776466640300185
2026-03-04 06:00:00,24.5,24.50368232224817,24.5,-0.0036823222481707774
2026-03-04 07:00:00,25.2,25.173182427835748,25.2,0.026817572164251402
2026-03-04 08:00:00,26.5,26.556711446222447,26.5,-0.05671144622244739
2026-03-04 09:00:00,27.3,27.2892341235231,27.3,0.010765876476899194
2026-03-04 10:00:00,28.8,28.81573645149232,28.8,-0.015736451492319503
2026-03-04 11:00:00,29.9,29.901492675993108,29.9,-0.0014926759931093159
2026-03-04 12:00:00,29.9,29.891116876086677,29.9,0.008883123913321356
2026-03-04 13:00:00,30.6,30.553411336465285,30.6,0.0465886635347168
2026-03-04 14:00:00,28.2,28.214717857194834,28.2,-0.014717857194835204
2026-03-04 15:00:00,27.1,27.18374926598398,27.1,-0.08374926598397892
2026-03-04 16:00:00,27.1,27.125748863905564,27.1,-0.025748863905562303
2026-03-04 17:00:00,27.6,27.648597393064517,27.6,-0.04859739306451516
2026-03-04 18:00:00,27.0,26.98327651716653,27.0,0.016723482833469916
2026-03-04 19:00:00,26.0,26.014379013557782,26.0,-0.014379013557782372
2026-03-04 20:00:00,25.2,25.229049507374263,25.2,-0.02904950737426404
2026-03-04 21:00:00,25.0,24.986713027593463,25.0,0.013286972406536535
2026-03-04 22:00:00,24.9,24.892267711140658,24.9,0.007732288859340741
2026-03-04 23:00:00,25.0,24.98017824115801,25.0,0.019821758841988668
2026-03-05 00:00:00,24.8,24.785682804328957,24.8,0.014317195671043947
2026-03-05 01:00:00,25.1,25.09759137841552,25.1,0.0024086215844825176
2026-03-05 02:00:00,25.0,25.00329791393825,25.0,-0.0032979139382511846
2026-03-05 03:00:00,24.9,24.911609187546457,24.9,-0.011609187546458344
2026-03-05 04:00:00,24.9,24.902978687550487,24.9,-0.002978687550488246
2026-03-05 05:00:00,25.4,25.404080306863293,25.4,-0.00408030686329397
2026-03-05 06:00:00,25.2,25.183102706388166,25.2,0.016897293611833675
2026-03-05 07:00:00,26.0,26.010003578989686,26.0,-0.010003578989685735
2026-03-05 08:00:00,26.6,26.583591125815584,26.6,0.0164088741844175
2026-03-05 09:00:00,28.0,28.05668695283266,28.0,-0.0566869528326599
2026-03-05 10:00:00,29.1,29.13496854369738,29.1,-0.034968543697377896
2026-03-05 11:00:00,27.8,27.751584025656104,27.8,0.04841597434389655
2026-03-05 12:00:00,28.5,28.49161255794295,28.5,0.008387442057049554
2026-03-05 13:00:00,27.5,27.534349417754676,27.5,-0.034349417754675926
2026-03-05 14:00:00,27.8,27.883826131496647,27.8,-0.08382613149664664
2026-03-05 15:00:00,27.4,27.343584733124878,27.4,0.05641526687512055
2026-03-05 16:00:00,27.8,27.820522543720713,27.8,-0.020522543720712605
2026-03-05 17:00:00,27.1,27.072167558558807,27.1,0.02783244144119479
2026-03-05 18:00:00,26.0,25.989410917037386,26.0,0.010589082962614071
2026-03-05 19:00:00,26.2,26.227547137400922,26.2,-0.02754713740092285
2026-03-05 20:00:00,26.1,26.08496089517737,26.1,0.015039104822630378
2026-03-05 21:00:00,25.7,25.69156873038666,25.7,0.00843126961333951
2026-03-05 22:00:00,25.5,25.48562722795635,25.5,0.014372772043650173
2026-03-05 23:00:00,25.1,25.105806295432625,25.1,-0.005806295432623898
2026-03-06 00:00:00,24.7,24.69896103365605,24.7,0.0010389663439482888
2026-03-06 01:00:00,25.0,24.986440974455107,25.0,0.013559025544893188
2026-03-06 02:00:00,24.9,24.882261675571336,24.9,0.017738324428663077
2026-03-06 03:00:00,24.8,24.807243994915794,24.8,-0.007243994915793195
2026-03-06 04:00:00,24.5,24.496653849824206,24.5,0.0033461501757940937
2026-03-06 05:00:00,24.5,24.495210069859212,24.5,0.004789930140788101
2026-03-06 06:00:00,24.4,24.39390794856857,24.4,0.0060920514314268814
2026-03-06 07:00:00,24.4,24.4212005147542,24.4,-0.02120051475420226
2026-03-06 08:00:00,24.8,24.817329412147938,24.8,-0.017329412147937262
2026-03-06 09:00:00,25.5,25.489306815301962,25.5,0.010693184698038039
2026-03-06 10:00:00,26.4,26.463669730626297,26.4,-0.0636697306262981
2026-03-06 11:00:00,27.1,27.12872924164237,27.1,-0.02872924164237034
2026-03-06 12:00:00,28.2,28.18672965622922,28.2,0.013270343770777515
2026-03-06 13:00:00,28.2,28.2500068424086,28.2,-0.05000684240859954
2026-03-06 14:00:00,28.4,28.424968495450088,28.4,-0.02496849545008928
2026-03-06 15:00:00,26.8,26.84742551451325,26.8,-0.04742551451325028
2026-03-06 16:00:00,26.2,26.141063666769202,26.2,0.058936333230796834
2026-03-06 17:00:00,26.2,26.161364910319865,26.2,0.03863508968013463
2026-03-06 18:00:00,25.4,25.3776863550784,25.4,0.022313644921599263
2026-03-06 19:00:00,24.8,24.824981962243456,24.8,-0.024981962243455058
2026-03-06 20:00:00,24.6,24.639908051144875,24.6,-0.039908051144873724
2026-03-06 21:00:00,24.7,24.721101626086533,24.7,-0.021101626086533543
2026-03-06 22:00:00,24.6,24.604853698083133,24.6,-0.004853698083131519
2026-03-06 23:00:00,24.3,24.31205312144736,24.3,-0.012053121447358706
2026-03-07 00:00:00,24.2,24.21125238715464,24.2,-0.011252387154641497
2026-03-07 01:00:00,24.1,24.09698993828665,24.1,0.003010061713350609
2026-03-07 02:00:00,24.0,24.000561325641154,24.0,-0.0005613256411542977
2026-03-07 03:00:00,24.0,24.002898283436224,24.0,-0.002898283436223892
2026-03-07 04:00:00,24.0,24.001477472336735,24.0,-0.0014774723367345644
2026-03-07 05:00:00,24.0,24.00305326159234,24.0,-0.00305326159233843
2026-03-07 06:00:00,23.6,23.605348996307757,23.6,-0.005348996307755982
2026-03-07 07:00:00,24.5,24.499637953139423,24.5,0.00036204686057672575
2026-03-07 08:00:00,25.9,25.899271304681886,25.9,0.0007286953181129263
2026-03-07 09:00:00,27.3,27.241399629007788,27.3,0.05860037099221316
2026-03-07 10:00:00,28.4,28.37370451624838,28.4,0.02629548375161761
2026-03-07 11:00:00,29.9,29.919924551513475,29.9,-0.019924551513476274
2026-03-07 12:00:00,29.9,29.866131760449708,29.9,0.033868239550290724
2026-03-07 13:00:00,26.3,26.472477404226545,26.3,-0.17247740422654445
2026-03-07 14:00:00,27.7,27.665465768596253,27.7,0.034534231403746674
2026-03-07 15:00:00,26.8,26.813709686510293,26.8,-0.013709686510292585
2026-03-07 16:00:00,25.9,25.936735257497347,25.9,-0.03673525749734807
2026-03-07 17:00:00,25.1,25.118873738646517,25.1,-0.018873738646515648
2026-03-07 18:00:00,24.8,24.823694069326606,24.8,-0.02369406932660567
2026-03-07 19:00:00,25.4,25.393300349588536,25.4,0.006699650411462699
2026-03-07 20:00:00,25.4,25.42989383056108,25.4,-0.029893830561082524
2026-03-07 21:00:00,24.3,24.27289938448911,24.3,0.02710061551088927
2026-03-07 22:00:00,23.6,23.602799398115014,23.6,-0.002799398115012508
2026-03-07 23:00:00,23.0,23.001277537346077,23.0,-0.0012775373460769401
2026-03-08 00:00:00,23.0,23.00242609691686,23.0,-0.002426096916860132
2026-03-08 01:00:00,23.3,23.304844263889546,23.3,-0.004844263889545175
2026-03-08 02:00:00,23.2,23.168160465146727,23.2,0.03183953485327251
2026-03-08 03:00:00,23.8,23.77998047774729,23.8,0.020019522252709976
2026-03-08 04:00:00,23.5,23.475371437340495,23.5,0.024628562659504638
2026-03-08 05:00:00,23.5,23.503962732281927,23.5,-0.003962732281927117
2026-03-08 06:00:00,23.2,23.178238804763335,23.2,0.021761195236663866
2026-03-08 07:00:00,23.0,23.017689305421822,23.0,-0.0176893054218219
2026-03-08 08:00:00,23.4,23.453885388453298,23.4,-0.053885388453299043
2026-03-08 09:00:00,24.8,24.821683709829593,24.8,-0.02168370982959189
2026-03-08 10:00:00,25.9,26.001714472993733,25.9,-0.10171447299373426
2026-03-08 11:00:00,26.8,26.889081198838813,26.8,-0.08908119883881227
2026-03-08 12:00:00,28.3,28.32784801861975,28.3,-0.027848018619749837
2026-03-08 13:00:00,25.5,25.511788315914515,25.5,-0.011788315914515124
2026-03-08 14:00:00,26.3,26.28212966173156,26.3,0.01787033826844109
2026-03-08 15:00:00,26.6,26.572629410577395,26.6,0.027370589422606173
2026-03-08 16:00:00,26.8,26.79686298973838,26.8,0.003137010261621498
2026-03-08 17:00:00,24.9,24.840382556697946,24.9,0.05961744330205221
2026-03-08 18:00:00,24.1,24.1362867263777,24.1,-0.03628672637769981
2026-03-08 19:00:00,25.8,25.927183367892198,25.8,-0.1271833678921972
2026-03-08 20:00:00,25.0,24.948252033914095,25.0,0.05174796608590526
2026-03-08 21:00:00,24.8,24.918850040660715,24.8,-0.11885004066071403
2026-03-08 22:00:00,24.6,24.62324313628472,24.6,-0.023243136284719412
2026-03-08 23:00:00,24.5,24.51218757446182,24.5,-0.012187574461819395
2026-03-09 00:00:00,24.2,24.196050511663145,24.2,0.003949488336854046
2026-03-09 01:00:00,24.2,24.194986663804247,24.2,0.005013336195752061
2026-03-09 02:00:00,23.8,23.792317457105973,23.8,0.007682542894027478
2026-03-09 03:00:00,23.8,23.79910835758158,23.8,0.0008916424184199911
2026-03-09 04:00:00,23.6,23.594805486493755,23.6,0.0051945135062467784
2026-03-09 05:00:00,23.4,23.396546251412538,23.4,0.0034537485874608365
2026-03-09 06:00:00,23.6,23.62272239054081,23.6,-0.022722390540810267
2026-03-09 07:00:00,25.1,25.13655308092352,25.1,-0.036553080923518166
2026-03-09 08:00:00,26.5,26.528912195363453,26.5,-0.028912195363453463
2026-03-09 09:00:00,27.1,27.094758746048136,27.1,0.005241253951865588
2026-03-09 10:00:00,28.4,28.384222962773165,28.4,0.0157770372268331
2026-03-09 11:00:00,30.2,30.145028896322383,30.2,0.05497110367761593
2026-03-09 12:00:00,30.9,30.87725320858694,30.9,0.022746791413059242
2026-03-09 13:00:00,30.5,30.53433512765779,30.5,-0.034335127657790565
2026-03-09 14:00:00,29.4,29.449612337902604,29.4,-0.04961233790260522
2026-03-09 15:00:00,29.6,29.694898401000675,29.6,-0.09489840100067326
2026-03-09 16:00:00,29.6,29.67950555385927,29.6,-0.07950555385926705
2026-03-09 17:00:00,29.0,28.99785130858416,29.0,0.002148691415840176
2026-03-09 18:00:00,28.3,28.193077799915788,28.3,0.10692220008421316
2026-03-09 19:00:00,27.9,27.86423830766522,27.9,0.035761692334776995
2026-03-09 20:00:00,27.9,27.860999390239275,27.9,0.03900060976072339
2026-03-09 21:00:00,27.4,27.38223098787316,27.4,0.01776901212683768
2026-03-09 22:00:00,26.9,26.88223746263573,26.9,0.017762537364269804
2026-03-09 23:00:00,26.5,26.513084906837314,26.5,-0.013084906837313781
2026-03-10 00:00:00,26.0,25.9579430774043,26.0,0.04205692259570171
2026-03-10 01:00:00,26.1,26.087563114304867,26.1,0.012436885695134237
2026-03-10 02:00:00,26.1,26.10005352075291,26.1,-5.352075290687708e-05
2026-03-10 03:00:00,26.0,26.025851222379156,26.0,-0.02585122237915627
2026-03-10 04:00:00,25.8,25.823795209301228,25.8,-0.023795209301226805
2026-03-10 05:00:00,25.7,25.68582629529803,25.7,0.01417370470197099
2026-03-10 06:00:00,25.5,25.474040001607687,25.5,0.02595999839231311
2026-03-10 07:00:00,26.4,26.525278963770617,26.4,-0.12527896377061865
2026-03-10 08:00:00,27.2,27.21454745731617,27.2,-0.014547457316169243
2026-03-10 09:00:00,29.2,29.160578352710736,29.2,0.03942164728926301
2026-03-10 10:00:00,30.6,30.65471112987862,30.6,-0.05471112987861915
2026-03-10 11:00:00,31.3,31.33788394403913,31.3,-0.03788394403913031
2026-03-10 12:00:00,30.5,30.575436765381422,30.5,-0.07543676538142208
2026-03-10 13:00:00,30.0,30.00583560771697,30.0,-0.005835607716971225
2026-03-10 14:00:00,29.3,29.445861803156653,29.3,-0.14586180315665231
2026-03-10 15:00:00,29.6,29.628194312346128,29.6,-0.028194312346126793
2026-03-10 16:00:00,29.0,29.061030508823947,29.0,-0.061030508823947116
2026-03-10 17:00:00,28.9,28.944645812159017,28.9,-0.044645812159018305
2026-03-10 18:00:00,28.0,28.00058121226672,28.0,-0.0005812122667201436
2026-03-10 19:00:00,27.5,27.444686515288797,27.5,0.055313484711202676
2026-03-10 20:00:00,27.2,27.200015329427348,27.2,-1.532942734883136e-05
2026-03-10 21:00:00,27.0,27.00828066291755,27.0,-0.008280662917549364
2026-03-10 22:00:00,26.8,26.81335443558562,26.8,-0.013354435585618774
2026-03-10 23:00:00,25.9,25.91409638056934,25.9,-0.014096380569341704
2026-03-11 00:00:00,25.3,25.328727220303733,25.3,-0.028727220303732537
2026-03-11 01:00:00,24.8,24.801525180863884,24.8,-0.00152518086388298
2026-03-11 02:00:00,24.9,24.883069693459902,24.9,0.01693030654009675
2026-03-11 03:00:00,24.8,24.78840659855664,24.8,0.011593401443359852
2026-03-11 04:00:00,24.6,24.59994980116359,24.6,5.019883641210754e-05
2026-03-11 05:00:00,24.5,24.501533160042843,24.5,-0.0015331600428432068
2026-03-11 06:00:00,24.4,24.400901009268132,24.4,-0.0009010092681336346
2026-03-11 07:00:00,24.9,24.88040350630771,24.9,0.019596493692286998
2026-03-11 08:00:00,26.5,26.489158693673534,26.5,0.010841306326465627
2026-03-11 09:00:00,28.2,28.12766731026556,28.2,0.07233268973443785
2026-03-11 10:00:00,30.0,30.09297764422942,30.0,-0.09297764422942123
2026-03-11 11:00:00,31.0,31.025675019465055,31.0,-0.025675019465055016
2026-03-11 12:00:00,31.6,31.583353524454765,31.6,0.016646475545236683
2026-03-11 13:00:00,31.5,31.452738016039632,31.5,0.04726198396036807
2026-03-11 14:00:00,31.2,31.147899634706352,31.2,0.052100365293647144
2026-03-11 15:00:00,30.5,30.54076869644408,30.5,-0.04076869644407921
2026-03-11 16:00:00,29.5,29.53419309734807,29.5,-0.0341930973480693
2026-03-11 17:00:00,28.4,28.41723938581782,28.4,-0.017239385817820363
2026-03-11 18:00:00,27.8,27.720273401504194,27.8,0.07972659849580666
2026-03-11 19:00:00,27.6,27.603220743871056,27.6,-0.00322074387105431
2026-03-11 20:00:00,27.5,27.51900395192067,27.5,-0.019003951920669948
2026-03-11 21:00:00,27.2,27.210973220513743,27.2,-0.010973220513744053
2026-03-11 22:00:00,26.8,26.826252539422388,26.8,-0.026252539422387144
2026-03-11 23:00:00,26.2,26.20538267468179,26.2,-0.005382674681790434
2026-03-12 00:00:00,25.6,25.61131800482855,25.6,-0.011318004828549277
2026-03-12 01:00:00,25.5,25.502905539303054,25.5,-0.002905539303053928
2026-03-12 02:00:00,25.1,25.100519096610906,25.1,-0.0005190966109047679
2026-03-12 03:00:00,24.9,24.912980687239816,24.9,-0.012980687239817712
2026-03-12 04:00:00,24.5,24.500825431740424,24.5,-0.0008254317404237099
2026-03-12 05:00:00,24.2,24.199938655415792,24.2,6.134458420703481e-05
2026-03-12 06:00:00,24.2,24.184828021926915,24.2,0.015171978073084347
2026-03-12 07:00:00,24.2,24.223191981196106,24.2,-0.023191981196106326
2026-03-12 08:00:00,26.5,26.506424408853515,26.5,-0.006424408853515473
2026-03-12 09:00:00,28.6,28.62359665882293,28.6,-0.023596658822928163
2026-03-12 10:00:00,30.2,30.18017487973563,30.2,0.019825120264368223
2026-03-12 11:00:00,31.8,31.785584578879767,31.8,0.014415421120233418
2026-03-12 12:00:00,32.2,32.19185488522994,32.2,0.008145114770066186
2026-03-12 13:00:00,32.4,32.43001469881125,32.4,-0.030014698811250184
2026-03-12 14:00:00,31.4,31.39596364168478,31.4,0.004036358315218536
2026-03-12 15:00:00,30.6,30.64426684820481,30.6,-0.04426684820480986
2026-03-12 16:00:00,29.7,29.697555030674796,29.7,0.002444969325203772
2026-03-12 17:00:00,28.9,28.906448787570877,28.9,-0.0064487875708785225
2026-03-12 18:00:00,28.1,28.14257860578769,28.1,-0.04257860578768913
2026-03-12 19:00:00,28.3,28.36982709417769,28.3,-0.06982709417768973
2026-03-12 20:00:00,27.9,27.927006489331113,27.9,-0.02700648933111438
2026-03-12 21:00:00,27.1,27.126139880816684,27.1,-0.026139880816682393
2026-03-12 22:00:00,26.5,26.490196204126857,26.5,0.009803795873143173
2026-03-12 23:00:00,25.9,25.913508655613295,25.9,-0.013508655613296838
2026-03-13 00:00:00,25.4,25.38281318454065,25.4,0.01718681545934686
2026-03-13 01:00:00,25.0,25.00116402770851,25.0,-0.0011640277085085415
2026-03-13 02:00:00,25.0,25.016946478316306,25.0,-0.016946478316306468
2026-03-13 03:00:00,24.8,24.804982908970942,24.8,-0.004982908970941224
2026-03-13 04:00:00,24.5,24.493712530891088,24.5,0.0062874691089120915
2026-03-13 05:00:00,24.3,24.30820060411747,24.3,-0.008200604117469368
2026-03-13 06:00:00,24.0,24.002887160985605,24.0,-0.0028871609856047087
2026-03-13 07:00:00,24.4,24.38590317333887,24.4,0.014096826661127437
2026-03-13 08:00:00,26.4,26.359563696078464,26.4,0.040436303921534744
2026-03-13 09:00:00,28.9,28.888142911019997,28.9,0.011857088980001151
2026-03-13 10:00:00,30.8,30.766956297748543,30.8,0.03304370225145803
2026-03-13 11:00:00,32.1,32.10457139635432,32.1,-0.004571396354315027
2026-03-13 12:00:00,33.0,33.065221569091825,33.0,-0.06522156909182542
2026-03-13 13:00:00,33.7,33.686026640702,33.7,0.013973359297999366
2026-03-13 14:00:00,33.5,33.33132709930675,33.5,0.16867290069325236
2026-03-13 15:00:00,33.5,33.5843753919203,33.5,-0.08437539192029675
2026-03-13 16:00:00,32.5,32.47435851807991,32.5,0.02564148192008986
2026-03-13 17:00:00,31.1,31.19526080959842,31.1,-0.0952608095984182
2026-03-13 18:00:00,29.9,29.76488914265284,29.9,0.13511085734715778
2026-03-13 19:00:00,29.5,29.40586814349323,29.5,0.09413185650677036
2026-03-13 20:00:00,29.1,29.013513445850187,29.1,0.08648655414981476
2026-03-13 21:00:00,28.0,28.019222839543325,28.0,-0.01922283954332471
2026-03-13 22:00:00,27.1,27.11066223896244,27.1,-0.010662238962439119
2026-03-13 23:00:00,26.2,26.218119700882387,26.2,-0.018119700882387235
2026-03-14 00:00:00,25.8,25.780738160861972,25.8,0.01926183913802859
2026-03-14 01:00:00,25.2,25.201179182150323,25.2,-0.0011791821503237543
2026-03-14 02:00:00,25.8,25.74740407045555,25.8,0.05259592954445225
2026-03-14 03:00:00,25.4,25.389336500291343,25.4,0.010663499708655877
2026-03-14 04:00:00,24.9,24.912080610445173,24.9,-0.0120806104451745
2026-03-14 05:00:00,24.6,24.600191609829125,24.6,-0.00019160982912325153
2026-03-14 06:00:00,24.4,24.399798206393125,24.4,0.000201793606873224
2026-03-14 07:00:00,24.6,24.602521786211557,24.6,-0.0025217862115560763
2026-03-14 08:00:00,27.1,27.033450193488378,27.1,0.0665498065116239
2026-03-14 09:00:00,29.5,29.427741853786195,29.5,0.07225814621380522
2026-03-14 10:00:00,31.5,31.500146129280754,31.5,-0.0001461292807540815
2026-03-14 11:00:00,33.0,33.01176292035748,33.0,-0.011762920357476503
2026-03-14 12:00:00,33.9,33.91527213695465,33.9,-0.015272136954649795
2026-03-14 13:00:00,34.6,34.697232657155354,34.6,-0.09723265715535234
2026-03-14 14:00:00,34.5,34.60746135905265,34.5,-0.10746135905264964
2026-03-14 15:00:00,33.0,32.96472670182722,33.0,0.035273298172782575
2026-03-14 16:00:00,32.5,32.555720017067586,32.5,-0.05572001706758556
2026-03-14 17:00:00,31.6,31.624453294561064,31.6,-0.024453294561062933
2026-03-14 18:00:00,31.0,30.938207657308112,31.0,0.061792342691887825
2026-03-14 19:00:00,30.4,30.2075788242729,30.4,0.19242117572709816
2026-03-14 20:00:00,29.7,29.403037197513818,29.7,0.29696280248618123
2026-03-14 21:00:00,28.8,28.718044825752266,28.8,0.08195517424773513
2026-03-14 22:00:00,28.2,28.234955574693593,28.2,-0.034955574693594116
2026-03-14 23:00:00,27.8,27.841367803802825,27.8,-0.041367803802824454
2026-03-15 00:00:00,27.1,27.159188301922924,27.1,-0.059188301922922903
2026-03-15 01:00:00,26.6,26.615285334283413,26.6,-0.015285334283412055
2026-03-15 02:00:00,26.4,26.40276646465817,26.4,-0.0027664646581726515
2026-03-15 03:00:00,26.0,26.0048623695145,26.0,-0.004862369514498255
2026-03-15 04:00:00,25.8,25.802558795158408,25.8,-0.002558795158407179
2026-03-15 05:00:00,25.4,25.38573126470309,25.4,0.014268735296909085
2026-03-15 06:00:00,25.0,25.002668544865468,25.0,-0.002668544865468192
2026-03-15 07:00:00,26.4,26.303608266020873,26.4,0.09639173397912515
2026-03-15 08:00:00,28.6,28.534141339641614,28.6,0.06585866035838706
2026-03-15 09:00:00,30.5,30.35713441554491,30.5,0.142865584455091
2026-03-15 10:00:00,31.8,31.878306705669026,31.8,-0.07830670566902498
2026-03-15 11:00:00,32.9,32.794328711859144,32.9,0.10567128814085436
2026-03-15 12:00:00,33.3,33.35848022518893,33.3,-0.058480225188930035
2026-03-15 13:00:00,33.3,33.23389328777825,33.3,0.06610671222174602
2026-03-15 14:00:00,33.6,33.43253504936764,33.6,0.16746495063236466
2026-03-15 15:00:00,33.7,33.6263571968867,33.7,0.07364280311330162
2026-03-15 16:00:00,32.3,32.32557453841858,32.3,-0.025574538418581483
2026-03-15 17:00:00,31.2,31.126366246648548,31.2,0.0736337533514515
2026-03-15 18:00:00,31.2,30.899788209860006,31.2,0.30021179013999344
2026-03-15 19:00:00,31.2,30.825454634146478,31.2,0.37454536585352116
2026-03-15 20:00:00,30.2,29.313027652797434,30.2,0.8869723472025655
2026-03-15 21:00:00,29.1,28.995183705718357,29.1,0.10481629428164396
2026-03-15 22:00:00,28.4,28.39863471330662,28.4,0.0013652866933782093
2026-03-15 23:00:00,27.6,27.598346813237153,27.6,0.0016531867628479802
2026-03-16 00:00:00,27.0,26.989560610987404,27.0,0.010439389012596223
2026-03-16 01:00:00,26.8,26.80918651290067,26.8,-0.009186512900669186
2026-03-16 02:00:00,26.6,26.59488905475145,26.6,0.005110945248549825
2026-03-16 03:00:00,26.0,26.008803187734703,26.0,-0.008803187734702789
2026-03-16 04:00:00,25.6,25.577270548107123,25.6,0.02272945189287867
2026-03-16 05:00:00,25.1,25.112143421339027,25.1,-0.012143421339025906
2026-03-16 06:00:00,24.9,24.897881078220692,24.9,0.002118921779306504
2026-03-16 07:00:00,26.1,26.164427931129136,26.1,-0.06442793112913492
2026-03-16 08:00:00,28.5,28.416718004355918,28.5,0.08328199564408223
2026-03-16 09:00:00,30.2,30.184615189310946,30.2,0.015384810689052841
2026-03-16 10:00:00,32.0,32.06592774846377,32.0,-0.06592774846377125
2026-03-16 11:00:00,33.7,33.73871157639702,33.7,-0.03871157639702005
2026-03-16 12:00:00,34.1,34.25847397147392,34.1,-0.15847397147391717
2026-03-16 13:00:00,33.8,33.771000615198695,33.8,0.028999384801302597
2026-03-16 14:00:00,33.2,33.146482428272094,33.2,0.05351757172790883
2026-03-16 15:00:00,33.0,32.98891609818997,33.0,0.01108390181003216
2026-03-16 16:00:00,32.0,32.11363022748965,32.0,-0.11363022748965079
2026-03-16 17:00:00,30.4,30.366878478669882,30.4,0.033121521330116366
2026-03-16 18:00:00,29.4,29.36971210117843,29.4,0.03028789882156957
2026-03-16 19:00:00,29.5,29.40587876403262,29.5,0.09412123596737842
2026-03-16 20:00:00,29.5,29.16009576659838,29.5,0.3399042334016187
2026-03-16 21:00:00,29.4,29.268742057956594,29.4,0.1312579420434048
2026-03-16 22:00:00,27.6,27.598476865973655,27.6,0.0015231340263461846
2026-03-16 23:00:00,26.0,26.01266966956933,26.0,-0.012669669569330466
2026-03-17 00:00:00,26.2,26.202700673824197,26.2,-0.0027006738241972528
2026-03-17 01:00:00,25.5,25.49049364068035,25.5,0.00950635931965138
2026-03-17 02:00:00,25.8,25.81446434428861,25.8,-0.014464344288608544
2026-03-17 03:00:00,25.8,25.799032173267445,25.8,0.0009678267325554657
2026-03-17 04:00:00,25.7,25.67947588432907,25.7,0.0205241156709306
2026-03-17 05:00:00,25.5,25.49521397137272,25.5,0.004786028627279393
2026-03-17 06:00:00,25.3,25.30341802772089,25.3,-0.003418027720890393
2026-03-17 07:00:00,25.6,25.580935545535098,25.6,0.019064454464903235
2026-03-17 08:00:00,27.1,27.08697240969497,27.1,0.013027590305032533
2026-03-17 09:00:00,29.1,28.924911912532455,29.1,0.17508808746754667
2026-03-17 10:00:00,30.6,30.641565561965642,30.6,-0.04156556196564054
2026-03-17 11:00:00,31.9,31.879147683946826,31.9,0.020852316053172615
2026-03-17 12:00:00,32.3,32.31590960712322,32.3,-0.01590960712321987
2026-03-17 13:00:00,33.0,33.02456829003627,33.0,-0.024568290036270923
2026-03-17 14:00:00,32.7,32.72996591653123,32.7,-0.029965916531224934
2026-03-17 15:00:00,32.3,32.3844819921567,32.3,-0.08448199215670371
2026-03-17 16:00:00,32.2,32.21201679436695,32.2,-0.012016794366950023
2026-03-17 17:00:00,31.3,31.24769415711647,31.3,0.05230584288353057
2026-03-17 18:00:00,30.0,29.859891884896726,30.0,0.14010811510327414
2026-03-17 19:00:00,29.6,29.44111028410215,29.6,0.15888971589784973
2026-03-17 20:00:00,29.5,29.22630904791036,29.5,0.2736909520896411
2026-03-17 21:00:00,29.3,29.16455309479946,29.3,0.13544690520054203
2026-03-17 22:00:00,29.0,28.972261356488474,29.0,0.027738643511526107
2026-03-17 23:00:00,28.4,28.386307765017783,28.4,0.013692234982215723
2026-03-18 00:00:00,27.2,27.134571290930438,27.2,0.06542870906956111
2026-03-18 01:00:00,26.8,26.82087322426818,26.8,-0.020873224268179058
2026-03-18 02:00:00,26.6,26.59395331568154,26.6,0.0060466843184627805
2026-03-18 03:00:00,26.5,26.485264313690458,26.5,0.014735686309542473
2026-03-18 04:00:00,26.3,26.283214002350796,26.3,0.01678599764920463
2026-03-18 05:00:00,26.1,26.091521368949714,26.1,0.008478631050287788
2026-03-18 06:00:00,25.8,25.809414226347922,25.8,-0.009414226347921328
2026-03-18 07:00:00,27.0,27.0891690201579,27.0,-0.08916902015790029
2026-03-18 08:00:00,28.8,28.773751040704408,28.8,0.02624895929559301
2026-03-18 09:00:00,30.6,30.505195883340093,30.6,0.09480411665990829
2026-03-18 10:00:00,32.2,32.14987624305324,32.2,0.05012375694676052
2026-03-18 11:00:00,33.2,33.19456384803285,33.2,0.00543615196715308
2026-03-18 12:00:00,33.7,33.80829093770487,33.7,-0.10829093770486509
2026-03-18 13:00:00,34.5,34.330712482225934,34.5,0.16928751777406603
2026-03-18 14:00:00,34.7,34.7522746461631,34.7,-0.05227464616309874
2026-03-18 15:00:00,34.2,34.23189976389421,34.2,-0.03189976389420934
2026-03-18 16:00:00,32.8,32.828745862475735,32.8,-0.028745862475737738
2026-03-18 17:00:00,32.0,32.00010889552274,32.0,-0.0001088955227430688
2026-03-18 18:00:00,31.2,31.014600425633706,31.2,0.1853995743662935
2026-03-18 19:00:00,31.3,30.83556384639643,31.3,0.4644361536035717
2026-03-18 20:00:00,31.1,29.83340188467673,31.1,1.2665981153232728
2026-03-18 21:00:00,30.7,29.72179585032914,30.7,0.9782041496708587
2026-03-18 22:00:00,29.1,28.620216407151855,29.1,0.47978359284814687
2026-03-18 23:00:00,27.9,27.93299271649929,27.9,-0.03299271649929025
2026-03-19 00:00:00,27.4,27.324045093343173,27.4,0.07595490665682547
2026-03-19 01:00:00,27.0,26.95149609826009,27.0,0.048503901739909594
2026-03-19 02:00:00,27.1,27.103024808049728,27.1,-0.0030248080497266017
2026-03-19 03:00:00,26.8,26.808626609847057,26.8,-0.008626609847055988
2026-03-19 04:00:00,26.6,26.613317434522866,26.6,-0.013317434522864602
2026-03-19 05:00:00,26.5,26.492827395271338,26.5,0.007172604728662435
2026-03-19 06:00:00,26.1,26.0758101757411,26.1,0.024189824258900927
2026-03-19 07:00:00,26.8,26.95347149352801,26.8,-0.15347149352800926
2026-03-19 08:00:00,29.0,28.951925292282503,29.0,0.04807470771749678
2026-03-19 09:00:00,31.1,30.65952551399436,31.1,0.4404744860056411
2026-03-19 10:00:00,32.7,32.63153911200672,32.7,0.06846088799328243
2026-03-19 11:00:00,34.0,33.882898852030486,34.0,0.11710114796951387
2026-03-19 12:00:00,34.6,34.640614235700845,34.6,-0.04061423570084344
2026-03-19 13:00:00,32.7,32.868020977033154,32.7,-0.16802097703315155
2026-03-19 14:00:00,33.2,33.18263005230129,33.2,0.01736994769871103
2026-03-19 15:00:00,32.7,32.77069819746271,32.7,-0.07069819746270412
2026-03-19 16:00:00,32.2,32.350958915682185,32.2,-0.15095891568218178
2026-03-19 17:00:00,32.0,32.081705345778566,32.0,-0.08170534577856614
2026-03-19 18:00:00,31.5,31.55343370190667,31.5,-0.05343370190666974
2026-03-19 19:00:00,31.0,30.901124577549158,31.0,0.09887542245084191
2026-03-19 20:00:00,30.6,29.561609383016343,30.6,1.0383906169836585
2026-03-19 21:00:00,29.5,28.822827755952204,29.5,0.6771722440477959
2026-03-19 22:00:00,28.5,28.606620399716544,28.5,-0.1066203997165438
2026-03-19 23:00:00,26.8,26.72781446219011,26.8,0.07218553780989012
2026-03-20 00:00:00,26.4,26.388801522620124,26.4,0.01119847737987456
2026-03-20 01:00:00,26.8,26.808451049094387,26.8,-0.00845104909438632
2026-03-20 02:00:00,26.6,26.59575304661133,26.6,0.0042469533886730915
2026-03-20 03:00:00,26.2,26.181592340335218,26.2,0.018407659664781306
2026-03-20 04:00:00,25.7,25.69035078863987,25.7,0.00964921136013075
2026-03-20 05:00:00,25.7,25.66789104787511,25.7,0.03210895212489007
2026-03-20 06:00:00,25.9,25.873566142453523,25.9,0.026433857546475537
2026-03-20 07:00:00,27.6,27.57729317708007,27.6,0.022706822919932534
2026-03-20 08:00:00,29.1,29.04268439378424,29.1,0.057315606215762926
2026-03-20 09:00:00,31.0,30.678280634092708,31.0,0.3217193659072919
2026-03-20 10:00:00,32.5,32.46586659523111,32.5,0.03413340476888749
2026-03-20 11:00:00,34.0,33.968824275132114,34.0,0.03117572486788589
2026-03-20 12:00:00,35.1,35.045890137225726,35.1,0.05410986277427554
2026-03-20 13:00:00,35.0,34.99190055453938,35.0,0.00809944546062269
2026-03-20 14:00:00,33.3,33.34596176957589,33.3,-0.04596176957588938
2026-03-20 15:00:00,32.7,32.80604176091116,32.7,-0.10604176091115392
2026-03-20 16:00:00,32.0,31.9811942015263,32.0,0.01880579847370001
2026-03-20 17:00:00,30.7,30.67996076907778,30.7,0.02003923092221882
2026-03-20 18:00:00,29.9,29.783544355121542,29.9,0.11645564487845661
2026-03-20 19:00:00,28.0,27.957500936571762,28.0,0.04249906342823806
2026-03-20 20:00:00,26.6,26.617083645499022,26.6,-0.01708364549902086
2026-03-20 21:00:00,26.4,26.394178765975177,26.4,0.00582123402482182
2026-03-20 22:00:00,26.4,26.346066775755837,26.4,0.05393322424416169
2026-03-20 23:00:00,26.0,26.009882092968354,26.0,-0.009882092968354073
2026-03-21 00:00:00,25.9,25.931959316691,25.9,-0.03195931669100105
2026-03-21 01:00:00,26.0,25.98530628681488,26.0,0.014693713185121027
2026-03-21 02:00:00,25.9,25.912897572289154,25.9,-0.012897572289155335
2026-03-21 03:00:00,25.6,25.581326827846887,25.6,0.018673172153114592
2026-03-21 04:00:00,25.5,25.484052841091547,25.5,0.01594715890845322
2026-03-21 05:00:00,25.4,25.388576629871622,25.4,0.011423370128376575
2026-03-21 06:00:00,25.1,25.091200352010073,25.1,0.008799647989928161
2026-03-21 07:00:00,26.6,26.544978182388927,26.6,0.05502181761107394
2026-03-21 08:00:00,27.9,27.79734201847159,27.9,0.10265798152840944
2026-03-21 09:00:00,29.8,29.872157493921723,29.8,-0.072157493921722
2026-03-21 10:00:00,31.4,31.3878385315034,31.4,0.012161468496596939
2026-03-21 11:00:00,32.4,32.3204871895378,32.4,0.07951281046219805
2026-03-21 12:00:00,32.7,32.719986848698895,32.7,-0.01998684869889189
2026-03-21 13:00:00,32.2,32.2701126941175,32.2,-0.07011269411749765
2026-03-21 14:00:00,30.9,30.92297779237821,30.9,-0.022977792378210182
2026-03-21 15:00:00,29.8,29.87502097151205,29.8,-0.07502097151204978
2026-03-21 16:00:00,29.2,29.226693091957344,29.2,-0.026693091957344706
2026-03-21 17:00:00,28.8,28.814623646301033,28.8,-0.014623646301032522
2026-03-21 18:00:00,27.2,27.250033594614,27.2,-0.05003359461399981
2026-03-21 19:00:00,28.5,28.48264814856286,28.5,0.01735185143714091
2026-03-21 20:00:00,28.2,28.149764663796812,28.2,0.050235336203186876
2026-03-21 21:00:00,27.8,27.813448718044743,27.8,-0.013448718044742236
2026-03-21 22:00:00,27.3,27.291506082922602,27.3,0.00849391707739855
2026-03-21 23:00:00,27.1,27.061091835843442,27.1,0.03890816415655962
2026-03-22 00:00:00,26.9,26.86559348753405,26.9,0.03440651246594939
2026-03-22 01:00:00,26.6,26.56627875048147,26.6,0.03372124951853195
2026-03-22 02:00:00,26.0,26.01224655947769,26.0,-0.012246559477688379
2026-03-22 03:00:00,25.4,25.381532275781296,25.4,0.01846772421870213
2026-03-22 04:00:00,25.0,25.003587309152987,25.0,-0.003587309152987217
2026-03-22 05:00:00,24.7,24.68983333467651,24.7,0.010166665323488644
2026-03-22 06:00:00,24.5,24.495171307839605,24.5,0.00482869216039461
2026-03-22 07:00:00,25.4,25.44102166323528,25.4,-0.04102166323528067
2026-03-22 08:00:00,27.0,27.031168606457037,27.0,-0.031168606457036674
2026-03-22 09:00:00,28.4,28.27360369034637,28.4,0.1263963096536287
2026-03-22 10:00:00,29.9,29.933038111963178,29.9,-0.03303811196317952
2026-03-22 11:00:00,31.3,31.231948879418738,31.3,0.06805112058126284
2026-03-22 12:00:00,32.1,32.1046057895282,32.1,-0.004605789528199011
2026-03-22 13:00:00,32.2,32.202031287379825,32.2,-0.0020312873798218334
2026-03-22 14:00:00,33.0,32.941439374301616,33.0,0.05856062569838372
2026-03-22 15:00:00,32.0,32.08642492819118,32.0,-0.0864249281911782
2026-03-22 16:00:00,31.3,31.24856566797919,31.3,0.05143433202081127
2026-03-22 17:00:00,30.5,30.476458401133225,30.5,0.02354159886677465
2026-03-22 18:00:00,29.5,29.457179581935854,29.5,0.042820418064145827
2026-03-22 19:00:00,29.4,29.236196048493014,29.4,0.1638039515069849
2026-03-22 20:00:00,29.2,29.07964614171381,29.2,0.12035385828619027
2026-03-22 21:00:00,28.2,28.20623789196058,28.2,-0.006237891960580555
2026-03-22 22:00:00,27.5,27.56423133154062,27.5,-0.06423133154061844
2026-03-22 23:00:00,27.0,27.022569073897365,27.0,-0.0225690738973654
2026-03-23 00:00:00,26.6,26.611889435712975,26.6,-0.011889435712973295
2026-03-23 01:00:00,26.4,26.39823165973185,26.4,0.0017683402681498706
2026-03-23 02:00:00,26.5,26.515980521043335,26.5,-0.01598052104333547
2026-03-23 03:00:00,26.5,26.495254598532544,26.5,0.004745401467456389
2026-03-23 04:00:00,26.0,25.99005157484527,26.0,0.009948425154728824
2026-03-23 05:00:00,25.7,25.703630034277378,25.7,-0.0036300342773785133
2026-03-23 06:00:00,25.3,25.311815823336158,25.3,-0.011815823336156939
2026-03-23 07:00:00,25.5,25.526988797287792,25.5,-0.026988797287792465
2026-03-23 08:00:00,27.6,27.596979986781637,27.6,0.0030200132183644257
2026-03-23 09:00:00,29.6,29.641275640262133,29.6,-0.04127564026213193
2026-03-23 10:00:00,31.3,31.305924058713476,31.3,-0.005924058713475233
2026-03-23 11:00:00,32.7,32.70116467223104,32.7,-0.001164672231034558
2026-03-23 12:00:00,33.3,33.249805773013414,33.3,0.0501942269865836
2026-03-23 13:00:00,33.3,33.35969622307563,33.3,-0.05969622307563327
2026-03-23 14:00:00,32.2,32.248088329815175,32.2,-0.048088329815172415
2026-03-23 15:00:00,31.5,31.47725321418878,31.5,0.022746785811218473
2026-03-23 16:00:00,30.1,30.104013378756296,30.1,-0.004013378756294372
2026-03-23 17:00:00,29.6,29.670184657483052,29.6,-0.07018465748305047
2026-03-23 18:00:00,28.9,28.924943557120304,28.9,-0.024943557120305826
2026-03-23 19:00:00,29.0,29.024590233202353,29.0,-0.024590233202353318
2026-03-23 20:00:00,28.6,28.619019984788892,28.6,-0.019019984788890554
2026-03-23 21:00:00,28.5,28.557920674489516,28.5,-0.05792067448951599
2026-03-23 22:00:00,27.4,27.437857055788314,27.4,-0.03785705578831511
2026-03-23 23:00:00,26.6,26.59221108939496,26.6,0.007788910605039945
2026-03-24 00:00:00,26.3,26.285695764548944,26.3,0.014304235451056968
2026-03-24 01:00:00,25.9,25.88226749364206,25.9,0.01773250635793744
2026-03-24 02:00:00,24.0,23.99650295763644,24.0,0.0034970423635591885
2026-03-24 03:00:00,24.3,24.31380493520113,24.3,-0.013804935201129354
2026-03-24 04:00:00,24.5,24.47674616617723,24.5,0.02325383382277124
2026-03-24 05:00:00,24.8,24.839243909877315,24.8,-0.039243909877313854
2026-03-24 06:00:00,24.9,24.89501446724931,24.9,0.004985532750687582
2026-03-24 07:00:00,25.8,25.834441012686973,25.8,-0.03444101268697253
2026-03-24 08:00:00,27.2,27.28013881553332,27.2,-0.0801388155333207
2026-03-24 09:00:00,29.0,29.06313835781193,29.0,-0.06313835781192978
2026-03-24 10:00:00,30.0,29.817470233075337,30.0,0.18252976692466305
2026-03-24 11:00:00,30.4,30.403781086366507,30.4,-0.003781086366508646
2026-03-24 12:00:00,29.5,29.696510440789577,29.5,-0.19651044078957725
2026-03-24 13:00:00,31.0,31.088980552889,31.0,-0.08898055288900153
2026-03-24 14:00:00,31.9,31.85818408407216,31.9,0.041815915927838176
2026-03-24 15:00:00,31.1,31.14897985619007,31.1,-0.04897985619006917
2026-03-24 16:00:00,29.9,29.942808231177608,29.9,-0.04280823117760946
2026-03-24 17:00:00,28.5,28.445865355491,28.5,0.05413464450899852
2026-03-24 18:00:00,27.3,27.218794724051275,27.3,0.08120527594872584
2026-03-24 19:00:00,29.5,29.243574217346314,29.5,0.256425782653686
2026-03-24 20:00:00,28.9,28.873207056102842,28.9,0.026792943897156363
2026-03-24 21:00:00,28.5,28.512504154301034,28.5,-0.01250415430103402
2026-03-24 22:00:00,28.1,28.10899306269775,28.1,-0.008993062697747689
2026-03-24 23:00:00,27.8,27.841251414446766,27.8,-0.04125141444676572
2026-03-25 00:00:00,27.6,27.60036849659427,27.6,-0.00036849659426962944
2026-03-25 01:00:00,27.0,27.014456499282016,27.0,-0.014456499282015756
2026-03-25 02:00:00,26.6,26.63096741663212,26.6,-0.030967416632119438
2026-03-25 03:00:00,26.1,26.078256960720935,26.1,0.021743039279066068
2026-03-25 04:00:00,25.9,25.92004545254124,25.9,-0.020045452541239683
2026-03-25 05:00:00,25.6,25.597517014853757,25.6,0.002482985146244232
2026-03-25 06:00:00,25.6,25.611115476413094,25.6,-0.011115476413092296
2026-03-25 07:00:00,27.0,27.079896687563675,27.0,-0.07989668756367507
2026-03-25 08:00:00,28.5,28.501123647641066,28.5,-0.0011236476410658724
2026-03-25 09:00:00,30.2,30.249713286368983,30.2,-0.0497132863689842
2026-03-25 10:00:00,31.1,31.18249702294477,31.1,-0.0824970229447679
2026-03-25 11:00:00,32.2,32.25672485084973,32.2,-0.05672485084972578
2026-03-25 12:00:00,32.6,32.422690672877295,32.6,0.17730932712270686
2026-03-25 13:00:00,30.3,30.57768189500553,30.3,-0.27768189500552865
2026-03-25 14:00:00,31.4,31.513250039852554,31.4,-0.11325003985255577
2026-03-25 15:00:00,30.6,30.582954984730982,30.6,0.01704501526901936
2026-03-25 16:00:00,30.5,30.52783706004992,30.5,-0.027837060049918705
2026-03-25 17:00:00,29.9,29.895042267985097,29.9,0.004957732014901239
2026-03-25 18:00:00,29.5,29.44139230180967,29.5,0.05860769819032896
2026-03-25 19:00:00,29.4,29.13125654015549,29.4,0.268743459844508
2026-03-25 20:00:00,28.9,28.859241913195415,28.9,0.04075808680458337
2026-03-25 21:00:00,28.5,28.510878131790086,28.5,-0.010878131790086343
2026-03-25 22:00:00,28.0,28.025544528322257,28.0,-0.025544528322257065
2026-03-25 23:00:00,27.5,27.492364938661968,27.5,0.007635061338032045
2026-03-26 00:00:00,27.2,27.1763871424294,27.2,0.023612857570597612
2026-03-26 01:00:00,25.4,25.38801052819201,25.4,0.011989471807989815
2026-03-26 02:00:00,25.4,25.43486703986251,25.4,-0.03486703986251172
2026-03-26 03:00:00,25.5,25.49088288368094,25.5,0.00911711631906087
2026-03-26 04:00:00,24.6,24.572654530626505,24.6,0.02734546937349691
2026-03-26 05:00:00,24.1,24.107135206020182,24.1,-0.007135206020180362
2026-03-26 06:00:00,24.1,24.09629350749783,24.1,0.003706492502171699
2026-03-26 07:00:00,24.3,24.34730589145531,24.3,-0.04730589145530928
2026-03-26 08:00:00,25.1,25.052097095484022,25.1,0.04790290451597912
2026-03-26 09:00:00,27.0,27.068332507260006,27.0,-0.06833250726000628
2026-03-26 10:00:00,28.5,28.537784730109344,28.5,-0.03778473010934391
2026-03-26 11:00:00,29.9,29.77547025844513,29.9,0.12452974155486984
2026-03-26 12:00:00,30.7,30.67580951438509,30.7,0.024190485614909107
2026-03-26 13:00:00,28.5,28.452660889676483,28.5,0.047339110323516564
2026-03-26 14:00:00,29.9,29.927465250710384,29.9,-0.02746525071038519
2026-03-26 15:00:00,30.6,30.57365258844085,30.6,0.026347411559150657
2026-03-26 16:00:00,29.0,29.14518998012159,29.0,-0.14518998012158946
2026-03-26 17:00:00,28.7,28.596794830210683,28.7,0.10320516978931593
2026-03-26 18:00:00,28.4,28.356837320877354,28.4,0.04316267912264493
2026-03-26 19:00:00,28.0,27.982593543140332,28.0,0.017406456859667685
2026-03-26 20:00:00,27.6,27.6347112432558,27.6,-0.03471124325579922
2026-03-26 21:00:00,27.6,27.62921331162409,27.6,-0.029213311624086913
2026-03-26 22:00:00,27.3,27.21490326476109,27.3,0.08509673523890982
2026-03-26 23:00:00,27.1,27.066077394698052,27.1,0.03392260530194946
2026-03-27 00:00:00,26.9,26.90337893149534,26.9,-0.0033789314953409644
2026-03-27 01:00:00,24.9,24.93526904666175,24.9,-0.03526904666175312
2026-03-27 02:00:00,25.4,25.43931527563411,25.4,-0.03931527563411308
2026-03-27 03:00:00,25.1,25.06087569803787,25.1,0.03912430196213279
2026-03-27 04:00:00,24.9,24.904353574479018,24.9,-0.004353574479019073
2026-03-27 05:00:00,24.5,24.49885021399845,24.5,0.0011497860015516892
2026-03-27 06:00:00,24.5,24.508626988771862,24.5,-0.008626988771862187
2026-03-27 07:00:00,25.5,25.495969580025285,25.5,0.004030419974714761
2026-03-27 08:00:00,26.2,26.325190033116403,26.2,-0.12519003311640375
2026-03-27 09:00:00,26.2,26.244624620104716,26.2,-0.044624620104716683
2026-03-27 10:00:00,28.0,28.001491194045915,28.0,-0.001491194045915023
2026-03-27 11:00:00,29.2,29.201413411142312,29.2,-0.0014134111423125262
2026-03-27 12:00:00,29.6,29.545819386356047,29.6,0.05418061364395399
2026-03-27 13:00:00,30.5,30.598100941976814,30.5,-0.09810094197681352
2026-03-27 14:00:00,28.8,28.799408724492014,28.8,0.0005912755079862109
2026-03-27 15:00:00,28.5,28.487681816318048,28.5,0.012318183681951922
2026-03-27 16:00:00,28.7,28.707155093387257,28.7,-0.007155093387257949
2026-03-27 17:00:00,28.5,28.465110823504162,28.5,0.034889176495838115
2026-03-27 18:00:00,28.1,28.165775985042405,28.1,-0.06577598504240356
2026-03-27 19:00:00,28.3,28.451416421314903,28.3,-0.1514164213149023
2026-03-27 20:00:00,28.3,28.294978908392345,28.3,0.005021091607655848
2026-03-27 21:00:00,27.8,27.86926198769847,27.8,-0.06926198769846792
2026-03-27 22:00:00,27.2,27.216881182379527,27.2,-0.01688118237952807
2026-03-27 23:00:00,27.0,26.963415238108944,27.0,0.036584761891056417
2026-03-28 00:00:00,26.6,26.60580985218806,26.6,-0.005809852188058073
2026-03-28 01:00:00,25.0,25.000226520038424,25.0,-0.00022652003842438262
2026-03-28 02:00:00,25.5,25.544355329609164,25.5,-0.04435532960916433
2026-03-28 03:00:00,25.3,25.28708842198451,25.3,0.012911578015490477
2026-03-28 04:00:00,25.1,25.09785860338691,25.1,0.0021413966130907625
2026-03-28 05:00:00,25.0,24.991492250056712,25.0,0.008507749943287735
2026-03-28 06:00:00,24.5,24.49725171563206,24.5,0.002748284367939391
2026-03-28 07:00:00,24.8,24.821749115422378,24.8,-0.02174911542237723
2026-03-28 08:00:00,25.4,25.428968477489715,25.4,-0.028968477489716093
2026-03-28 09:00:00,25.6,25.620121116046146,25.6,-0.02012111604614475
2026-03-28 10:00:00,26.1,26.081888224433513,26.1,0.018111775566488575
2026-03-28 11:00:00,26.8,26.836832954334312,26.8,-0.03683295433431155
2026-03-28 12:00:00,26.9,26.867896553224814,26.9,0.03210344677518506
2026-03-28 13:00:00,28.8,28.83172639615819,28.8,-0.03172639615818795
2026-03-28 14:00:00,27.2,27.234861667953883,27.2,-0.03486166795388357
2026-03-28 15:00:00,27.8,27.814715029931296,27.8,-0.014715029931295476
2026-03-28 16:00:00,28.4,28.322614392586782,28.4,0.0773856074132162
2026-03-28 17:00:00,28.2,28.195726360035614,28.2,0.004273639964385012
2026-03-28 18:00:00,27.4,27.387766657653106,27.4,0.012233342346892329
2026-03-28 19:00:00,27.4,27.400812642342984,27.4,-0.0008126423429857255
2026-03-28 20:00:00,27.4,27.396913880477904,27.4,0.003086119522095032
2026-03-28 21:00:00,27.0,27.010042035778184,27.0,-0.0100420357781843
2026-03-28 22:00:00,26.5,26.476770476644457,26.5,0.023229523355542625
2026-03-28 23:00:00,26.0,26.00957035989557,26.0,-0.009570359895569425
2026-03-29 00:00:00,25.8,25.80682318682186,25.8,-0.006823186821858229
2026-03-29 01:00:00,25.9,25.89808236429364,25.9,0.0019176357063592775
2026-03-29 02:00:00,25.7,25.69787224603931,25.7,0.002127753960689205
2026-03-29 03:00:00,25.5,25.501439594920576,25.5,-0.0014395949205763259
2026-03-29 04:00:00,25.4,25.397450208365257,25.4,0.0025497916347418936
2026-03-29 05:00:00,25.1,25.09757533844771,25.1,0.0024246615522898196
2026-03-29 06:00:00,25.0,24.996666080157915,25.0,0.0033339198420847538
2026-03-29 07:00:00,25.9,25.908977074420292,25.9,-0.008977074420293718
2026-03-29 08:00:00,27.9,27.863585762684448,27.9,0.036414237315550935
2026-03-29 09:00:00,29.8,29.660526603484875,29.8,0.13947339651512536
2026-03-29 10:00:00,31.0,31.026755427540824,31.0,-0.026755427540823717
2026-03-29 11:00:00,31.5,31.510523264255397,31.5,-0.01052326425539718
2026-03-29 12:00:00,31.6,31.64569713152526,31.6,-0.04569713152525878
2026-03-29 13:00:00,29.8,29.863791537232974,29.8,-0.06379153723297293
2026-03-29 14:00:00,29.8,29.80736888783936,29.8,-0.007368887839358962
2026-03-29 15:00:00,30.1,30.157297389069313,30.1,-0.05729738906931203
2026-03-29 16:00:00,28.0,28.03486923983281,28.0,-0.03486923983280832
2026-03-29 17:00:00,27.1,27.10533444114546,27.1,-0.005334441145457447
2026-03-29 18:00:00,26.7,26.686080217722875,26.7,0.013919782277124426
2026-03-29 19:00:00,27.4,27.368941769643108,27.4,0.031058230356890704
2026-03-29 20:00:00,27.2,27.146155665340785,27.2,0.0538443346592139
2026-03-29 21:00:00,27.2,27.2073287872288,27.2,-0.007328787228800593
2026-03-29 22:00:00,27.1,27.122135871670594,27.1,-0.022135871670592167
2026-03-29 23:00:00,26.8,26.786286490183702,26.8,0.013713509816298597
2026-03-30 00:00:00,26.4,26.38002701779251,26.4,0.019972982207487888
2026-03-30 01:00:00,26.3,26.26964401419056,26.3,0.030355985809439545
2026-03-30 02:00:00,26.3,26.29666148581212,26.3,0.003338514187881003
2026-03-30 03:00:00,25.2,25.176683085078686,25.2,0.02331691492131327
2026-03-30 04:00:00,24.7,24.702690396371445,24.7,-0.0026903963714453027
2026-03-30 05:00:00,24.5,24.496544758457286,24.5,0.003455241542713594
2026-03-30 06:00:00,24.3,24.31258277514485,24.3,-0.012582775144849734
2026-03-30 07:00:00,25.6,25.653551808818982,25.6,-0.05355180881898036
2026-03-30 08:00:00,27.0,27.1015818434784,27.0,-0.10158184347839949
2026-03-30 09:00:00,26.9,26.89219819262212,26.9,0.007801807377877168
2026-03-30 10:00:00,27.7,27.672501635310073,27.7,0.027498364689925836
2026-03-30 11:00:00,29.2,29.00445870845806,29.2,0.19554129154193944
2026-03-30 12:00:00,30.3,30.361580131172058,30.3,-0.061580131172057406
2026-03-30 13:00:00,31.1,31.103607302280356,31.1,-0.0036073022803542187
2026-03-30 14:00:00,31.5,31.512558603573495,31.5,-0.012558603573495475
2026-03-30 15:00:00,31.0,31.029844598832167,31.0,-0.029844598832166724
2026-03-30 16:00:00,29.4,29.477490921783502,29.4,-0.07749092178350381
2026-03-30 17:00:00,29.4,29.371898352318556,29.4,0.028101647681442188
2026-03-30 18:00:00,28.8,28.774925629026043,28.8,0.02507437097395737
2026-03-30 19:00:00,25.5,25.41539098009028,25.5,0.08460901990972047
2026-03-30 20:00:00,25.4,25.401591141288876,25.4,-0.0015911412888769405
2026-03-30 21:00:00,25.0,25.003529106662434,25.0,-0.0035291066624338896
2026-03-30 22:00:00,24.8,24.781557265694445,24.8,0.01844273430555532
2026-03-30 23:00:00,25.0,24.983018266996318,25.0,0.01698173300368211
2026-03-31 00:00:00,24.8,24.780697273808972,24.8,0.019302726191028796
2026-03-31 01:00:00,25.1,25.144115626929022,25.1,-0.04411562692902038
2026-03-31 02:00:00,25.1,25.088487150113213,25.1,0.011512849886788246
2026-03-31 03:00:00,25.0,24.995754539294,25.0,0.004245460705998738
2026-03-31 04:00:00,24.9,24.890097925661472,24.9,0.009902074338526745
2026-03-31 05:00:00,25.0,24.989970420306708,25.0,0.010029579693291879
2026-03-31 06:00:00,24.9,24.889981651839165,24.9,0.010018348160834023
2026-03-31 07:00:00,25.5,25.489846913713215,25.5,0.010153086286784685
2026-03-31 08:00:00,27.5,27.49996542839631,27.5,3.45716036882493e-05
2026-03-31 09:00:00,29.0,29.035398764313353,29.0,-0.03539876431335287
2026-03-31 10:00:00,29.5,29.518464169369505,29.5,-0.0184641693695049
2026-03-31 11:00:00,30.1,30.077145547442292,30.1,0.022854452557709237
2026-03-31 12:00:00,31.0,31.0406546009991,31.0,-0.04065460099910112
2026-03-31 13:00:00,28.4,28.336783059321398,28.4,0.06321694067860051
2026-03-31 14:00:00,29.8,29.79857438153692,29.8,0.0014256184630809798
2026-03-31 15:00:00,29.7,29.60088127326232,29.7,0.09911872673767874
2026-03-31 16:00:00,27.2,27.27314346550005,27.2,-0.07314346550004913
2026-03-31 17:00:00,26.8,26.78236292511101,26.8,0.017637074888991577
2026-03-31 18:00:00,26.5,26.564793145477125,26.5,-0.06479314547712534
2026-03-31 19:00:00,27.0,27.018941797399407,27.0,-0.018941797399406823
2026-03-31 20:00:00,26.8,26.799670098090427,26.8,0.0003299019095734934
2026-03-31 21:00:00,26.6,26.605198160991915,26.6,-0.00519816099191317
2026-03-31 22:00:00,26.5,26.516885898409658,26.5,-0.01688589840965804
2026-03-31 23:00:00,26.4,26.41301237118963,26.4,-0.013012371189631722
2026-04-01 00:00:00,26.0,25.985839114437063,26.0,0.014160885562937153
2026-04-01 01:00:00,25.6,25.614786154542326,25.6,-0.014786154542324681
2026-04-01 02:00:00,26.0,25.985210813071813,26.0,0.014789186928187092
2026-04-01 03:00:00,25.9,25.898123091228197,25.9,0.0018769087718020216
2026-04-01 04:00:00,25.6,25.611362566281986,25.6,-0.011362566281984954
2026-04-01 05:00:00,25.2,25.20342289805371,25.2,-0.0034228980537100995
2026-04-01 06:00:00,25.0,24.998458289079913,25.0,0.001541710920086814
2026-04-01 07:00:00,26.1,26.097386841524518,26.1,0.0026131584754836013
2026-04-01 08:00:00,27.7,27.69642196466532,27.7,0.003578035334680152
2026-04-01 09:00:00,29.4,29.385746487556737,29.4,0.01425351244326123
2026-04-01 10:00:00,30.5,30.47258266683646,30.5,0.027417333163541002
2026-04-01 11:00:00,31.1,31.12722232948278,31.1,-0.027222329482778918
2026-04-01 12:00:00,31.3,31.20937121034746,31.3,0.09062878965254129
2026-04-01 13:00:00,32.1,32.10073478898821,32.1,-0.0007347889882112213
2026-04-01 14:00:00,32.0,32.02819143914678,32.0,-0.028191439146780795
2026-04-01 15:00:00,31.7,31.648686170113553,31.7,0.05131382988644617
2026-04-01 16:00:00,27.8,27.827259371048605,27.8,-0.02725937104860421
2026-04-01 17:00:00,26.1,26.12853919111948,26.1,-0.02853919111947789
2026-04-01 18:00:00,25.9,25.915964208315398,25.9,-0.01596420831539902
2026-04-01 19:00:00,25.8,25.827746701366504,25.8,-0.027746701366503146
2026-04-01 20:00:00,25.6,25.598991133149063,25.6,0.0010088668509382615
2026-04-01 21:00:00,25.4,25.39945515867702,25.4,0.0005448413229771631
2026-04-01 22:00:00,25.4,25.410791387815447,25.4,-0.010791387815448417
2026-04-01 23:00:00,25.6,25.622369822764007,25.6,-0.022369822764005676
2026-04-02 00:00:00,25.4,25.38564024589544,25.4,0.014359754104557254
2026-04-02 01:00:00,25.4,25.395965651513947,25.4,0.004034348486051442
2026-04-02 02:00:00,25.4,25.411517835702444,25.4,-0.011517835702445467
2026-04-02 03:00:00,25.2,25.195991386847716,25.2,0.004008613152283402
2026-04-02 04:00:00,25.0,25.00739581451187,25.0,-0.0073958145118702134
2026-04-02 05:00:00,24.9,24.89953958329261,24.9,0.0004604167073871679
2026-04-02 06:00:00,24.8,24.805397434141703,24.8,-0.005397434141702462
2026-04-02 07:00:00,25.5,25.525020977647007,25.5,-0.025020977647006504
2026-04-02 08:00:00,27.5,27.503750285749415,27.5,-0.003750285749415383
2026-04-02 09:00:00,29.2,29.166652543159206,29.2,0.033347456840793654
2026-04-02 10:00:00,30.3,30.350840685857623,30.3,-0.05084068585762225
2026-04-02 11:00:00,31.0,30.946007234700176,31.0,0.05399276529982444
2026-04-02 12:00:00,31.1,31.065491394710033,31.1,0.03450860528996813
2026-04-02 13:00:00,31.7,31.67456127566002,31.7,0.025438724339977625
2026-04-02 14:00:00,29.5,29.430474329959125,29.5,0.06952567004087484
2026-04-02 15:00:00,29.4,29.389971028461467,29.4,0.01002897153853155
2026-04-02 16:00:00,27.3,27.279939671302714,27.3,0.020060328697287133
2026-04-02 17:00:00,27.0,27.001441074447097,27.0,-0.0014410744470971792
2026-04-02 18:00:00,26.9,26.873630841750114,26.9,0.02636915824988506
2026-04-02 19:00:00,25.3,25.305747361127057,25.3,-0.005747361127056649
2026-04-02 20:00:00,25.5,25.523464917465528,25.5,-0.023464917465528146
2026-04-02 21:00:00,25.2,25.192518438766005,25.2,0.007481561233994682
2026-04-02 22:00:00,25.0,24.993388767820672,25.0,0.006611232179327686
2026-04-02 23:00:00,24.8,24.805730524796097,24.8,-0.005730524796096148
2026-04-03 00:00:00,24.8,24.821234136840403,24.8,-0.021234136840401874
2026-04-03 01:00:00,24.7,24.7014682876423,24.7,-0.0014682876423002256
2026-04-03 02:00:00,24.6,24.594494762161677,24.6,0.0055052378383244616
2026-04-03 03:00:00,24.5,24.494605378222662,24.5,0.00539462177733796
2026-04-03 04:00:00,24.5,24.500937979737156,24.5,-0.0009379797371558141
2026-04-03 05:00:00,24.2,24.185773511592853,24.2,0.014226488407146576
2026-04-03 06:00:00,23.8,23.800919985375156,23.8,-0.0009199853751553633
2026-04-03 07:00:00,25.2,25.190679649515367,25.2,0.0093203504846322
2026-04-03 08:00:00,27.3,27.237575122871174,27.3,0.062424877128826495
2026-04-03 09:00:00,29.5,29.433925319570218,29.5,0.06607468042978226
2026-04-03 10:00:00,30.5,30.572795366683586,30.5,-0.07279536668358588
2026-04-03 11:00:00,31.4,31.402747394061812,31.4,-0.0027473940618136794
2026-04-03 12:00:00,32.0,32.009643935269814,32.0,-0.009643935269814108
2026-04-03 13:00:00,33.2,33.14444500274792,33.2,0.055554997252080796
2026-04-03 14:00:00,32.9,32.804115820945164,32.9,0.09588417905483482
2026-04-03 15:00:00,32.0,32.000614814970604,32.0,-0.000614814970603561
2026-04-03 16:00:00,31.8,31.724584971905717,31.8,0.0754150280942838
2026-04-03 17:00:00,31.4,31.35986790258145,31.4,0.040132097418549506
2026-04-03 18:00:00,29.4,29.30920411358501,29.4,0.09079588641498759
2026-04-03 19:00:00,26.6,26.624758304343537,26.6,-0.024758304343535542
2026-04-03 20:00:00,27.2,27.18762653635426,27.2,0.012373463645740657
2026-04-03 21:00:00,27.2,27.17924710685716,27.2,0.02075289314283779
2026-04-03 22:00:00,26.6,26.608136181060704,26.6,-0.008136181060702796
2026-04-03 23:00:00,25.0,24.9270133572274,25.0,0.07298664277260158
2026-04-04 00:00:00,24.9,24.895439237590562,24.9,0.004560762409436592
2026-04-04 01:00:00,24.5,24.489512887917016,24.5,0.01048711208298414
2026-04-04 02:00:00,24.3,24.31202512293618,24.3,-0.012025122936179855
2026-04-04 03:00:00,24.2,24.190604446193408,24.2,0.009395553806591295
2026-04-04 04:00:00,24.2,24.194884435300754,24.2,0.005115564699245567
2026-04-04 05:00:00,24.3,24.318079170833798,24.3,-0.018079170833797065
2026-04-04 06:00:00,24.3,24.30605843104594,24.3,-0.006058431045939727
2026-04-04 07:00:00,25.8,25.781285319161725,25.8,0.018714680838275655
2026-04-04 08:00:00,26.9,26.946618105381376,26.9,-0.046618105381377006
2026-04-04 09:00:00,28.7,28.73765534556654,28.7,-0.0376553455665416
2026-04-04 10:00:00,30.2,30.187019757850976,30.2,0.012980242149023269
2026-04-04 11:00:00,31.0,31.00608431538021,31.0,-0.00608431538021037
2026-04-04 12:00:00,31.6,31.54053761195156,31.6,0.059462388048441284
2026-04-04 13:00:00,28.5,28.507678355541394,28.5,-0.007678355541393955
2026-04-04 14:00:00,28.9,28.944946223485395,28.9,-0.044946223485396786
2026-04-04 15:00:00,29.3,29.33461341010846,29.3,-0.03461341010845942
2026-04-04 16:00:00,28.9,28.929415713574418,28.9,-0.0294157135744193
2026-04-04 17:00:00,27.6,27.608062005070405,27.6,-0.008062005070403444
2026-04-04 18:00:00,27.5,27.462949676208208,27.5,0.037050323791792295
2026-04-04 19:00:00,26.5,26.528729643354172,26.5,-0.02872964335417194
2026-04-04 20:00:00,26.6,26.615310339430927,26.6,-0.015310339430925524
2026-04-04 21:00:00,26.5,26.496095883256462,26.5,0.0039041167435378554
2026-04-04 22:00:00,26.2,26.217286418541164,26.2,-0.01728641854116475
2026-04-04 23:00:00,26.0,26.02697696835952,26.0,-0.026976968359520015
2026-04-05 00:00:00,25.8,25.812351984159626,25.8,-0.012351984159625573
2026-04-05 01:00:00,25.4,25.400352434854746,25.4,-0.00035243485474723
2026-04-05 02:00:00,25.6,25.611437946318283,25.6,-0.011437946318281433
2026-04-05 03:00:00,25.5,25.496371033377656,25.5,0.00362896662234391
2026-04-05 04:00:00,25.4,25.392549326020152,25.4,0.007450673979846556
2026-04-05 05:00:00,25.1,25.10929955655161,25.1,-0.009299556551606969
2026-04-05 06:00:00,25.1,25.107644065179244,25.1,-0.007644065179242432
2026-04-05 07:00:00,26.1,26.071251579127953,26.1,0.02874842087204854
2026-04-05 08:00:00,27.8,27.734487527969797,27.8,0.06551247203020338
2026-04-05 09:00:00,29.4,29.322781004364177,29.4,0.07721899563582113
2026-04-05 10:00:00,30.6,30.64943483546768,30.6,-0.049434835467678795
2026-04-05 11:00:00,31.3,31.31872260449641,31.3,-0.01872260449641061
2026-04-05 12:00:00,32.2,32.20886630201451,32.2,-0.008866302014510552
2026-04-05 13:00:00,30.9,30.897784366009002,30.9,0.002215633990996224
2026-04-05 14:00:00,32.0,31.937395731996432,32.0,0.06260426800356811
2026-04-05 15:00:00,31.0,30.97381287421773,31.0,0.02618712578226834
2026-04-05 16:00:00,30.4,30.403897634573084,30.4,-0.0038976345730858952
2026-04-05 17:00:00,28.2,28.22875652483735,28.2,-0.028756524837351805
2026-04-05 18:00:00,26.7,26.690149060837648,26.7,0.00985093916235158
2026-04-05 19:00:00,25.0,25.04189454743423,25.0,-0.04189454743422871
2026-04-05 20:00:00,25.5,25.55522940507602,25.5,-0.05522940507601959
2026-04-05 21:00:00,25.1,25.123069516743563,25.1,-0.02306951674356128
2026-04-05 22:00:00,25.1,25.126225074540628,25.1,-0.02622507454062628
2026-04-05 23:00:00,25.1,25.12590231874598,25.1,-0.025902318745977482
2026-04-06 00:00:00,25.1,25.118848705258003,25.1,-0.01884870525800153
2026-04-06 01:00:00,25.6,25.634804939402976,25.6,-0.034804939402974355
2026-04-06 02:00:00,25.9,25.9157105866514,25.9,-0.01571058665140157
2026-04-06 03:00:00,25.6,25.599746982195047,25.6,0.0002530178049546805
2026-04-06 04:00:00,25.5,25.508101566306838,25.5,-0.008101566306837782
2026-04-06 05:00:00,25.0,24.98870127178208,25.0,0.011298728217919773
2026-04-06 06:00:00,24.5,24.502929332444314,24.5,-0.0029293324443138147
2026-04-06 07:00:00,25.4,25.372480293271636,25.4,0.02751970672836279
2026-04-06 08:00:00,26.2,26.172698045677652,26.2,0.027301954322346944
2026-04-06 09:00:00,27.5,27.586862708599014,27.5,-0.08686270859901413
2026-04-06 10:00:00,29.0,29.034367536017374,29.0,-0.03436753601737408
2026-04-06 11:00:00,30.1,30.154324684973464,30.1,-0.05432468497346221
2026-04-06 12:00:00,31.0,30.907084155079406,31.0,0.09291584492059357
2026-04-06 13:00:00,32.2,32.15582348645483,32.2,0.0441765135451746
2026-04-06 14:00:00,31.2,31.24948372666672,31.2,-0.04948372666672185
2026-04-06 15:00:00,29.5,29.542024743815613,29.5,-0.042024743815613164
2026-04-06 16:00:00,29.2,29.195780107469123,29.2,0.004219892530876734
2026-04-06 17:00:00,29.4,29.351178995258234,29.4,0.04882100474176454
2026-04-06 18:00:00,28.2,28.205700745230292,28.2,-0.005700745230292625
2026-04-06 19:00:00,27.8,27.844010515143463,27.8,-0.044010515143462214
2026-04-06 20:00:00,27.1,27.12354524613237,27.1,-0.02354524613236819
2026-04-06 21:00:00,26.9,26.915984680449906,26.9,-0.01598468044990753
2026-04-06 22:00:00,26.5,26.503916910236786,26.5,-0.003916910236785753
2026-04-06 23:00:00,26.4,26.39199880383777,26.4,0.008001196162229718
2026-04-07 00:00:00,26.5,26.530456626889777,26.5,-0.030456626889776572
2026-04-07 01:00:00,26.1,26.09712859790248,26.1,0.0028714020975222354
2026-04-07 02:00:00,26.2,26.155144302698815,26.2,0.044855697301183994
2026-04-07 03:00:00,26.3,26.29777417929967,26.3,0.0022258207003318375
2026-04-07 04:00:00,25.8,25.793520056716645,25.8,0.006479943283355993
2026-04-07 05:00:00,25.4,25.392407449476128,25.4,0.007592550523870756
2026-04-07 06:00:00,24.9,24.88995903517443,24.9,0.010040964825567045
2026-04-07 07:00:00,25.1,25.08322584992994,25.1,0.016774150070062888
2026-04-07 08:00:00,27.0,26.97566260989024,27.0,0.02433739010976055
2026-04-07 09:00:00,29.1,29.20201068272237,29.1,-0.10201068272236924
2026-04-07 10:00:00,30.3,30.339020726774308,30.3,-0.039020726774307235
2026-04-07 11:00:00,31.0,31.0387592307508,31.0,-0.03875923075079868
2026-04-07 12:00:00,31.6,31.651561830428207,31.6,-0.051561830428205724
2026-04-07 13:00:00,32.2,32.180494548858874,32.2,0.01950545114112856
2026-04-07 14:00:00,31.0,31.025850402907658,31.0,-0.02585040290765761
2026-04-07 15:00:00,30.5,30.442925222206444,30.5,0.05707477779355585
2026-04-07 16:00:00,30.5,30.48580785009769,30.5,0.014192149902310547
2026-04-07 17:00:00,29.2,29.214056914236433,29.2,-0.014056914236434181
2026-04-07 18:00:00,27.5,27.55528694583934,27.5,-0.055286945839341683
2026-04-07 19:00:00,26.3,26.251775712821217,26.3,0.04822428717878324
2026-04-07 20:00:00,26.9,26.89957621811513,26.9,0.0004237818848693564
2026-04-07 21:00:00,26.9,26.908368264325507,26.9,-0.008368264325508079
2026-04-07 22:00:00,26.5,26.485140445790783,26.5,0.014859554209216697
2026-04-07 23:00:00,26.5,26.509149738250283,26.5,-0.00914973825028298
2026-04-08 00:00:00,26.1,26.09438565609249,26.1,0.005614343907510033
2026-04-08 01:00:00,25.5,25.503637594977516,25.5,-0.0036375949775155902
2026-04-08 02:00:00,25.4,25.4179178008803,25.4,-0.01791780088030137
2026-04-08 03:00:00,25.2,25.204765589855633,25.2,-0.0047655898556335785
2026-04-08 04:00:00,25.1,25.092682842265067,25.1,0.007317157734934909
2026-04-08 05:00:00,25.0,24.996895303605893,25.0,0.0031046963941072647
2026-04-08 06:00:00,24.7,24.68932572778734,24.7,0.010674272212657598
2026-04-08 07:00:00,25.8,25.896131544285865,25.8,-0.09613154428586412
2026-04-08 08:00:00,27.3,27.350437173989413,27.3,-0.05043717398941183
2026-04-08 09:00:00,29.0,28.98967275250642,29.0,0.010327247493581382
2026-04-08 10:00:00,30.4,30.405403336892576,30.4,-0.005403336892577215
2026-04-08 11:00:00,31.2,31.15928191758479,31.2,0.04071808241521069
2026-04-08 12:00:00,31.5,31.505456075912203,31.5,-0.0054560759122033176
2026-04-08 13:00:00,32.0,32.03690705700732,32.0,-0.03690705700731911
2026-04-08 14:00:00,28.9,28.854349225571085,28.9,0.045650774428914076
2026-04-08 15:00:00,27.6,27.547764791174043,27.6,0.05223520882595878
2026-04-08 16:00:00,27.7,27.638758660507374,27.7,0.061241339492625
2026-04-08 17:00:00,27.8,27.85067981690391,27.8,-0.05067981690390866
2026-04-08 18:00:00,27.5,27.492991806848107,27.5,0.007008193151893494
2026-04-08 19:00:00,27.5,27.514991645822803,27.5,-0.014991645822803434
2026-04-08 20:00:00,26.9,26.933175036429034,26.9,-0.03317503642903574
2026-04-08 21:00:00,26.5,26.522131149980726,26.5,-0.022131149980726406
2026-04-08 22:00:00,26.3,26.29587642214129,26.3,0.004123577858710092
2026-04-08 23:00:00,26.3,26.251316521816527,26.3,0.04868347818347374
2026-04-09 00:00:00,26.2,26.182280695679413,26.2,0.017719304320586104
2026-04-09 01:00:00,26.4,26.399245576684432,26.4,0.0007544233155662994
2026-04-09 02:00:00,26.4,26.36481760345787,26.4,0.035182396542129624
2026-04-09 03:00:00,26.1,26.085239692826804,26.1,0.014760307173197873
2026-04-09 04:00:00,25.9,25.913499216770994,25.9,-0.013499216770995304
2026-04-09 05:00:00,25.8,25.80173085717256,25.8,-0.001730857172560718
2026-04-09 06:00:00,25.5,25.50037578916267,25.5,-0.0003757891626712251
2026-04-09 07:00:00,26.1,26.059557724714125,26.1,0.040442275285876406
2026-04-09 08:00:00,27.7,27.664073788571553,27.7,0.03592621142844621
2026-04-09 09:00:00,28.7,28.681368523299362,28.7,0.01863147670063725
2026-04-09 10:00:00,29.7,29.652604965471745,29.7,0.04739503452825389
2026-04-09 11:00:00,29.8,29.808550721584346,29.8,-0.008550721584345666
2026-04-09 12:00:00,28.0,28.092733031419158,28.0,-0.0927330314191579
2026-04-09 13:00:00,27.1,27.08410772665918,27.1,0.015892273340821106
2026-04-09 14:00:00,29.0,28.94434880584329,29.0,0.055651194156709494
2026-04-09 15:00:00,29.4,29.48687407742317,29.4,-0.08687407742317177
2026-04-09 16:00:00,28.9,29.042071314362357,28.9,-0.14207131436235798
2026-04-09 17:00:00,28.1,28.136030890501008,28.1,-0.036030890501006496
2026-04-09 18:00:00,27.1,27.086235598774234,27.1,0.013764401225767386
2026-04-09 19:00:00,27.1,27.112033329888806,27.1,-0.0120333298888049
2026-04-09 20:00:00,27.0,27.010800771500204,27.0,-0.010800771500203865
2026-04-09 21:00:00,26.6,26.580966657699406,26.6,0.01903334230059528
2026-04-09 22:00:00,26.4,26.395597368697853,26.4,0.0044026313021454655
2026-04-09 23:00:00,26.1,26.10411830703702,26.1,-0.0041183070370180985
2026-04-10 00:00:00,25.8,25.79816873043186,25.8,0.0018312695681395041
2026-04-10 01:00:00,25.5,25.49329272103427,25.5,0.006707278965730978
2026-04-10 02:00:00,25.4,25.39304161507379,25.4,0.006958384926207373
2026-04-10 03:00:00,24.9,24.89276643397405,24.9,0.007233566025949045
2026-04-10 04:00:00,24.7,24.72671846328722,24.7,-0.02671846328722083
2026-04-10 05:00:00,24.4,24.413509166319272,24.4,-0.013509166319273902
2026-04-10 06:00:00,24.4,24.406846494760508,24.4,-0.0068464947605093585
2026-04-10 07:00:00,26.2,26.1763996464497,26.2,0.023600353550300213
2026-04-10 08:00:00,27.5,27.555878022467095,27.5,-0.05587802246709472
2026-04-10 09:00:00,29.0,28.991588906112046,29.0,0.008411093887954024
2026-04-10 10:00:00,30.1,30.15055658903315,30.1,-0.050556589033149635
2026-04-10 11:00:00,30.9,30.85690995367998,30.9,0.04309004632001745
2026-04-10 12:00:00,31.1,31.098337495172856,31.1,0.0016625048271450282
2026-04-10 13:00:00,31.2,31.15937494271118,31.2,0.0406250572888176
2026-04-10 14:00:00,29.9,29.890290877532465,29.9,0.00970912246753386
2026-04-10 15:00:00,27.9,27.86427373993157,27.9,0.03572626006842938
2026-04-10 16:00:00,28.0,28.034441929460144,28.0,-0.03444192946014368
2026-04-10 17:00:00,28.1,28.173535863478058,28.1,-0.07353586347805674
2026-04-10 18:00:00,27.6,27.58056116185478,27.6,0.01943883814521996
2026-04-10 19:00:00,27.6,27.589222847633504,27.6,0.010777152366497234
2026-04-10 20:00:00,27.2,27.22852630620523,27.2,-0.028526306205229446
2026-04-10 21:00:00,27.0,26.989332137998268,27.0,0.010667862001731976
2026-04-10 22:00:00,26.7,26.696049767924915,26.7,0.003950232075084159
2026-04-10 23:00:00,26.6,26.62240721854956,26.6,-0.02240721854956007
2026-04-11 00:00:00,26.2,26.18044516980839,26.2,0.019554830191609085
2026-04-11 01:00:00,25.9,25.88283987260103,25.9,0.017160127398970104
2026-04-11 02:00:00,25.8,25.802161441183213,25.8,-0.0021614411832118208
2026-04-11 03:00:00,25.6,25.60234362038866,25.6,-0.0023436203886575413
2026-04-11 04:00:00,25.4,25.396073770727785,25.4,0.003926229272213533
2026-04-11 05:00:00,25.1,25.10585228213278,25.1,-0.005852282132778441
2026-04-11 06:00:00,24.9,24.90207823115317,24.9,-0.0020782311531704067
2026-04-11 07:00:00,25.5,25.461435507553915,25.5,0.03856449244608484
2026-04-11 08:00:00,27.5,27.52747342555825,27.5,-0.02747342555824872
2026-04-11 09:00:00,29.2,29.194398162285495,29.2,0.0056018377145043985
2026-04-11 10:00:00,30.2,30.208110863962247,30.2,-0.008110863962247805
2026-04-11 11:00:00,31.1,31.159166692004327,31.1,-0.05916669200432523
2026-04-11 12:00:00,31.3,31.3396280718801,31.3,-0.03962807188009876
2026-04-11 13:00:00,32.3,32.25257145452139,32.3,0.04742854547860986
2026-04-11 14:00:00,29.5,29.461178832707127,29.5,0.038821167292873326
2026-04-11 15:00:00,29.4,29.38043728801427,29.4,0.019562711985727788
2026-04-11 16:00:00,28.5,28.50912705098441,28.5,-0.0091270509844108
2026-04-11 17:00:00,27.5,27.53542065160529,27.5,-0.035420651605289066
2026-04-11 18:00:00,27.2,27.214522853360595,27.2,-0.014522853360595889
2026-04-11 19:00:00,27.2,27.265531145853103,27.2,-0.06553114585310382
2026-04-11 20:00:00,27.2,27.20605014023837,27.2,-0.006050140238372137
2026-04-11 21:00:00,27.0,26.991742402742233,27.0,0.008257597257767202
2026-04-11 22:00:00,26.7,26.684969601074148,26.7,0.015030398925851784
2026-04-11 23:00:00,26.2,26.208153497161653,26.2,-0.008153497161654144
2026-04-12 00:00:00,26.0,26.003518235258007,26.0,-0.0035182352580065412
2026-04-12 01:00:00,25.5,25.50912569906604,25.5,-0.009125699066039772
2026-04-12 02:00:00,25.1,25.096402165869524,25.1,0.0035978341304776507
2026-04-12 03:00:00,25.2,25.191388754259382,25.2,0.008611245740617335
2026-04-12 04:00:00,24.9,24.886849486357463,24.9,0.013150513642536055
2026-04-12 05:00:00,24.5,24.490635426099303,24.5,0.009364573900697337
2026-04-12 06:00:00,24.4,24.40036986484453,24.4,-0.0003698648445329411
2026-04-12 07:00:00,25.3,25.36592721232797,25.3,-0.06592721232797061
2026-04-12 08:00:00,26.2,26.23007144966906,26.2,-0.03007144966906239
2026-04-12 09:00:00,27.8,27.834192728040364,27.8,-0.03419272804036311
2026-04-12 10:00:00,29.8,29.737122044659316,29.8,0.06287795534068508
2026-04-12 11:00:00,30.8,30.817560024356744,30.8,-0.017560024356743753
2026-04-12 12:00:00,31.8,31.785682260916396,31.8,0.014317739083605119
2026-04-12 13:00:00,33.2,33.11286296508822,33.2,0.08713703491178393
2026-04-12 14:00:00,32.7,32.68145744827946,32.7,0.018542551720543088
2026-04-12 15:00:00,31.5,31.45042198818624,31.5,0.04957801181376098
2026-04-12 16:00:00,30.6,30.681138793138768,30.6,-0.08113879313876637
2026-04-12 17:00:00,30.3,30.267453881599245,30.3,0.03254611840075583
2026-04-12 18:00:00,29.2,29.25723173553161,29.2,-0.057231735531612316
2026-04-12 19:00:00,26.0,25.999581136485023,26.0,0.00041886351497666396
2026-04-12 20:00:00,26.2,26.201069534552236,26.2,-0.0010695345522364619
2026-04-12 21:00:00,25.5,25.512004650587134,25.5,-0.012004650587133625
2026-04-12 22:00:00,25.4,25.385818531518265,25.4,0.014181468481734072
2026-04-12 23:00:00,25.2,25.205121317414285,25.2,-0.0051213174142858975
2026-04-13 00:00:00,25.0,24.985735744949267,25.0,0.014264255050733254
2026-04-13 01:00:00,25.4,25.380758413074904,25.4,0.019241586925094367
2026-04-13 02:00:00,25.5,25.49052439483974,25.5,0.00947560516026158
2026-04-13 03:00:00,25.4,25.379799778419432,25.4,0.020200221580566335
2026-04-13 04:00:00,25.3,25.294166290676184,25.3,0.005833709323816549
2026-04-13 05:00:00,25.1,25.092836198960402,25.1,0.007163801039599349
2026-04-13 06:00:00,25.0,24.998418776975075,25.0,0.0015812230249245829
2026-04-13 07:00:00,26.1,26.094566592768093,26.1,0.00543340723190866
2026-04-13 08:00:00,27.9,27.848879817952927,27.9,0.051120182047071694
2026-04-13 09:00:00,29.6,29.54049574212335,29.6,0.05950425787665026
2026-04-13 10:00:00,30.9,30.894535586873737,30.9,0.005464413126262002
2026-04-13 11:00:00,31.9,31.844993938114882,31.9,0.05500606188511625
2026-04-13 12:00:00,32.2,32.253197597672,32.2,-0.05319759767199628
2026-04-13 13:00:00,31.9,31.851614324220044,31.9,0.04838567577995434
2026-04-13 14:00:00,31.7,31.698011553981818,31.7,0.001988446018181378
2026-04-13 15:00:00,31.9,31.85095475475612,31.9,0.0490452452438781
2026-04-13 16:00:00,32.0,31.94146264532257,32.0,0.05853735467742993
2026-04-13 17:00:00,31.5,31.524587987222972,31.5,-0.024587987222972174
2026-04-13 18:00:00,29.7,29.74681150920068,29.7,-0.04681150920067978
2026-04-13 19:00:00,27.5,27.49783511786706,27.5,0.0021648821329414147
2026-04-13 20:00:00,26.3,26.194880308165928,26.3,0.10511969183407288
2026-04-13 21:00:00,26.5,26.50684261573416,26.5,-0.006842615734161228
2026-04-13 22:00:00,26.5,26.48604544070845,26.5,0.01395455929155176
2026-04-13 23:00:00,26.0,25.99217133621853,26.0,0.007828663781470624
2026-04-14 00:00:00,25.8,25.807561738119304,25.8,-0.007561738119303385
2026-04-14 01:00:00,26.5,26.500407396829402,26.5,-0.0004073968294022734
2026-04-14 02:00:00,26.9,26.95692459835562,26.9,-0.05692459835562147
2026-04-14 03:00:00,26.6,26.56516000039758,26.6,0.03483999960242201
2026-04-14 04:00:00,26.5,26.494887737867916,26.5,0.0051122621320836
2026-04-14 05:00:00,26.3,26.29639004638467,26.3,0.0036099536153315626
2026-04-14 06:00:00,26.2,26.19000148645595,26.2,0.009998513544047682
2026-04-14 07:00:00,27.4,27.267176688350208,27.4,0.13282331164979055
2026-04-14 08:00:00,29.1,29.180582631852836,29.1,-0.08058263185283465
2026-04-14 09:00:00,30.5,30.507921981413805,30.5,-0.007921981413804957
2026-04-14 10:00:00,31.2,31.146464596748814,31.2,0.05353540325118544
2026-04-14 11:00:00,32.0,32.01567219906014,32.0,-0.015672199060141168
2026-04-14 12:00:00,31.1,31.187371303995757,31.1,-0.08737130399575577
2026-04-14 13:00:00,29.7,29.69439999163,29.7,0.005600008369999188
2026-04-14 14:00:00,29.5,29.21545675149607,29.5,0.28454324850392965
2026-04-14 15:00:00,28.5,28.408051144049953,28.5,0.0919488559500472
2026-04-14 16:00:00,28.0,27.94075599842209,28.0,0.05924400157790899
2026-04-14 17:00:00,28.1,28.013367368851597,28.1,0.08663263114840447
2026-04-14 18:00:00,27.8,27.799131135812615,27.8,0.0008688641873852987
2026-04-14 19:00:00,26.3,26.370139178767886,26.3,-0.07013917876788511
2026-04-14 20:00:00,26.3,26.26985355705466,26.3,0.03014644294534108
2026-04-14 21:00:00,26.2,26.17298627983581,26.2,0.027013720164188015
2026-04-14 22:00:00,26.0,25.987175228801128,26.0,0.012824771198872043
2026-04-14 23:00:00,25.9,25.891007196157908,25.9,0.00899280384209078
2026-04-15 00:00:00,25.7,25.679982400353715,25.7,0.020017599646283912
2026-04-15 01:00:00,25.9,25.874418546349467,25.9,0.025581453650531216
2026-04-15 02:00:00,25.5,25.47386588728727,25.5,0.026134112712728808
2026-04-15 03:00:00,25.0,24.99797456722014,25.0,0.0020254327798596705
2026-04-15 04:00:00,24.9,24.888117032700404,24.9,0.011882967299595038
2026-04-15 05:00:00,24.8,24.782615641926913,24.8,0.01738435807308747
2026-04-15 06:00:00,24.4,24.411598242659423,24.4,-0.01159824265942433
2026-04-15 07:00:00,25.5,25.53424713651473,25.5,-0.03424713651472899
2026-04-15 08:00:00,27.1,27.121022007174094,27.1,-0.02102200717409275
2026-04-15 09:00:00,29.1,29.05753854006823,29.1,0.04246145993177208
2026-04-15 10:00:00,30.4,30.284294774872787,30.4,0.11570522512721126
2026-04-15 11:00:00,31.0,30.96461213346156,31.0,0.03538786653843928
2026-04-15 12:00:00,31.5,31.52865162499395,31.5,-0.028651624993951685
2026-04-15 13:00:00,31.9,31.989150187905434,31.9,-0.08915018790543527
2026-04-15 14:00:00,30.7,30.725742113643005,30.7,-0.025742113643005382
2026-04-15 15:00:00,29.5,29.41111802326965,29.5,0.08888197673034881
2026-04-15 16:00:00,27.6,27.606399384031867,27.6,-0.006399384031865907
2026-04-15 17:00:00,27.4,27.39124586956097,27.4,0.00875413043902995
2026-04-15 18:00:00,26.5,26.48481749684986,26.5,0.015182503150139581
2026-04-15 19:00:00,23.9,23.942406517181503,23.9,-0.042406517181504455
2026-04-15 20:00:00,24.5,24.427251695320344,24.5,0.07274830467965643
2026-04-15 21:00:00,24.8,24.83614130782958,24.8,-0.036141307829577585
2026-04-15 22:00:00,24.9,24.85092710991461,24.9,0.0490728900853874
2026-04-15 23:00:00,24.9,24.89154946276345,24.9,0.008450537236548428
2026-04-16 00:00:00,24.6,24.584331860437054,24.6,0.01566813956294766
2026-04-16 01:00:00,24.6,24.5796893875322,24.6,0.02031061246780297
2026-04-16 02:00:00,24.5,24.504804524182504,24.5,-0.0048045241825036555
2026-04-16 03:00:00,24.2,24.185024436782985,24.2,0.014975563217014098
2026-04-16 04:00:00,24.2,24.193498690692433,24.2,0.006501309307566316
2026-04-16 05:00:00,24.1,24.096909173890875,24.1,0.0030908261091262546
2026-04-16 06:00:00,24.0,23.98940217457631,24.0,0.01059782542369092
2026-04-16 07:00:00,25.7,25.677683253202467,25.7,0.02231674679753226
2026-04-16 08:00:00,28.0,27.9233495653687,28.0,0.07665043463130061
2026-04-16 09:00:00,30.0,29.995175658393865,30.0,0.004824341606134652
2026-04-16 10:00:00,31.3,31.363382144161648,31.3,-0.06338214416164689
2026-04-16 11:00:00,32.0,31.993070310993126,32.0,0.0069296890068741845
2026-04-16 12:00:00,32.2,32.210899060575976,32.2,-0.010899060575972896
2026-04-16 13:00:00,32.8,32.79110924754671,32.8,0.008890752453289963
2026-04-16 14:00:00,32.5,32.523598175048775,32.5,-0.02359817504877526
2026-04-16 15:00:00,30.5,30.614937024852203,30.5,-0.11493702485220325
2026-04-16 16:00:00,30.4,30.433372809458245,30.4,-0.033372809458246167
2026-04-16 17:00:00,29.0,28.965719320843867,29.0,0.034280679156132976
2026-04-16 18:00:00,28.5,28.473262370081176,28.5,0.026737629918823558
2026-04-16 19:00:00,26.6,26.624470114353144,26.6,-0.024470114353142947
2026-04-16 20:00:00,25.7,25.6861541190202,25.7,0.013845880979800995
2026-04-16 21:00:00,24.9,24.90871411478331,24.9,-0.008714114783312965
2026-04-16 22:00:00,24.9,24.911785091460604,24.9,-0.011785091460605912
2026-04-16 23:00:00,24.8,24.82750192783529,24.8,-0.027501927835288598
2026-04-17 00:00:00,24.8,24.805241262432656,24.8,-0.005241262432654992
2026-04-17 01:00:00,24.9,24.90136116330506,24.9,-0.0013611633050629734
2026-04-17 02:00:00,24.5,24.492266276068737,24.5,0.00773372393126337
2026-04-17 03:00:00,24.1,24.085983396704002,24.1,0.01401660329599963
2026-04-17 04:00:00,24.0,23.99463541809204,24.0,0.00536458190795841
2026-04-17 05:00:00,23.9,23.91000826810791,23.9,-0.010008268107910112
2026-04-17 06:00:00,24.0,23.99992379153403,24.0,7.620846596978481e-05
2026-04-17 07:00:00,25.8,25.84956891259247,25.8,-0.04956891259246987
2026-04-17 08:00:00,27.4,27.42092074188735,27.4,-0.020920741887351824
2026-04-17 09:00:00,28.6,28.586140987675304,28.6,0.013859012324697773
2026-04-17 10:00:00,30.0,29.969738696315435,30.0,0.030261303684564922
2026-04-17 11:00:00,31.0,31.029184386621623,31.0,-0.029184386621622593
2026-04-17 12:00:00,31.5,31.485636898298402,31.5,0.014363101701597714
2026-04-17 13:00:00,29.0,29.018894036201992,29.0,-0.018894036201992037
2026-04-17 14:00:00,28.8,28.781530559274348,28.8,0.01846944072565293
2026-04-17 15:00:00,29.1,29.15349791218497,29.1,-0.053497912184969465
2026-04-17 16:00:00,29.4,29.377814326414317,29.4,0.022185673585681798
2026-04-17 17:00:00,28.1,28.15841686026246,28.1,-0.05841686026245796
2026-04-17 18:00:00,27.2,27.193630967346152,27.2,0.006369032653847029
2026-04-17 19:00:00,28.0,27.95222281027871,28.0,0.04777718972129108
2026-04-17 20:00:00,27.7,27.686358893032832,27.7,0.01364110696716736
2026-04-17 21:00:00,27.5,27.525045739007403,27.5,-0.025045739007403256
2026-04-17 22:00:00,27.0,27.03903446104037,27.0,-0.03903446104036945
2026-04-17 23:00:00,27.0,27.033949002272642,27.0,-0.033949002272642304
2026-04-18 00:00:00,26.7,26.690652745117152,26.7,0.009347254882847267
2026-04-18 01:00:00,26.4,26.393059370800664,26.4,0.00694062919933458
2026-04-18 02:00:00,26.5,26.503903410490434,26.5,-0.0039034104904338562
2026-04-18 03:00:00,26.2,26.19239590263568,26.2,0.0076040973643181076
2026-04-18 04:00:00,25.9,25.883666908263624,25.9,0.016333091736374428
2026-04-18 05:00:00,25.5,25.49256555755955,25.5,0.007434442440448663
2026-04-18 06:00:00,25.2,25.191174199035455,25.2,0.008825800964544328
2026-04-18 07:00:00,26.6,26.482807101096782,26.6,0.1171928989032196
2026-04-18 08:00:00,28.2,28.053111944676044,28.2,0.14688805532395577
2026-04-18 09:00:00,29.7,29.730222660476745,29.7,-0.03022266047674549
2026-04-18 10:00:00,30.8,30.832102795914263,30.8,-0.03210279591426257
2026-04-18 11:00:00,32.0,31.90174357900499,32.0,0.09825642099501053
2026-04-18 12:00:00,29.8,29.69664261821105,29.8,0.10335738178894971
2026-04-18 13:00:00,31.4,31.39482517959418,31.4,0.005174820405819958
2026-04-18 14:00:00,31.6,31.55073906710878,31.6,0.04926093289122235
2026-04-18 15:00:00,30.5,30.51710874717973,30.5,-0.01710874717972999
2026-04-18 16:00:00,30.3,30.370808422781554,30.3,-0.0708084227815533
2026-04-18 17:00:00,27.6,27.626035142583273,27.6,-0.026035142583271664
2026-04-18 18:00:00,25.8,25.793772974726803,25.8,0.006227025273197739
2026-04-18 19:00:00,25.8,25.816985679449054,25.8,-0.016985679449053492
2026-04-18 20:00:00,25.8,25.79117871941326,25.8,0.008821280586740698
2026-04-18 21:00:00,26.0,26.01129546616853,26.0,-0.011295466168530055
2026-04-18 22:00:00,25.3,25.282744419009706,25.3,0.01725558099029456
2026-04-18 23:00:00,25.2,25.190088193140742,25.2,0.00991180685925741
2026-04-19 00:00:00,25.2,25.198312071379362,25.2,0.001687928620636825
2026-04-19 01:00:00,25.4,25.43885230616929,25.4,-0.038852306169292916
2026-04-19 02:00:00,25.5,25.505198387782833,25.5,-0.005198387782833436
2026-04-19 03:00:00,25.6,25.590852296964105,25.6,0.009147703035896626
2026-04-19 04:00:00,25.5,25.521761145383675,25.5,-0.021761145383674574
2026-04-19 05:00:00,25.3,25.302342975442887,25.3,-0.002342975442886086
2026-04-19 06:00:00,25.1,25.096649104191435,25.1,0.003350895808566179
2026-04-19 07:00:00,26.0,26.01745757095056,26.0,-0.017457570950561774
2026-04-19 08:00:00,27.9,27.861755735282557,27.9,0.03824426471744147
2026-04-19 09:00:00,29.8,29.82569268046286,29.8,-0.02569268046286055
2026-04-19 10:00:00,30.9,30.94686172641649,30.9,-0.04686172641649122
2026-04-19 11:00:00,31.8,31.80091906638729,31.8,-0.0009190663872900018
2026-04-19 12:00:00,31.8,31.779163874039696,31.8,0.020836125960304486
2026-04-19 13:00:00,33.4,33.23779156714009,33.4,0.16220843285990583
2026-04-19 14:00:00,32.3,32.25829991345414,32.3,0.041700086545858994
2026-04-19 15:00:00,32.0,32.086115837938145,32.0,-0.08611583793814503
2026-04-19 16:00:00,31.5,31.479870501904493,31.5,0.020129498095506904
2026-04-19 17:00:00,29.6,29.595656569807584,29.6,0.00434343019241723
2026-04-19 18:00:00,28.8,28.819544975515946,28.8,-0.01954497551594514
2026-04-19 19:00:00,25.9,25.965149545937148,25.9,-0.06514954593714961
2026-04-19 20:00:00,26.5,26.557195788283522,26.5,-0.05719578828352212
2026-04-19 21:00:00,26.5,26.515530947703972,26.5,-0.015530947703972231
2026-04-19 22:00:00,26.4,26.391450603054572,26.4,0.008549396945426224
2026-04-19 23:00:00,26.4,26.36737339794483,26.4,0.0326266020551671
2026-04-20 00:00:00,26.0,25.987479752317192,26.0,0.012520247682807906
2026-04-20 01:00:00,25.9,25.897618728540472,25.9,0.0023812714595266016
2026-04-20 02:00:00,25.6,25.594609311962657,25.6,0.00539068803734466
2026-04-20 03:00:00,25.5,25.49546378074574,25.5,0.004536219254259066
2026-04-20 04:00:00,25.2,25.197267516149886,25.2,0.0027324838501137094
2026-04-20 05:00:00,25.1,25.100549232173904,25.1,-0.0005492321739026806
2026-04-20 06:00:00,24.9,24.88501894839766,24.9,0.014981051602337203
2026-04-20 07:00:00,26.6,26.59432323037501,26.6,0.005676769624990641
2026-04-20 08:00:00,28.0,27.995768012823625,28.0,0.004231987176375185
2026-04-20 09:00:00,29.2,29.250583472397498,29.2,-0.0505834723974985
2026-04-20 10:00:00,30.6,30.558273197734554,30.6,0.04172680226544756
2026-04-20 11:00:00,31.8,31.797956838626455,31.8,0.0020431613735460985
2026-04-20 12:00:00,32.2,32.16083607517469,32.2,0.03916392482530995
2026-04-20 13:00:00,33.2,33.10741361193495,33.2,0.09258638806505104
2026-04-20 14:00:00,33.1,33.11963647610501,33.1,-0.019636476105006295
2026-04-20 15:00:00,31.7,31.67753833608519,31.7,0.02246166391481097
2026-04-20 16:00:00,30.4,30.37554406578716,30.4,0.024455934212838315
2026-04-20 17:00:00,29.8,29.763563838542655,29.8,0.036436161457345406
2026-04-20 18:00:00,29.0,29.005421712385388,29.0,-0.005421712385388133
2026-04-20 19:00:00,28.9,28.87120565685356,28.9,0.02879434314643703
2026-04-20 20:00:00,28.6,28.58129586899577,28.6,0.018704131004231073
2026-04-20 21:00:00,28.4,28.41877558912322,28.4,-0.018775589123222858
2026-04-20 22:00:00,28.2,28.170858870987956,28.2,0.02914112901204291
2026-04-20 23:00:00,27.8,27.811102634803614,27.8,-0.011102634803613398
2026-04-21 00:00:00,27.1,27.106064139722758,27.1,-0.006064139722756323
2026-04-21 01:00:00,26.4,26.406654404278445,26.4,-0.006654404278446435
2026-04-21 02:00:00,25.7,25.704338435797077,25.7,-0.004338435797077267
2026-04-21 03:00:00,25.3,25.309295276282462,25.3,-0.009295276282461629
2026-04-21 04:00:00,25.0,24.99161634601714,25.0,0.008383653982861006
2026-04-21 05:00:00,24.7,24.67973693163219,24.7,0.020263068367810888
2026-04-21 06:00:00,24.6,24.59478367884417,24.6,0.005216321155831594
2026-04-21 07:00:00,26.2,26.23021224732281,26.2,-0.03021224732281169
2026-04-21 08:00:00,28.4,28.390566433064638,28.4,0.00943356693536046
2026-04-21 09:00:00,30.1,30.189089069113354,30.1,-0.08908906911335279
2026-04-21 10:00:00,31.3,31.358194262002336,31.3,-0.058194262002334796
2026-04-21 11:00:00,32.1,32.05350959063178,32.1,0.04649040936821791
2026-04-21 12:00:00,32.0,31.940903722794857,32.0,0.059096277205142655
2026-04-21 13:00:00,30.9,30.905733559720876,30.9,-0.005733559720876968
2026-04-21 14:00:00,31.6,31.625974061724865,31.6,-0.025974061724863162
2026-04-21 15:00:00,31.1,31.110380130246586,31.1,-0.010380130246584685
2026-04-21 16:00:00,29.6,29.663365729803672,29.6,-0.06336572980367094
2026-04-21 17:00:00,27.8,27.82956567941621,27.8,-0.029565679416208468
2026-04-21 18:00:00,26.9,26.909212212127454,26.9,-0.009212212127454933
2026-04-21 19:00:00,29.0,29.24907162895573,29.0,-0.2490716289557291
2026-04-21 20:00:00,28.1,28.060745451585618,28.1,0.039254548414383805
2026-04-21 21:00:00,27.6,27.607122753523726,27.6,-0.007122753523724157
2026-04-21 22:00:00,26.2,26.29016894261634,26.2,-0.09016894261634079
2026-04-21 23:00:00,24.6,24.59333141670028,24.6,0.006668583299720865
2026-04-22 00:00:00,24.6,24.638024878991104,24.6,-0.038024878991102185
2026-04-22 01:00:00,25.4,25.355073276861518,25.4,0.044926723138480895
2026-04-22 02:00:00,25.0,25.00915520445844,25.0,-0.00915520445844109
2026-04-22 03:00:00,24.9,24.942818532762054,24.9,-0.042818532762055384
2026-04-22 04:00:00,24.9,24.89559911865506,24.9,0.004400881344938767
2026-04-22 05:00:00,24.9,24.8973055717713,24.9,0.0026944282286969212
2026-04-22 06:00:00,24.8,24.80854162060554,24.8,-0.008541620605537759
2026-04-22 07:00:00,25.8,25.789116113535016,25.8,0.010883886464984727
2026-04-22 08:00:00,27.1,27.02010740728014,27.1,0.07989259271986171
2026-04-22 09:00:00,28.5,28.47581314430653,28.5,0.024186855693468345
2026-04-22 10:00:00,29.8,29.79207351839786,29.8,0.007926481602140711
2026-04-22 11:00:00,30.8,30.88050474822812,30.8,-0.08050474822811893
2026-04-22 12:00:00,31.5,31.550025583358597,31.5,-0.05002558335859675
2026-04-22 13:00:00,33.2,33.09378480751913,33.2,0.10621519248087452
2026-04-22 14:00:00,32.5,32.582272899442295,32.5,-0.08227289944229454
2026-04-22 15:00:00,31.5,31.576485466596758,31.5,-0.07648546659675759
2026-04-22 16:00:00,30.7,30.65267454738222,30.7,0.04732545261778043
2026-04-22 17:00:00,30.4,30.360635846806534,30.4,0.03936415319346409
2026-04-22 18:00:00,29.5,29.4488590424564,29.5,0.051140957543598375
2026-04-22 19:00:00,28.9,28.8325640196257,28.9,0.06743598037429877
2026-04-22 20:00:00,25.6,25.659664864870507,25.6,-0.059664864870505596
2026-04-22 21:00:00,25.5,25.506176501764475,25.5,-0.006176501764475262
2026-04-22 22:00:00,25.5,25.47815553466027,25.5,0.02184446533972917
2026-04-22 23:00:00,25.5,25.514318184235872,25.5,-0.014318184235872167
2026-04-23 00:00:00,25.8,25.77685122698745,25.8,0.023148773012550805
2026-04-23 01:00:00,26.0,25.976675503610085,26.0,0.02332449638991463
2026-04-23 02:00:00,26.4,26.49751978643141,26.4,-0.09751978643141257
2026-04-23 03:00:00,26.0,25.976225185185672,26.0,0.023774814814327527
2026-04-23 04:00:00,25.9,25.915622964362406,25.9,-0.015622964362407288
2026-04-23 05:00:00,25.7,25.694407105047766,25.7,0.005592894952233252
2026-04-23 06:00:00,25.5,25.49725186006891,25.5,0.002748139931089355
2026-04-23 07:00:00,26.1,26.093966304171108,26.1,0.0060336958288935705
2026-04-23 08:00:00,28.2,28.189652136853702,28.2,0.010347863146296987
2026-04-23 09:00:00,29.5,29.476515645201044,29.5,0.023484354798956275
2026-04-23 10:00:00,30.5,30.56232209167803,30.5,-0.06232209167803049
2026-04-23 11:00:00,31.2,31.152915580345827,31.2,0.04708441965417265
2026-04-23 12:00:00,31.8,31.830078919314452,31.8,-0.030078919314451724
2026-04-23 13:00:00,31.5,31.546346528985573,31.5,-0.04634652898557334
2026-04-23 14:00:00,31.5,31.477604710481177,31.5,0.022395289518822636
2026-04-23 15:00:00,31.1,31.07334955101929,31.1,0.02665044898071045
2026-04-23 16:00:00,30.5,30.51780791123217,30.5,-0.017807911232168294
2026-04-23 17:00:00,29.6,29.70552531070163,29.6,-0.10552531070162985
2026-04-23 18:00:00,28.7,28.73574668601168,28.7,-0.03574668601168085
2026-04-23 19:00:00,28.5,28.527917534786432,28.5,-0.02791753478643244
2026-04-23 20:00:00,28.2,28.15388480240131,28.2,0.046115197598687985
2026-04-23 21:00:00,27.9,27.956819038874382,27.9,-0.056819038874383665
2026-04-23 22:00:00,27.6,27.63825689674373,27.6,-0.038256896743728674
2026-04-23 23:00:00,27.4,27.42144934780696,27.4,-0.021449347806960617
2026-04-24 00:00:00,27.1,27.072288153904328,27.1,0.027711846095673565
2026-04-24 01:00:00,26.7,26.695114818586358,26.7,0.004885181413641249
2026-04-24 02:00:00,27.0,26.943471440094857,27.0,0.05652855990514283
2026-04-24 03:00:00,26.8,26.793075481139564,26.8,0.00692451886043699
2026-04-24 04:00:00,26.4,26.41221673947455,26.4,-0.012216739474553151
2026-04-24 05:00:00,26.0,25.97256071763951,26.0,0.02743928236048987
2026-04-24 06:00:00,25.8,25.80372761731273,25.8,-0.0037276173127303025
2026-04-24 07:00:00,27.0,26.8643509712427,27.0,0.13564902875729956
2026-04-24 08:00:00,28.6,28.507226453192825,28.6,0.09277354680717664
2026-04-24 09:00:00,30.0,29.90789982111984,30.0,0.09210017888015898
2026-04-24 10:00:00,31.0,31.088350890786796,31.0,-0.08835089078679559
2026-04-24 11:00:00,32.3,32.18992175705568,32.3,0.11007824294431856
2026-04-24 12:00:00,32.5,32.5181783638229,32.5,-0.018178363822897836
2026-04-24 13:00:00,33.2,33.07989748742958,33.2,0.12010251257042626
2026-04-24 14:00:00,33.1,33.11680444210608,33.1,-0.016804442106078454
2026-04-24 15:00:00,32.7,32.780739175626096,32.7,-0.08073917562609267
2026-04-24 16:00:00,31.8,31.836753860296962,31.8,-0.036753860296961705
2026-04-24 17:00:00,31.1,31.08796515340732,31.1,0.012034846592680282
2026-04-24 18:00:00,30.2,30.104310974092467,30.2,0.09568902590753225
2026-04-24 19:00:00,27.4,27.12414857740964,27.4,0.27585142259036033
2026-04-24 20:00:00,27.8,27.78344267225549,27.8,0.01655732774451124
2026-04-24 21:00:00,27.8,27.755891255147993,27.8,0.04410874485200722
2026-04-24 22:00:00,27.6,27.591700116040517,27.6,0.008299883959484333
2026-04-24 23:00:00,27.5,27.501865348377006,27.5,-0.0018653483770059154
2026-04-25 00:00:00,27.2,27.16685318274075,27.2,0.03314681725925084
2026-04-25 01:00:00,27.5,27.42683885548342,27.5,0.07316114451657896
2026-04-25 02:00:00,26.8,26.808421695109,26.8,-0.008421695108999927
2026-04-25 03:00:00,26.1,26.082450455830536,26.1,0.017549544169465747
2026-04-25 04:00:00,25.3,25.33264288016649,25.3,-0.0326428801664882
2026-04-25 05:00:00,24.6,24.59955459251487,24.6,0.0004454074851309997
2026-04-25 06:00:00,24.2,24.191450429001684,24.2,0.008549570998315659
2026-04-25 07:00:00,26.9,26.878369552784868,26.9,0.021630447215130744
2026-04-25 08:00:00,28.6,28.505588602371578,28.6,0.09441139762842354
2026-04-25 09:00:00,30.5,30.544596071061758,30.5,-0.04459607106175767
2026-04-25 10:00:00,32.0,31.938916379911547,32.0,0.06108362008845347
2026-04-25 11:00:00,33.2,33.225074455481746,33.2,-0.02507445548174303
2026-04-25 12:00:00,33.0,33.09346270954797,33.0,-0.0934627095479712
2026-04-25 13:00:00,34.3,33.94557582686549,34.3,0.3544241731345039
2026-04-25 14:00:00,33.2,33.067161994612995,33.2,0.13283800538700774
2026-04-25 15:00:00,32.2,32.255081113034784,32.2,-0.055081113034781026
2026-04-25 16:00:00,31.8,31.78312462198296,31.8,0.016875378017040532
2026-04-25 17:00:00,29.5,29.446764877718653,29.5,0.05323512228134675
2026-04-25 18:00:00,28.0,28.04584031380751,28.0,-0.04584031380750986
2026-04-25 19:00:00,28.9,28.841339692795064,28.9,0.05866030720493498
2026-04-25 20:00:00,28.0,27.994000851514148,28.0,0.005999148485852146
2026-04-25 21:00:00,27.5,27.509457932020744,27.5,-0.009457932020744408
2026-04-25 22:00:00,27.1,27.112077727577283,27.1,-0.01207772757728165
2026-04-25 23:00:00,26.7,26.703228779500037,26.7,-0.0032287795000378594
2026-04-26 00:00:00,26.708024691358023,26.69468918574459,26.708024691358023,0.01333550561343344
2026-04-26 01:00:00,26.716049382716047,26.69495958783475,26.716049382716047,0.021089794881298474
2026-04-26 02:00:00,26.724074074074075,26.72124891943209,26.724074074074075,0.0028251546419859608
2026-04-26 03:00:00,26.7320987654321,26.71206394330726,26.7320987654321,0.020034822124838314
2026-04-26 04:00:00,26.740123456790123,26.717830742894687,26.740123456790123,0.022292713895435412
2026-04-26 05:00:00,26.748148148148147,26.72181625447562,26.748148148148147,0.026331893672526974
2026-04-26 06:00:00,26.748148148148147,26.702817162831796,26.748148148148147,0.04533098531635105
2026-04-26 07:00:00,26.748148148148147,26.68169283261362,26.748148148148147,0.066455315534526
2026-04-26 08:00:00,26.748148148148147,26.677586919300197,26.748148148148147,0.07056122884795002
2026-04-26 09:00:00,26.748148148148147,26.708387691124837,26.748148148148147,0.039760457023309215
2026-04-26 10:00:00,26.748148148148147,26.715478970446952,26.748148148148147,0.032669177701194485
2026-04-26 11:00:00,26.748148148148147,26.728448103586107,26.748148148148147,0.019700044562039665
