strategy,placement,game,shots
Hunt & Target + Parity,random,0,52
Hunt & Target + Parity,random,1,59
Hunt & Target + Parity,random,2,44
Hunt & Target + Parity,random,3,48
Hunt & Target + Parity,random,4,50
Hunt & Target + Parity,random,5,52
Hunt & Target + Parity,random,6,59
Hunt & Target + Parity,random,7,63
Hunt & Target + Parity,random,8,58
Hunt & Target + Parity,random,9,62
Hunt & Target + Parity,random,10,49
Hunt & Target + Parity,random,11,43
Hunt & Target + Parity,random,12,45
Hunt & Target + Parity,random,13,43
Hunt & Target + Parity,random,14,50
Hunt & Target + Parity,random,15,59
Hunt & Target + Parity,random,16,62
Hunt & Target + Parity,random,17,51
Hunt & Target + Parity,random,18,48
Hunt & Target + Parity,random,19,57
Hunt & Target + Parity,random,20,69
Hunt & Target + Parity,random,21,52
Hunt & Target + Parity,random,22,44
Hunt & Target + Parity,random,23,42
Hunt & Target + Parity,random,24,61
Hunt & Target + Parity,random,25,57
Hunt & Target + Parity,random,26,50
Hunt & Target + Parity,random,27,52
Hunt & Target + Parity,random,28,44
Hunt & Target + Parity,random,29,61
Hunt & Target + Parity,random,30,45
Hunt & Target + Parity,random,31,50
Hunt & Target + Parity,random,32,61
Hunt & Target + Parity,random,33,45
Hunt & Target + Parity,random,34,63
Hunt & Target + Parity,random,35,55
Hunt & Target + Parity,random,36,56
Hunt & Target + Parity,random,37,55
Hunt & Target + Parity,random,38,42
Hunt & Target + Parity,random,39,33
Hunt & Target + Parity,random,40,68
Hunt & Target + Parity,random,41,50
Hunt & Target + Parity,random,42,57
Hunt & Target + Parity,random,43,45
Hunt & Target + Parity,random,44,43
Hunt & Target + Parity,random,45,57
Hunt & Target + Parity,random,46,49
Hunt & Target + Parity,random,47,58
Hunt & Target + Parity,random,48,51
Hunt & Target + Parity,random,49,41
Hunt & Target + Parity,random,50,65
Hunt & Target + Parity,random,51,56
Hunt & Target + Parity,random,52,61
Hunt & Target + Parity,random,53,56
Hunt & Target + Parity,random,54,40
Hunt & Target + Parity,random,55,60
Hunt & Target + Parity,random,56,38
Hunt & Target + Parity,random,57,66
Hunt & Target + Parity,random,58,49
Hunt & Target + Parity,random,59,52
Hunt & Target + Parity,random,60,60
Hunt & Target + Parity,random,61,69
Hunt & Target + Parity,random,62,39
Hunt & Target + Parity,random,63,30
Hunt & Target + Parity,random,64,66
Hunt & Target + Parity,random,65,41
Hunt & Target + Parity,random,66,59
Hunt & Target + Parity,random,67,50
Hunt & Target + Parity,random,68,71
Hunt & Target + Parity,random,69,64
Hunt & Target + Parity,random,70,60
Hunt & Target + Parity,random,71,58
Hunt & Target + Parity,random,72,58
Hunt & Target + Parity,random,73,54
Hunt & Target + Parity,random,74,40
Hunt & Target + Parity,random,75,52
Hunt & Target + Parity,random,76,58
Hunt & Target + Parity,random,77,66
Hunt & Target + Parity,random,78,53
Hunt & Target + Parity,random,79,53
Hunt & Target + Parity,random,80,51
Hunt & Target + Parity,random,81,54
Hunt & Target + Parity,random,82,55
Hunt & Target + Parity,random,83,70
Hunt & Target + Parity,random,84,61
Hunt & Target + Parity,random,85,51
Hunt & Target + Parity,random,86,39
Hunt & Target + Parity,random,87,64
Hunt & Target + Parity,random,88,55
Hunt & Target + Parity,random,89,53
Hunt & Target + Parity,random,90,62
Hunt & Target + Parity,random,91,40
Hunt & Target + Parity,random,92,62
Hunt & Target + Parity,random,93,55
Hunt & Target + Parity,random,94,33
Hunt & Target + Parity,random,95,44
Hunt & Target + Parity,random,96,63
Hunt & Target + Parity,random,97,62
Hunt & Target + Parity,random,98,59
Hunt & Target + Parity,random,99,40
Hunt & Target + Parity,random,100,56
Hunt & Target + Parity,random,101,61
Hunt & Target + Parity,random,102,66
Hunt & Target + Parity,random,103,58
Hunt & Target + Parity,random,104,48
Hunt & Target + Parity,random,105,57
Hunt & Target + Parity,random,106,41
Hunt & Target + Parity,random,107,51
Hunt & Target + Parity,random,108,63
Hunt & Target + Parity,random,109,65
Hunt & Target + Parity,random,110,47
Hunt & Target + Parity,random,111,50
Hunt & Target + Parity,random,112,58
Hunt & Target + Parity,random,113,63
Hunt & Target + Parity,random,114,50
Hunt & Target + Parity,random,115,61
Hunt & Target + Parity,random,116,56
Hunt & Target + Parity,random,117,60
Hunt & Target + Parity,random,118,61
Hunt & Target + Parity,random,119,62
Hunt & Target + Parity,random,120,60
Hunt & Target + Parity,random,121,62
Hunt & Target + Parity,random,122,37
Hunt & Target + Parity,random,123,58
Hunt & Target + Parity,random,124,64
Hunt & Target + Parity,random,125,55
Hunt & Target + Parity,random,126,53
Hunt & Target + Parity,random,127,64
Hunt & Target + Parity,random,128,45
Hunt & Target + Parity,random,129,72
Hunt & Target + Parity,random,130,39
Hunt & Target + Parity,random,131,45
Hunt & Target + Parity,random,132,58
Hunt & Target + Parity,random,133,49
Hunt & Target + Parity,random,134,60
Hunt & Target + Parity,random,135,58
Hunt & Target + Parity,random,136,75
Hunt & Target + Parity,random,137,65
Hunt & Target + Parity,random,138,57
Hunt & Target + Parity,random,139,49
Hunt & Target + Parity,random,140,57
Hunt & Target + Parity,random,141,59
Hunt & Target + Parity,random,142,69
Hunt & Target + Parity,random,143,51
Hunt & Target + Parity,random,144,60
Hunt & Target + Parity,random,145,47
Hunt & Target + Parity,random,146,53
Hunt & Target + Parity,random,147,46
Hunt & Target + Parity,random,148,49
Hunt & Target + Parity,random,149,63
Hunt & Target + Parity,random,150,42
Hunt & Target + Parity,random,151,51
Hunt & Target + Parity,random,152,60
Hunt & Target + Parity,random,153,66
Hunt & Target + Parity,random,154,61
Hunt & Target + Parity,random,155,52
Hunt & Target + Parity,random,156,56
Hunt & Target + Parity,random,157,55
Hunt & Target + Parity,random,158,67
Hunt & Target + Parity,random,159,64
Hunt & Target + Parity,random,160,52
Hunt & Target + Parity,random,161,61
Hunt & Target + Parity,random,162,59
Hunt & Target + Parity,random,163,38
Hunt & Target + Parity,random,164,49
Hunt & Target + Parity,random,165,55
Hunt & Target + Parity,random,166,57
Hunt & Target + Parity,random,167,49
Hunt & Target + Parity,random,168,56
Hunt & Target + Parity,random,169,65
Hunt & Target + Parity,random,170,60
Hunt & Target + Parity,random,171,65
Hunt & Target + Parity,random,172,57
Hunt & Target + Parity,random,173,59
Hunt & Target + Parity,random,174,61
Hunt & Target + Parity,random,175,59
Hunt & Target + Parity,random,176,59
Hunt & Target + Parity,random,177,48
Hunt & Target + Parity,random,178,47
Hunt & Target + Parity,random,179,63
Hunt & Target + Parity,random,180,51
Hunt & Target + Parity,random,181,48
Hunt & Target + Parity,random,182,55
Hunt & Target + Parity,random,183,43
Hunt & Target + Parity,random,184,57
Hunt & Target + Parity,random,185,56
Hunt & Target + Parity,random,186,33
Hunt & Target + Parity,random,187,55
Hunt & Target + Parity,random,188,59
Hunt & Target + Parity,random,189,69
Hunt & Target + Parity,random,190,36
Hunt & Target + Parity,random,191,49
Hunt & Target + Parity,random,192,47
Hunt & Target + Parity,random,193,54
Hunt & Target + Parity,random,194,43
Hunt & Target + Parity,random,195,71
Hunt & Target + Parity,random,196,61
Hunt & Target + Parity,random,197,69
Hunt & Target + Parity,random,198,58
Hunt & Target + Parity,random,199,50
Hunt & Target + Parity,random,200,37
Hunt & Target + Parity,random,201,54
Hunt & Target + Parity,random,202,55
Hunt & Target + Parity,random,203,42
Hunt & Target + Parity,random,204,53
Hunt & Target + Parity,random,205,54
Hunt & Target + Parity,random,206,53
Hunt & Target + Parity,random,207,52
Hunt & Target + Parity,random,208,58
Hunt & Target + Parity,random,209,62
Hunt & Target + Parity,random,210,51
Hunt & Target + Parity,random,211,53
Hunt & Target + Parity,random,212,58
Hunt & Target + Parity,random,213,52
Hunt & Target + Parity,random,214,60
Hunt & Target + Parity,random,215,54
Hunt & Target + Parity,random,216,48
Hunt & Target + Parity,random,217,54
Hunt & Target + Parity,random,218,59
Hunt & Target + Parity,random,219,50
Hunt & Target + Parity,random,220,55
Hunt & Target + Parity,random,221,42
Hunt & Target + Parity,random,222,57
Hunt & Target + Parity,random,223,46
Hunt & Target + Parity,random,224,40
Hunt & Target + Parity,random,225,63
Hunt & Target + Parity,random,226,58
Hunt & Target + Parity,random,227,66
Hunt & Target + Parity,random,228,43
Hunt & Target + Parity,random,229,62
Hunt & Target + Parity,random,230,56
Hunt & Target + Parity,random,231,65
Hunt & Target + Parity,random,232,52
Hunt & Target + Parity,random,233,55
Hunt & Target + Parity,random,234,59
Hunt & Target + Parity,random,235,58
Hunt & Target + Parity,random,236,51
Hunt & Target + Parity,random,237,47
Hunt & Target + Parity,random,238,65
Hunt & Target + Parity,random,239,53
Hunt & Target + Parity,random,240,53
Hunt & Target + Parity,random,241,59
Hunt & Target + Parity,random,242,66
Hunt & Target + Parity,random,243,60
Hunt & Target + Parity,random,244,59
Hunt & Target + Parity,random,245,53
Hunt & Target + Parity,random,246,47
Hunt & Target + Parity,random,247,38
Hunt & Target + Parity,random,248,55
Hunt & Target + Parity,random,249,57
Hunt & Target + Parity,random,250,56
Hunt & Target + Parity,random,251,52
Hunt & Target + Parity,random,252,62
Hunt & Target + Parity,random,253,44
Hunt & Target + Parity,random,254,52
Hunt & Target + Parity,random,255,59
Hunt & Target + Parity,random,256,51
Hunt & Target + Parity,random,257,57
Hunt & Target + Parity,random,258,67
Hunt & Target + Parity,random,259,66
Hunt & Target + Parity,random,260,44
Hunt & Target + Parity,random,261,62
Hunt & Target + Parity,random,262,47
Hunt & Target + Parity,random,263,66
Hunt & Target + Parity,random,264,61
Hunt & Target + Parity,random,265,60
Hunt & Target + Parity,random,266,61
Hunt & Target + Parity,random,267,44
Hunt & Target + Parity,random,268,53
Hunt & Target + Parity,random,269,57
Hunt & Target + Parity,random,270,35
Hunt & Target + Parity,random,271,67
Hunt & Target + Parity,random,272,48
Hunt & Target + Parity,random,273,56
Hunt & Target + Parity,random,274,43
Hunt & Target + Parity,random,275,45
Hunt & Target + Parity,random,276,52
Hunt & Target + Parity,random,277,46
Hunt & Target + Parity,random,278,40
Hunt & Target + Parity,random,279,50
Hunt & Target + Parity,random,280,62
Hunt & Target + Parity,random,281,65
Hunt & Target + Parity,random,282,56
Hunt & Target + Parity,random,283,66
Hunt & Target + Parity,random,284,49
Hunt & Target + Parity,random,285,61
Hunt & Target + Parity,random,286,59
Hunt & Target + Parity,random,287,60
Hunt & Target + Parity,random,288,70
Hunt & Target + Parity,random,289,55
Hunt & Target + Parity,random,290,58
Hunt & Target + Parity,random,291,54
Hunt & Target + Parity,random,292,46
Hunt & Target + Parity,random,293,42
Hunt & Target + Parity,random,294,51
Hunt & Target + Parity,random,295,47
Hunt & Target + Parity,random,296,63
Hunt & Target + Parity,random,297,38
Hunt & Target + Parity,random,298,62
Hunt & Target + Parity,random,299,46
Hunt & Target + Parity,random,300,57
Hunt & Target + Parity,random,301,50
Hunt & Target + Parity,random,302,71
Hunt & Target + Parity,random,303,52
Hunt & Target + Parity,random,304,47
Hunt & Target + Parity,random,305,43
Hunt & Target + Parity,random,306,65
Hunt & Target + Parity,random,307,48
Hunt & Target + Parity,random,308,61
Hunt & Target + Parity,random,309,54
Hunt & Target + Parity,random,310,31
Hunt & Target + Parity,random,311,55
Hunt & Target + Parity,random,312,48
Hunt & Target + Parity,random,313,54
Hunt & Target + Parity,random,314,59
Hunt & Target + Parity,random,315,48
Hunt & Target + Parity,random,316,60
Hunt & Target + Parity,random,317,62
Hunt & Target + Parity,random,318,70
Hunt & Target + Parity,random,319,43
Hunt & Target + Parity,random,320,42
Hunt & Target + Parity,random,321,65
Hunt & Target + Parity,random,322,41
Hunt & Target + Parity,random,323,55
Hunt & Target + Parity,random,324,50
Hunt & Target + Parity,random,325,65
Hunt & Target + Parity,random,326,65
Hunt & Target + Parity,random,327,60
Hunt & Target + Parity,random,328,37
Hunt & Target + Parity,random,329,52
Hunt & Target + Parity,random,330,61
Hunt & Target + Parity,random,331,74
Hunt & Target + Parity,random,332,52
Hunt & Target + Parity,random,333,56
Hunt & Target + Parity,random,334,42
Hunt & Target + Parity,random,335,71
Hunt & Target + Parity,random,336,60
Hunt & Target + Parity,random,337,49
Hunt & Target + Parity,random,338,53
Hunt & Target + Parity,random,339,49
Hunt & Target + Parity,random,340,57
Hunt & Target + Parity,random,341,59
Hunt & Target + Parity,random,342,71
Hunt & Target + Parity,random,343,36
Hunt & Target + Parity,random,344,66
Hunt & Target + Parity,random,345,59
Hunt & Target + Parity,random,346,56
Hunt & Target + Parity,random,347,58
Hunt & Target + Parity,random,348,48
Hunt & Target + Parity,random,349,68
Hunt & Target + Parity,random,350,52
Hunt & Target + Parity,random,351,49
Hunt & Target + Parity,random,352,51
Hunt & Target + Parity,random,353,55
Hunt & Target + Parity,random,354,49
Hunt & Target + Parity,random,355,65
Hunt & Target + Parity,random,356,59
Hunt & Target + Parity,random,357,50
Hunt & Target + Parity,random,358,48
Hunt & Target + Parity,random,359,55
Hunt & Target + Parity,random,360,61
Hunt & Target + Parity,random,361,58
Hunt & Target + Parity,random,362,40
Hunt & Target + Parity,random,363,58
Hunt & Target + Parity,random,364,41
Hunt & Target + Parity,random,365,39
Hunt & Target + Parity,random,366,65
Hunt & Target + Parity,random,367,43
Hunt & Target + Parity,random,368,63
Hunt & Target + Parity,random,369,54
Hunt & Target + Parity,random,370,42
Hunt & Target + Parity,random,371,53
Hunt & Target + Parity,random,372,61
Hunt & Target + Parity,random,373,31
Hunt & Target + Parity,random,374,49
Hunt & Target + Parity,random,375,50
Hunt & Target + Parity,random,376,67
Hunt & Target + Parity,random,377,46
Hunt & Target + Parity,random,378,50
Hunt & Target + Parity,random,379,50
Hunt & Target + Parity,random,380,47
Hunt & Target + Parity,random,381,66
Hunt & Target + Parity,random,382,62
Hunt & Target + Parity,random,383,38
Hunt & Target + Parity,random,384,40
Hunt & Target + Parity,random,385,65
Hunt & Target + Parity,random,386,55
Hunt & Target + Parity,random,387,43
Hunt & Target + Parity,random,388,48
Hunt & Target + Parity,random,389,49
Hunt & Target + Parity,random,390,52
Hunt & Target + Parity,random,391,51
Hunt & Target + Parity,random,392,52
Hunt & Target + Parity,random,393,65
Hunt & Target + Parity,random,394,49
Hunt & Target + Parity,random,395,59
Hunt & Target + Parity,random,396,68
Hunt & Target + Parity,random,397,51
Hunt & Target + Parity,random,398,45
Hunt & Target + Parity,random,399,66
Hunt & Target + Parity,random,400,60
Hunt & Target + Parity,random,401,63
Hunt & Target + Parity,random,402,59
Hunt & Target + Parity,random,403,52
Hunt & Target + Parity,random,404,71
Hunt & Target + Parity,random,405,66
Hunt & Target + Parity,random,406,70
Hunt & Target + Parity,random,407,45
Hunt & Target + Parity,random,408,49
Hunt & Target + Parity,random,409,60
Hunt & Target + Parity,random,410,59
Hunt & Target + Parity,random,411,43
Hunt & Target + Parity,random,412,62
Hunt & Target + Parity,random,413,57
Hunt & Target + Parity,random,414,51
Hunt & Target + Parity,random,415,54
Hunt & Target + Parity,random,416,67
Hunt & Target + Parity,random,417,59
Hunt & Target + Parity,random,418,69
Hunt & Target + Parity,random,419,72
Hunt & Target + Parity,random,420,66
Hunt & Target + Parity,random,421,65
Hunt & Target + Parity,random,422,51
Hunt & Target + Parity,random,423,56
Hunt & Target + Parity,random,424,37
Hunt & Target + Parity,random,425,62
Hunt & Target + Parity,random,426,58
Hunt & Target + Parity,random,427,59
Hunt & Target + Parity,random,428,61
Hunt & Target + Parity,random,429,60
Hunt & Target + Parity,random,430,51
Hunt & Target + Parity,random,431,58
Hunt & Target + Parity,random,432,40
Hunt & Target + Parity,random,433,45
Hunt & Target + Parity,random,434,48
Hunt & Target + Parity,random,435,64
Hunt & Target + Parity,random,436,61
Hunt & Target + Parity,random,437,48
Hunt & Target + Parity,random,438,46
Hunt & Target + Parity,random,439,63
Hunt & Target + Parity,random,440,60
Hunt & Target + Parity,random,441,60
Hunt & Target + Parity,random,442,63
Hunt & Target + Parity,random,443,45
Hunt & Target + Parity,random,444,56
Hunt & Target + Parity,random,445,60
Hunt & Target + Parity,random,446,67
Hunt & Target + Parity,random,447,33
Hunt & Target + Parity,random,448,39
Hunt & Target + Parity,random,449,70
Hunt & Target + Parity,random,450,58
Hunt & Target + Parity,random,451,60
Hunt & Target + Parity,random,452,60
Hunt & Target + Parity,random,453,50
Hunt & Target + Parity,random,454,67
Hunt & Target + Parity,random,455,46
Hunt & Target + Parity,random,456,56
Hunt & Target + Parity,random,457,56
Hunt & Target + Parity,random,458,64
Hunt & Target + Parity,random,459,57
Hunt & Target + Parity,random,460,58
Hunt & Target + Parity,random,461,36
Hunt & Target + Parity,random,462,63
Hunt & Target + Parity,random,463,62
Hunt & Target + Parity,random,464,66
Hunt & Target + Parity,random,465,52
Hunt & Target + Parity,random,466,59
Hunt & Target + Parity,random,467,46
Hunt & Target + Parity,random,468,74
Hunt & Target + Parity,random,469,43
Hunt & Target + Parity,random,470,64
Hunt & Target + Parity,random,471,68
Hunt & Target + Parity,random,472,54
Hunt & Target + Parity,random,473,64
Hunt & Target + Parity,random,474,50
Hunt & Target + Parity,random,475,54
Hunt & Target + Parity,random,476,60
Hunt & Target + Parity,random,477,59
Hunt & Target + Parity,random,478,54
Hunt & Target + Parity,random,479,62
Hunt & Target + Parity,random,480,54
Hunt & Target + Parity,random,481,46
Hunt & Target + Parity,random,482,61
Hunt & Target + Parity,random,483,62
Hunt & Target + Parity,random,484,51
Hunt & Target + Parity,random,485,45
Hunt & Target + Parity,random,486,65
Hunt & Target + Parity,random,487,57
Hunt & Target + Parity,random,488,65
Hunt & Target + Parity,random,489,43
Hunt & Target + Parity,random,490,58
Hunt & Target + Parity,random,491,64
Hunt & Target + Parity,random,492,54
Hunt & Target + Parity,random,493,29
Hunt & Target + Parity,random,494,58
Hunt & Target + Parity,random,495,62
Hunt & Target + Parity,random,496,61
Hunt & Target + Parity,random,497,54
Hunt & Target + Parity,random,498,61
Hunt & Target + Parity,random,499,40
Hunt & Target + Parity,random,500,58
Hunt & Target + Parity,random,501,55
Hunt & Target + Parity,random,502,51
Hunt & Target + Parity,random,503,48
Hunt & Target + Parity,random,504,50
Hunt & Target + Parity,random,505,67
Hunt & Target + Parity,random,506,53
Hunt & Target + Parity,random,507,62
Hunt & Target + Parity,random,508,52
Hunt & Target + Parity,random,509,67
Hunt & Target + Parity,random,510,35
Hunt & Target + Parity,random,511,57
Hunt & Target + Parity,random,512,46
Hunt & Target + Parity,random,513,64
Hunt & Target + Parity,random,514,47
Hunt & Target + Parity,random,515,50
Hunt & Target + Parity,random,516,63
Hunt & Target + Parity,random,517,64
Hunt & Target + Parity,random,518,57
Hunt & Target + Parity,random,519,59
Hunt & Target + Parity,random,520,61
Hunt & Target + Parity,random,521,44
Hunt & Target + Parity,random,522,43
Hunt & Target + Parity,random,523,59
Hunt & Target + Parity,random,524,60
Hunt & Target + Parity,random,525,35
Hunt & Target + Parity,random,526,55
Hunt & Target + Parity,random,527,58
Hunt & Target + Parity,random,528,58
Hunt & Target + Parity,random,529,42
Hunt & Target + Parity,random,530,48
Hunt & Target + Parity,random,531,55
Hunt & Target + Parity,random,532,67
Hunt & Target + Parity,random,533,50
Hunt & Target + Parity,random,534,64
Hunt & Target + Parity,random,535,45
Hunt & Target + Parity,random,536,40
Hunt & Target + Parity,random,537,63
Hunt & Target + Parity,random,538,66
Hunt & Target + Parity,random,539,46
Hunt & Target + Parity,random,540,41
Hunt & Target + Parity,random,541,68
Hunt & Target + Parity,random,542,57
Hunt & Target + Parity,random,543,55
Hunt & Target + Parity,random,544,66
Hunt & Target + Parity,random,545,67
Hunt & Target + Parity,random,546,60
Hunt & Target + Parity,random,547,64
Hunt & Target + Parity,random,548,54
Hunt & Target + Parity,random,549,48
Hunt & Target + Parity,random,550,61
Hunt & Target + Parity,random,551,48
Hunt & Target + Parity,random,552,48
Hunt & Target + Parity,random,553,55
Hunt & Target + Parity,random,554,50
Hunt & Target + Parity,random,555,45
Hunt & Target + Parity,random,556,47
Hunt & Target + Parity,random,557,61
Hunt & Target + Parity,random,558,41
Hunt & Target + Parity,random,559,50
Hunt & Target + Parity,random,560,48
Hunt & Target + Parity,random,561,60
Hunt & Target + Parity,random,562,33
Hunt & Target + Parity,random,563,45
Hunt & Target + Parity,random,564,59
Hunt & Target + Parity,random,565,33
Hunt & Target + Parity,random,566,57
Hunt & Target + Parity,random,567,61
Hunt & Target + Parity,random,568,57
Hunt & Target + Parity,random,569,37
Hunt & Target + Parity,random,570,64
Hunt & Target + Parity,random,571,66
Hunt & Target + Parity,random,572,49
Hunt & Target + Parity,random,573,64
Hunt & Target + Parity,random,574,51
Hunt & Target + Parity,random,575,74
Hunt & Target + Parity,random,576,69
Hunt & Target + Parity,random,577,62
Hunt & Target + Parity,random,578,44
Hunt & Target + Parity,random,579,64
Hunt & Target + Parity,random,580,58
Hunt & Target + Parity,random,581,37
Hunt & Target + Parity,random,582,54
Hunt & Target + Parity,random,583,44
Hunt & Target + Parity,random,584,63
Hunt & Target + Parity,random,585,75
Hunt & Target + Parity,random,586,50
Hunt & Target + Parity,random,587,73
Hunt & Target + Parity,random,588,61
Hunt & Target + Parity,random,589,55
Hunt & Target + Parity,random,590,68
Hunt & Target + Parity,random,591,49
Hunt & Target + Parity,random,592,39
Hunt & Target + Parity,random,593,64
Hunt & Target + Parity,random,594,57
Hunt & Target + Parity,random,595,48
Hunt & Target + Parity,random,596,71
Hunt & Target + Parity,random,597,62
Hunt & Target + Parity,random,598,60
Hunt & Target + Parity,random,599,43
Hunt & Target + Parity,random,600,64
Hunt & Target + Parity,random,601,68
Hunt & Target + Parity,random,602,67
Hunt & Target + Parity,random,603,72
Hunt & Target + Parity,random,604,47
Hunt & Target + Parity,random,605,51
Hunt & Target + Parity,random,606,56
Hunt & Target + Parity,random,607,59
Hunt & Target + Parity,random,608,65
Hunt & Target + Parity,random,609,50
Hunt & Target + Parity,random,610,64
Hunt & Target + Parity,random,611,51
Hunt & Target + Parity,random,612,50
Hunt & Target + Parity,random,613,44
Hunt & Target + Parity,random,614,68
Hunt & Target + Parity,random,615,59
Hunt & Target + Parity,random,616,59
Hunt & Target + Parity,random,617,51
Hunt & Target + Parity,random,618,61
Hunt & Target + Parity,random,619,34
Hunt & Target + Parity,random,620,42
Hunt & Target + Parity,random,621,47
Hunt & Target + Parity,random,622,32
Hunt & Target + Parity,random,623,67
Hunt & Target + Parity,random,624,61
Hunt & Target + Parity,random,625,57
Hunt & Target + Parity,random,626,43
Hunt & Target + Parity,random,627,51
Hunt & Target + Parity,random,628,53
Hunt & Target + Parity,random,629,70
Hunt & Target + Parity,random,630,52
Hunt & Target + Parity,random,631,37
Hunt & Target + Parity,random,632,59
Hunt & Target + Parity,random,633,57
Hunt & Target + Parity,random,634,55
Hunt & Target + Parity,random,635,61
Hunt & Target + Parity,random,636,58
Hunt & Target + Parity,random,637,36
Hunt & Target + Parity,random,638,51
Hunt & Target + Parity,random,639,62
Hunt & Target + Parity,random,640,63
Hunt & Target + Parity,random,641,41
Hunt & Target + Parity,random,642,58
Hunt & Target + Parity,random,643,53
Hunt & Target + Parity,random,644,63
Hunt & Target + Parity,random,645,61
Hunt & Target + Parity,random,646,45
Hunt & Target + Parity,random,647,59
Hunt & Target + Parity,random,648,50
Hunt & Target + Parity,random,649,61
Hunt & Target + Parity,random,650,48
Hunt & Target + Parity,random,651,66
Hunt & Target + Parity,random,652,59
Hunt & Target + Parity,random,653,49
Hunt & Target + Parity,random,654,56
Hunt & Target + Parity,random,655,64
Hunt & Target + Parity,random,656,63
Hunt & Target + Parity,random,657,57
Hunt & Target + Parity,random,658,56
Hunt & Target + Parity,random,659,63
Hunt & Target + Parity,random,660,50
Hunt & Target + Parity,random,661,51
Hunt & Target + Parity,random,662,44
Hunt & Target + Parity,random,663,44
Hunt & Target + Parity,random,664,48
Hunt & Target + Parity,random,665,66
Hunt & Target + Parity,random,666,64
Hunt & Target + Parity,random,667,70
Hunt & Target + Parity,random,668,51
Hunt & Target + Parity,random,669,62
Hunt & Target + Parity,random,670,55
Hunt & Target + Parity,random,671,50
Hunt & Target + Parity,random,672,55
Hunt & Target + Parity,random,673,44
Hunt & Target + Parity,random,674,57
Hunt & Target + Parity,random,675,54
Hunt & Target + Parity,random,676,53
Hunt & Target + Parity,random,677,61
Hunt & Target + Parity,random,678,55
Hunt & Target + Parity,random,679,63
Hunt & Target + Parity,random,680,52
Hunt & Target + Parity,random,681,53
Hunt & Target + Parity,random,682,52
Hunt & Target + Parity,random,683,53
Hunt & Target + Parity,random,684,55
Hunt & Target + Parity,random,685,52
Hunt & Target + Parity,random,686,48
Hunt & Target + Parity,random,687,52
Hunt & Target + Parity,random,688,47
Hunt & Target + Parity,random,689,62
Hunt & Target + Parity,random,690,49
Hunt & Target + Parity,random,691,51
Hunt & Target + Parity,random,692,49
Hunt & Target + Parity,random,693,63
Hunt & Target + Parity,random,694,36
Hunt & Target + Parity,random,695,58
Hunt & Target + Parity,random,696,54
Hunt & Target + Parity,random,697,56
Hunt & Target + Parity,random,698,66
Hunt & Target + Parity,random,699,44
Hunt & Target + Parity,random,700,57
Hunt & Target + Parity,random,701,58
Hunt & Target + Parity,random,702,46
Hunt & Target + Parity,random,703,58
Hunt & Target + Parity,random,704,45
Hunt & Target + Parity,random,705,60
Hunt & Target + Parity,random,706,38
Hunt & Target + Parity,random,707,48
Hunt & Target + Parity,random,708,65
Hunt & Target + Parity,random,709,53
Hunt & Target + Parity,random,710,53
Hunt & Target + Parity,random,711,64
Hunt & Target + Parity,random,712,61
Hunt & Target + Parity,random,713,66
Hunt & Target + Parity,random,714,51
Hunt & Target + Parity,random,715,44
Hunt & Target + Parity,random,716,50
Hunt & Target + Parity,random,717,63
Hunt & Target + Parity,random,718,52
Hunt & Target + Parity,random,719,66
Hunt & Target + Parity,random,720,47
Hunt & Target + Parity,random,721,57
Hunt & Target + Parity,random,722,39
Hunt & Target + Parity,random,723,50
Hunt & Target + Parity,random,724,60
Hunt & Target + Parity,random,725,64
Hunt & Target + Parity,random,726,48
Hunt & Target + Parity,random,727,35
Hunt & Target + Parity,random,728,41
Hunt & Target + Parity,random,729,35
Hunt & Target + Parity,random,730,62
Hunt & Target + Parity,random,731,63
Hunt & Target + Parity,random,732,49
Hunt & Target + Parity,random,733,68
Hunt & Target + Parity,random,734,50
Hunt & Target + Parity,random,735,65
Hunt & Target + Parity,random,736,55
Hunt & Target + Parity,random,737,62
Hunt & Target + Parity,random,738,59
Hunt & Target + Parity,random,739,53
Hunt & Target + Parity,random,740,51
Hunt & Target + Parity,random,741,68
Hunt & Target + Parity,random,742,81
Hunt & Target + Parity,random,743,50
Hunt & Target + Parity,random,744,56
Hunt & Target + Parity,random,745,63
Hunt & Target + Parity,random,746,61
Hunt & Target + Parity,random,747,56
Hunt & Target + Parity,random,748,62
Hunt & Target + Parity,random,749,42
Hunt & Target + Parity,random,750,48
Hunt & Target + Parity,random,751,46
Hunt & Target + Parity,random,752,61
Hunt & Target + Parity,random,753,58
Hunt & Target + Parity,random,754,52
Hunt & Target + Parity,random,755,68
Hunt & Target + Parity,random,756,56
Hunt & Target + Parity,random,757,66
Hunt & Target + Parity,random,758,68
Hunt & Target + Parity,random,759,51
Hunt & Target + Parity,random,760,56
Hunt & Target + Parity,random,761,66
Hunt & Target + Parity,random,762,57
Hunt & Target + Parity,random,763,45
Hunt & Target + Parity,random,764,39
Hunt & Target + Parity,random,765,46
Hunt & Target + Parity,random,766,71
Hunt & Target + Parity,random,767,57
Hunt & Target + Parity,random,768,49
Hunt & Target + Parity,random,769,51
Hunt & Target + Parity,random,770,61
Hunt & Target + Parity,random,771,48
Hunt & Target + Parity,random,772,51
Hunt & Target + Parity,random,773,56
Hunt & Target + Parity,random,774,64
Hunt & Target + Parity,random,775,66
Hunt & Target + Parity,random,776,44
Hunt & Target + Parity,random,777,61
Hunt & Target + Parity,random,778,67
Hunt & Target + Parity,random,779,55
Hunt & Target + Parity,random,780,47
Hunt & Target + Parity,random,781,58
Hunt & Target + Parity,random,782,46
Hunt & Target + Parity,random,783,44
Hunt & Target + Parity,random,784,61
Hunt & Target + Parity,random,785,47
Hunt & Target + Parity,random,786,61
Hunt & Target + Parity,random,787,65
Hunt & Target + Parity,random,788,58
Hunt & Target + Parity,random,789,63
Hunt & Target + Parity,random,790,50
Hunt & Target + Parity,random,791,63
Hunt & Target + Parity,random,792,40
Hunt & Target + Parity,random,793,53
Hunt & Target + Parity,random,794,55
Hunt & Target + Parity,random,795,59
Hunt & Target + Parity,random,796,71
Hunt & Target + Parity,random,797,46
Hunt & Target + Parity,random,798,61
Hunt & Target + Parity,random,799,60
Hunt & Target + Parity,random,800,65
Hunt & Target + Parity,random,801,57
Hunt & Target + Parity,random,802,50
Hunt & Target + Parity,random,803,40
Hunt & Target + Parity,random,804,63
Hunt & Target + Parity,random,805,37
Hunt & Target + Parity,random,806,45
Hunt & Target + Parity,random,807,64
Hunt & Target + Parity,random,808,54
Hunt & Target + Parity,random,809,43
Hunt & Target + Parity,random,810,51
Hunt & Target + Parity,random,811,47
Hunt & Target + Parity,random,812,54
Hunt & Target + Parity,random,813,56
Hunt & Target + Parity,random,814,52
Hunt & Target + Parity,random,815,46
Hunt & Target + Parity,random,816,50
Hunt & Target + Parity,random,817,64
Hunt & Target + Parity,random,818,50
Hunt & Target + Parity,random,819,60
Hunt & Target + Parity,random,820,65
Hunt & Target + Parity,random,821,62
Hunt & Target + Parity,random,822,62
Hunt & Target + Parity,random,823,60
Hunt & Target + Parity,random,824,64
Hunt & Target + Parity,random,825,52
Hunt & Target + Parity,random,826,57
Hunt & Target + Parity,random,827,68
Hunt & Target + Parity,random,828,65
Hunt & Target + Parity,random,829,39
Hunt & Target + Parity,random,830,60
Hunt & Target + Parity,random,831,62
Hunt & Target + Parity,random,832,65
Hunt & Target + Parity,random,833,63
Hunt & Target + Parity,random,834,58
Hunt & Target + Parity,random,835,58
Hunt & Target + Parity,random,836,47
Hunt & Target + Parity,random,837,53
Hunt & Target + Parity,random,838,52
Hunt & Target + Parity,random,839,54
Hunt & Target + Parity,random,840,52
Hunt & Target + Parity,random,841,75
Hunt & Target + Parity,random,842,46
Hunt & Target + Parity,random,843,55
Hunt & Target + Parity,random,844,54
Hunt & Target + Parity,random,845,57
Hunt & Target + Parity,random,846,59
Hunt & Target + Parity,random,847,54
Hunt & Target + Parity,random,848,62
Hunt & Target + Parity,random,849,50
Hunt & Target + Parity,random,850,49
Hunt & Target + Parity,random,851,36
Hunt & Target + Parity,random,852,46
Hunt & Target + Parity,random,853,47
Hunt & Target + Parity,random,854,42
Hunt & Target + Parity,random,855,52
Hunt & Target + Parity,random,856,54
Hunt & Target + Parity,random,857,49
Hunt & Target + Parity,random,858,44
Hunt & Target + Parity,random,859,53
Hunt & Target + Parity,random,860,54
Hunt & Target + Parity,random,861,64
Hunt & Target + Parity,random,862,51
Hunt & Target + Parity,random,863,54
Hunt & Target + Parity,random,864,57
Hunt & Target + Parity,random,865,63
Hunt & Target + Parity,random,866,64
Hunt & Target + Parity,random,867,32
Hunt & Target + Parity,random,868,49
Hunt & Target + Parity,random,869,52
Hunt & Target + Parity,random,870,60
Hunt & Target + Parity,random,871,67
Hunt & Target + Parity,random,872,48
Hunt & Target + Parity,random,873,57
Hunt & Target + Parity,random,874,54
Hunt & Target + Parity,random,875,67
Hunt & Target + Parity,random,876,40
Hunt & Target + Parity,random,877,49
Hunt & Target + Parity,random,878,52
Hunt & Target + Parity,random,879,65
Hunt & Target + Parity,random,880,46
Hunt & Target + Parity,random,881,58
Hunt & Target + Parity,random,882,47
Hunt & Target + Parity,random,883,64
Hunt & Target + Parity,random,884,65
Hunt & Target + Parity,random,885,58
Hunt & Target + Parity,random,886,46
Hunt & Target + Parity,random,887,33
Hunt & Target + Parity,random,888,52
Hunt & Target + Parity,random,889,62
Hunt & Target + Parity,random,890,64
Hunt & Target + Parity,random,891,56
Hunt & Target + Parity,random,892,59
Hunt & Target + Parity,random,893,32
Hunt & Target + Parity,random,894,44
Hunt & Target + Parity,random,895,45
Hunt & Target + Parity,random,896,57
Hunt & Target + Parity,random,897,53
Hunt & Target + Parity,random,898,56
Hunt & Target + Parity,random,899,63
Hunt & Target + Parity,random,900,60
Hunt & Target + Parity,random,901,49
Hunt & Target + Parity,random,902,34
Hunt & Target + Parity,random,903,57
Hunt & Target + Parity,random,904,52
Hunt & Target + Parity,random,905,56
Hunt & Target + Parity,random,906,62
Hunt & Target + Parity,random,907,53
Hunt & Target + Parity,random,908,47
Hunt & Target + Parity,random,909,37
Hunt & Target + Parity,random,910,48
Hunt & Target + Parity,random,911,48
Hunt & Target + Parity,random,912,59
Hunt & Target + Parity,random,913,63
Hunt & Target + Parity,random,914,57
Hunt & Target + Parity,random,915,47
Hunt & Target + Parity,random,916,58
Hunt & Target + Parity,random,917,49
Hunt & Target + Parity,random,918,49
Hunt & Target + Parity,random,919,63
Hunt & Target + Parity,random,920,45
Hunt & Target + Parity,random,921,69
Hunt & Target + Parity,random,922,34
Hunt & Target + Parity,random,923,54
Hunt & Target + Parity,random,924,61
Hunt & Target + Parity,random,925,56
Hunt & Target + Parity,random,926,63
Hunt & Target + Parity,random,927,55
Hunt & Target + Parity,random,928,68
Hunt & Target + Parity,random,929,59
Hunt & Target + Parity,random,930,55
Hunt & Target + Parity,random,931,64
Hunt & Target + Parity,random,932,73
Hunt & Target + Parity,random,933,49
Hunt & Target + Parity,random,934,55
Hunt & Target + Parity,random,935,65
Hunt & Target + Parity,random,936,75
Hunt & Target + Parity,random,937,59
Hunt & Target + Parity,random,938,65
Hunt & Target + Parity,random,939,64
Hunt & Target + Parity,random,940,54
Hunt & Target + Parity,random,941,62
Hunt & Target + Parity,random,942,64
Hunt & Target + Parity,random,943,46
Hunt & Target + Parity,random,944,54
Hunt & Target + Parity,random,945,36
Hunt & Target + Parity,random,946,56
Hunt & Target + Parity,random,947,46
Hunt & Target + Parity,random,948,44
Hunt & Target + Parity,random,949,63
Hunt & Target + Parity,random,950,58
Hunt & Target + Parity,random,951,61
Hunt & Target + Parity,random,952,54
Hunt & Target + Parity,random,953,62
Hunt & Target + Parity,random,954,48
Hunt & Target + Parity,random,955,66
Hunt & Target + Parity,random,956,75
Hunt & Target + Parity,random,957,56
Hunt & Target + Parity,random,958,49
Hunt & Target + Parity,random,959,47
Hunt & Target + Parity,random,960,65
Hunt & Target + Parity,random,961,57
Hunt & Target + Parity,random,962,62
Hunt & Target + Parity,random,963,48
Hunt & Target + Parity,random,964,65
Hunt & Target + Parity,random,965,55
Hunt & Target + Parity,random,966,64
Hunt & Target + Parity,random,967,57
Hunt & Target + Parity,random,968,59
Hunt & Target + Parity,random,969,56
Hunt & Target + Parity,random,970,59
Hunt & Target + Parity,random,971,48
Hunt & Target + Parity,random,972,38
Hunt & Target + Parity,random,973,49
Hunt & Target + Parity,random,974,61
Hunt & Target + Parity,random,975,56
Hunt & Target + Parity,random,976,52
Hunt & Target + Parity,random,977,46
Hunt & Target + Parity,random,978,64
Hunt & Target + Parity,random,979,43
Hunt & Target + Parity,random,980,50
Hunt & Target + Parity,random,981,56
Hunt & Target + Parity,random,982,67
Hunt & Target + Parity,random,983,62
Hunt & Target + Parity,random,984,47
Hunt & Target + Parity,random,985,51
Hunt & Target + Parity,random,986,55
Hunt & Target + Parity,random,987,59
Hunt & Target + Parity,random,988,60
Hunt & Target + Parity,random,989,48
Hunt & Target + Parity,random,990,54
Hunt & Target + Parity,random,991,48
Hunt & Target + Parity,random,992,49
Hunt & Target + Parity,random,993,55
Hunt & Target + Parity,random,994,63
Hunt & Target + Parity,random,995,50
Hunt & Target + Parity,random,996,52
Hunt & Target + Parity,random,997,55
Hunt & Target + Parity,random,998,71
Hunt & Target + Parity,random,999,51
Hunt & Target + Parity,random,1000,60
Hunt & Target + Parity,random,1001,67
Hunt & Target + Parity,random,1002,60
Hunt & Target + Parity,random,1003,49
Hunt & Target + Parity,random,1004,42
Hunt & Target + Parity,random,1005,62
Hunt & Target + Parity,random,1006,51
Hunt & Target + Parity,random,1007,52
Hunt & Target + Parity,random,1008,59
Hunt & Target + Parity,random,1009,64
Hunt & Target + Parity,random,1010,70
Hunt & Target + Parity,random,1011,58
Hunt & Target + Parity,random,1012,64
Hunt & Target + Parity,random,1013,59
Hunt & Target + Parity,random,1014,62
Hunt & Target + Parity,random,1015,49
Hunt & Target + Parity,random,1016,67
Hunt & Target + Parity,random,1017,54
Hunt & Target + Parity,random,1018,51
Hunt & Target + Parity,random,1019,54
Hunt & Target + Parity,random,1020,62
Hunt & Target + Parity,random,1021,43
Hunt & Target + Parity,random,1022,52
Hunt & Target + Parity,random,1023,45
Hunt & Target + Parity,random,1024,53
Hunt & Target + Parity,random,1025,61
Hunt & Target + Parity,random,1026,46
Hunt & Target + Parity,random,1027,35
Hunt & Target + Parity,random,1028,61
Hunt & Target + Parity,random,1029,46
Hunt & Target + Parity,random,1030,43
Hunt & Target + Parity,random,1031,45
Hunt & Target + Parity,random,1032,56
Hunt & Target + Parity,random,1033,56
Hunt & Target + Parity,random,1034,44
Hunt & Target + Parity,random,1035,49
Hunt & Target + Parity,random,1036,60
Hunt & Target + Parity,random,1037,63
Hunt & Target + Parity,random,1038,61
Hunt & Target + Parity,random,1039,59
Hunt & Target + Parity,random,1040,47
Hunt & Target + Parity,random,1041,69
Hunt & Target + Parity,random,1042,57
Hunt & Target + Parity,random,1043,53
Hunt & Target + Parity,random,1044,63
Hunt & Target + Parity,random,1045,56
Hunt & Target + Parity,random,1046,48
Hunt & Target + Parity,random,1047,52
Hunt & Target + Parity,random,1048,43
Hunt & Target + Parity,random,1049,43
Hunt & Target + Parity,random,1050,44
Hunt & Target + Parity,random,1051,61
Hunt & Target + Parity,random,1052,49
Hunt & Target + Parity,random,1053,56
Hunt & Target + Parity,random,1054,61
Hunt & Target + Parity,random,1055,47
Hunt & Target + Parity,random,1056,65
Hunt & Target + Parity,random,1057,52
Hunt & Target + Parity,random,1058,60
Hunt & Target + Parity,random,1059,54
Hunt & Target + Parity,random,1060,54
Hunt & Target + Parity,random,1061,59
Hunt & Target + Parity,random,1062,54
Hunt & Target + Parity,random,1063,44
Hunt & Target + Parity,random,1064,62
Hunt & Target + Parity,random,1065,68
Hunt & Target + Parity,random,1066,66
Hunt & Target + Parity,random,1067,49
Hunt & Target + Parity,random,1068,65
Hunt & Target + Parity,random,1069,56
Hunt & Target + Parity,random,1070,60
Hunt & Target + Parity,random,1071,48
Hunt & Target + Parity,random,1072,58
Hunt & Target + Parity,random,1073,55
Hunt & Target + Parity,random,1074,57
Hunt & Target + Parity,random,1075,61
Hunt & Target + Parity,random,1076,55
Hunt & Target + Parity,random,1077,35
Hunt & Target + Parity,random,1078,45
Hunt & Target + Parity,random,1079,55
Hunt & Target + Parity,random,1080,62
Hunt & Target + Parity,random,1081,48
Hunt & Target + Parity,random,1082,38
Hunt & Target + Parity,random,1083,60
Hunt & Target + Parity,random,1084,45
Hunt & Target + Parity,random,1085,65
Hunt & Target + Parity,random,1086,48
Hunt & Target + Parity,random,1087,55
Hunt & Target + Parity,random,1088,39
Hunt & Target + Parity,random,1089,51
Hunt & Target + Parity,random,1090,50
Hunt & Target + Parity,random,1091,61
Hunt & Target + Parity,random,1092,66
Hunt & Target + Parity,random,1093,57
Hunt & Target + Parity,random,1094,49
Hunt & Target + Parity,random,1095,69
Hunt & Target + Parity,random,1096,62
Hunt & Target + Parity,random,1097,71
Hunt & Target + Parity,random,1098,54
Hunt & Target + Parity,random,1099,43
Hunt & Target + Parity,random,1100,44
Hunt & Target + Parity,random,1101,70
Hunt & Target + Parity,random,1102,54
Hunt & Target + Parity,random,1103,45
Hunt & Target + Parity,random,1104,63
Hunt & Target + Parity,random,1105,59
Hunt & Target + Parity,random,1106,49
Hunt & Target + Parity,random,1107,39
Hunt & Target + Parity,random,1108,70
Hunt & Target + Parity,random,1109,62
Hunt & Target + Parity,random,1110,66
Hunt & Target + Parity,random,1111,69
Hunt & Target + Parity,random,1112,51
Hunt & Target + Parity,random,1113,43
Hunt & Target + Parity,random,1114,62
Hunt & Target + Parity,random,1115,59
Hunt & Target + Parity,random,1116,56
Hunt & Target + Parity,random,1117,63
Hunt & Target + Parity,random,1118,70
Hunt & Target + Parity,random,1119,53
Hunt & Target + Parity,random,1120,45
Hunt & Target + Parity,random,1121,38
Hunt & Target + Parity,random,1122,44
Hunt & Target + Parity,random,1123,37
Hunt & Target + Parity,random,1124,54
Hunt & Target + Parity,random,1125,46
Hunt & Target + Parity,random,1126,43
Hunt & Target + Parity,random,1127,57
Hunt & Target + Parity,random,1128,39
Hunt & Target + Parity,random,1129,44
Hunt & Target + Parity,random,1130,61
Hunt & Target + Parity,random,1131,63
Hunt & Target + Parity,random,1132,55
Hunt & Target + Parity,random,1133,65
Hunt & Target + Parity,random,1134,39
Hunt & Target + Parity,random,1135,54
Hunt & Target + Parity,random,1136,60
Hunt & Target + Parity,random,1137,35
Hunt & Target + Parity,random,1138,45
Hunt & Target + Parity,random,1139,60
Hunt & Target + Parity,random,1140,60
Hunt & Target + Parity,random,1141,43
Hunt & Target + Parity,random,1142,69
Hunt & Target + Parity,random,1143,50
Hunt & Target + Parity,random,1144,66
Hunt & Target + Parity,random,1145,61
Hunt & Target + Parity,random,1146,39
Hunt & Target + Parity,random,1147,56
Hunt & Target + Parity,random,1148,61
Hunt & Target + Parity,random,1149,49
Hunt & Target + Parity,random,1150,52
Hunt & Target + Parity,random,1151,61
Hunt & Target + Parity,random,1152,49
Hunt & Target + Parity,random,1153,43
Hunt & Target + Parity,random,1154,42
Hunt & Target + Parity,random,1155,55
Hunt & Target + Parity,random,1156,61
Hunt & Target + Parity,random,1157,51
Hunt & Target + Parity,random,1158,48
Hunt & Target + Parity,random,1159,62
Hunt & Target + Parity,random,1160,45
Hunt & Target + Parity,random,1161,39
Hunt & Target + Parity,random,1162,51
Hunt & Target + Parity,random,1163,61
Hunt & Target + Parity,random,1164,63
Hunt & Target + Parity,random,1165,48
Hunt & Target + Parity,random,1166,66
Hunt & Target + Parity,random,1167,63
Hunt & Target + Parity,random,1168,68
Hunt & Target + Parity,random,1169,53
Hunt & Target + Parity,random,1170,53
Hunt & Target + Parity,random,1171,50
Hunt & Target + Parity,random,1172,51
Hunt & Target + Parity,random,1173,48
Hunt & Target + Parity,random,1174,76
Hunt & Target + Parity,random,1175,52
Hunt & Target + Parity,random,1176,61
Hunt & Target + Parity,random,1177,64
Hunt & Target + Parity,random,1178,52
Hunt & Target + Parity,random,1179,52
Hunt & Target + Parity,random,1180,47
Hunt & Target + Parity,random,1181,51
Hunt & Target + Parity,random,1182,47
Hunt & Target + Parity,random,1183,58
Hunt & Target + Parity,random,1184,53
Hunt & Target + Parity,random,1185,54
Hunt & Target + Parity,random,1186,65
Hunt & Target + Parity,random,1187,53
Hunt & Target + Parity,random,1188,59
Hunt & Target + Parity,random,1189,67
Hunt & Target + Parity,random,1190,54
Hunt & Target + Parity,random,1191,60
Hunt & Target + Parity,random,1192,46
Hunt & Target + Parity,random,1193,49
Hunt & Target + Parity,random,1194,53
Hunt & Target + Parity,random,1195,49
Hunt & Target + Parity,random,1196,40
Hunt & Target + Parity,random,1197,43
Hunt & Target + Parity,random,1198,59
Hunt & Target + Parity,random,1199,53
Hunt & Target + Parity,random,1200,69
Hunt & Target + Parity,random,1201,59
Hunt & Target + Parity,random,1202,53
Hunt & Target + Parity,random,1203,38
Hunt & Target + Parity,random,1204,57
Hunt & Target + Parity,random,1205,48
Hunt & Target + Parity,random,1206,50
Hunt & Target + Parity,random,1207,52
Hunt & Target + Parity,random,1208,61
Hunt & Target + Parity,random,1209,49
Hunt & Target + Parity,random,1210,61
Hunt & Target + Parity,random,1211,64
Hunt & Target + Parity,random,1212,51
Hunt & Target + Parity,random,1213,44
Hunt & Target + Parity,random,1214,52
Hunt & Target + Parity,random,1215,58
Hunt & Target + Parity,random,1216,58
Hunt & Target + Parity,random,1217,63
Hunt & Target + Parity,random,1218,50
Hunt & Target + Parity,random,1219,48
Hunt & Target + Parity,random,1220,40
Hunt & Target + Parity,random,1221,56
Hunt & Target + Parity,random,1222,39
Hunt & Target + Parity,random,1223,52
Hunt & Target + Parity,random,1224,58
Hunt & Target + Parity,random,1225,63
Hunt & Target + Parity,random,1226,56
Hunt & Target + Parity,random,1227,67
Hunt & Target + Parity,random,1228,42
Hunt & Target + Parity,random,1229,29
Hunt & Target + Parity,random,1230,41
Hunt & Target + Parity,random,1231,57
Hunt & Target + Parity,random,1232,56
Hunt & Target + Parity,random,1233,40
Hunt & Target + Parity,random,1234,62
Hunt & Target + Parity,random,1235,61
Hunt & Target + Parity,random,1236,39
Hunt & Target + Parity,random,1237,57
Hunt & Target + Parity,random,1238,65
Hunt & Target + Parity,random,1239,49
Hunt & Target + Parity,random,1240,52
Hunt & Target + Parity,random,1241,59
Hunt & Target + Parity,random,1242,53
Hunt & Target + Parity,random,1243,29
Hunt & Target + Parity,random,1244,66
Hunt & Target + Parity,random,1245,46
Hunt & Target + Parity,random,1246,64
Hunt & Target + Parity,random,1247,66
Hunt & Target + Parity,random,1248,66
Hunt & Target + Parity,random,1249,68
Hunt & Target + Parity,random,1250,41
Hunt & Target + Parity,random,1251,55
Hunt & Target + Parity,random,1252,54
Hunt & Target + Parity,random,1253,61
Hunt & Target + Parity,random,1254,67
Hunt & Target + Parity,random,1255,64
Hunt & Target + Parity,random,1256,59
Hunt & Target + Parity,random,1257,70
Hunt & Target + Parity,random,1258,66
Hunt & Target + Parity,random,1259,63
Hunt & Target + Parity,random,1260,58
Hunt & Target + Parity,random,1261,55
Hunt & Target + Parity,random,1262,59
Hunt & Target + Parity,random,1263,50
Hunt & Target + Parity,random,1264,60
Hunt & Target + Parity,random,1265,73
Hunt & Target + Parity,random,1266,53
Hunt & Target + Parity,random,1267,57
Hunt & Target + Parity,random,1268,62
Hunt & Target + Parity,random,1269,41
Hunt & Target + Parity,random,1270,43
Hunt & Target + Parity,random,1271,62
Hunt & Target + Parity,random,1272,42
Hunt & Target + Parity,random,1273,51
Hunt & Target + Parity,random,1274,67
Hunt & Target + Parity,random,1275,44
Hunt & Target + Parity,random,1276,63
Hunt & Target + Parity,random,1277,55
Hunt & Target + Parity,random,1278,64
Hunt & Target + Parity,random,1279,53
Hunt & Target + Parity,random,1280,53
Hunt & Target + Parity,random,1281,54
Hunt & Target + Parity,random,1282,36
Hunt & Target + Parity,random,1283,51
Hunt & Target + Parity,random,1284,64
Hunt & Target + Parity,random,1285,50
Hunt & Target + Parity,random,1286,53
Hunt & Target + Parity,random,1287,49
Hunt & Target + Parity,random,1288,60
Hunt & Target + Parity,random,1289,55
Hunt & Target + Parity,random,1290,47
Hunt & Target + Parity,random,1291,48
Hunt & Target + Parity,random,1292,65
Hunt & Target + Parity,random,1293,69
Hunt & Target + Parity,random,1294,51
Hunt & Target + Parity,random,1295,50
Hunt & Target + Parity,random,1296,62
Hunt & Target + Parity,random,1297,58
Hunt & Target + Parity,random,1298,53
Hunt & Target + Parity,random,1299,59
Hunt & Target + Parity,random,1300,58
Hunt & Target + Parity,random,1301,57
Hunt & Target + Parity,random,1302,59
Hunt & Target + Parity,random,1303,47
Hunt & Target + Parity,random,1304,57
Hunt & Target + Parity,random,1305,60
Hunt & Target + Parity,random,1306,42
Hunt & Target + Parity,random,1307,59
Hunt & Target + Parity,random,1308,65
Hunt & Target + Parity,random,1309,37
Hunt & Target + Parity,random,1310,41
Hunt & Target + Parity,random,1311,54
Hunt & Target + Parity,random,1312,59
Hunt & Target + Parity,random,1313,50
Hunt & Target + Parity,random,1314,48
Hunt & Target + Parity,random,1315,48
Hunt & Target + Parity,random,1316,37
Hunt & Target + Parity,random,1317,61
Hunt & Target + Parity,random,1318,70
Hunt & Target + Parity,random,1319,53
Hunt & Target + Parity,random,1320,43
Hunt & Target + Parity,random,1321,59
Hunt & Target + Parity,random,1322,52
Hunt & Target + Parity,random,1323,34
Hunt & Target + Parity,random,1324,42
Hunt & Target + Parity,random,1325,63
Hunt & Target + Parity,random,1326,59
Hunt & Target + Parity,random,1327,53
Hunt & Target + Parity,random,1328,64
Hunt & Target + Parity,random,1329,55
Hunt & Target + Parity,random,1330,41
Hunt & Target + Parity,random,1331,57
Hunt & Target + Parity,random,1332,55
Hunt & Target + Parity,random,1333,55
Hunt & Target + Parity,random,1334,58
Hunt & Target + Parity,random,1335,46
Hunt & Target + Parity,random,1336,55
Hunt & Target + Parity,random,1337,48
Hunt & Target + Parity,random,1338,34
Hunt & Target + Parity,random,1339,49
Hunt & Target + Parity,random,1340,48
Hunt & Target + Parity,random,1341,62
Hunt & Target + Parity,random,1342,57
Hunt & Target + Parity,random,1343,66
Hunt & Target + Parity,random,1344,54
Hunt & Target + Parity,random,1345,61
Hunt & Target + Parity,random,1346,59
Hunt & Target + Parity,random,1347,43
Hunt & Target + Parity,random,1348,36
Hunt & Target + Parity,random,1349,54
Hunt & Target + Parity,random,1350,55
Hunt & Target + Parity,random,1351,66
Hunt & Target + Parity,random,1352,66
Hunt & Target + Parity,random,1353,58
Hunt & Target + Parity,random,1354,54
Hunt & Target + Parity,random,1355,57
Hunt & Target + Parity,random,1356,54
Hunt & Target + Parity,random,1357,48
Hunt & Target + Parity,random,1358,60
Hunt & Target + Parity,random,1359,64
Hunt & Target + Parity,random,1360,48
Hunt & Target + Parity,random,1361,53
Hunt & Target + Parity,random,1362,69
Hunt & Target + Parity,random,1363,60
Hunt & Target + Parity,random,1364,64
Hunt & Target + Parity,random,1365,55
Hunt & Target + Parity,random,1366,65
Hunt & Target + Parity,random,1367,59
Hunt & Target + Parity,random,1368,62
Hunt & Target + Parity,random,1369,60
Hunt & Target + Parity,random,1370,67
Hunt & Target + Parity,random,1371,56
Hunt & Target + Parity,random,1372,56
Hunt & Target + Parity,random,1373,61
Hunt & Target + Parity,random,1374,67
Hunt & Target + Parity,random,1375,47
Hunt & Target + Parity,random,1376,43
Hunt & Target + Parity,random,1377,62
Hunt & Target + Parity,random,1378,66
Hunt & Target + Parity,random,1379,64
Hunt & Target + Parity,random,1380,55
Hunt & Target + Parity,random,1381,57
Hunt & Target + Parity,random,1382,64
Hunt & Target + Parity,random,1383,52
Hunt & Target + Parity,random,1384,54
Hunt & Target + Parity,random,1385,54
Hunt & Target + Parity,random,1386,43
Hunt & Target + Parity,random,1387,57
Hunt & Target + Parity,random,1388,53
Hunt & Target + Parity,random,1389,44
Hunt & Target + Parity,random,1390,36
Hunt & Target + Parity,random,1391,61
Hunt & Target + Parity,random,1392,69
Hunt & Target + Parity,random,1393,67
Hunt & Target + Parity,random,1394,50
Hunt & Target + Parity,random,1395,56
Hunt & Target + Parity,random,1396,73
Hunt & Target + Parity,random,1397,54
Hunt & Target + Parity,random,1398,61
Hunt & Target + Parity,random,1399,49
Hunt & Target + Parity,random,1400,58
Hunt & Target + Parity,random,1401,41
Hunt & Target + Parity,random,1402,55
Hunt & Target + Parity,random,1403,53
Hunt & Target + Parity,random,1404,53
Hunt & Target + Parity,random,1405,61
Hunt & Target + Parity,random,1406,58
Hunt & Target + Parity,random,1407,60
Hunt & Target + Parity,random,1408,48
Hunt & Target + Parity,random,1409,46
Hunt & Target + Parity,random,1410,48
Hunt & Target + Parity,random,1411,38
Hunt & Target + Parity,random,1412,62
Hunt & Target + Parity,random,1413,48
Hunt & Target + Parity,random,1414,30
Hunt & Target + Parity,random,1415,44
Hunt & Target + Parity,random,1416,50
Hunt & Target + Parity,random,1417,61
Hunt & Target + Parity,random,1418,55
Hunt & Target + Parity,random,1419,62
Hunt & Target + Parity,random,1420,52
Hunt & Target + Parity,random,1421,54
Hunt & Target + Parity,random,1422,50
Hunt & Target + Parity,random,1423,57
Hunt & Target + Parity,random,1424,53
Hunt & Target + Parity,random,1425,60
Hunt & Target + Parity,random,1426,62
Hunt & Target + Parity,random,1427,58
Hunt & Target + Parity,random,1428,50
Hunt & Target + Parity,random,1429,61
Hunt & Target + Parity,random,1430,55
Hunt & Target + Parity,random,1431,60
Hunt & Target + Parity,random,1432,48
Hunt & Target + Parity,random,1433,41
Hunt & Target + Parity,random,1434,54
Hunt & Target + Parity,random,1435,49
Hunt & Target + Parity,random,1436,38
Hunt & Target + Parity,random,1437,41
Hunt & Target + Parity,random,1438,56
Hunt & Target + Parity,random,1439,45
Hunt & Target + Parity,random,1440,45
Hunt & Target + Parity,random,1441,61
Hunt & Target + Parity,random,1442,64
Hunt & Target + Parity,random,1443,36
Hunt & Target + Parity,random,1444,49
Hunt & Target + Parity,random,1445,46
Hunt & Target + Parity,random,1446,73
Hunt & Target + Parity,random,1447,60
Hunt & Target + Parity,random,1448,45
Hunt & Target + Parity,random,1449,75
Hunt & Target + Parity,random,1450,46
Hunt & Target + Parity,random,1451,49
Hunt & Target + Parity,random,1452,51
Hunt & Target + Parity,random,1453,54
Hunt & Target + Parity,random,1454,57
Hunt & Target + Parity,random,1455,62
Hunt & Target + Parity,random,1456,51
Hunt & Target + Parity,random,1457,53
Hunt & Target + Parity,random,1458,56
Hunt & Target + Parity,random,1459,70
Hunt & Target + Parity,random,1460,74
Hunt & Target + Parity,random,1461,62
Hunt & Target + Parity,random,1462,57
Hunt & Target + Parity,random,1463,66
Hunt & Target + Parity,random,1464,58
Hunt & Target + Parity,random,1465,51
Hunt & Target + Parity,random,1466,62
Hunt & Target + Parity,random,1467,53
Hunt & Target + Parity,random,1468,50
Hunt & Target + Parity,random,1469,52
Hunt & Target + Parity,random,1470,59
Hunt & Target + Parity,random,1471,49
Hunt & Target + Parity,random,1472,58
Hunt & Target + Parity,random,1473,48
Hunt & Target + Parity,random,1474,47
Hunt & Target + Parity,random,1475,64
Hunt & Target + Parity,random,1476,38
Hunt & Target + Parity,random,1477,57
Hunt & Target + Parity,random,1478,59
Hunt & Target + Parity,random,1479,45
Hunt & Target + Parity,random,1480,45
Hunt & Target + Parity,random,1481,59
Hunt & Target + Parity,random,1482,64
Hunt & Target + Parity,random,1483,53
Hunt & Target + Parity,random,1484,55
Hunt & Target + Parity,random,1485,62
Hunt & Target + Parity,random,1486,50
Hunt & Target + Parity,random,1487,45
Hunt & Target + Parity,random,1488,62
Hunt & Target + Parity,random,1489,72
Hunt & Target + Parity,random,1490,61
Hunt & Target + Parity,random,1491,49
Hunt & Target + Parity,random,1492,51
Hunt & Target + Parity,random,1493,65
Hunt & Target + Parity,random,1494,58
Hunt & Target + Parity,random,1495,47
Hunt & Target + Parity,random,1496,44
Hunt & Target + Parity,random,1497,58
Hunt & Target + Parity,random,1498,56
Hunt & Target + Parity,random,1499,52
Hunt & Target + Parity,edge,0,48
Hunt & Target + Parity,edge,1,61
Hunt & Target + Parity,edge,2,40
Hunt & Target + Parity,edge,3,50
Hunt & Target + Parity,edge,4,55
Hunt & Target + Parity,edge,5,58
Hunt & Target + Parity,edge,6,57
Hunt & Target + Parity,edge,7,53
Hunt & Target + Parity,edge,8,47
Hunt & Target + Parity,edge,9,46
Hunt & Target + Parity,edge,10,58
Hunt & Target + Parity,edge,11,44
Hunt & Target + Parity,edge,12,47
Hunt & Target + Parity,edge,13,60
Hunt & Target + Parity,edge,14,49
Hunt & Target + Parity,edge,15,53
Hunt & Target + Parity,edge,16,56
Hunt & Target + Parity,edge,17,46
Hunt & Target + Parity,edge,18,45
Hunt & Target + Parity,edge,19,60
Hunt & Target + Parity,edge,20,41
Hunt & Target + Parity,edge,21,52
Hunt & Target + Parity,edge,22,51
Hunt & Target + Parity,edge,23,58
Hunt & Target + Parity,edge,24,60
Hunt & Target + Parity,edge,25,45
Hunt & Target + Parity,edge,26,45
Hunt & Target + Parity,edge,27,74
Hunt & Target + Parity,edge,28,54
Hunt & Target + Parity,edge,29,57
Hunt & Target + Parity,edge,30,64
Hunt & Target + Parity,edge,31,70
Hunt & Target + Parity,edge,32,49
Hunt & Target + Parity,edge,33,55
Hunt & Target + Parity,edge,34,63
Hunt & Target + Parity,edge,35,63
Hunt & Target + Parity,edge,36,50
Hunt & Target + Parity,edge,37,61
Hunt & Target + Parity,edge,38,49
Hunt & Target + Parity,edge,39,63
Hunt & Target + Parity,edge,40,47
Hunt & Target + Parity,edge,41,59
Hunt & Target + Parity,edge,42,56
Hunt & Target + Parity,edge,43,51
Hunt & Target + Parity,edge,44,61
Hunt & Target + Parity,edge,45,57
Hunt & Target + Parity,edge,46,62
Hunt & Target + Parity,edge,47,50
Hunt & Target + Parity,edge,48,45
Hunt & Target + Parity,edge,49,61
Hunt & Target + Parity,edge,50,54
Hunt & Target + Parity,edge,51,53
Hunt & Target + Parity,edge,52,62
Hunt & Target + Parity,edge,53,45
Hunt & Target + Parity,edge,54,58
Hunt & Target + Parity,edge,55,46
Hunt & Target + Parity,edge,56,56
Hunt & Target + Parity,edge,57,51
Hunt & Target + Parity,edge,58,63
Hunt & Target + Parity,edge,59,38
Hunt & Target + Parity,edge,60,46
Hunt & Target + Parity,edge,61,77
Hunt & Target + Parity,edge,62,48
Hunt & Target + Parity,edge,63,62
Hunt & Target + Parity,edge,64,50
Hunt & Target + Parity,edge,65,63
Hunt & Target + Parity,edge,66,47
Hunt & Target + Parity,edge,67,57
Hunt & Target + Parity,edge,68,50
Hunt & Target + Parity,edge,69,53
Hunt & Target + Parity,edge,70,47
Hunt & Target + Parity,edge,71,68
Hunt & Target + Parity,edge,72,57
Hunt & Target + Parity,edge,73,64
Hunt & Target + Parity,edge,74,48
Hunt & Target + Parity,edge,75,52
Hunt & Target + Parity,edge,76,55
Hunt & Target + Parity,edge,77,56
Hunt & Target + Parity,edge,78,49
Hunt & Target + Parity,edge,79,50
Hunt & Target + Parity,edge,80,60
Hunt & Target + Parity,edge,81,75
Hunt & Target + Parity,edge,82,52
Hunt & Target + Parity,edge,83,51
Hunt & Target + Parity,edge,84,54
Hunt & Target + Parity,edge,85,55
Hunt & Target + Parity,edge,86,55
Hunt & Target + Parity,edge,87,43
Hunt & Target + Parity,edge,88,59
Hunt & Target + Parity,edge,89,62
Hunt & Target + Parity,edge,90,50
Hunt & Target + Parity,edge,91,42
Hunt & Target + Parity,edge,92,49
Hunt & Target + Parity,edge,93,71
Hunt & Target + Parity,edge,94,62
Hunt & Target + Parity,edge,95,49
Hunt & Target + Parity,edge,96,54
Hunt & Target + Parity,edge,97,61
Hunt & Target + Parity,edge,98,58
Hunt & Target + Parity,edge,99,34
Hunt & Target + Parity,edge,100,48
Hunt & Target + Parity,edge,101,64
Hunt & Target + Parity,edge,102,60
Hunt & Target + Parity,edge,103,62
Hunt & Target + Parity,edge,104,62
Hunt & Target + Parity,edge,105,60
Hunt & Target + Parity,edge,106,62
Hunt & Target + Parity,edge,107,50
Hunt & Target + Parity,edge,108,56
Hunt & Target + Parity,edge,109,51
Hunt & Target + Parity,edge,110,63
Hunt & Target + Parity,edge,111,38
Hunt & Target + Parity,edge,112,52
Hunt & Target + Parity,edge,113,34
Hunt & Target + Parity,edge,114,55
Hunt & Target + Parity,edge,115,54
Hunt & Target + Parity,edge,116,50
Hunt & Target + Parity,edge,117,34
Hunt & Target + Parity,edge,118,38
Hunt & Target + Parity,edge,119,58
Hunt & Target + Parity,edge,120,47
Hunt & Target + Parity,edge,121,54
Hunt & Target + Parity,edge,122,50
Hunt & Target + Parity,edge,123,48
Hunt & Target + Parity,edge,124,65
Hunt & Target + Parity,edge,125,58
Hunt & Target + Parity,edge,126,37
Hunt & Target + Parity,edge,127,52
Hunt & Target + Parity,edge,128,49
Hunt & Target + Parity,edge,129,45
Hunt & Target + Parity,edge,130,58
Hunt & Target + Parity,edge,131,52
Hunt & Target + Parity,edge,132,63
Hunt & Target + Parity,edge,133,46
Hunt & Target + Parity,edge,134,58
Hunt & Target + Parity,edge,135,47
Hunt & Target + Parity,edge,136,36
Hunt & Target + Parity,edge,137,42
Hunt & Target + Parity,edge,138,59
Hunt & Target + Parity,edge,139,61
Hunt & Target + Parity,edge,140,62
Hunt & Target + Parity,edge,141,51
Hunt & Target + Parity,edge,142,45
Hunt & Target + Parity,edge,143,52
Hunt & Target + Parity,edge,144,44
Hunt & Target + Parity,edge,145,58
Hunt & Target + Parity,edge,146,42
Hunt & Target + Parity,edge,147,50
Hunt & Target + Parity,edge,148,54
Hunt & Target + Parity,edge,149,46
Hunt & Target + Parity,edge,150,56
Hunt & Target + Parity,edge,151,52
Hunt & Target + Parity,edge,152,63
Hunt & Target + Parity,edge,153,60
Hunt & Target + Parity,edge,154,66
Hunt & Target + Parity,edge,155,58
Hunt & Target + Parity,edge,156,52
Hunt & Target + Parity,edge,157,47
Hunt & Target + Parity,edge,158,64
Hunt & Target + Parity,edge,159,49
Hunt & Target + Parity,edge,160,53
Hunt & Target + Parity,edge,161,57
Hunt & Target + Parity,edge,162,58
Hunt & Target + Parity,edge,163,54
Hunt & Target + Parity,edge,164,62
Hunt & Target + Parity,edge,165,37
Hunt & Target + Parity,edge,166,53
Hunt & Target + Parity,edge,167,61
Hunt & Target + Parity,edge,168,61
Hunt & Target + Parity,edge,169,60
Hunt & Target + Parity,edge,170,60
Hunt & Target + Parity,edge,171,44
Hunt & Target + Parity,edge,172,44
Hunt & Target + Parity,edge,173,50
Hunt & Target + Parity,edge,174,50
Hunt & Target + Parity,edge,175,49
Hunt & Target + Parity,edge,176,46
Hunt & Target + Parity,edge,177,47
Hunt & Target + Parity,edge,178,52
Hunt & Target + Parity,edge,179,54
Hunt & Target + Parity,edge,180,54
Hunt & Target + Parity,edge,181,42
Hunt & Target + Parity,edge,182,48
Hunt & Target + Parity,edge,183,62
Hunt & Target + Parity,edge,184,63
Hunt & Target + Parity,edge,185,52
Hunt & Target + Parity,edge,186,56
Hunt & Target + Parity,edge,187,58
Hunt & Target + Parity,edge,188,51
Hunt & Target + Parity,edge,189,40
Hunt & Target + Parity,edge,190,52
Hunt & Target + Parity,edge,191,54
Hunt & Target + Parity,edge,192,42
Hunt & Target + Parity,edge,193,52
Hunt & Target + Parity,edge,194,43
Hunt & Target + Parity,edge,195,67
Hunt & Target + Parity,edge,196,47
Hunt & Target + Parity,edge,197,44
Hunt & Target + Parity,edge,198,64
Hunt & Target + Parity,edge,199,45
Hunt & Target + Parity,edge,200,58
Hunt & Target + Parity,edge,201,52
Hunt & Target + Parity,edge,202,54
Hunt & Target + Parity,edge,203,73
Hunt & Target + Parity,edge,204,42
Hunt & Target + Parity,edge,205,49
Hunt & Target + Parity,edge,206,56
Hunt & Target + Parity,edge,207,62
Hunt & Target + Parity,edge,208,61
Hunt & Target + Parity,edge,209,50
Hunt & Target + Parity,edge,210,54
Hunt & Target + Parity,edge,211,44
Hunt & Target + Parity,edge,212,57
Hunt & Target + Parity,edge,213,47
Hunt & Target + Parity,edge,214,61
Hunt & Target + Parity,edge,215,49
Hunt & Target + Parity,edge,216,53
Hunt & Target + Parity,edge,217,50
Hunt & Target + Parity,edge,218,53
Hunt & Target + Parity,edge,219,59
Hunt & Target + Parity,edge,220,55
Hunt & Target + Parity,edge,221,60
Hunt & Target + Parity,edge,222,44
Hunt & Target + Parity,edge,223,50
Hunt & Target + Parity,edge,224,63
Hunt & Target + Parity,edge,225,61
Hunt & Target + Parity,edge,226,56
Hunt & Target + Parity,edge,227,50
Hunt & Target + Parity,edge,228,60
Hunt & Target + Parity,edge,229,57
Hunt & Target + Parity,edge,230,58
Hunt & Target + Parity,edge,231,50
Hunt & Target + Parity,edge,232,53
Hunt & Target + Parity,edge,233,48
Hunt & Target + Parity,edge,234,58
Hunt & Target + Parity,edge,235,38
Hunt & Target + Parity,edge,236,51
Hunt & Target + Parity,edge,237,47
Hunt & Target + Parity,edge,238,52
Hunt & Target + Parity,edge,239,62
Hunt & Target + Parity,edge,240,45
Hunt & Target + Parity,edge,241,46
Hunt & Target + Parity,edge,242,45
Hunt & Target + Parity,edge,243,41
Hunt & Target + Parity,edge,244,45
Hunt & Target + Parity,edge,245,52
Hunt & Target + Parity,edge,246,37
Hunt & Target + Parity,edge,247,54
Hunt & Target + Parity,edge,248,41
Hunt & Target + Parity,edge,249,69
Hunt & Target + Parity,edge,250,53
Hunt & Target + Parity,edge,251,65
Hunt & Target + Parity,edge,252,50
Hunt & Target + Parity,edge,253,58
Hunt & Target + Parity,edge,254,39
Hunt & Target + Parity,edge,255,62
Hunt & Target + Parity,edge,256,57
Hunt & Target + Parity,edge,257,56
Hunt & Target + Parity,edge,258,54
Hunt & Target + Parity,edge,259,32
Hunt & Target + Parity,edge,260,61
Hunt & Target + Parity,edge,261,47
Hunt & Target + Parity,edge,262,65
Hunt & Target + Parity,edge,263,59
Hunt & Target + Parity,edge,264,64
Hunt & Target + Parity,edge,265,59
Hunt & Target + Parity,edge,266,64
Hunt & Target + Parity,edge,267,52
Hunt & Target + Parity,edge,268,59
Hunt & Target + Parity,edge,269,61
Hunt & Target + Parity,edge,270,57
Hunt & Target + Parity,edge,271,48
Hunt & Target + Parity,edge,272,41
Hunt & Target + Parity,edge,273,62
Hunt & Target + Parity,edge,274,48
Hunt & Target + Parity,edge,275,53
Hunt & Target + Parity,edge,276,57
Hunt & Target + Parity,edge,277,41
Hunt & Target + Parity,edge,278,50
Hunt & Target + Parity,edge,279,54
Hunt & Target + Parity,edge,280,55
Hunt & Target + Parity,edge,281,45
Hunt & Target + Parity,edge,282,51
Hunt & Target + Parity,edge,283,48
Hunt & Target + Parity,edge,284,56
Hunt & Target + Parity,edge,285,54
Hunt & Target + Parity,edge,286,57
Hunt & Target + Parity,edge,287,55
Hunt & Target + Parity,edge,288,43
Hunt & Target + Parity,edge,289,57
Hunt & Target + Parity,edge,290,52
Hunt & Target + Parity,edge,291,55
Hunt & Target + Parity,edge,292,47
Hunt & Target + Parity,edge,293,58
Hunt & Target + Parity,edge,294,47
Hunt & Target + Parity,edge,295,65
Hunt & Target + Parity,edge,296,58
Hunt & Target + Parity,edge,297,45
Hunt & Target + Parity,edge,298,52
Hunt & Target + Parity,edge,299,62
Hunt & Target + Parity,edge,300,49
Hunt & Target + Parity,edge,301,36
Hunt & Target + Parity,edge,302,42
Hunt & Target + Parity,edge,303,52
Hunt & Target + Parity,edge,304,60
Hunt & Target + Parity,edge,305,54
Hunt & Target + Parity,edge,306,54
Hunt & Target + Parity,edge,307,59
Hunt & Target + Parity,edge,308,47
Hunt & Target + Parity,edge,309,53
Hunt & Target + Parity,edge,310,56
Hunt & Target + Parity,edge,311,67
Hunt & Target + Parity,edge,312,51
Hunt & Target + Parity,edge,313,52
Hunt & Target + Parity,edge,314,37
Hunt & Target + Parity,edge,315,57
Hunt & Target + Parity,edge,316,62
Hunt & Target + Parity,edge,317,58
Hunt & Target + Parity,edge,318,59
Hunt & Target + Parity,edge,319,49
Hunt & Target + Parity,edge,320,51
Hunt & Target + Parity,edge,321,36
Hunt & Target + Parity,edge,322,59
Hunt & Target + Parity,edge,323,53
Hunt & Target + Parity,edge,324,62
Hunt & Target + Parity,edge,325,41
Hunt & Target + Parity,edge,326,49
Hunt & Target + Parity,edge,327,54
Hunt & Target + Parity,edge,328,43
Hunt & Target + Parity,edge,329,54
Hunt & Target + Parity,edge,330,48
Hunt & Target + Parity,edge,331,45
Hunt & Target + Parity,edge,332,45
Hunt & Target + Parity,edge,333,50
Hunt & Target + Parity,edge,334,57
Hunt & Target + Parity,edge,335,59
Hunt & Target + Parity,edge,336,39
Hunt & Target + Parity,edge,337,46
Hunt & Target + Parity,edge,338,55
Hunt & Target + Parity,edge,339,48
Hunt & Target + Parity,edge,340,48
Hunt & Target + Parity,edge,341,62
Hunt & Target + Parity,edge,342,46
Hunt & Target + Parity,edge,343,52
Hunt & Target + Parity,edge,344,50
Hunt & Target + Parity,edge,345,54
Hunt & Target + Parity,edge,346,49
Hunt & Target + Parity,edge,347,49
Hunt & Target + Parity,edge,348,48
Hunt & Target + Parity,edge,349,47
Hunt & Target + Parity,edge,350,49
Hunt & Target + Parity,edge,351,35
Hunt & Target + Parity,edge,352,51
Hunt & Target + Parity,edge,353,62
Hunt & Target + Parity,edge,354,67
Hunt & Target + Parity,edge,355,53
Hunt & Target + Parity,edge,356,57
Hunt & Target + Parity,edge,357,63
Hunt & Target + Parity,edge,358,64
Hunt & Target + Parity,edge,359,65
Hunt & Target + Parity,edge,360,52
Hunt & Target + Parity,edge,361,59
Hunt & Target + Parity,edge,362,52
Hunt & Target + Parity,edge,363,60
Hunt & Target + Parity,edge,364,62
Hunt & Target + Parity,edge,365,65
Hunt & Target + Parity,edge,366,42
Hunt & Target + Parity,edge,367,48
Hunt & Target + Parity,edge,368,54
Hunt & Target + Parity,edge,369,46
Hunt & Target + Parity,edge,370,57
Hunt & Target + Parity,edge,371,69
Hunt & Target + Parity,edge,372,60
Hunt & Target + Parity,edge,373,55
Hunt & Target + Parity,edge,374,56
Hunt & Target + Parity,edge,375,40
Hunt & Target + Parity,edge,376,40
Hunt & Target + Parity,edge,377,65
Hunt & Target + Parity,edge,378,59
Hunt & Target + Parity,edge,379,52
Hunt & Target + Parity,edge,380,36
Hunt & Target + Parity,edge,381,49
Hunt & Target + Parity,edge,382,54
Hunt & Target + Parity,edge,383,60
Hunt & Target + Parity,edge,384,60
Hunt & Target + Parity,edge,385,42
Hunt & Target + Parity,edge,386,42
Hunt & Target + Parity,edge,387,44
Hunt & Target + Parity,edge,388,33
Hunt & Target + Parity,edge,389,68
Hunt & Target + Parity,edge,390,67
Hunt & Target + Parity,edge,391,54
Hunt & Target + Parity,edge,392,39
Hunt & Target + Parity,edge,393,60
Hunt & Target + Parity,edge,394,58
Hunt & Target + Parity,edge,395,56
Hunt & Target + Parity,edge,396,56
Hunt & Target + Parity,edge,397,53
Hunt & Target + Parity,edge,398,54
Hunt & Target + Parity,edge,399,54
Hunt & Target + Parity,edge,400,47
Hunt & Target + Parity,edge,401,56
Hunt & Target + Parity,edge,402,66
Hunt & Target + Parity,edge,403,51
Hunt & Target + Parity,edge,404,49
Hunt & Target + Parity,edge,405,58
Hunt & Target + Parity,edge,406,58
Hunt & Target + Parity,edge,407,55
Hunt & Target + Parity,edge,408,36
Hunt & Target + Parity,edge,409,46
Hunt & Target + Parity,edge,410,56
Hunt & Target + Parity,edge,411,52
Hunt & Target + Parity,edge,412,60
Hunt & Target + Parity,edge,413,44
Hunt & Target + Parity,edge,414,32
Hunt & Target + Parity,edge,415,54
Hunt & Target + Parity,edge,416,63
Hunt & Target + Parity,edge,417,43
Hunt & Target + Parity,edge,418,48
Hunt & Target + Parity,edge,419,60
Hunt & Target + Parity,edge,420,47
Hunt & Target + Parity,edge,421,34
Hunt & Target + Parity,edge,422,51
Hunt & Target + Parity,edge,423,55
Hunt & Target + Parity,edge,424,51
Hunt & Target + Parity,edge,425,71
Hunt & Target + Parity,edge,426,53
Hunt & Target + Parity,edge,427,47
Hunt & Target + Parity,edge,428,47
Hunt & Target + Parity,edge,429,65
Hunt & Target + Parity,edge,430,52
Hunt & Target + Parity,edge,431,48
Hunt & Target + Parity,edge,432,50
Hunt & Target + Parity,edge,433,53
Hunt & Target + Parity,edge,434,48
Hunt & Target + Parity,edge,435,72
Hunt & Target + Parity,edge,436,49
Hunt & Target + Parity,edge,437,53
Hunt & Target + Parity,edge,438,57
Hunt & Target + Parity,edge,439,60
Hunt & Target + Parity,edge,440,43
Hunt & Target + Parity,edge,441,59
Hunt & Target + Parity,edge,442,41
Hunt & Target + Parity,edge,443,43
Hunt & Target + Parity,edge,444,59
Hunt & Target + Parity,edge,445,44
Hunt & Target + Parity,edge,446,54
Hunt & Target + Parity,edge,447,55
Hunt & Target + Parity,edge,448,54
Hunt & Target + Parity,edge,449,61
Hunt & Target + Parity,edge,450,36
Hunt & Target + Parity,edge,451,46
Hunt & Target + Parity,edge,452,44
Hunt & Target + Parity,edge,453,53
Hunt & Target + Parity,edge,454,63
Hunt & Target + Parity,edge,455,52
Hunt & Target + Parity,edge,456,40
Hunt & Target + Parity,edge,457,39
Hunt & Target + Parity,edge,458,54
Hunt & Target + Parity,edge,459,52
Hunt & Target + Parity,edge,460,54
Hunt & Target + Parity,edge,461,42
Hunt & Target + Parity,edge,462,53
Hunt & Target + Parity,edge,463,60
Hunt & Target + Parity,edge,464,55
Hunt & Target + Parity,edge,465,52
Hunt & Target + Parity,edge,466,52
Hunt & Target + Parity,edge,467,41
Hunt & Target + Parity,edge,468,54
Hunt & Target + Parity,edge,469,35
Hunt & Target + Parity,edge,470,47
Hunt & Target + Parity,edge,471,50
Hunt & Target + Parity,edge,472,42
Hunt & Target + Parity,edge,473,50
Hunt & Target + Parity,edge,474,56
Hunt & Target + Parity,edge,475,47
Hunt & Target + Parity,edge,476,47
Hunt & Target + Parity,edge,477,45
Hunt & Target + Parity,edge,478,35
Hunt & Target + Parity,edge,479,41
Hunt & Target + Parity,edge,480,59
Hunt & Target + Parity,edge,481,43
Hunt & Target + Parity,edge,482,43
Hunt & Target + Parity,edge,483,58
Hunt & Target + Parity,edge,484,55
Hunt & Target + Parity,edge,485,63
Hunt & Target + Parity,edge,486,62
Hunt & Target + Parity,edge,487,56
Hunt & Target + Parity,edge,488,60
Hunt & Target + Parity,edge,489,63
Hunt & Target + Parity,edge,490,55
Hunt & Target + Parity,edge,491,54
Hunt & Target + Parity,edge,492,61
Hunt & Target + Parity,edge,493,49
Hunt & Target + Parity,edge,494,34
Hunt & Target + Parity,edge,495,53
Hunt & Target + Parity,edge,496,58
Hunt & Target + Parity,edge,497,66
Hunt & Target + Parity,edge,498,59
Hunt & Target + Parity,edge,499,69
Hunt & Target + Parity,edge,500,54
Hunt & Target + Parity,edge,501,62
Hunt & Target + Parity,edge,502,60
Hunt & Target + Parity,edge,503,48
Hunt & Target + Parity,edge,504,54
Hunt & Target + Parity,edge,505,51
Hunt & Target + Parity,edge,506,49
Hunt & Target + Parity,edge,507,58
Hunt & Target + Parity,edge,508,54
Hunt & Target + Parity,edge,509,58
Hunt & Target + Parity,edge,510,38
Hunt & Target + Parity,edge,511,41
Hunt & Target + Parity,edge,512,54
Hunt & Target + Parity,edge,513,49
Hunt & Target + Parity,edge,514,65
Hunt & Target + Parity,edge,515,57
Hunt & Target + Parity,edge,516,62
Hunt & Target + Parity,edge,517,62
Hunt & Target + Parity,edge,518,62
Hunt & Target + Parity,edge,519,53
Hunt & Target + Parity,edge,520,54
Hunt & Target + Parity,edge,521,65
Hunt & Target + Parity,edge,522,45
Hunt & Target + Parity,edge,523,47
Hunt & Target + Parity,edge,524,58
Hunt & Target + Parity,edge,525,62
Hunt & Target + Parity,edge,526,56
Hunt & Target + Parity,edge,527,59
Hunt & Target + Parity,edge,528,53
Hunt & Target + Parity,edge,529,66
Hunt & Target + Parity,edge,530,55
Hunt & Target + Parity,edge,531,75
Hunt & Target + Parity,edge,532,65
Hunt & Target + Parity,edge,533,63
Hunt & Target + Parity,edge,534,65
Hunt & Target + Parity,edge,535,47
Hunt & Target + Parity,edge,536,47
Hunt & Target + Parity,edge,537,57
Hunt & Target + Parity,edge,538,60
Hunt & Target + Parity,edge,539,60
Hunt & Target + Parity,edge,540,61
Hunt & Target + Parity,edge,541,56
Hunt & Target + Parity,edge,542,50
Hunt & Target + Parity,edge,543,58
Hunt & Target + Parity,edge,544,61
Hunt & Target + Parity,edge,545,60
Hunt & Target + Parity,edge,546,49
Hunt & Target + Parity,edge,547,36
Hunt & Target + Parity,edge,548,59
Hunt & Target + Parity,edge,549,53
Hunt & Target + Parity,edge,550,45
Hunt & Target + Parity,edge,551,39
Hunt & Target + Parity,edge,552,59
Hunt & Target + Parity,edge,553,60
Hunt & Target + Parity,edge,554,48
Hunt & Target + Parity,edge,555,49
Hunt & Target + Parity,edge,556,57
Hunt & Target + Parity,edge,557,63
Hunt & Target + Parity,edge,558,31
Hunt & Target + Parity,edge,559,42
Hunt & Target + Parity,edge,560,52
Hunt & Target + Parity,edge,561,49
Hunt & Target + Parity,edge,562,52
Hunt & Target + Parity,edge,563,59
Hunt & Target + Parity,edge,564,65
Hunt & Target + Parity,edge,565,55
Hunt & Target + Parity,edge,566,51
Hunt & Target + Parity,edge,567,60
Hunt & Target + Parity,edge,568,65
Hunt & Target + Parity,edge,569,54
Hunt & Target + Parity,edge,570,55
Hunt & Target + Parity,edge,571,53
Hunt & Target + Parity,edge,572,65
Hunt & Target + Parity,edge,573,37
Hunt & Target + Parity,edge,574,47
Hunt & Target + Parity,edge,575,48
Hunt & Target + Parity,edge,576,45
Hunt & Target + Parity,edge,577,53
Hunt & Target + Parity,edge,578,44
Hunt & Target + Parity,edge,579,41
Hunt & Target + Parity,edge,580,60
Hunt & Target + Parity,edge,581,45
Hunt & Target + Parity,edge,582,58
Hunt & Target + Parity,edge,583,37
Hunt & Target + Parity,edge,584,49
Hunt & Target + Parity,edge,585,48
Hunt & Target + Parity,edge,586,44
Hunt & Target + Parity,edge,587,57
Hunt & Target + Parity,edge,588,55
Hunt & Target + Parity,edge,589,41
Hunt & Target + Parity,edge,590,43
Hunt & Target + Parity,edge,591,38
Hunt & Target + Parity,edge,592,44
Hunt & Target + Parity,edge,593,55
Hunt & Target + Parity,edge,594,52
Hunt & Target + Parity,edge,595,52
Hunt & Target + Parity,edge,596,59
Hunt & Target + Parity,edge,597,53
Hunt & Target + Parity,edge,598,52
Hunt & Target + Parity,edge,599,32
Hunt & Target + Parity,edge,600,52
Hunt & Target + Parity,edge,601,59
Hunt & Target + Parity,edge,602,59
Hunt & Target + Parity,edge,603,55
Hunt & Target + Parity,edge,604,55
Hunt & Target + Parity,edge,605,60
Hunt & Target + Parity,edge,606,44
Hunt & Target + Parity,edge,607,50
Hunt & Target + Parity,edge,608,58
Hunt & Target + Parity,edge,609,64
Hunt & Target + Parity,edge,610,53
Hunt & Target + Parity,edge,611,48
Hunt & Target + Parity,edge,612,46
Hunt & Target + Parity,edge,613,47
Hunt & Target + Parity,edge,614,46
Hunt & Target + Parity,edge,615,58
Hunt & Target + Parity,edge,616,56
Hunt & Target + Parity,edge,617,74
Hunt & Target + Parity,edge,618,48
Hunt & Target + Parity,edge,619,67
Hunt & Target + Parity,edge,620,47
Hunt & Target + Parity,edge,621,64
Hunt & Target + Parity,edge,622,58
Hunt & Target + Parity,edge,623,63
Hunt & Target + Parity,edge,624,43
Hunt & Target + Parity,edge,625,49
Hunt & Target + Parity,edge,626,67
Hunt & Target + Parity,edge,627,57
Hunt & Target + Parity,edge,628,62
Hunt & Target + Parity,edge,629,54
Hunt & Target + Parity,edge,630,59
Hunt & Target + Parity,edge,631,63
Hunt & Target + Parity,edge,632,57
Hunt & Target + Parity,edge,633,63
Hunt & Target + Parity,edge,634,59
Hunt & Target + Parity,edge,635,61
Hunt & Target + Parity,edge,636,48
Hunt & Target + Parity,edge,637,63
Hunt & Target + Parity,edge,638,64
Hunt & Target + Parity,edge,639,39
Hunt & Target + Parity,edge,640,60
Hunt & Target + Parity,edge,641,51
Hunt & Target + Parity,edge,642,71
Hunt & Target + Parity,edge,643,50
Hunt & Target + Parity,edge,644,64
Hunt & Target + Parity,edge,645,55
Hunt & Target + Parity,edge,646,61
Hunt & Target + Parity,edge,647,62
Hunt & Target + Parity,edge,648,41
Hunt & Target + Parity,edge,649,62
Hunt & Target + Parity,edge,650,41
Hunt & Target + Parity,edge,651,63
Hunt & Target + Parity,edge,652,57
Hunt & Target + Parity,edge,653,64
Hunt & Target + Parity,edge,654,54
Hunt & Target + Parity,edge,655,57
Hunt & Target + Parity,edge,656,49
Hunt & Target + Parity,edge,657,55
Hunt & Target + Parity,edge,658,44
Hunt & Target + Parity,edge,659,57
Hunt & Target + Parity,edge,660,51
Hunt & Target + Parity,edge,661,61
Hunt & Target + Parity,edge,662,55
Hunt & Target + Parity,edge,663,67
Hunt & Target + Parity,edge,664,40
Hunt & Target + Parity,edge,665,59
Hunt & Target + Parity,edge,666,48
Hunt & Target + Parity,edge,667,54
Hunt & Target + Parity,edge,668,64
Hunt & Target + Parity,edge,669,58
Hunt & Target + Parity,edge,670,40
Hunt & Target + Parity,edge,671,39
Hunt & Target + Parity,edge,672,28
Hunt & Target + Parity,edge,673,43
Hunt & Target + Parity,edge,674,65
Hunt & Target + Parity,edge,675,66
Hunt & Target + Parity,edge,676,47
Hunt & Target + Parity,edge,677,44
Hunt & Target + Parity,edge,678,67
Hunt & Target + Parity,edge,679,57
Hunt & Target + Parity,edge,680,55
Hunt & Target + Parity,edge,681,53
Hunt & Target + Parity,edge,682,47
Hunt & Target + Parity,edge,683,61
Hunt & Target + Parity,edge,684,45
Hunt & Target + Parity,edge,685,50
Hunt & Target + Parity,edge,686,51
Hunt & Target + Parity,edge,687,65
Hunt & Target + Parity,edge,688,62
Hunt & Target + Parity,edge,689,56
Hunt & Target + Parity,edge,690,47
Hunt & Target + Parity,edge,691,63
Hunt & Target + Parity,edge,692,50
Hunt & Target + Parity,edge,693,55
Hunt & Target + Parity,edge,694,43
Hunt & Target + Parity,edge,695,47
Hunt & Target + Parity,edge,696,55
Hunt & Target + Parity,edge,697,45
Hunt & Target + Parity,edge,698,58
Hunt & Target + Parity,edge,699,43
Hunt & Target + Parity,edge,700,63
Hunt & Target + Parity,edge,701,41
Hunt & Target + Parity,edge,702,52
Hunt & Target + Parity,edge,703,63
Hunt & Target + Parity,edge,704,55
Hunt & Target + Parity,edge,705,53
Hunt & Target + Parity,edge,706,62
Hunt & Target + Parity,edge,707,45
Hunt & Target + Parity,edge,708,57
Hunt & Target + Parity,edge,709,50
Hunt & Target + Parity,edge,710,40
Hunt & Target + Parity,edge,711,56
Hunt & Target + Parity,edge,712,63
Hunt & Target + Parity,edge,713,45
Hunt & Target + Parity,edge,714,64
Hunt & Target + Parity,edge,715,52
Hunt & Target + Parity,edge,716,56
Hunt & Target + Parity,edge,717,57
Hunt & Target + Parity,edge,718,59
Hunt & Target + Parity,edge,719,41
Hunt & Target + Parity,edge,720,40
Hunt & Target + Parity,edge,721,53
Hunt & Target + Parity,edge,722,45
Hunt & Target + Parity,edge,723,46
Hunt & Target + Parity,edge,724,43
Hunt & Target + Parity,edge,725,65
Hunt & Target + Parity,edge,726,60
Hunt & Target + Parity,edge,727,65
Hunt & Target + Parity,edge,728,35
Hunt & Target + Parity,edge,729,67
Hunt & Target + Parity,edge,730,62
Hunt & Target + Parity,edge,731,42
Hunt & Target + Parity,edge,732,62
Hunt & Target + Parity,edge,733,52
Hunt & Target + Parity,edge,734,41
Hunt & Target + Parity,edge,735,40
Hunt & Target + Parity,edge,736,44
Hunt & Target + Parity,edge,737,39
Hunt & Target + Parity,edge,738,67
Hunt & Target + Parity,edge,739,49
Hunt & Target + Parity,edge,740,45
Hunt & Target + Parity,edge,741,54
Hunt & Target + Parity,edge,742,65
Hunt & Target + Parity,edge,743,53
Hunt & Target + Parity,edge,744,47
Hunt & Target + Parity,edge,745,60
Hunt & Target + Parity,edge,746,58
Hunt & Target + Parity,edge,747,46
Hunt & Target + Parity,edge,748,60
Hunt & Target + Parity,edge,749,43
Hunt & Target + Parity,edge,750,46
Hunt & Target + Parity,edge,751,62
Hunt & Target + Parity,edge,752,59
Hunt & Target + Parity,edge,753,49
Hunt & Target + Parity,edge,754,53
Hunt & Target + Parity,edge,755,53
Hunt & Target + Parity,edge,756,57
Hunt & Target + Parity,edge,757,52
Hunt & Target + Parity,edge,758,53
Hunt & Target + Parity,edge,759,50
Hunt & Target + Parity,edge,760,56
Hunt & Target + Parity,edge,761,57
Hunt & Target + Parity,edge,762,68
Hunt & Target + Parity,edge,763,48
Hunt & Target + Parity,edge,764,51
Hunt & Target + Parity,edge,765,54
Hunt & Target + Parity,edge,766,51
Hunt & Target + Parity,edge,767,49
Hunt & Target + Parity,edge,768,61
Hunt & Target + Parity,edge,769,49
Hunt & Target + Parity,edge,770,51
Hunt & Target + Parity,edge,771,39
Hunt & Target + Parity,edge,772,39
Hunt & Target + Parity,edge,773,63
Hunt & Target + Parity,edge,774,53
Hunt & Target + Parity,edge,775,47
Hunt & Target + Parity,edge,776,49
Hunt & Target + Parity,edge,777,55
Hunt & Target + Parity,edge,778,60
Hunt & Target + Parity,edge,779,52
Hunt & Target + Parity,edge,780,46
Hunt & Target + Parity,edge,781,66
Hunt & Target + Parity,edge,782,52
Hunt & Target + Parity,edge,783,56
Hunt & Target + Parity,edge,784,59
Hunt & Target + Parity,edge,785,65
Hunt & Target + Parity,edge,786,34
Hunt & Target + Parity,edge,787,37
Hunt & Target + Parity,edge,788,62
Hunt & Target + Parity,edge,789,52
Hunt & Target + Parity,edge,790,56
Hunt & Target + Parity,edge,791,59
Hunt & Target + Parity,edge,792,57
Hunt & Target + Parity,edge,793,43
Hunt & Target + Parity,edge,794,48
Hunt & Target + Parity,edge,795,44
Hunt & Target + Parity,edge,796,61
Hunt & Target + Parity,edge,797,58
Hunt & Target + Parity,edge,798,53
Hunt & Target + Parity,edge,799,53
Hunt & Target + Parity,edge,800,60
Hunt & Target + Parity,edge,801,61
Hunt & Target + Parity,edge,802,56
Hunt & Target + Parity,edge,803,52
Hunt & Target + Parity,edge,804,51
Hunt & Target + Parity,edge,805,40
Hunt & Target + Parity,edge,806,62
Hunt & Target + Parity,edge,807,52
Hunt & Target + Parity,edge,808,47
Hunt & Target + Parity,edge,809,54
Hunt & Target + Parity,edge,810,53
Hunt & Target + Parity,edge,811,45
Hunt & Target + Parity,edge,812,63
Hunt & Target + Parity,edge,813,51
Hunt & Target + Parity,edge,814,48
Hunt & Target + Parity,edge,815,37
Hunt & Target + Parity,edge,816,55
Hunt & Target + Parity,edge,817,52
Hunt & Target + Parity,edge,818,33
Hunt & Target + Parity,edge,819,70
Hunt & Target + Parity,edge,820,43
Hunt & Target + Parity,edge,821,42
Hunt & Target + Parity,edge,822,64
Hunt & Target + Parity,edge,823,50
Hunt & Target + Parity,edge,824,40
Hunt & Target + Parity,edge,825,54
Hunt & Target + Parity,edge,826,49
Hunt & Target + Parity,edge,827,39
Hunt & Target + Parity,edge,828,49
Hunt & Target + Parity,edge,829,49
Hunt & Target + Parity,edge,830,59
Hunt & Target + Parity,edge,831,66
Hunt & Target + Parity,edge,832,52
Hunt & Target + Parity,edge,833,68
Hunt & Target + Parity,edge,834,51
Hunt & Target + Parity,edge,835,52
Hunt & Target + Parity,edge,836,42
Hunt & Target + Parity,edge,837,47
Hunt & Target + Parity,edge,838,53
Hunt & Target + Parity,edge,839,49
Hunt & Target + Parity,edge,840,57
Hunt & Target + Parity,edge,841,65
Hunt & Target + Parity,edge,842,41
Hunt & Target + Parity,edge,843,36
Hunt & Target + Parity,edge,844,56
Hunt & Target + Parity,edge,845,63
Hunt & Target + Parity,edge,846,53
Hunt & Target + Parity,edge,847,56
Hunt & Target + Parity,edge,848,57
Hunt & Target + Parity,edge,849,65
Hunt & Target + Parity,edge,850,58
Hunt & Target + Parity,edge,851,55
Hunt & Target + Parity,edge,852,46
Hunt & Target + Parity,edge,853,47
Hunt & Target + Parity,edge,854,60
Hunt & Target + Parity,edge,855,55
Hunt & Target + Parity,edge,856,48
Hunt & Target + Parity,edge,857,50
Hunt & Target + Parity,edge,858,60
Hunt & Target + Parity,edge,859,64
Hunt & Target + Parity,edge,860,44
Hunt & Target + Parity,edge,861,52
Hunt & Target + Parity,edge,862,46
Hunt & Target + Parity,edge,863,66
Hunt & Target + Parity,edge,864,47
Hunt & Target + Parity,edge,865,62
Hunt & Target + Parity,edge,866,46
Hunt & Target + Parity,edge,867,47
Hunt & Target + Parity,edge,868,57
Hunt & Target + Parity,edge,869,61
Hunt & Target + Parity,edge,870,50
Hunt & Target + Parity,edge,871,59
Hunt & Target + Parity,edge,872,60
Hunt & Target + Parity,edge,873,55
Hunt & Target + Parity,edge,874,49
Hunt & Target + Parity,edge,875,54
Hunt & Target + Parity,edge,876,59
Hunt & Target + Parity,edge,877,42
Hunt & Target + Parity,edge,878,60
Hunt & Target + Parity,edge,879,55
Hunt & Target + Parity,edge,880,46
Hunt & Target + Parity,edge,881,49
Hunt & Target + Parity,edge,882,42
Hunt & Target + Parity,edge,883,59
Hunt & Target + Parity,edge,884,63
Hunt & Target + Parity,edge,885,61
Hunt & Target + Parity,edge,886,60
Hunt & Target + Parity,edge,887,55
Hunt & Target + Parity,edge,888,50
Hunt & Target + Parity,edge,889,44
Hunt & Target + Parity,edge,890,55
Hunt & Target + Parity,edge,891,50
Hunt & Target + Parity,edge,892,61
Hunt & Target + Parity,edge,893,38
Hunt & Target + Parity,edge,894,66
Hunt & Target + Parity,edge,895,61
Hunt & Target + Parity,edge,896,48
Hunt & Target + Parity,edge,897,45
Hunt & Target + Parity,edge,898,56
Hunt & Target + Parity,edge,899,29
Hunt & Target + Parity,edge,900,45
Hunt & Target + Parity,edge,901,68
Hunt & Target + Parity,edge,902,42
Hunt & Target + Parity,edge,903,54
Hunt & Target + Parity,edge,904,61
Hunt & Target + Parity,edge,905,53
Hunt & Target + Parity,edge,906,70
Hunt & Target + Parity,edge,907,60
Hunt & Target + Parity,edge,908,53
Hunt & Target + Parity,edge,909,38
Hunt & Target + Parity,edge,910,37
Hunt & Target + Parity,edge,911,49
Hunt & Target + Parity,edge,912,56
Hunt & Target + Parity,edge,913,57
Hunt & Target + Parity,edge,914,62
Hunt & Target + Parity,edge,915,64
Hunt & Target + Parity,edge,916,55
Hunt & Target + Parity,edge,917,43
Hunt & Target + Parity,edge,918,62
Hunt & Target + Parity,edge,919,65
Hunt & Target + Parity,edge,920,63
Hunt & Target + Parity,edge,921,46
Hunt & Target + Parity,edge,922,55
Hunt & Target + Parity,edge,923,54
Hunt & Target + Parity,edge,924,37
Hunt & Target + Parity,edge,925,42
Hunt & Target + Parity,edge,926,49
Hunt & Target + Parity,edge,927,54
Hunt & Target + Parity,edge,928,46
Hunt & Target + Parity,edge,929,51
Hunt & Target + Parity,edge,930,53
Hunt & Target + Parity,edge,931,41
Hunt & Target + Parity,edge,932,58
Hunt & Target + Parity,edge,933,51
Hunt & Target + Parity,edge,934,51
Hunt & Target + Parity,edge,935,52
Hunt & Target + Parity,edge,936,59
Hunt & Target + Parity,edge,937,53
Hunt & Target + Parity,edge,938,64
Hunt & Target + Parity,edge,939,59
Hunt & Target + Parity,edge,940,50
Hunt & Target + Parity,edge,941,35
Hunt & Target + Parity,edge,942,64
Hunt & Target + Parity,edge,943,48
Hunt & Target + Parity,edge,944,60
Hunt & Target + Parity,edge,945,47
Hunt & Target + Parity,edge,946,62
Hunt & Target + Parity,edge,947,58
Hunt & Target + Parity,edge,948,54
Hunt & Target + Parity,edge,949,61
Hunt & Target + Parity,edge,950,57
Hunt & Target + Parity,edge,951,37
Hunt & Target + Parity,edge,952,65
Hunt & Target + Parity,edge,953,44
Hunt & Target + Parity,edge,954,64
Hunt & Target + Parity,edge,955,44
Hunt & Target + Parity,edge,956,63
Hunt & Target + Parity,edge,957,50
Hunt & Target + Parity,edge,958,57
Hunt & Target + Parity,edge,959,57
Hunt & Target + Parity,edge,960,63
Hunt & Target + Parity,edge,961,48
Hunt & Target + Parity,edge,962,45
Hunt & Target + Parity,edge,963,46
Hunt & Target + Parity,edge,964,48
Hunt & Target + Parity,edge,965,38
Hunt & Target + Parity,edge,966,55
Hunt & Target + Parity,edge,967,49
Hunt & Target + Parity,edge,968,65
Hunt & Target + Parity,edge,969,46
Hunt & Target + Parity,edge,970,51
Hunt & Target + Parity,edge,971,61
Hunt & Target + Parity,edge,972,57
Hunt & Target + Parity,edge,973,57
Hunt & Target + Parity,edge,974,57
Hunt & Target + Parity,edge,975,39
Hunt & Target + Parity,edge,976,58
Hunt & Target + Parity,edge,977,41
Hunt & Target + Parity,edge,978,45
Hunt & Target + Parity,edge,979,58
Hunt & Target + Parity,edge,980,64
Hunt & Target + Parity,edge,981,42
Hunt & Target + Parity,edge,982,64
Hunt & Target + Parity,edge,983,47
Hunt & Target + Parity,edge,984,47
Hunt & Target + Parity,edge,985,62
Hunt & Target + Parity,edge,986,63
Hunt & Target + Parity,edge,987,61
Hunt & Target + Parity,edge,988,54
Hunt & Target + Parity,edge,989,41
Hunt & Target + Parity,edge,990,44
Hunt & Target + Parity,edge,991,33
Hunt & Target + Parity,edge,992,48
Hunt & Target + Parity,edge,993,49
Hunt & Target + Parity,edge,994,42
Hunt & Target + Parity,edge,995,45
Hunt & Target + Parity,edge,996,61
Hunt & Target + Parity,edge,997,40
Hunt & Target + Parity,edge,998,61
Hunt & Target + Parity,edge,999,49
Hunt & Target + Parity,edge,1000,58
Hunt & Target + Parity,edge,1001,46
Hunt & Target + Parity,edge,1002,53
Hunt & Target + Parity,edge,1003,59
Hunt & Target + Parity,edge,1004,35
Hunt & Target + Parity,edge,1005,36
Hunt & Target + Parity,edge,1006,45
Hunt & Target + Parity,edge,1007,55
Hunt & Target + Parity,edge,1008,51
Hunt & Target + Parity,edge,1009,59
Hunt & Target + Parity,edge,1010,46
Hunt & Target + Parity,edge,1011,60
Hunt & Target + Parity,edge,1012,42
Hunt & Target + Parity,edge,1013,49
Hunt & Target + Parity,edge,1014,44
Hunt & Target + Parity,edge,1015,59
Hunt & Target + Parity,edge,1016,37
Hunt & Target + Parity,edge,1017,61
Hunt & Target + Parity,edge,1018,48
Hunt & Target + Parity,edge,1019,37
Hunt & Target + Parity,edge,1020,60
Hunt & Target + Parity,edge,1021,62
Hunt & Target + Parity,edge,1022,65
Hunt & Target + Parity,edge,1023,67
Hunt & Target + Parity,edge,1024,58
Hunt & Target + Parity,edge,1025,65
Hunt & Target + Parity,edge,1026,45
Hunt & Target + Parity,edge,1027,41
Hunt & Target + Parity,edge,1028,42
Hunt & Target + Parity,edge,1029,51
Hunt & Target + Parity,edge,1030,60
Hunt & Target + Parity,edge,1031,62
Hunt & Target + Parity,edge,1032,46
Hunt & Target + Parity,edge,1033,47
Hunt & Target + Parity,edge,1034,49
Hunt & Target + Parity,edge,1035,48
Hunt & Target + Parity,edge,1036,57
Hunt & Target + Parity,edge,1037,59
Hunt & Target + Parity,edge,1038,45
Hunt & Target + Parity,edge,1039,60
Hunt & Target + Parity,edge,1040,52
Hunt & Target + Parity,edge,1041,60
Hunt & Target + Parity,edge,1042,37
Hunt & Target + Parity,edge,1043,50
Hunt & Target + Parity,edge,1044,59
Hunt & Target + Parity,edge,1045,48
Hunt & Target + Parity,edge,1046,63
Hunt & Target + Parity,edge,1047,57
Hunt & Target + Parity,edge,1048,40
Hunt & Target + Parity,edge,1049,61
Hunt & Target + Parity,edge,1050,46
Hunt & Target + Parity,edge,1051,66
Hunt & Target + Parity,edge,1052,57
Hunt & Target + Parity,edge,1053,42
Hunt & Target + Parity,edge,1054,53
Hunt & Target + Parity,edge,1055,61
Hunt & Target + Parity,edge,1056,35
Hunt & Target + Parity,edge,1057,69
Hunt & Target + Parity,edge,1058,60
Hunt & Target + Parity,edge,1059,48
Hunt & Target + Parity,edge,1060,46
Hunt & Target + Parity,edge,1061,55
Hunt & Target + Parity,edge,1062,66
Hunt & Target + Parity,edge,1063,46
Hunt & Target + Parity,edge,1064,60
Hunt & Target + Parity,edge,1065,44
Hunt & Target + Parity,edge,1066,57
Hunt & Target + Parity,edge,1067,60
Hunt & Target + Parity,edge,1068,59
Hunt & Target + Parity,edge,1069,55
Hunt & Target + Parity,edge,1070,59
Hunt & Target + Parity,edge,1071,53
Hunt & Target + Parity,edge,1072,56
Hunt & Target + Parity,edge,1073,60
Hunt & Target + Parity,edge,1074,49
Hunt & Target + Parity,edge,1075,61
Hunt & Target + Parity,edge,1076,53
Hunt & Target + Parity,edge,1077,52
Hunt & Target + Parity,edge,1078,67
Hunt & Target + Parity,edge,1079,37
Hunt & Target + Parity,edge,1080,75
Hunt & Target + Parity,edge,1081,54
Hunt & Target + Parity,edge,1082,50
Hunt & Target + Parity,edge,1083,62
Hunt & Target + Parity,edge,1084,41
Hunt & Target + Parity,edge,1085,47
Hunt & Target + Parity,edge,1086,66
Hunt & Target + Parity,edge,1087,43
Hunt & Target + Parity,edge,1088,55
Hunt & Target + Parity,edge,1089,50
Hunt & Target + Parity,edge,1090,45
Hunt & Target + Parity,edge,1091,30
Hunt & Target + Parity,edge,1092,59
Hunt & Target + Parity,edge,1093,56
Hunt & Target + Parity,edge,1094,50
Hunt & Target + Parity,edge,1095,39
Hunt & Target + Parity,edge,1096,65
Hunt & Target + Parity,edge,1097,49
Hunt & Target + Parity,edge,1098,56
Hunt & Target + Parity,edge,1099,56
Hunt & Target + Parity,edge,1100,46
Hunt & Target + Parity,edge,1101,49
Hunt & Target + Parity,edge,1102,46
Hunt & Target + Parity,edge,1103,67
Hunt & Target + Parity,edge,1104,60
Hunt & Target + Parity,edge,1105,55
Hunt & Target + Parity,edge,1106,65
Hunt & Target + Parity,edge,1107,43
Hunt & Target + Parity,edge,1108,49
Hunt & Target + Parity,edge,1109,60
Hunt & Target + Parity,edge,1110,55
Hunt & Target + Parity,edge,1111,51
Hunt & Target + Parity,edge,1112,40
Hunt & Target + Parity,edge,1113,56
Hunt & Target + Parity,edge,1114,58
Hunt & Target + Parity,edge,1115,53
Hunt & Target + Parity,edge,1116,37
Hunt & Target + Parity,edge,1117,50
Hunt & Target + Parity,edge,1118,66
Hunt & Target + Parity,edge,1119,42
Hunt & Target + Parity,edge,1120,59
Hunt & Target + Parity,edge,1121,49
Hunt & Target + Parity,edge,1122,73
Hunt & Target + Parity,edge,1123,51
Hunt & Target + Parity,edge,1124,57
Hunt & Target + Parity,edge,1125,67
Hunt & Target + Parity,edge,1126,51
Hunt & Target + Parity,edge,1127,57
Hunt & Target + Parity,edge,1128,51
Hunt & Target + Parity,edge,1129,58
Hunt & Target + Parity,edge,1130,40
Hunt & Target + Parity,edge,1131,50
Hunt & Target + Parity,edge,1132,44
Hunt & Target + Parity,edge,1133,52
Hunt & Target + Parity,edge,1134,48
Hunt & Target + Parity,edge,1135,65
Hunt & Target + Parity,edge,1136,46
Hunt & Target + Parity,edge,1137,60
Hunt & Target + Parity,edge,1138,64
Hunt & Target + Parity,edge,1139,43
Hunt & Target + Parity,edge,1140,43
Hunt & Target + Parity,edge,1141,61
Hunt & Target + Parity,edge,1142,58
Hunt & Target + Parity,edge,1143,52
Hunt & Target + Parity,edge,1144,39
Hunt & Target + Parity,edge,1145,63
Hunt & Target + Parity,edge,1146,72
Hunt & Target + Parity,edge,1147,58
Hunt & Target + Parity,edge,1148,48
Hunt & Target + Parity,edge,1149,60
Hunt & Target + Parity,edge,1150,65
Hunt & Target + Parity,edge,1151,65
Hunt & Target + Parity,edge,1152,60
Hunt & Target + Parity,edge,1153,53
Hunt & Target + Parity,edge,1154,58
Hunt & Target + Parity,edge,1155,58
Hunt & Target + Parity,edge,1156,65
Hunt & Target + Parity,edge,1157,61
Hunt & Target + Parity,edge,1158,42
Hunt & Target + Parity,edge,1159,60
Hunt & Target + Parity,edge,1160,62
Hunt & Target + Parity,edge,1161,51
Hunt & Target + Parity,edge,1162,66
Hunt & Target + Parity,edge,1163,50
Hunt & Target + Parity,edge,1164,42
Hunt & Target + Parity,edge,1165,63
Hunt & Target + Parity,edge,1166,66
Hunt & Target + Parity,edge,1167,49
Hunt & Target + Parity,edge,1168,41
Hunt & Target + Parity,edge,1169,46
Hunt & Target + Parity,edge,1170,57
Hunt & Target + Parity,edge,1171,55
Hunt & Target + Parity,edge,1172,62
Hunt & Target + Parity,edge,1173,54
Hunt & Target + Parity,edge,1174,47
Hunt & Target + Parity,edge,1175,38
Hunt & Target + Parity,edge,1176,46
Hunt & Target + Parity,edge,1177,46
Hunt & Target + Parity,edge,1178,57
Hunt & Target + Parity,edge,1179,49
Hunt & Target + Parity,edge,1180,59
Hunt & Target + Parity,edge,1181,46
Hunt & Target + Parity,edge,1182,65
Hunt & Target + Parity,edge,1183,56
Hunt & Target + Parity,edge,1184,49
Hunt & Target + Parity,edge,1185,40
Hunt & Target + Parity,edge,1186,38
Hunt & Target + Parity,edge,1187,46
Hunt & Target + Parity,edge,1188,58
Hunt & Target + Parity,edge,1189,62
Hunt & Target + Parity,edge,1190,49
Hunt & Target + Parity,edge,1191,44
Hunt & Target + Parity,edge,1192,50
Hunt & Target + Parity,edge,1193,64
Hunt & Target + Parity,edge,1194,50
Hunt & Target + Parity,edge,1195,61
Hunt & Target + Parity,edge,1196,52
Hunt & Target + Parity,edge,1197,59
Hunt & Target + Parity,edge,1198,43
Hunt & Target + Parity,edge,1199,42
Hunt & Target + Parity,edge,1200,48
Hunt & Target + Parity,edge,1201,44
Hunt & Target + Parity,edge,1202,41
Hunt & Target + Parity,edge,1203,60
Hunt & Target + Parity,edge,1204,49
Hunt & Target + Parity,edge,1205,46
Hunt & Target + Parity,edge,1206,38
Hunt & Target + Parity,edge,1207,49
Hunt & Target + Parity,edge,1208,49
Hunt & Target + Parity,edge,1209,62
Hunt & Target + Parity,edge,1210,63
Hunt & Target + Parity,edge,1211,53
Hunt & Target + Parity,edge,1212,53
Hunt & Target + Parity,edge,1213,58
Hunt & Target + Parity,edge,1214,48
Hunt & Target + Parity,edge,1215,32
Hunt & Target + Parity,edge,1216,39
Hunt & Target + Parity,edge,1217,40
Hunt & Target + Parity,edge,1218,49
Hunt & Target + Parity,edge,1219,49
Hunt & Target + Parity,edge,1220,43
Hunt & Target + Parity,edge,1221,35
Hunt & Target + Parity,edge,1222,59
Hunt & Target + Parity,edge,1223,62
Hunt & Target + Parity,edge,1224,42
Hunt & Target + Parity,edge,1225,55
Hunt & Target + Parity,edge,1226,50
Hunt & Target + Parity,edge,1227,48
Hunt & Target + Parity,edge,1228,51
Hunt & Target + Parity,edge,1229,58
Hunt & Target + Parity,edge,1230,63
Hunt & Target + Parity,edge,1231,52
Hunt & Target + Parity,edge,1232,54
Hunt & Target + Parity,edge,1233,46
Hunt & Target + Parity,edge,1234,64
Hunt & Target + Parity,edge,1235,52
Hunt & Target + Parity,edge,1236,53
Hunt & Target + Parity,edge,1237,48
Hunt & Target + Parity,edge,1238,46
Hunt & Target + Parity,edge,1239,54
Hunt & Target + Parity,edge,1240,59
Hunt & Target + Parity,edge,1241,60
Hunt & Target + Parity,edge,1242,66
Hunt & Target + Parity,edge,1243,55
Hunt & Target + Parity,edge,1244,48
Hunt & Target + Parity,edge,1245,66
Hunt & Target + Parity,edge,1246,48
Hunt & Target + Parity,edge,1247,44
Hunt & Target + Parity,edge,1248,44
Hunt & Target + Parity,edge,1249,44
Hunt & Target + Parity,edge,1250,43
Hunt & Target + Parity,edge,1251,58
Hunt & Target + Parity,edge,1252,42
Hunt & Target + Parity,edge,1253,45
Hunt & Target + Parity,edge,1254,51
Hunt & Target + Parity,edge,1255,57
Hunt & Target + Parity,edge,1256,39
Hunt & Target + Parity,edge,1257,41
Hunt & Target + Parity,edge,1258,53
Hunt & Target + Parity,edge,1259,54
Hunt & Target + Parity,edge,1260,58
Hunt & Target + Parity,edge,1261,42
Hunt & Target + Parity,edge,1262,56
Hunt & Target + Parity,edge,1263,48
Hunt & Target + Parity,edge,1264,50
Hunt & Target + Parity,edge,1265,50
Hunt & Target + Parity,edge,1266,54
Hunt & Target + Parity,edge,1267,62
Hunt & Target + Parity,edge,1268,74
Hunt & Target + Parity,edge,1269,54
Hunt & Target + Parity,edge,1270,56
Hunt & Target + Parity,edge,1271,48
Hunt & Target + Parity,edge,1272,55
Hunt & Target + Parity,edge,1273,66
Hunt & Target + Parity,edge,1274,61
Hunt & Target + Parity,edge,1275,56
Hunt & Target + Parity,edge,1276,46
Hunt & Target + Parity,edge,1277,48
Hunt & Target + Parity,edge,1278,35
Hunt & Target + Parity,edge,1279,40
Hunt & Target + Parity,edge,1280,64
Hunt & Target + Parity,edge,1281,50
Hunt & Target + Parity,edge,1282,62
Hunt & Target + Parity,edge,1283,60
Hunt & Target + Parity,edge,1284,47
Hunt & Target + Parity,edge,1285,40
Hunt & Target + Parity,edge,1286,68
Hunt & Target + Parity,edge,1287,54
Hunt & Target + Parity,edge,1288,56
Hunt & Target + Parity,edge,1289,59
Hunt & Target + Parity,edge,1290,47
Hunt & Target + Parity,edge,1291,45
Hunt & Target + Parity,edge,1292,54
Hunt & Target + Parity,edge,1293,63
Hunt & Target + Parity,edge,1294,62
Hunt & Target + Parity,edge,1295,62
Hunt & Target + Parity,edge,1296,55
Hunt & Target + Parity,edge,1297,59
Hunt & Target + Parity,edge,1298,43
Hunt & Target + Parity,edge,1299,52
Hunt & Target + Parity,edge,1300,63
Hunt & Target + Parity,edge,1301,62
Hunt & Target + Parity,edge,1302,46
Hunt & Target + Parity,edge,1303,45
Hunt & Target + Parity,edge,1304,58
Hunt & Target + Parity,edge,1305,62
Hunt & Target + Parity,edge,1306,34
Hunt & Target + Parity,edge,1307,55
Hunt & Target + Parity,edge,1308,58
Hunt & Target + Parity,edge,1309,48
Hunt & Target + Parity,edge,1310,55
Hunt & Target + Parity,edge,1311,64
Hunt & Target + Parity,edge,1312,62
Hunt & Target + Parity,edge,1313,40
Hunt & Target + Parity,edge,1314,39
Hunt & Target + Parity,edge,1315,50
Hunt & Target + Parity,edge,1316,59
Hunt & Target + Parity,edge,1317,41
Hunt & Target + Parity,edge,1318,48
Hunt & Target + Parity,edge,1319,53
Hunt & Target + Parity,edge,1320,45
Hunt & Target + Parity,edge,1321,55
Hunt & Target + Parity,edge,1322,52
Hunt & Target + Parity,edge,1323,45
Hunt & Target + Parity,edge,1324,50
Hunt & Target + Parity,edge,1325,46
Hunt & Target + Parity,edge,1326,49
Hunt & Target + Parity,edge,1327,67
Hunt & Target + Parity,edge,1328,66
Hunt & Target + Parity,edge,1329,70
Hunt & Target + Parity,edge,1330,54
Hunt & Target + Parity,edge,1331,55
Hunt & Target + Parity,edge,1332,75
Hunt & Target + Parity,edge,1333,40
Hunt & Target + Parity,edge,1334,54
Hunt & Target + Parity,edge,1335,54
Hunt & Target + Parity,edge,1336,69
Hunt & Target + Parity,edge,1337,46
Hunt & Target + Parity,edge,1338,44
Hunt & Target + Parity,edge,1339,45
Hunt & Target + Parity,edge,1340,48
Hunt & Target + Parity,edge,1341,45
Hunt & Target + Parity,edge,1342,41
Hunt & Target + Parity,edge,1343,49
Hunt & Target + Parity,edge,1344,36
Hunt & Target + Parity,edge,1345,58
Hunt & Target + Parity,edge,1346,54
Hunt & Target + Parity,edge,1347,53
Hunt & Target + Parity,edge,1348,52
Hunt & Target + Parity,edge,1349,45
Hunt & Target + Parity,edge,1350,44
Hunt & Target + Parity,edge,1351,56
Hunt & Target + Parity,edge,1352,39
Hunt & Target + Parity,edge,1353,43
Hunt & Target + Parity,edge,1354,50
Hunt & Target + Parity,edge,1355,49
Hunt & Target + Parity,edge,1356,49
Hunt & Target + Parity,edge,1357,50
Hunt & Target + Parity,edge,1358,48
Hunt & Target + Parity,edge,1359,31
Hunt & Target + Parity,edge,1360,52
Hunt & Target + Parity,edge,1361,40
Hunt & Target + Parity,edge,1362,51
Hunt & Target + Parity,edge,1363,54
Hunt & Target + Parity,edge,1364,55
Hunt & Target + Parity,edge,1365,52
Hunt & Target + Parity,edge,1366,50
Hunt & Target + Parity,edge,1367,49
Hunt & Target + Parity,edge,1368,47
Hunt & Target + Parity,edge,1369,58
Hunt & Target + Parity,edge,1370,56
Hunt & Target + Parity,edge,1371,43
Hunt & Target + Parity,edge,1372,59
Hunt & Target + Parity,edge,1373,60
Hunt & Target + Parity,edge,1374,52
Hunt & Target + Parity,edge,1375,47
Hunt & Target + Parity,edge,1376,45
Hunt & Target + Parity,edge,1377,46
Hunt & Target + Parity,edge,1378,57
Hunt & Target + Parity,edge,1379,53
Hunt & Target + Parity,edge,1380,72
Hunt & Target + Parity,edge,1381,53
Hunt & Target + Parity,edge,1382,53
Hunt & Target + Parity,edge,1383,46
Hunt & Target + Parity,edge,1384,61
Hunt & Target + Parity,edge,1385,68
Hunt & Target + Parity,edge,1386,61
Hunt & Target + Parity,edge,1387,52
Hunt & Target + Parity,edge,1388,36
Hunt & Target + Parity,edge,1389,63
Hunt & Target + Parity,edge,1390,51
Hunt & Target + Parity,edge,1391,64
Hunt & Target + Parity,edge,1392,52
Hunt & Target + Parity,edge,1393,49
Hunt & Target + Parity,edge,1394,46
Hunt & Target + Parity,edge,1395,52
Hunt & Target + Parity,edge,1396,56
Hunt & Target + Parity,edge,1397,60
Hunt & Target + Parity,edge,1398,34
Hunt & Target + Parity,edge,1399,63
Hunt & Target + Parity,edge,1400,58
Hunt & Target + Parity,edge,1401,58
Hunt & Target + Parity,edge,1402,45
Hunt & Target + Parity,edge,1403,52
Hunt & Target + Parity,edge,1404,61
Hunt & Target + Parity,edge,1405,45
Hunt & Target + Parity,edge,1406,64
Hunt & Target + Parity,edge,1407,59
Hunt & Target + Parity,edge,1408,59
Hunt & Target + Parity,edge,1409,32
Hunt & Target + Parity,edge,1410,64
Hunt & Target + Parity,edge,1411,45
Hunt & Target + Parity,edge,1412,52
Hunt & Target + Parity,edge,1413,37
Hunt & Target + Parity,edge,1414,61
Hunt & Target + Parity,edge,1415,57
Hunt & Target + Parity,edge,1416,49
Hunt & Target + Parity,edge,1417,51
Hunt & Target + Parity,edge,1418,51
Hunt & Target + Parity,edge,1419,52
Hunt & Target + Parity,edge,1420,48
Hunt & Target + Parity,edge,1421,63
Hunt & Target + Parity,edge,1422,62
Hunt & Target + Parity,edge,1423,64
Hunt & Target + Parity,edge,1424,56
Hunt & Target + Parity,edge,1425,50
Hunt & Target + Parity,edge,1426,64
Hunt & Target + Parity,edge,1427,39
Hunt & Target + Parity,edge,1428,51
Hunt & Target + Parity,edge,1429,63
Hunt & Target + Parity,edge,1430,59
Hunt & Target + Parity,edge,1431,50
Hunt & Target + Parity,edge,1432,52
Hunt & Target + Parity,edge,1433,45
Hunt & Target + Parity,edge,1434,59
Hunt & Target + Parity,edge,1435,62
Hunt & Target + Parity,edge,1436,50
Hunt & Target + Parity,edge,1437,46
Hunt & Target + Parity,edge,1438,46
Hunt & Target + Parity,edge,1439,50
Hunt & Target + Parity,edge,1440,65
Hunt & Target + Parity,edge,1441,66
Hunt & Target + Parity,edge,1442,47
Hunt & Target + Parity,edge,1443,49
Hunt & Target + Parity,edge,1444,54
Hunt & Target + Parity,edge,1445,47
Hunt & Target + Parity,edge,1446,52
Hunt & Target + Parity,edge,1447,50
Hunt & Target + Parity,edge,1448,54
Hunt & Target + Parity,edge,1449,61
Hunt & Target + Parity,edge,1450,55
Hunt & Target + Parity,edge,1451,48
Hunt & Target + Parity,edge,1452,59
Hunt & Target + Parity,edge,1453,66
Hunt & Target + Parity,edge,1454,51
Hunt & Target + Parity,edge,1455,75
Hunt & Target + Parity,edge,1456,61
Hunt & Target + Parity,edge,1457,56
Hunt & Target + Parity,edge,1458,56
Hunt & Target + Parity,edge,1459,51
Hunt & Target + Parity,edge,1460,63
Hunt & Target + Parity,edge,1461,64
Hunt & Target + Parity,edge,1462,60
Hunt & Target + Parity,edge,1463,56
Hunt & Target + Parity,edge,1464,54
Hunt & Target + Parity,edge,1465,48
Hunt & Target + Parity,edge,1466,55
Hunt & Target + Parity,edge,1467,65
Hunt & Target + Parity,edge,1468,55
Hunt & Target + Parity,edge,1469,60
Hunt & Target + Parity,edge,1470,58
Hunt & Target + Parity,edge,1471,53
Hunt & Target + Parity,edge,1472,41
Hunt & Target + Parity,edge,1473,52
Hunt & Target + Parity,edge,1474,67
Hunt & Target + Parity,edge,1475,50
Hunt & Target + Parity,edge,1476,37
Hunt & Target + Parity,edge,1477,36
Hunt & Target + Parity,edge,1478,61
Hunt & Target + Parity,edge,1479,48
Hunt & Target + Parity,edge,1480,55
Hunt & Target + Parity,edge,1481,66
Hunt & Target + Parity,edge,1482,54
Hunt & Target + Parity,edge,1483,49
Hunt & Target + Parity,edge,1484,55
Hunt & Target + Parity,edge,1485,36
Hunt & Target + Parity,edge,1486,47
Hunt & Target + Parity,edge,1487,52
Hunt & Target + Parity,edge,1488,60
Hunt & Target + Parity,edge,1489,64
Hunt & Target + Parity,edge,1490,51
Hunt & Target + Parity,edge,1491,64
Hunt & Target + Parity,edge,1492,47
Hunt & Target + Parity,edge,1493,56
Hunt & Target + Parity,edge,1494,53
Hunt & Target + Parity,edge,1495,47
Hunt & Target + Parity,edge,1496,43
Hunt & Target + Parity,edge,1497,62
Hunt & Target + Parity,edge,1498,56
Hunt & Target + Parity,edge,1499,52
Hunt & Target + Parity,cluster,0,38
Hunt & Target + Parity,cluster,1,43
Hunt & Target + Parity,cluster,2,34
Hunt & Target + Parity,cluster,3,49
Hunt & Target + Parity,cluster,4,37
Hunt & Target + Parity,cluster,5,28
Hunt & Target + Parity,cluster,6,51
Hunt & Target + Parity,cluster,7,55
Hunt & Target + Parity,cluster,8,57
Hunt & Target + Parity,cluster,9,34
Hunt & Target + Parity,cluster,10,28
Hunt & Target + Parity,cluster,11,51
Hunt & Target + Parity,cluster,12,52
Hunt & Target + Parity,cluster,13,47
Hunt & Target + Parity,cluster,14,49
Hunt & Target + Parity,cluster,15,49
Hunt & Target + Parity,cluster,16,51
Hunt & Target + Parity,cluster,17,37
Hunt & Target + Parity,cluster,18,45
Hunt & Target + Parity,cluster,19,34
Hunt & Target + Parity,cluster,20,41
Hunt & Target + Parity,cluster,21,38
Hunt & Target + Parity,cluster,22,30
Hunt & Target + Parity,cluster,23,60
Hunt & Target + Parity,cluster,24,36
Hunt & Target + Parity,cluster,25,47
Hunt & Target + Parity,cluster,26,31
Hunt & Target + Parity,cluster,27,34
Hunt & Target + Parity,cluster,28,46
Hunt & Target + Parity,cluster,29,49
Hunt & Target + Parity,cluster,30,64
Hunt & Target + Parity,cluster,31,35
Hunt & Target + Parity,cluster,32,44
Hunt & Target + Parity,cluster,33,42
Hunt & Target + Parity,cluster,34,62
Hunt & Target + Parity,cluster,35,56
Hunt & Target + Parity,cluster,36,23
Hunt & Target + Parity,cluster,37,46
Hunt & Target + Parity,cluster,38,75
Hunt & Target + Parity,cluster,39,38
Hunt & Target + Parity,cluster,40,36
Hunt & Target + Parity,cluster,41,43
Hunt & Target + Parity,cluster,42,37
Hunt & Target + Parity,cluster,43,48
Hunt & Target + Parity,cluster,44,37
Hunt & Target + Parity,cluster,45,44
Hunt & Target + Parity,cluster,46,24
Hunt & Target + Parity,cluster,47,40
Hunt & Target + Parity,cluster,48,39
Hunt & Target + Parity,cluster,49,50
Hunt & Target + Parity,cluster,50,43
Hunt & Target + Parity,cluster,51,43
Hunt & Target + Parity,cluster,52,34
Hunt & Target + Parity,cluster,53,51
Hunt & Target + Parity,cluster,54,57
Hunt & Target + Parity,cluster,55,40
Hunt & Target + Parity,cluster,56,30
Hunt & Target + Parity,cluster,57,48
Hunt & Target + Parity,cluster,58,31
Hunt & Target + Parity,cluster,59,37
Hunt & Target + Parity,cluster,60,32
Hunt & Target + Parity,cluster,61,51
Hunt & Target + Parity,cluster,62,48
Hunt & Target + Parity,cluster,63,45
Hunt & Target + Parity,cluster,64,58
Hunt & Target + Parity,cluster,65,39
Hunt & Target + Parity,cluster,66,39
Hunt & Target + Parity,cluster,67,42
Hunt & Target + Parity,cluster,68,63
Hunt & Target + Parity,cluster,69,60
Hunt & Target + Parity,cluster,70,65
Hunt & Target + Parity,cluster,71,60
Hunt & Target + Parity,cluster,72,55
Hunt & Target + Parity,cluster,73,29
Hunt & Target + Parity,cluster,74,38
Hunt & Target + Parity,cluster,75,33
Hunt & Target + Parity,cluster,76,54
Hunt & Target + Parity,cluster,77,38
Hunt & Target + Parity,cluster,78,43
Hunt & Target + Parity,cluster,79,27
Hunt & Target + Parity,cluster,80,47
Hunt & Target + Parity,cluster,81,54
Hunt & Target + Parity,cluster,82,45
Hunt & Target + Parity,cluster,83,27
Hunt & Target + Parity,cluster,84,30
Hunt & Target + Parity,cluster,85,62
Hunt & Target + Parity,cluster,86,51
Hunt & Target + Parity,cluster,87,54
Hunt & Target + Parity,cluster,88,43
Hunt & Target + Parity,cluster,89,45
Hunt & Target + Parity,cluster,90,59
Hunt & Target + Parity,cluster,91,29
Hunt & Target + Parity,cluster,92,62
Hunt & Target + Parity,cluster,93,43
Hunt & Target + Parity,cluster,94,58
Hunt & Target + Parity,cluster,95,59
Hunt & Target + Parity,cluster,96,50
Hunt & Target + Parity,cluster,97,64
Hunt & Target + Parity,cluster,98,62
Hunt & Target + Parity,cluster,99,45
Hunt & Target + Parity,cluster,100,50
Hunt & Target + Parity,cluster,101,40
Hunt & Target + Parity,cluster,102,52
Hunt & Target + Parity,cluster,103,42
Hunt & Target + Parity,cluster,104,46
Hunt & Target + Parity,cluster,105,54
Hunt & Target + Parity,cluster,106,55
Hunt & Target + Parity,cluster,107,59
Hunt & Target + Parity,cluster,108,49
Hunt & Target + Parity,cluster,109,39
Hunt & Target + Parity,cluster,110,50
Hunt & Target + Parity,cluster,111,30
Hunt & Target + Parity,cluster,112,53
Hunt & Target + Parity,cluster,113,31
Hunt & Target + Parity,cluster,114,30
Hunt & Target + Parity,cluster,115,48
Hunt & Target + Parity,cluster,116,66
Hunt & Target + Parity,cluster,117,54
Hunt & Target + Parity,cluster,118,36
Hunt & Target + Parity,cluster,119,39
Hunt & Target + Parity,cluster,120,40
Hunt & Target + Parity,cluster,121,72
Hunt & Target + Parity,cluster,122,37
Hunt & Target + Parity,cluster,123,35
Hunt & Target + Parity,cluster,124,58
Hunt & Target + Parity,cluster,125,44
Hunt & Target + Parity,cluster,126,53
Hunt & Target + Parity,cluster,127,48
Hunt & Target + Parity,cluster,128,43
Hunt & Target + Parity,cluster,129,51
Hunt & Target + Parity,cluster,130,57
Hunt & Target + Parity,cluster,131,50
Hunt & Target + Parity,cluster,132,28
Hunt & Target + Parity,cluster,133,57
Hunt & Target + Parity,cluster,134,61
Hunt & Target + Parity,cluster,135,55
Hunt & Target + Parity,cluster,136,48
Hunt & Target + Parity,cluster,137,52
Hunt & Target + Parity,cluster,138,46
Hunt & Target + Parity,cluster,139,50
Hunt & Target + Parity,cluster,140,44
Hunt & Target + Parity,cluster,141,59
Hunt & Target + Parity,cluster,142,37
Hunt & Target + Parity,cluster,143,62
Hunt & Target + Parity,cluster,144,25
Hunt & Target + Parity,cluster,145,31
Hunt & Target + Parity,cluster,146,26
Hunt & Target + Parity,cluster,147,32
Hunt & Target + Parity,cluster,148,40
Hunt & Target + Parity,cluster,149,33
Hunt & Target + Parity,cluster,150,42
Hunt & Target + Parity,cluster,151,38
Hunt & Target + Parity,cluster,152,45
Hunt & Target + Parity,cluster,153,24
Hunt & Target + Parity,cluster,154,63
Hunt & Target + Parity,cluster,155,46
Hunt & Target + Parity,cluster,156,49
Hunt & Target + Parity,cluster,157,53
Hunt & Target + Parity,cluster,158,65
Hunt & Target + Parity,cluster,159,38
Hunt & Target + Parity,cluster,160,42
Hunt & Target + Parity,cluster,161,50
Hunt & Target + Parity,cluster,162,54
Hunt & Target + Parity,cluster,163,35
Hunt & Target + Parity,cluster,164,50
Hunt & Target + Parity,cluster,165,33
Hunt & Target + Parity,cluster,166,43
Hunt & Target + Parity,cluster,167,43
Hunt & Target + Parity,cluster,168,40
Hunt & Target + Parity,cluster,169,51
Hunt & Target + Parity,cluster,170,54
Hunt & Target + Parity,cluster,171,38
Hunt & Target + Parity,cluster,172,24
Hunt & Target + Parity,cluster,173,51
Hunt & Target + Parity,cluster,174,43
Hunt & Target + Parity,cluster,175,49
Hunt & Target + Parity,cluster,176,38
Hunt & Target + Parity,cluster,177,70
Hunt & Target + Parity,cluster,178,44
Hunt & Target + Parity,cluster,179,40
Hunt & Target + Parity,cluster,180,48
Hunt & Target + Parity,cluster,181,60
Hunt & Target + Parity,cluster,182,43
Hunt & Target + Parity,cluster,183,45
Hunt & Target + Parity,cluster,184,54
Hunt & Target + Parity,cluster,185,54
Hunt & Target + Parity,cluster,186,30
Hunt & Target + Parity,cluster,187,55
Hunt & Target + Parity,cluster,188,33
Hunt & Target + Parity,cluster,189,38
Hunt & Target + Parity,cluster,190,36
Hunt & Target + Parity,cluster,191,44
Hunt & Target + Parity,cluster,192,34
Hunt & Target + Parity,cluster,193,39
Hunt & Target + Parity,cluster,194,53
Hunt & Target + Parity,cluster,195,29
Hunt & Target + Parity,cluster,196,59
Hunt & Target + Parity,cluster,197,34
Hunt & Target + Parity,cluster,198,59
Hunt & Target + Parity,cluster,199,61
Hunt & Target + Parity,cluster,200,32
Hunt & Target + Parity,cluster,201,26
Hunt & Target + Parity,cluster,202,49
Hunt & Target + Parity,cluster,203,62
Hunt & Target + Parity,cluster,204,63
Hunt & Target + Parity,cluster,205,52
Hunt & Target + Parity,cluster,206,61
Hunt & Target + Parity,cluster,207,29
Hunt & Target + Parity,cluster,208,37
Hunt & Target + Parity,cluster,209,41
Hunt & Target + Parity,cluster,210,60
Hunt & Target + Parity,cluster,211,50
Hunt & Target + Parity,cluster,212,34
Hunt & Target + Parity,cluster,213,39
Hunt & Target + Parity,cluster,214,43
Hunt & Target + Parity,cluster,215,53
Hunt & Target + Parity,cluster,216,55
Hunt & Target + Parity,cluster,217,39
Hunt & Target + Parity,cluster,218,48
Hunt & Target + Parity,cluster,219,30
Hunt & Target + Parity,cluster,220,29
Hunt & Target + Parity,cluster,221,39
Hunt & Target + Parity,cluster,222,64
Hunt & Target + Parity,cluster,223,41
Hunt & Target + Parity,cluster,224,45
Hunt & Target + Parity,cluster,225,52
Hunt & Target + Parity,cluster,226,43
Hunt & Target + Parity,cluster,227,36
Hunt & Target + Parity,cluster,228,23
Hunt & Target + Parity,cluster,229,58
Hunt & Target + Parity,cluster,230,34
Hunt & Target + Parity,cluster,231,31
Hunt & Target + Parity,cluster,232,40
Hunt & Target + Parity,cluster,233,66
Hunt & Target + Parity,cluster,234,44
Hunt & Target + Parity,cluster,235,42
Hunt & Target + Parity,cluster,236,50
Hunt & Target + Parity,cluster,237,26
Hunt & Target + Parity,cluster,238,44
Hunt & Target + Parity,cluster,239,29
Hunt & Target + Parity,cluster,240,56
Hunt & Target + Parity,cluster,241,47
Hunt & Target + Parity,cluster,242,53
Hunt & Target + Parity,cluster,243,39
Hunt & Target + Parity,cluster,244,61
Hunt & Target + Parity,cluster,245,39
Hunt & Target + Parity,cluster,246,62
Hunt & Target + Parity,cluster,247,35
Hunt & Target + Parity,cluster,248,27
Hunt & Target + Parity,cluster,249,55
Hunt & Target + Parity,cluster,250,49
Hunt & Target + Parity,cluster,251,26
Hunt & Target + Parity,cluster,252,38
Hunt & Target + Parity,cluster,253,49
Hunt & Target + Parity,cluster,254,48
Hunt & Target + Parity,cluster,255,41
Hunt & Target + Parity,cluster,256,40
Hunt & Target + Parity,cluster,257,42
Hunt & Target + Parity,cluster,258,54
Hunt & Target + Parity,cluster,259,60
Hunt & Target + Parity,cluster,260,49
Hunt & Target + Parity,cluster,261,55
Hunt & Target + Parity,cluster,262,39
Hunt & Target + Parity,cluster,263,47
Hunt & Target + Parity,cluster,264,54
Hunt & Target + Parity,cluster,265,64
Hunt & Target + Parity,cluster,266,33
Hunt & Target + Parity,cluster,267,50
Hunt & Target + Parity,cluster,268,38
Hunt & Target + Parity,cluster,269,55
Hunt & Target + Parity,cluster,270,50
Hunt & Target + Parity,cluster,271,43
Hunt & Target + Parity,cluster,272,59
Hunt & Target + Parity,cluster,273,60
Hunt & Target + Parity,cluster,274,40
Hunt & Target + Parity,cluster,275,57
Hunt & Target + Parity,cluster,276,56
Hunt & Target + Parity,cluster,277,49
Hunt & Target + Parity,cluster,278,35
Hunt & Target + Parity,cluster,279,49
Hunt & Target + Parity,cluster,280,48
Hunt & Target + Parity,cluster,281,38
Hunt & Target + Parity,cluster,282,47
Hunt & Target + Parity,cluster,283,43
Hunt & Target + Parity,cluster,284,36
Hunt & Target + Parity,cluster,285,44
Hunt & Target + Parity,cluster,286,47
Hunt & Target + Parity,cluster,287,50
Hunt & Target + Parity,cluster,288,58
Hunt & Target + Parity,cluster,289,26
Hunt & Target + Parity,cluster,290,30
Hunt & Target + Parity,cluster,291,51
Hunt & Target + Parity,cluster,292,43
Hunt & Target + Parity,cluster,293,33
Hunt & Target + Parity,cluster,294,52
Hunt & Target + Parity,cluster,295,56
Hunt & Target + Parity,cluster,296,41
Hunt & Target + Parity,cluster,297,40
Hunt & Target + Parity,cluster,298,27
Hunt & Target + Parity,cluster,299,33
Hunt & Target + Parity,cluster,300,65
Hunt & Target + Parity,cluster,301,40
Hunt & Target + Parity,cluster,302,35
Hunt & Target + Parity,cluster,303,55
Hunt & Target + Parity,cluster,304,49
Hunt & Target + Parity,cluster,305,54
Hunt & Target + Parity,cluster,306,38
Hunt & Target + Parity,cluster,307,55
Hunt & Target + Parity,cluster,308,38
Hunt & Target + Parity,cluster,309,36
Hunt & Target + Parity,cluster,310,48
Hunt & Target + Parity,cluster,311,40
Hunt & Target + Parity,cluster,312,59
Hunt & Target + Parity,cluster,313,59
Hunt & Target + Parity,cluster,314,31
Hunt & Target + Parity,cluster,315,48
Hunt & Target + Parity,cluster,316,39
Hunt & Target + Parity,cluster,317,48
Hunt & Target + Parity,cluster,318,58
Hunt & Target + Parity,cluster,319,58
Hunt & Target + Parity,cluster,320,58
Hunt & Target + Parity,cluster,321,38
Hunt & Target + Parity,cluster,322,39
Hunt & Target + Parity,cluster,323,53
Hunt & Target + Parity,cluster,324,48
Hunt & Target + Parity,cluster,325,55
Hunt & Target + Parity,cluster,326,50
Hunt & Target + Parity,cluster,327,51
Hunt & Target + Parity,cluster,328,66
Hunt & Target + Parity,cluster,329,53
Hunt & Target + Parity,cluster,330,30
Hunt & Target + Parity,cluster,331,42
Hunt & Target + Parity,cluster,332,58
Hunt & Target + Parity,cluster,333,62
Hunt & Target + Parity,cluster,334,57
Hunt & Target + Parity,cluster,335,46
Hunt & Target + Parity,cluster,336,60
Hunt & Target + Parity,cluster,337,48
Hunt & Target + Parity,cluster,338,48
Hunt & Target + Parity,cluster,339,58
Hunt & Target + Parity,cluster,340,37
Hunt & Target + Parity,cluster,341,57
Hunt & Target + Parity,cluster,342,29
Hunt & Target + Parity,cluster,343,57
Hunt & Target + Parity,cluster,344,27
Hunt & Target + Parity,cluster,345,50
Hunt & Target + Parity,cluster,346,55
Hunt & Target + Parity,cluster,347,42
Hunt & Target + Parity,cluster,348,45
Hunt & Target + Parity,cluster,349,55
Hunt & Target + Parity,cluster,350,51
Hunt & Target + Parity,cluster,351,50
Hunt & Target + Parity,cluster,352,43
Hunt & Target + Parity,cluster,353,43
Hunt & Target + Parity,cluster,354,22
Hunt & Target + Parity,cluster,355,40
Hunt & Target + Parity,cluster,356,31
Hunt & Target + Parity,cluster,357,43
Hunt & Target + Parity,cluster,358,48
Hunt & Target + Parity,cluster,359,60
Hunt & Target + Parity,cluster,360,60
Hunt & Target + Parity,cluster,361,55
Hunt & Target + Parity,cluster,362,57
Hunt & Target + Parity,cluster,363,23
Hunt & Target + Parity,cluster,364,48
Hunt & Target + Parity,cluster,365,34
Hunt & Target + Parity,cluster,366,43
Hunt & Target + Parity,cluster,367,29
Hunt & Target + Parity,cluster,368,56
Hunt & Target + Parity,cluster,369,30
Hunt & Target + Parity,cluster,370,47
Hunt & Target + Parity,cluster,371,31
Hunt & Target + Parity,cluster,372,56
Hunt & Target + Parity,cluster,373,44
Hunt & Target + Parity,cluster,374,43
Hunt & Target + Parity,cluster,375,37
Hunt & Target + Parity,cluster,376,47
Hunt & Target + Parity,cluster,377,45
Hunt & Target + Parity,cluster,378,43
Hunt & Target + Parity,cluster,379,42
Hunt & Target + Parity,cluster,380,49
Hunt & Target + Parity,cluster,381,29
Hunt & Target + Parity,cluster,382,44
Hunt & Target + Parity,cluster,383,51
Hunt & Target + Parity,cluster,384,32
Hunt & Target + Parity,cluster,385,51
Hunt & Target + Parity,cluster,386,32
Hunt & Target + Parity,cluster,387,72
Hunt & Target + Parity,cluster,388,28
Hunt & Target + Parity,cluster,389,48
Hunt & Target + Parity,cluster,390,53
Hunt & Target + Parity,cluster,391,34
Hunt & Target + Parity,cluster,392,55
Hunt & Target + Parity,cluster,393,39
Hunt & Target + Parity,cluster,394,53
Hunt & Target + Parity,cluster,395,60
Hunt & Target + Parity,cluster,396,39
Hunt & Target + Parity,cluster,397,36
Hunt & Target + Parity,cluster,398,52
Hunt & Target + Parity,cluster,399,41
Hunt & Target + Parity,cluster,400,47
Hunt & Target + Parity,cluster,401,50
Hunt & Target + Parity,cluster,402,59
Hunt & Target + Parity,cluster,403,33
Hunt & Target + Parity,cluster,404,36
Hunt & Target + Parity,cluster,405,43
Hunt & Target + Parity,cluster,406,57
Hunt & Target + Parity,cluster,407,56
Hunt & Target + Parity,cluster,408,30
Hunt & Target + Parity,cluster,409,42
Hunt & Target + Parity,cluster,410,40
Hunt & Target + Parity,cluster,411,53
Hunt & Target + Parity,cluster,412,51
Hunt & Target + Parity,cluster,413,43
Hunt & Target + Parity,cluster,414,50
Hunt & Target + Parity,cluster,415,39
Hunt & Target + Parity,cluster,416,57
Hunt & Target + Parity,cluster,417,37
Hunt & Target + Parity,cluster,418,49
Hunt & Target + Parity,cluster,419,39
Hunt & Target + Parity,cluster,420,55
Hunt & Target + Parity,cluster,421,45
Hunt & Target + Parity,cluster,422,58
Hunt & Target + Parity,cluster,423,26
Hunt & Target + Parity,cluster,424,23
Hunt & Target + Parity,cluster,425,46
Hunt & Target + Parity,cluster,426,33
Hunt & Target + Parity,cluster,427,60
Hunt & Target + Parity,cluster,428,53
Hunt & Target + Parity,cluster,429,64
Hunt & Target + Parity,cluster,430,28
Hunt & Target + Parity,cluster,431,42
Hunt & Target + Parity,cluster,432,58
Hunt & Target + Parity,cluster,433,28
Hunt & Target + Parity,cluster,434,47
Hunt & Target + Parity,cluster,435,43
Hunt & Target + Parity,cluster,436,29
Hunt & Target + Parity,cluster,437,45
Hunt & Target + Parity,cluster,438,28
Hunt & Target + Parity,cluster,439,35
Hunt & Target + Parity,cluster,440,49
Hunt & Target + Parity,cluster,441,48
Hunt & Target + Parity,cluster,442,43
Hunt & Target + Parity,cluster,443,58
Hunt & Target + Parity,cluster,444,38
Hunt & Target + Parity,cluster,445,43
Hunt & Target + Parity,cluster,446,61
Hunt & Target + Parity,cluster,447,43
Hunt & Target + Parity,cluster,448,36
Hunt & Target + Parity,cluster,449,43
Hunt & Target + Parity,cluster,450,42
Hunt & Target + Parity,cluster,451,58
Hunt & Target + Parity,cluster,452,42
Hunt & Target + Parity,cluster,453,52
Hunt & Target + Parity,cluster,454,29
Hunt & Target + Parity,cluster,455,44
Hunt & Target + Parity,cluster,456,64
Hunt & Target + Parity,cluster,457,47
Hunt & Target + Parity,cluster,458,36
Hunt & Target + Parity,cluster,459,71
Hunt & Target + Parity,cluster,460,55
Hunt & Target + Parity,cluster,461,32
Hunt & Target + Parity,cluster,462,58
Hunt & Target + Parity,cluster,463,53
Hunt & Target + Parity,cluster,464,39
Hunt & Target + Parity,cluster,465,53
Hunt & Target + Parity,cluster,466,55
Hunt & Target + Parity,cluster,467,28
Hunt & Target + Parity,cluster,468,50
Hunt & Target + Parity,cluster,469,39
Hunt & Target + Parity,cluster,470,29
Hunt & Target + Parity,cluster,471,34
Hunt & Target + Parity,cluster,472,53
Hunt & Target + Parity,cluster,473,56
Hunt & Target + Parity,cluster,474,41
Hunt & Target + Parity,cluster,475,60
Hunt & Target + Parity,cluster,476,49
Hunt & Target + Parity,cluster,477,45
Hunt & Target + Parity,cluster,478,54
Hunt & Target + Parity,cluster,479,54
Hunt & Target + Parity,cluster,480,56
Hunt & Target + Parity,cluster,481,32
Hunt & Target + Parity,cluster,482,43
Hunt & Target + Parity,cluster,483,49
Hunt & Target + Parity,cluster,484,39
Hunt & Target + Parity,cluster,485,50
Hunt & Target + Parity,cluster,486,24
Hunt & Target + Parity,cluster,487,66
Hunt & Target + Parity,cluster,488,34
Hunt & Target + Parity,cluster,489,37
Hunt & Target + Parity,cluster,490,65
Hunt & Target + Parity,cluster,491,51
Hunt & Target + Parity,cluster,492,23
Hunt & Target + Parity,cluster,493,40
Hunt & Target + Parity,cluster,494,27
Hunt & Target + Parity,cluster,495,30
Hunt & Target + Parity,cluster,496,31
Hunt & Target + Parity,cluster,497,33
Hunt & Target + Parity,cluster,498,55
Hunt & Target + Parity,cluster,499,29
Hunt & Target + Parity,cluster,500,49
Hunt & Target + Parity,cluster,501,57
Hunt & Target + Parity,cluster,502,47
Hunt & Target + Parity,cluster,503,40
Hunt & Target + Parity,cluster,504,43
Hunt & Target + Parity,cluster,505,24
Hunt & Target + Parity,cluster,506,36
Hunt & Target + Parity,cluster,507,43
Hunt & Target + Parity,cluster,508,37
Hunt & Target + Parity,cluster,509,38
Hunt & Target + Parity,cluster,510,44
Hunt & Target + Parity,cluster,511,46
Hunt & Target + Parity,cluster,512,49
Hunt & Target + Parity,cluster,513,44
Hunt & Target + Parity,cluster,514,50
Hunt & Target + Parity,cluster,515,44
Hunt & Target + Parity,cluster,516,49
Hunt & Target + Parity,cluster,517,27
Hunt & Target + Parity,cluster,518,50
Hunt & Target + Parity,cluster,519,54
Hunt & Target + Parity,cluster,520,33
Hunt & Target + Parity,cluster,521,49
Hunt & Target + Parity,cluster,522,46
Hunt & Target + Parity,cluster,523,42
Hunt & Target + Parity,cluster,524,40
Hunt & Target + Parity,cluster,525,28
Hunt & Target + Parity,cluster,526,31
Hunt & Target + Parity,cluster,527,56
Hunt & Target + Parity,cluster,528,34
Hunt & Target + Parity,cluster,529,28
Hunt & Target + Parity,cluster,530,48
Hunt & Target + Parity,cluster,531,28
Hunt & Target + Parity,cluster,532,42
Hunt & Target + Parity,cluster,533,27
Hunt & Target + Parity,cluster,534,45
Hunt & Target + Parity,cluster,535,39
Hunt & Target + Parity,cluster,536,30
Hunt & Target + Parity,cluster,537,22
Hunt & Target + Parity,cluster,538,34
Hunt & Target + Parity,cluster,539,54
Hunt & Target + Parity,cluster,540,44
Hunt & Target + Parity,cluster,541,38
Hunt & Target + Parity,cluster,542,60
Hunt & Target + Parity,cluster,543,72
Hunt & Target + Parity,cluster,544,40
Hunt & Target + Parity,cluster,545,35
Hunt & Target + Parity,cluster,546,30
Hunt & Target + Parity,cluster,547,43
Hunt & Target + Parity,cluster,548,57
Hunt & Target + Parity,cluster,549,34
Hunt & Target + Parity,cluster,550,27
Hunt & Target + Parity,cluster,551,51
Hunt & Target + Parity,cluster,552,47
Hunt & Target + Parity,cluster,553,26
Hunt & Target + Parity,cluster,554,52
Hunt & Target + Parity,cluster,555,58
Hunt & Target + Parity,cluster,556,39
Hunt & Target + Parity,cluster,557,34
Hunt & Target + Parity,cluster,558,41
Hunt & Target + Parity,cluster,559,57
Hunt & Target + Parity,cluster,560,65
Hunt & Target + Parity,cluster,561,48
Hunt & Target + Parity,cluster,562,42
Hunt & Target + Parity,cluster,563,35
Hunt & Target + Parity,cluster,564,58
Hunt & Target + Parity,cluster,565,55
Hunt & Target + Parity,cluster,566,40
Hunt & Target + Parity,cluster,567,33
Hunt & Target + Parity,cluster,568,33
Hunt & Target + Parity,cluster,569,23
Hunt & Target + Parity,cluster,570,43
Hunt & Target + Parity,cluster,571,45
Hunt & Target + Parity,cluster,572,63
Hunt & Target + Parity,cluster,573,28
Hunt & Target + Parity,cluster,574,43
Hunt & Target + Parity,cluster,575,46
Hunt & Target + Parity,cluster,576,40
Hunt & Target + Parity,cluster,577,50
Hunt & Target + Parity,cluster,578,55
Hunt & Target + Parity,cluster,579,45
Hunt & Target + Parity,cluster,580,40
Hunt & Target + Parity,cluster,581,54
Hunt & Target + Parity,cluster,582,41
Hunt & Target + Parity,cluster,583,50
Hunt & Target + Parity,cluster,584,42
Hunt & Target + Parity,cluster,585,43
Hunt & Target + Parity,cluster,586,41
Hunt & Target + Parity,cluster,587,49
Hunt & Target + Parity,cluster,588,58
Hunt & Target + Parity,cluster,589,65
Hunt & Target + Parity,cluster,590,58
Hunt & Target + Parity,cluster,591,39
Hunt & Target + Parity,cluster,592,45
Hunt & Target + Parity,cluster,593,52
Hunt & Target + Parity,cluster,594,32
Hunt & Target + Parity,cluster,595,31
Hunt & Target + Parity,cluster,596,33
Hunt & Target + Parity,cluster,597,49
Hunt & Target + Parity,cluster,598,61
Hunt & Target + Parity,cluster,599,34
Hunt & Target + Parity,cluster,600,48
Hunt & Target + Parity,cluster,601,32
Hunt & Target + Parity,cluster,602,36
Hunt & Target + Parity,cluster,603,26
Hunt & Target + Parity,cluster,604,56
Hunt & Target + Parity,cluster,605,31
Hunt & Target + Parity,cluster,606,38
Hunt & Target + Parity,cluster,607,56
Hunt & Target + Parity,cluster,608,34
Hunt & Target + Parity,cluster,609,36
Hunt & Target + Parity,cluster,610,25
Hunt & Target + Parity,cluster,611,61
Hunt & Target + Parity,cluster,612,46
Hunt & Target + Parity,cluster,613,55
Hunt & Target + Parity,cluster,614,44
Hunt & Target + Parity,cluster,615,24
Hunt & Target + Parity,cluster,616,49
Hunt & Target + Parity,cluster,617,35
Hunt & Target + Parity,cluster,618,33
Hunt & Target + Parity,cluster,619,27
Hunt & Target + Parity,cluster,620,43
Hunt & Target + Parity,cluster,621,48
Hunt & Target + Parity,cluster,622,54
Hunt & Target + Parity,cluster,623,48
Hunt & Target + Parity,cluster,624,58
Hunt & Target + Parity,cluster,625,56
Hunt & Target + Parity,cluster,626,52
Hunt & Target + Parity,cluster,627,37
Hunt & Target + Parity,cluster,628,40
Hunt & Target + Parity,cluster,629,47
Hunt & Target + Parity,cluster,630,23
Hunt & Target + Parity,cluster,631,36
Hunt & Target + Parity,cluster,632,57
Hunt & Target + Parity,cluster,633,40
Hunt & Target + Parity,cluster,634,37
Hunt & Target + Parity,cluster,635,35
Hunt & Target + Parity,cluster,636,44
Hunt & Target + Parity,cluster,637,25
Hunt & Target + Parity,cluster,638,30
Hunt & Target + Parity,cluster,639,48
Hunt & Target + Parity,cluster,640,36
Hunt & Target + Parity,cluster,641,31
Hunt & Target + Parity,cluster,642,35
Hunt & Target + Parity,cluster,643,36
Hunt & Target + Parity,cluster,644,42
Hunt & Target + Parity,cluster,645,52
Hunt & Target + Parity,cluster,646,39
Hunt & Target + Parity,cluster,647,40
Hunt & Target + Parity,cluster,648,28
Hunt & Target + Parity,cluster,649,55
Hunt & Target + Parity,cluster,650,33
Hunt & Target + Parity,cluster,651,40
Hunt & Target + Parity,cluster,652,49
Hunt & Target + Parity,cluster,653,33
Hunt & Target + Parity,cluster,654,60
Hunt & Target + Parity,cluster,655,52
Hunt & Target + Parity,cluster,656,39
Hunt & Target + Parity,cluster,657,62
Hunt & Target + Parity,cluster,658,41
Hunt & Target + Parity,cluster,659,47
Hunt & Target + Parity,cluster,660,64
Hunt & Target + Parity,cluster,661,35
Hunt & Target + Parity,cluster,662,41
Hunt & Target + Parity,cluster,663,54
Hunt & Target + Parity,cluster,664,62
Hunt & Target + Parity,cluster,665,51
Hunt & Target + Parity,cluster,666,41
Hunt & Target + Parity,cluster,667,29
Hunt & Target + Parity,cluster,668,26
Hunt & Target + Parity,cluster,669,31
Hunt & Target + Parity,cluster,670,28
Hunt & Target + Parity,cluster,671,29
Hunt & Target + Parity,cluster,672,64
Hunt & Target + Parity,cluster,673,54
Hunt & Target + Parity,cluster,674,30
Hunt & Target + Parity,cluster,675,50
Hunt & Target + Parity,cluster,676,55
Hunt & Target + Parity,cluster,677,44
Hunt & Target + Parity,cluster,678,65
Hunt & Target + Parity,cluster,679,33
Hunt & Target + Parity,cluster,680,41
Hunt & Target + Parity,cluster,681,37
Hunt & Target + Parity,cluster,682,42
Hunt & Target + Parity,cluster,683,54
Hunt & Target + Parity,cluster,684,45
Hunt & Target + Parity,cluster,685,30
Hunt & Target + Parity,cluster,686,42
Hunt & Target + Parity,cluster,687,51
Hunt & Target + Parity,cluster,688,29
Hunt & Target + Parity,cluster,689,34
Hunt & Target + Parity,cluster,690,28
Hunt & Target + Parity,cluster,691,63
Hunt & Target + Parity,cluster,692,32
Hunt & Target + Parity,cluster,693,63
Hunt & Target + Parity,cluster,694,39
Hunt & Target + Parity,cluster,695,34
Hunt & Target + Parity,cluster,696,27
Hunt & Target + Parity,cluster,697,60
Hunt & Target + Parity,cluster,698,55
Hunt & Target + Parity,cluster,699,35
Hunt & Target + Parity,cluster,700,32
Hunt & Target + Parity,cluster,701,55
Hunt & Target + Parity,cluster,702,40
Hunt & Target + Parity,cluster,703,49
Hunt & Target + Parity,cluster,704,46
Hunt & Target + Parity,cluster,705,55
Hunt & Target + Parity,cluster,706,49
Hunt & Target + Parity,cluster,707,30
Hunt & Target + Parity,cluster,708,64
Hunt & Target + Parity,cluster,709,35
Hunt & Target + Parity,cluster,710,48
Hunt & Target + Parity,cluster,711,39
Hunt & Target + Parity,cluster,712,62
Hunt & Target + Parity,cluster,713,54
Hunt & Target + Parity,cluster,714,31
Hunt & Target + Parity,cluster,715,57
Hunt & Target + Parity,cluster,716,40
Hunt & Target + Parity,cluster,717,52
Hunt & Target + Parity,cluster,718,40
Hunt & Target + Parity,cluster,719,40
Hunt & Target + Parity,cluster,720,50
Hunt & Target + Parity,cluster,721,44
Hunt & Target + Parity,cluster,722,39
Hunt & Target + Parity,cluster,723,40
Hunt & Target + Parity,cluster,724,48
Hunt & Target + Parity,cluster,725,42
Hunt & Target + Parity,cluster,726,51
Hunt & Target + Parity,cluster,727,41
Hunt & Target + Parity,cluster,728,38
Hunt & Target + Parity,cluster,729,48
Hunt & Target + Parity,cluster,730,33
Hunt & Target + Parity,cluster,731,59
Hunt & Target + Parity,cluster,732,50
Hunt & Target + Parity,cluster,733,55
Hunt & Target + Parity,cluster,734,25
Hunt & Target + Parity,cluster,735,52
Hunt & Target + Parity,cluster,736,34
Hunt & Target + Parity,cluster,737,59
Hunt & Target + Parity,cluster,738,62
Hunt & Target + Parity,cluster,739,34
Hunt & Target + Parity,cluster,740,50
Hunt & Target + Parity,cluster,741,32
Hunt & Target + Parity,cluster,742,42
Hunt & Target + Parity,cluster,743,42
Hunt & Target + Parity,cluster,744,42
Hunt & Target + Parity,cluster,745,50
Hunt & Target + Parity,cluster,746,39
Hunt & Target + Parity,cluster,747,48
Hunt & Target + Parity,cluster,748,57
Hunt & Target + Parity,cluster,749,48
Hunt & Target + Parity,cluster,750,59
Hunt & Target + Parity,cluster,751,52
Hunt & Target + Parity,cluster,752,30
Hunt & Target + Parity,cluster,753,46
Hunt & Target + Parity,cluster,754,45
Hunt & Target + Parity,cluster,755,38
Hunt & Target + Parity,cluster,756,65
Hunt & Target + Parity,cluster,757,51
Hunt & Target + Parity,cluster,758,49
Hunt & Target + Parity,cluster,759,41
Hunt & Target + Parity,cluster,760,26
Hunt & Target + Parity,cluster,761,48
Hunt & Target + Parity,cluster,762,52
Hunt & Target + Parity,cluster,763,45
Hunt & Target + Parity,cluster,764,32
Hunt & Target + Parity,cluster,765,50
Hunt & Target + Parity,cluster,766,47
Hunt & Target + Parity,cluster,767,56
Hunt & Target + Parity,cluster,768,45
Hunt & Target + Parity,cluster,769,52
Hunt & Target + Parity,cluster,770,42
Hunt & Target + Parity,cluster,771,44
Hunt & Target + Parity,cluster,772,72
Hunt & Target + Parity,cluster,773,54
Hunt & Target + Parity,cluster,774,63
Hunt & Target + Parity,cluster,775,40
Hunt & Target + Parity,cluster,776,45
Hunt & Target + Parity,cluster,777,61
Hunt & Target + Parity,cluster,778,58
Hunt & Target + Parity,cluster,779,42
Hunt & Target + Parity,cluster,780,55
Hunt & Target + Parity,cluster,781,35
Hunt & Target + Parity,cluster,782,31
Hunt & Target + Parity,cluster,783,58
Hunt & Target + Parity,cluster,784,30
Hunt & Target + Parity,cluster,785,27
Hunt & Target + Parity,cluster,786,43
Hunt & Target + Parity,cluster,787,32
Hunt & Target + Parity,cluster,788,47
Hunt & Target + Parity,cluster,789,57
Hunt & Target + Parity,cluster,790,39
Hunt & Target + Parity,cluster,791,28
Hunt & Target + Parity,cluster,792,26
Hunt & Target + Parity,cluster,793,52
Hunt & Target + Parity,cluster,794,40
Hunt & Target + Parity,cluster,795,25
Hunt & Target + Parity,cluster,796,49
Hunt & Target + Parity,cluster,797,30
Hunt & Target + Parity,cluster,798,38
Hunt & Target + Parity,cluster,799,49
Hunt & Target + Parity,cluster,800,58
Hunt & Target + Parity,cluster,801,44
Hunt & Target + Parity,cluster,802,63
Hunt & Target + Parity,cluster,803,38
Hunt & Target + Parity,cluster,804,37
Hunt & Target + Parity,cluster,805,52
Hunt & Target + Parity,cluster,806,33
Hunt & Target + Parity,cluster,807,26
Hunt & Target + Parity,cluster,808,47
Hunt & Target + Parity,cluster,809,56
Hunt & Target + Parity,cluster,810,34
Hunt & Target + Parity,cluster,811,44
Hunt & Target + Parity,cluster,812,29
Hunt & Target + Parity,cluster,813,46
Hunt & Target + Parity,cluster,814,29
Hunt & Target + Parity,cluster,815,50
Hunt & Target + Parity,cluster,816,32
Hunt & Target + Parity,cluster,817,60
Hunt & Target + Parity,cluster,818,46
Hunt & Target + Parity,cluster,819,50
Hunt & Target + Parity,cluster,820,64
Hunt & Target + Parity,cluster,821,40
Hunt & Target + Parity,cluster,822,54
Hunt & Target + Parity,cluster,823,46
Hunt & Target + Parity,cluster,824,40
Hunt & Target + Parity,cluster,825,57
Hunt & Target + Parity,cluster,826,40
Hunt & Target + Parity,cluster,827,59
Hunt & Target + Parity,cluster,828,33
Hunt & Target + Parity,cluster,829,67
Hunt & Target + Parity,cluster,830,30
Hunt & Target + Parity,cluster,831,52
Hunt & Target + Parity,cluster,832,47
Hunt & Target + Parity,cluster,833,46
Hunt & Target + Parity,cluster,834,52
Hunt & Target + Parity,cluster,835,51
Hunt & Target + Parity,cluster,836,43
Hunt & Target + Parity,cluster,837,35
Hunt & Target + Parity,cluster,838,25
Hunt & Target + Parity,cluster,839,52
Hunt & Target + Parity,cluster,840,40
Hunt & Target + Parity,cluster,841,50
Hunt & Target + Parity,cluster,842,50
Hunt & Target + Parity,cluster,843,48
Hunt & Target + Parity,cluster,844,46
Hunt & Target + Parity,cluster,845,52
Hunt & Target + Parity,cluster,846,55
Hunt & Target + Parity,cluster,847,58
Hunt & Target + Parity,cluster,848,52
Hunt & Target + Parity,cluster,849,62
Hunt & Target + Parity,cluster,850,47
Hunt & Target + Parity,cluster,851,39
Hunt & Target + Parity,cluster,852,44
Hunt & Target + Parity,cluster,853,47
Hunt & Target + Parity,cluster,854,46
Hunt & Target + Parity,cluster,855,29
Hunt & Target + Parity,cluster,856,52
Hunt & Target + Parity,cluster,857,43
Hunt & Target + Parity,cluster,858,33
Hunt & Target + Parity,cluster,859,48
Hunt & Target + Parity,cluster,860,31
Hunt & Target + Parity,cluster,861,29
Hunt & Target + Parity,cluster,862,45
Hunt & Target + Parity,cluster,863,42
Hunt & Target + Parity,cluster,864,27
Hunt & Target + Parity,cluster,865,49
Hunt & Target + Parity,cluster,866,39
Hunt & Target + Parity,cluster,867,47
Hunt & Target + Parity,cluster,868,59
Hunt & Target + Parity,cluster,869,43
Hunt & Target + Parity,cluster,870,56
Hunt & Target + Parity,cluster,871,52
Hunt & Target + Parity,cluster,872,30
Hunt & Target + Parity,cluster,873,34
Hunt & Target + Parity,cluster,874,35
Hunt & Target + Parity,cluster,875,49
Hunt & Target + Parity,cluster,876,51
Hunt & Target + Parity,cluster,877,35
Hunt & Target + Parity,cluster,878,52
Hunt & Target + Parity,cluster,879,36
Hunt & Target + Parity,cluster,880,42
Hunt & Target + Parity,cluster,881,54
Hunt & Target + Parity,cluster,882,56
Hunt & Target + Parity,cluster,883,43
Hunt & Target + Parity,cluster,884,51
Hunt & Target + Parity,cluster,885,48
Hunt & Target + Parity,cluster,886,56
Hunt & Target + Parity,cluster,887,57
Hunt & Target + Parity,cluster,888,38
Hunt & Target + Parity,cluster,889,33
Hunt & Target + Parity,cluster,890,29
Hunt & Target + Parity,cluster,891,60
Hunt & Target + Parity,cluster,892,59
Hunt & Target + Parity,cluster,893,27
Hunt & Target + Parity,cluster,894,48
Hunt & Target + Parity,cluster,895,66
Hunt & Target + Parity,cluster,896,38
Hunt & Target + Parity,cluster,897,38
Hunt & Target + Parity,cluster,898,31
Hunt & Target + Parity,cluster,899,47
Hunt & Target + Parity,cluster,900,35
Hunt & Target + Parity,cluster,901,39
Hunt & Target + Parity,cluster,902,32
Hunt & Target + Parity,cluster,903,56
Hunt & Target + Parity,cluster,904,41
Hunt & Target + Parity,cluster,905,43
Hunt & Target + Parity,cluster,906,47
Hunt & Target + Parity,cluster,907,66
Hunt & Target + Parity,cluster,908,56
Hunt & Target + Parity,cluster,909,56
Hunt & Target + Parity,cluster,910,36
Hunt & Target + Parity,cluster,911,49
Hunt & Target + Parity,cluster,912,33
Hunt & Target + Parity,cluster,913,30
Hunt & Target + Parity,cluster,914,31
Hunt & Target + Parity,cluster,915,50
Hunt & Target + Parity,cluster,916,23
Hunt & Target + Parity,cluster,917,54
Hunt & Target + Parity,cluster,918,60
Hunt & Target + Parity,cluster,919,29
Hunt & Target + Parity,cluster,920,33
Hunt & Target + Parity,cluster,921,61
Hunt & Target + Parity,cluster,922,66
Hunt & Target + Parity,cluster,923,43
Hunt & Target + Parity,cluster,924,52
Hunt & Target + Parity,cluster,925,48
Hunt & Target + Parity,cluster,926,58
Hunt & Target + Parity,cluster,927,37
Hunt & Target + Parity,cluster,928,49
Hunt & Target + Parity,cluster,929,61
Hunt & Target + Parity,cluster,930,58
Hunt & Target + Parity,cluster,931,44
Hunt & Target + Parity,cluster,932,43
Hunt & Target + Parity,cluster,933,34
Hunt & Target + Parity,cluster,934,53
Hunt & Target + Parity,cluster,935,61
Hunt & Target + Parity,cluster,936,38
Hunt & Target + Parity,cluster,937,45
Hunt & Target + Parity,cluster,938,54
Hunt & Target + Parity,cluster,939,63
Hunt & Target + Parity,cluster,940,49
Hunt & Target + Parity,cluster,941,44
Hunt & Target + Parity,cluster,942,54
Hunt & Target + Parity,cluster,943,33
Hunt & Target + Parity,cluster,944,51
Hunt & Target + Parity,cluster,945,33
Hunt & Target + Parity,cluster,946,50
Hunt & Target + Parity,cluster,947,30
Hunt & Target + Parity,cluster,948,41
Hunt & Target + Parity,cluster,949,34
Hunt & Target + Parity,cluster,950,62
Hunt & Target + Parity,cluster,951,50
Hunt & Target + Parity,cluster,952,40
Hunt & Target + Parity,cluster,953,31
Hunt & Target + Parity,cluster,954,45
Hunt & Target + Parity,cluster,955,58
Hunt & Target + Parity,cluster,956,38
Hunt & Target + Parity,cluster,957,36
Hunt & Target + Parity,cluster,958,41
Hunt & Target + Parity,cluster,959,34
Hunt & Target + Parity,cluster,960,32
Hunt & Target + Parity,cluster,961,35
Hunt & Target + Parity,cluster,962,39
Hunt & Target + Parity,cluster,963,30
Hunt & Target + Parity,cluster,964,62
Hunt & Target + Parity,cluster,965,41
Hunt & Target + Parity,cluster,966,42
Hunt & Target + Parity,cluster,967,32
Hunt & Target + Parity,cluster,968,35
Hunt & Target + Parity,cluster,969,29
Hunt & Target + Parity,cluster,970,51
Hunt & Target + Parity,cluster,971,37
Hunt & Target + Parity,cluster,972,49
Hunt & Target + Parity,cluster,973,42
Hunt & Target + Parity,cluster,974,42
Hunt & Target + Parity,cluster,975,49
Hunt & Target + Parity,cluster,976,47
Hunt & Target + Parity,cluster,977,27
Hunt & Target + Parity,cluster,978,40
Hunt & Target + Parity,cluster,979,52
Hunt & Target + Parity,cluster,980,45
Hunt & Target + Parity,cluster,981,38
Hunt & Target + Parity,cluster,982,40
Hunt & Target + Parity,cluster,983,60
Hunt & Target + Parity,cluster,984,41
Hunt & Target + Parity,cluster,985,38
Hunt & Target + Parity,cluster,986,43
Hunt & Target + Parity,cluster,987,40
Hunt & Target + Parity,cluster,988,35
Hunt & Target + Parity,cluster,989,48
Hunt & Target + Parity,cluster,990,35
Hunt & Target + Parity,cluster,991,53
Hunt & Target + Parity,cluster,992,45
Hunt & Target + Parity,cluster,993,46
Hunt & Target + Parity,cluster,994,49
Hunt & Target + Parity,cluster,995,37
Hunt & Target + Parity,cluster,996,44
Hunt & Target + Parity,cluster,997,46
Hunt & Target + Parity,cluster,998,25
Hunt & Target + Parity,cluster,999,42
Hunt & Target + Parity,cluster,1000,41
Hunt & Target + Parity,cluster,1001,34
Hunt & Target + Parity,cluster,1002,66
Hunt & Target + Parity,cluster,1003,37
Hunt & Target + Parity,cluster,1004,35
Hunt & Target + Parity,cluster,1005,56
Hunt & Target + Parity,cluster,1006,38
Hunt & Target + Parity,cluster,1007,37
Hunt & Target + Parity,cluster,1008,25
Hunt & Target + Parity,cluster,1009,28
Hunt & Target + Parity,cluster,1010,52
Hunt & Target + Parity,cluster,1011,45
Hunt & Target + Parity,cluster,1012,49
Hunt & Target + Parity,cluster,1013,32
Hunt & Target + Parity,cluster,1014,29
Hunt & Target + Parity,cluster,1015,52
Hunt & Target + Parity,cluster,1016,34
Hunt & Target + Parity,cluster,1017,53
Hunt & Target + Parity,cluster,1018,49
Hunt & Target + Parity,cluster,1019,53
Hunt & Target + Parity,cluster,1020,44
Hunt & Target + Parity,cluster,1021,61
Hunt & Target + Parity,cluster,1022,40
Hunt & Target + Parity,cluster,1023,61
Hunt & Target + Parity,cluster,1024,44
Hunt & Target + Parity,cluster,1025,51
Hunt & Target + Parity,cluster,1026,39
Hunt & Target + Parity,cluster,1027,37
Hunt & Target + Parity,cluster,1028,35
Hunt & Target + Parity,cluster,1029,48
Hunt & Target + Parity,cluster,1030,35
Hunt & Target + Parity,cluster,1031,44
Hunt & Target + Parity,cluster,1032,29
Hunt & Target + Parity,cluster,1033,50
Hunt & Target + Parity,cluster,1034,52
Hunt & Target + Parity,cluster,1035,40
Hunt & Target + Parity,cluster,1036,34
Hunt & Target + Parity,cluster,1037,47
Hunt & Target + Parity,cluster,1038,46
Hunt & Target + Parity,cluster,1039,35
Hunt & Target + Parity,cluster,1040,30
Hunt & Target + Parity,cluster,1041,58
Hunt & Target + Parity,cluster,1042,76
Hunt & Target + Parity,cluster,1043,39
Hunt & Target + Parity,cluster,1044,44
Hunt & Target + Parity,cluster,1045,43
Hunt & Target + Parity,cluster,1046,54
Hunt & Target + Parity,cluster,1047,36
Hunt & Target + Parity,cluster,1048,44
Hunt & Target + Parity,cluster,1049,27
Hunt & Target + Parity,cluster,1050,55
Hunt & Target + Parity,cluster,1051,58
Hunt & Target + Parity,cluster,1052,41
Hunt & Target + Parity,cluster,1053,45
Hunt & Target + Parity,cluster,1054,61
Hunt & Target + Parity,cluster,1055,61
Hunt & Target + Parity,cluster,1056,43
Hunt & Target + Parity,cluster,1057,41
Hunt & Target + Parity,cluster,1058,56
Hunt & Target + Parity,cluster,1059,36
Hunt & Target + Parity,cluster,1060,48
Hunt & Target + Parity,cluster,1061,65
Hunt & Target + Parity,cluster,1062,25
Hunt & Target + Parity,cluster,1063,45
Hunt & Target + Parity,cluster,1064,43
Hunt & Target + Parity,cluster,1065,64
Hunt & Target + Parity,cluster,1066,53
Hunt & Target + Parity,cluster,1067,42
Hunt & Target + Parity,cluster,1068,48
Hunt & Target + Parity,cluster,1069,43
Hunt & Target + Parity,cluster,1070,48
Hunt & Target + Parity,cluster,1071,53
Hunt & Target + Parity,cluster,1072,48
Hunt & Target + Parity,cluster,1073,26
Hunt & Target + Parity,cluster,1074,30
Hunt & Target + Parity,cluster,1075,37
Hunt & Target + Parity,cluster,1076,31
Hunt & Target + Parity,cluster,1077,30
Hunt & Target + Parity,cluster,1078,33
Hunt & Target + Parity,cluster,1079,29
Hunt & Target + Parity,cluster,1080,31
Hunt & Target + Parity,cluster,1081,73
Hunt & Target + Parity,cluster,1082,55
Hunt & Target + Parity,cluster,1083,49
Hunt & Target + Parity,cluster,1084,38
Hunt & Target + Parity,cluster,1085,35
Hunt & Target + Parity,cluster,1086,28
Hunt & Target + Parity,cluster,1087,40
Hunt & Target + Parity,cluster,1088,46
Hunt & Target + Parity,cluster,1089,44
Hunt & Target + Parity,cluster,1090,40
Hunt & Target + Parity,cluster,1091,56
Hunt & Target + Parity,cluster,1092,21
Hunt & Target + Parity,cluster,1093,51
Hunt & Target + Parity,cluster,1094,36
Hunt & Target + Parity,cluster,1095,58
Hunt & Target + Parity,cluster,1096,44
Hunt & Target + Parity,cluster,1097,57
Hunt & Target + Parity,cluster,1098,57
Hunt & Target + Parity,cluster,1099,60
Hunt & Target + Parity,cluster,1100,20
Hunt & Target + Parity,cluster,1101,44
Hunt & Target + Parity,cluster,1102,41
Hunt & Target + Parity,cluster,1103,61
Hunt & Target + Parity,cluster,1104,52
Hunt & Target + Parity,cluster,1105,23
Hunt & Target + Parity,cluster,1106,44
Hunt & Target + Parity,cluster,1107,32
Hunt & Target + Parity,cluster,1108,41
Hunt & Target + Parity,cluster,1109,67
Hunt & Target + Parity,cluster,1110,54
Hunt & Target + Parity,cluster,1111,25
Hunt & Target + Parity,cluster,1112,54
Hunt & Target + Parity,cluster,1113,63
Hunt & Target + Parity,cluster,1114,48
Hunt & Target + Parity,cluster,1115,71
Hunt & Target + Parity,cluster,1116,47
Hunt & Target + Parity,cluster,1117,54
Hunt & Target + Parity,cluster,1118,46
Hunt & Target + Parity,cluster,1119,56
Hunt & Target + Parity,cluster,1120,26
Hunt & Target + Parity,cluster,1121,45
Hunt & Target + Parity,cluster,1122,56
Hunt & Target + Parity,cluster,1123,30
Hunt & Target + Parity,cluster,1124,41
Hunt & Target + Parity,cluster,1125,35
Hunt & Target + Parity,cluster,1126,50
Hunt & Target + Parity,cluster,1127,29
Hunt & Target + Parity,cluster,1128,40
Hunt & Target + Parity,cluster,1129,53
Hunt & Target + Parity,cluster,1130,60
Hunt & Target + Parity,cluster,1131,31
Hunt & Target + Parity,cluster,1132,47
Hunt & Target + Parity,cluster,1133,35
Hunt & Target + Parity,cluster,1134,59
Hunt & Target + Parity,cluster,1135,51
Hunt & Target + Parity,cluster,1136,47
Hunt & Target + Parity,cluster,1137,49
Hunt & Target + Parity,cluster,1138,59
Hunt & Target + Parity,cluster,1139,28
Hunt & Target + Parity,cluster,1140,48
Hunt & Target + Parity,cluster,1141,48
Hunt & Target + Parity,cluster,1142,40
Hunt & Target + Parity,cluster,1143,53
Hunt & Target + Parity,cluster,1144,32
Hunt & Target + Parity,cluster,1145,35
Hunt & Target + Parity,cluster,1146,51
Hunt & Target + Parity,cluster,1147,62
Hunt & Target + Parity,cluster,1148,30
Hunt & Target + Parity,cluster,1149,41
Hunt & Target + Parity,cluster,1150,35
Hunt & Target + Parity,cluster,1151,46
Hunt & Target + Parity,cluster,1152,36
Hunt & Target + Parity,cluster,1153,48
Hunt & Target + Parity,cluster,1154,36
Hunt & Target + Parity,cluster,1155,31
Hunt & Target + Parity,cluster,1156,27
Hunt & Target + Parity,cluster,1157,57
Hunt & Target + Parity,cluster,1158,32
Hunt & Target + Parity,cluster,1159,39
Hunt & Target + Parity,cluster,1160,35
Hunt & Target + Parity,cluster,1161,28
Hunt & Target + Parity,cluster,1162,33
Hunt & Target + Parity,cluster,1163,50
Hunt & Target + Parity,cluster,1164,41
Hunt & Target + Parity,cluster,1165,47
Hunt & Target + Parity,cluster,1166,51
Hunt & Target + Parity,cluster,1167,43
Hunt & Target + Parity,cluster,1168,37
Hunt & Target + Parity,cluster,1169,55
Hunt & Target + Parity,cluster,1170,32
Hunt & Target + Parity,cluster,1171,56
Hunt & Target + Parity,cluster,1172,35
Hunt & Target + Parity,cluster,1173,25
Hunt & Target + Parity,cluster,1174,52
Hunt & Target + Parity,cluster,1175,45
Hunt & Target + Parity,cluster,1176,53
Hunt & Target + Parity,cluster,1177,48
Hunt & Target + Parity,cluster,1178,61
Hunt & Target + Parity,cluster,1179,27
Hunt & Target + Parity,cluster,1180,29
Hunt & Target + Parity,cluster,1181,55
Hunt & Target + Parity,cluster,1182,46
Hunt & Target + Parity,cluster,1183,32
Hunt & Target + Parity,cluster,1184,24
Hunt & Target + Parity,cluster,1185,58
Hunt & Target + Parity,cluster,1186,47
Hunt & Target + Parity,cluster,1187,43
Hunt & Target + Parity,cluster,1188,42
Hunt & Target + Parity,cluster,1189,49
Hunt & Target + Parity,cluster,1190,49
Hunt & Target + Parity,cluster,1191,37
Hunt & Target + Parity,cluster,1192,55
Hunt & Target + Parity,cluster,1193,40
Hunt & Target + Parity,cluster,1194,61
Hunt & Target + Parity,cluster,1195,37
Hunt & Target + Parity,cluster,1196,51
Hunt & Target + Parity,cluster,1197,29
Hunt & Target + Parity,cluster,1198,33
Hunt & Target + Parity,cluster,1199,67
Hunt & Target + Parity,cluster,1200,39
Hunt & Target + Parity,cluster,1201,53
Hunt & Target + Parity,cluster,1202,31
Hunt & Target + Parity,cluster,1203,48
Hunt & Target + Parity,cluster,1204,59
Hunt & Target + Parity,cluster,1205,47
Hunt & Target + Parity,cluster,1206,31
Hunt & Target + Parity,cluster,1207,46
Hunt & Target + Parity,cluster,1208,43
Hunt & Target + Parity,cluster,1209,50
Hunt & Target + Parity,cluster,1210,46
Hunt & Target + Parity,cluster,1211,55
Hunt & Target + Parity,cluster,1212,48
Hunt & Target + Parity,cluster,1213,49
Hunt & Target + Parity,cluster,1214,54
Hunt & Target + Parity,cluster,1215,40
Hunt & Target + Parity,cluster,1216,52
Hunt & Target + Parity,cluster,1217,34
Hunt & Target + Parity,cluster,1218,40
Hunt & Target + Parity,cluster,1219,25
Hunt & Target + Parity,cluster,1220,36
Hunt & Target + Parity,cluster,1221,55
Hunt & Target + Parity,cluster,1222,29
Hunt & Target + Parity,cluster,1223,48
Hunt & Target + Parity,cluster,1224,40
Hunt & Target + Parity,cluster,1225,52
Hunt & Target + Parity,cluster,1226,48
Hunt & Target + Parity,cluster,1227,65
Hunt & Target + Parity,cluster,1228,38
Hunt & Target + Parity,cluster,1229,26
Hunt & Target + Parity,cluster,1230,51
Hunt & Target + Parity,cluster,1231,56
Hunt & Target + Parity,cluster,1232,48
Hunt & Target + Parity,cluster,1233,32
Hunt & Target + Parity,cluster,1234,40
Hunt & Target + Parity,cluster,1235,32
Hunt & Target + Parity,cluster,1236,43
Hunt & Target + Parity,cluster,1237,24
Hunt & Target + Parity,cluster,1238,45
Hunt & Target + Parity,cluster,1239,63
Hunt & Target + Parity,cluster,1240,50
Hunt & Target + Parity,cluster,1241,57
Hunt & Target + Parity,cluster,1242,52
Hunt & Target + Parity,cluster,1243,27
Hunt & Target + Parity,cluster,1244,69
Hunt & Target + Parity,cluster,1245,28
Hunt & Target + Parity,cluster,1246,55
Hunt & Target + Parity,cluster,1247,28
Hunt & Target + Parity,cluster,1248,52
Hunt & Target + Parity,cluster,1249,43
Hunt & Target + Parity,cluster,1250,38
Hunt & Target + Parity,cluster,1251,36
Hunt & Target + Parity,cluster,1252,32
Hunt & Target + Parity,cluster,1253,20
Hunt & Target + Parity,cluster,1254,40
Hunt & Target + Parity,cluster,1255,35
Hunt & Target + Parity,cluster,1256,58
Hunt & Target + Parity,cluster,1257,28
Hunt & Target + Parity,cluster,1258,56
Hunt & Target + Parity,cluster,1259,43
Hunt & Target + Parity,cluster,1260,62
Hunt & Target + Parity,cluster,1261,48
Hunt & Target + Parity,cluster,1262,33
Hunt & Target + Parity,cluster,1263,52
Hunt & Target + Parity,cluster,1264,56
Hunt & Target + Parity,cluster,1265,41
Hunt & Target + Parity,cluster,1266,32
Hunt & Target + Parity,cluster,1267,52
Hunt & Target + Parity,cluster,1268,25
Hunt & Target + Parity,cluster,1269,64
Hunt & Target + Parity,cluster,1270,34
Hunt & Target + Parity,cluster,1271,33
Hunt & Target + Parity,cluster,1272,42
Hunt & Target + Parity,cluster,1273,62
Hunt & Target + Parity,cluster,1274,32
Hunt & Target + Parity,cluster,1275,26
Hunt & Target + Parity,cluster,1276,35
Hunt & Target + Parity,cluster,1277,50
Hunt & Target + Parity,cluster,1278,57
Hunt & Target + Parity,cluster,1279,75
Hunt & Target + Parity,cluster,1280,43
Hunt & Target + Parity,cluster,1281,60
Hunt & Target + Parity,cluster,1282,36
Hunt & Target + Parity,cluster,1283,46
Hunt & Target + Parity,cluster,1284,34
Hunt & Target + Parity,cluster,1285,55
Hunt & Target + Parity,cluster,1286,33
Hunt & Target + Parity,cluster,1287,62
Hunt & Target + Parity,cluster,1288,46
Hunt & Target + Parity,cluster,1289,49
Hunt & Target + Parity,cluster,1290,31
Hunt & Target + Parity,cluster,1291,44
Hunt & Target + Parity,cluster,1292,56
Hunt & Target + Parity,cluster,1293,37
Hunt & Target + Parity,cluster,1294,46
Hunt & Target + Parity,cluster,1295,50
Hunt & Target + Parity,cluster,1296,52
Hunt & Target + Parity,cluster,1297,49
Hunt & Target + Parity,cluster,1298,52
Hunt & Target + Parity,cluster,1299,57
Hunt & Target + Parity,cluster,1300,42
Hunt & Target + Parity,cluster,1301,59
Hunt & Target + Parity,cluster,1302,61
Hunt & Target + Parity,cluster,1303,53
Hunt & Target + Parity,cluster,1304,48
Hunt & Target + Parity,cluster,1305,41
Hunt & Target + Parity,cluster,1306,43
Hunt & Target + Parity,cluster,1307,50
Hunt & Target + Parity,cluster,1308,38
Hunt & Target + Parity,cluster,1309,40
Hunt & Target + Parity,cluster,1310,46
Hunt & Target + Parity,cluster,1311,62
Hunt & Target + Parity,cluster,1312,48
Hunt & Target + Parity,cluster,1313,58
Hunt & Target + Parity,cluster,1314,47
Hunt & Target + Parity,cluster,1315,64
Hunt & Target + Parity,cluster,1316,44
Hunt & Target + Parity,cluster,1317,30
Hunt & Target + Parity,cluster,1318,56
Hunt & Target + Parity,cluster,1319,50
Hunt & Target + Parity,cluster,1320,45
Hunt & Target + Parity,cluster,1321,57
Hunt & Target + Parity,cluster,1322,59
Hunt & Target + Parity,cluster,1323,27
Hunt & Target + Parity,cluster,1324,46
Hunt & Target + Parity,cluster,1325,42
Hunt & Target + Parity,cluster,1326,52
Hunt & Target + Parity,cluster,1327,40
Hunt & Target + Parity,cluster,1328,48
Hunt & Target + Parity,cluster,1329,42
Hunt & Target + Parity,cluster,1330,42
Hunt & Target + Parity,cluster,1331,40
Hunt & Target + Parity,cluster,1332,35
Hunt & Target + Parity,cluster,1333,27
Hunt & Target + Parity,cluster,1334,43
Hunt & Target + Parity,cluster,1335,36
Hunt & Target + Parity,cluster,1336,35
Hunt & Target + Parity,cluster,1337,45
Hunt & Target + Parity,cluster,1338,39
Hunt & Target + Parity,cluster,1339,32
Hunt & Target + Parity,cluster,1340,49
Hunt & Target + Parity,cluster,1341,58
Hunt & Target + Parity,cluster,1342,57
Hunt & Target + Parity,cluster,1343,65
Hunt & Target + Parity,cluster,1344,37
Hunt & Target + Parity,cluster,1345,58
Hunt & Target + Parity,cluster,1346,64
Hunt & Target + Parity,cluster,1347,40
Hunt & Target + Parity,cluster,1348,50
Hunt & Target + Parity,cluster,1349,40
Hunt & Target + Parity,cluster,1350,48
Hunt & Target + Parity,cluster,1351,56
Hunt & Target + Parity,cluster,1352,38
Hunt & Target + Parity,cluster,1353,52
Hunt & Target + Parity,cluster,1354,62
Hunt & Target + Parity,cluster,1355,46
Hunt & Target + Parity,cluster,1356,33
Hunt & Target + Parity,cluster,1357,56
Hunt & Target + Parity,cluster,1358,61
Hunt & Target + Parity,cluster,1359,42
Hunt & Target + Parity,cluster,1360,35
Hunt & Target + Parity,cluster,1361,47
Hunt & Target + Parity,cluster,1362,48
Hunt & Target + Parity,cluster,1363,61
Hunt & Target + Parity,cluster,1364,27
Hunt & Target + Parity,cluster,1365,30
Hunt & Target + Parity,cluster,1366,41
Hunt & Target + Parity,cluster,1367,48
Hunt & Target + Parity,cluster,1368,43
Hunt & Target + Parity,cluster,1369,37
Hunt & Target + Parity,cluster,1370,43
Hunt & Target + Parity,cluster,1371,52
Hunt & Target + Parity,cluster,1372,46
Hunt & Target + Parity,cluster,1373,58
Hunt & Target + Parity,cluster,1374,28
Hunt & Target + Parity,cluster,1375,55
Hunt & Target + Parity,cluster,1376,30
Hunt & Target + Parity,cluster,1377,45
Hunt & Target + Parity,cluster,1378,51
Hunt & Target + Parity,cluster,1379,44
Hunt & Target + Parity,cluster,1380,52
Hunt & Target + Parity,cluster,1381,33
Hunt & Target + Parity,cluster,1382,60
Hunt & Target + Parity,cluster,1383,64
Hunt & Target + Parity,cluster,1384,23
Hunt & Target + Parity,cluster,1385,41
Hunt & Target + Parity,cluster,1386,32
Hunt & Target + Parity,cluster,1387,53
Hunt & Target + Parity,cluster,1388,46
Hunt & Target + Parity,cluster,1389,55
Hunt & Target + Parity,cluster,1390,52
Hunt & Target + Parity,cluster,1391,27
Hunt & Target + Parity,cluster,1392,32
Hunt & Target + Parity,cluster,1393,52
Hunt & Target + Parity,cluster,1394,40
Hunt & Target + Parity,cluster,1395,24
Hunt & Target + Parity,cluster,1396,55
Hunt & Target + Parity,cluster,1397,55
Hunt & Target + Parity,cluster,1398,30
Hunt & Target + Parity,cluster,1399,50
Hunt & Target + Parity,cluster,1400,49
Hunt & Target + Parity,cluster,1401,33
Hunt & Target + Parity,cluster,1402,52
Hunt & Target + Parity,cluster,1403,62
Hunt & Target + Parity,cluster,1404,36
Hunt & Target + Parity,cluster,1405,44
Hunt & Target + Parity,cluster,1406,27
Hunt & Target + Parity,cluster,1407,68
Hunt & Target + Parity,cluster,1408,31
Hunt & Target + Parity,cluster,1409,60
Hunt & Target + Parity,cluster,1410,47
Hunt & Target + Parity,cluster,1411,42
Hunt & Target + Parity,cluster,1412,49
Hunt & Target + Parity,cluster,1413,32
Hunt & Target + Parity,cluster,1414,56
Hunt & Target + Parity,cluster,1415,43
Hunt & Target + Parity,cluster,1416,64
Hunt & Target + Parity,cluster,1417,32
Hunt & Target + Parity,cluster,1418,32
Hunt & Target + Parity,cluster,1419,51
Hunt & Target + Parity,cluster,1420,41
Hunt & Target + Parity,cluster,1421,43
Hunt & Target + Parity,cluster,1422,28
Hunt & Target + Parity,cluster,1423,52
Hunt & Target + Parity,cluster,1424,45
Hunt & Target + Parity,cluster,1425,40
Hunt & Target + Parity,cluster,1426,41
Hunt & Target + Parity,cluster,1427,28
Hunt & Target + Parity,cluster,1428,59
Hunt & Target + Parity,cluster,1429,56
Hunt & Target + Parity,cluster,1430,60
Hunt & Target + Parity,cluster,1431,38
Hunt & Target + Parity,cluster,1432,42
Hunt & Target + Parity,cluster,1433,45
Hunt & Target + Parity,cluster,1434,33
Hunt & Target + Parity,cluster,1435,51
Hunt & Target + Parity,cluster,1436,39
Hunt & Target + Parity,cluster,1437,48
Hunt & Target + Parity,cluster,1438,28
Hunt & Target + Parity,cluster,1439,27
Hunt & Target + Parity,cluster,1440,61
Hunt & Target + Parity,cluster,1441,50
Hunt & Target + Parity,cluster,1442,33
Hunt & Target + Parity,cluster,1443,44
Hunt & Target + Parity,cluster,1444,59
Hunt & Target + Parity,cluster,1445,57
Hunt & Target + Parity,cluster,1446,35
Hunt & Target + Parity,cluster,1447,26
Hunt & Target + Parity,cluster,1448,25
Hunt & Target + Parity,cluster,1449,46
Hunt & Target + Parity,cluster,1450,61
Hunt & Target + Parity,cluster,1451,23
Hunt & Target + Parity,cluster,1452,47
Hunt & Target + Parity,cluster,1453,26
Hunt & Target + Parity,cluster,1454,51
Hunt & Target + Parity,cluster,1455,38
Hunt & Target + Parity,cluster,1456,29
Hunt & Target + Parity,cluster,1457,45
Hunt & Target + Parity,cluster,1458,50
Hunt & Target + Parity,cluster,1459,39
Hunt & Target + Parity,cluster,1460,53
Hunt & Target + Parity,cluster,1461,41
Hunt & Target + Parity,cluster,1462,30
Hunt & Target + Parity,cluster,1463,57
Hunt & Target + Parity,cluster,1464,53
Hunt & Target + Parity,cluster,1465,37
Hunt & Target + Parity,cluster,1466,40
Hunt & Target + Parity,cluster,1467,29
Hunt & Target + Parity,cluster,1468,28
Hunt & Target + Parity,cluster,1469,56
Hunt & Target + Parity,cluster,1470,38
Hunt & Target + Parity,cluster,1471,47
Hunt & Target + Parity,cluster,1472,22
Hunt & Target + Parity,cluster,1473,29
Hunt & Target + Parity,cluster,1474,50
Hunt & Target + Parity,cluster,1475,39
Hunt & Target + Parity,cluster,1476,41
Hunt & Target + Parity,cluster,1477,56
Hunt & Target + Parity,cluster,1478,40
Hunt & Target + Parity,cluster,1479,62
Hunt & Target + Parity,cluster,1480,28
Hunt & Target + Parity,cluster,1481,54
Hunt & Target + Parity,cluster,1482,36
Hunt & Target + Parity,cluster,1483,45
Hunt & Target + Parity,cluster,1484,49
Hunt & Target + Parity,cluster,1485,51
Hunt & Target + Parity,cluster,1486,44
Hunt & Target + Parity,cluster,1487,51
Hunt & Target + Parity,cluster,1488,50
Hunt & Target + Parity,cluster,1489,56
Hunt & Target + Parity,cluster,1490,39
Hunt & Target + Parity,cluster,1491,45
Hunt & Target + Parity,cluster,1492,57
Hunt & Target + Parity,cluster,1493,48
Hunt & Target + Parity,cluster,1494,41
Hunt & Target + Parity,cluster,1495,26
Hunt & Target + Parity,cluster,1496,39
Hunt & Target + Parity,cluster,1497,39
Hunt & Target + Parity,cluster,1498,59
Hunt & Target + Parity,cluster,1499,54
Hunt & Target + Parity,spread,0,51
Hunt & Target + Parity,spread,1,70
Hunt & Target + Parity,spread,2,57
Hunt & Target + Parity,spread,3,48
Hunt & Target + Parity,spread,4,74
Hunt & Target + Parity,spread,5,56
Hunt & Target + Parity,spread,6,47
Hunt & Target + Parity,spread,7,67
Hunt & Target + Parity,spread,8,56
Hunt & Target + Parity,spread,9,52
Hunt & Target + Parity,spread,10,50
Hunt & Target + Parity,spread,11,69
Hunt & Target + Parity,spread,12,60
Hunt & Target + Parity,spread,13,45
Hunt & Target + Parity,spread,14,69
Hunt & Target + Parity,spread,15,62
Hunt & Target + Parity,spread,16,66
Hunt & Target + Parity,spread,17,53
Hunt & Target + Parity,spread,18,56
Hunt & Target + Parity,spread,19,52
Hunt & Target + Parity,spread,20,79
Hunt & Target + Parity,spread,21,59
Hunt & Target + Parity,spread,22,55
Hunt & Target + Parity,spread,23,50
Hunt & Target + Parity,spread,24,63
Hunt & Target + Parity,spread,25,52
Hunt & Target + Parity,spread,26,52
Hunt & Target + Parity,spread,27,66
Hunt & Target + Parity,spread,28,66
Hunt & Target + Parity,spread,29,58
Hunt & Target + Parity,spread,30,66
Hunt & Target + Parity,spread,31,58
Hunt & Target + Parity,spread,32,56
Hunt & Target + Parity,spread,33,66
Hunt & Target + Parity,spread,34,47
Hunt & Target + Parity,spread,35,48
Hunt & Target + Parity,spread,36,60
Hunt & Target + Parity,spread,37,63
Hunt & Target + Parity,spread,38,57
Hunt & Target + Parity,spread,39,49
Hunt & Target + Parity,spread,40,55
Hunt & Target + Parity,spread,41,57
Hunt & Target + Parity,spread,42,46
Hunt & Target + Parity,spread,43,55
Hunt & Target + Parity,spread,44,71
Hunt & Target + Parity,spread,45,59
Hunt & Target + Parity,spread,46,69
Hunt & Target + Parity,spread,47,46
Hunt & Target + Parity,spread,48,55
Hunt & Target + Parity,spread,49,52
Hunt & Target + Parity,spread,50,68
Hunt & Target + Parity,spread,51,51
Hunt & Target + Parity,spread,52,59
Hunt & Target + Parity,spread,53,49
Hunt & Target + Parity,spread,54,56
Hunt & Target + Parity,spread,55,56
Hunt & Target + Parity,spread,56,48
Hunt & Target + Parity,spread,57,59
Hunt & Target + Parity,spread,58,48
Hunt & Target + Parity,spread,59,59
Hunt & Target + Parity,spread,60,59
Hunt & Target + Parity,spread,61,70
Hunt & Target + Parity,spread,62,56
Hunt & Target + Parity,spread,63,52
Hunt & Target + Parity,spread,64,48
Hunt & Target + Parity,spread,65,62
Hunt & Target + Parity,spread,66,68
Hunt & Target + Parity,spread,67,61
Hunt & Target + Parity,spread,68,66
Hunt & Target + Parity,spread,69,51
Hunt & Target + Parity,spread,70,71
Hunt & Target + Parity,spread,71,66
Hunt & Target + Parity,spread,72,61
Hunt & Target + Parity,spread,73,59
Hunt & Target + Parity,spread,74,67
Hunt & Target + Parity,spread,75,66
Hunt & Target + Parity,spread,76,60
Hunt & Target + Parity,spread,77,55
Hunt & Target + Parity,spread,78,62
Hunt & Target + Parity,spread,79,58
Hunt & Target + Parity,spread,80,60
Hunt & Target + Parity,spread,81,55
Hunt & Target + Parity,spread,82,52
Hunt & Target + Parity,spread,83,49
Hunt & Target + Parity,spread,84,65
Hunt & Target + Parity,spread,85,58
Hunt & Target + Parity,spread,86,65
Hunt & Target + Parity,spread,87,71
Hunt & Target + Parity,spread,88,64
Hunt & Target + Parity,spread,89,56
Hunt & Target + Parity,spread,90,66
Hunt & Target + Parity,spread,91,36
Hunt & Target + Parity,spread,92,64
Hunt & Target + Parity,spread,93,59
Hunt & Target + Parity,spread,94,60
Hunt & Target + Parity,spread,95,65
Hunt & Target + Parity,spread,96,63
Hunt & Target + Parity,spread,97,62
Hunt & Target + Parity,spread,98,60
Hunt & Target + Parity,spread,99,46
Hunt & Target + Parity,spread,100,46
Hunt & Target + Parity,spread,101,48
Hunt & Target + Parity,spread,102,58
Hunt & Target + Parity,spread,103,55
Hunt & Target + Parity,spread,104,58
Hunt & Target + Parity,spread,105,61
Hunt & Target + Parity,spread,106,69
Hunt & Target + Parity,spread,107,63
Hunt & Target + Parity,spread,108,73
Hunt & Target + Parity,spread,109,60
Hunt & Target + Parity,spread,110,62
Hunt & Target + Parity,spread,111,43
Hunt & Target + Parity,spread,112,53
Hunt & Target + Parity,spread,113,67
Hunt & Target + Parity,spread,114,61
Hunt & Target + Parity,spread,115,65
Hunt & Target + Parity,spread,116,49
Hunt & Target + Parity,spread,117,64
Hunt & Target + Parity,spread,118,53
Hunt & Target + Parity,spread,119,63
Hunt & Target + Parity,spread,120,54
Hunt & Target + Parity,spread,121,55
Hunt & Target + Parity,spread,122,57
Hunt & Target + Parity,spread,123,64
Hunt & Target + Parity,spread,124,66
Hunt & Target + Parity,spread,125,58
Hunt & Target + Parity,spread,126,54
Hunt & Target + Parity,spread,127,55
Hunt & Target + Parity,spread,128,63
Hunt & Target + Parity,spread,129,64
Hunt & Target + Parity,spread,130,56
Hunt & Target + Parity,spread,131,63
Hunt & Target + Parity,spread,132,56
Hunt & Target + Parity,spread,133,66
Hunt & Target + Parity,spread,134,55
Hunt & Target + Parity,spread,135,57
Hunt & Target + Parity,spread,136,57
Hunt & Target + Parity,spread,137,51
Hunt & Target + Parity,spread,138,58
Hunt & Target + Parity,spread,139,59
Hunt & Target + Parity,spread,140,64
Hunt & Target + Parity,spread,141,58
Hunt & Target + Parity,spread,142,55
Hunt & Target + Parity,spread,143,59
Hunt & Target + Parity,spread,144,66
Hunt & Target + Parity,spread,145,63
Hunt & Target + Parity,spread,146,63
Hunt & Target + Parity,spread,147,74
Hunt & Target + Parity,spread,148,71
Hunt & Target + Parity,spread,149,56
Hunt & Target + Parity,spread,150,59
Hunt & Target + Parity,spread,151,47
Hunt & Target + Parity,spread,152,63
Hunt & Target + Parity,spread,153,64
Hunt & Target + Parity,spread,154,56
Hunt & Target + Parity,spread,155,67
Hunt & Target + Parity,spread,156,60
Hunt & Target + Parity,spread,157,69
Hunt & Target + Parity,spread,158,60
Hunt & Target + Parity,spread,159,66
Hunt & Target + Parity,spread,160,66
Hunt & Target + Parity,spread,161,62
Hunt & Target + Parity,spread,162,74
Hunt & Target + Parity,spread,163,59
Hunt & Target + Parity,spread,164,61
Hunt & Target + Parity,spread,165,57
Hunt & Target + Parity,spread,166,48
Hunt & Target + Parity,spread,167,44
Hunt & Target + Parity,spread,168,69
Hunt & Target + Parity,spread,169,66
Hunt & Target + Parity,spread,170,61
Hunt & Target + Parity,spread,171,58
Hunt & Target + Parity,spread,172,49
Hunt & Target + Parity,spread,173,44
Hunt & Target + Parity,spread,174,40
Hunt & Target + Parity,spread,175,53
Hunt & Target + Parity,spread,176,48
Hunt & Target + Parity,spread,177,47
Hunt & Target + Parity,spread,178,63
Hunt & Target + Parity,spread,179,59
Hunt & Target + Parity,spread,180,57
Hunt & Target + Parity,spread,181,64
Hunt & Target + Parity,spread,182,71
Hunt & Target + Parity,spread,183,62
Hunt & Target + Parity,spread,184,50
Hunt & Target + Parity,spread,185,55
Hunt & Target + Parity,spread,186,58
Hunt & Target + Parity,spread,187,62
Hunt & Target + Parity,spread,188,67
Hunt & Target + Parity,spread,189,53
Hunt & Target + Parity,spread,190,67
Hunt & Target + Parity,spread,191,64
Hunt & Target + Parity,spread,192,58
Hunt & Target + Parity,spread,193,58
Hunt & Target + Parity,spread,194,61
Hunt & Target + Parity,spread,195,65
Hunt & Target + Parity,spread,196,60
Hunt & Target + Parity,spread,197,59
Hunt & Target + Parity,spread,198,51
Hunt & Target + Parity,spread,199,61
Hunt & Target + Parity,spread,200,48
Hunt & Target + Parity,spread,201,56
Hunt & Target + Parity,spread,202,57
Hunt & Target + Parity,spread,203,60
Hunt & Target + Parity,spread,204,68
Hunt & Target + Parity,spread,205,48
Hunt & Target + Parity,spread,206,66
Hunt & Target + Parity,spread,207,54
Hunt & Target + Parity,spread,208,62
Hunt & Target + Parity,spread,209,68
Hunt & Target + Parity,spread,210,54
Hunt & Target + Parity,spread,211,56
Hunt & Target + Parity,spread,212,47
Hunt & Target + Parity,spread,213,61
Hunt & Target + Parity,spread,214,54
Hunt & Target + Parity,spread,215,50
Hunt & Target + Parity,spread,216,56
Hunt & Target + Parity,spread,217,43
Hunt & Target + Parity,spread,218,49
Hunt & Target + Parity,spread,219,65
Hunt & Target + Parity,spread,220,72
Hunt & Target + Parity,spread,221,56
Hunt & Target + Parity,spread,222,61
Hunt & Target + Parity,spread,223,67
Hunt & Target + Parity,spread,224,53
Hunt & Target + Parity,spread,225,64
Hunt & Target + Parity,spread,226,60
Hunt & Target + Parity,spread,227,49
Hunt & Target + Parity,spread,228,59
Hunt & Target + Parity,spread,229,63
Hunt & Target + Parity,spread,230,58
Hunt & Target + Parity,spread,231,54
Hunt & Target + Parity,spread,232,58
Hunt & Target + Parity,spread,233,62
Hunt & Target + Parity,spread,234,54
Hunt & Target + Parity,spread,235,46
Hunt & Target + Parity,spread,236,63
Hunt & Target + Parity,spread,237,58
Hunt & Target + Parity,spread,238,60
Hunt & Target + Parity,spread,239,57
Hunt & Target + Parity,spread,240,60
Hunt & Target + Parity,spread,241,42
Hunt & Target + Parity,spread,242,57
Hunt & Target + Parity,spread,243,59
Hunt & Target + Parity,spread,244,64
Hunt & Target + Parity,spread,245,65
Hunt & Target + Parity,spread,246,52
Hunt & Target + Parity,spread,247,62
Hunt & Target + Parity,spread,248,66
Hunt & Target + Parity,spread,249,39
Hunt & Target + Parity,spread,250,61
Hunt & Target + Parity,spread,251,57
Hunt & Target + Parity,spread,252,63
Hunt & Target + Parity,spread,253,59
Hunt & Target + Parity,spread,254,51
Hunt & Target + Parity,spread,255,70
Hunt & Target + Parity,spread,256,61
Hunt & Target + Parity,spread,257,50
Hunt & Target + Parity,spread,258,69
Hunt & Target + Parity,spread,259,66
Hunt & Target + Parity,spread,260,62
Hunt & Target + Parity,spread,261,72
Hunt & Target + Parity,spread,262,48
Hunt & Target + Parity,spread,263,70
Hunt & Target + Parity,spread,264,67
Hunt & Target + Parity,spread,265,66
Hunt & Target + Parity,spread,266,61
Hunt & Target + Parity,spread,267,62
Hunt & Target + Parity,spread,268,61
Hunt & Target + Parity,spread,269,67
Hunt & Target + Parity,spread,270,62
Hunt & Target + Parity,spread,271,67
Hunt & Target + Parity,spread,272,51
Hunt & Target + Parity,spread,273,66
Hunt & Target + Parity,spread,274,61
Hunt & Target + Parity,spread,275,68
Hunt & Target + Parity,spread,276,49
Hunt & Target + Parity,spread,277,52
Hunt & Target + Parity,spread,278,56
Hunt & Target + Parity,spread,279,60
Hunt & Target + Parity,spread,280,69
Hunt & Target + Parity,spread,281,56
Hunt & Target + Parity,spread,282,71
Hunt & Target + Parity,spread,283,51
Hunt & Target + Parity,spread,284,54
Hunt & Target + Parity,spread,285,51
Hunt & Target + Parity,spread,286,51
Hunt & Target + Parity,spread,287,67
Hunt & Target + Parity,spread,288,66
Hunt & Target + Parity,spread,289,53
Hunt & Target + Parity,spread,290,68
Hunt & Target + Parity,spread,291,52
Hunt & Target + Parity,spread,292,47
Hunt & Target + Parity,spread,293,65
Hunt & Target + Parity,spread,294,55
Hunt & Target + Parity,spread,295,55
Hunt & Target + Parity,spread,296,65
Hunt & Target + Parity,spread,297,64
Hunt & Target + Parity,spread,298,65
Hunt & Target + Parity,spread,299,57
Hunt & Target + Parity,spread,300,57
Hunt & Target + Parity,spread,301,53
Hunt & Target + Parity,spread,302,63
Hunt & Target + Parity,spread,303,61
Hunt & Target + Parity,spread,304,44
Hunt & Target + Parity,spread,305,59
Hunt & Target + Parity,spread,306,44
Hunt & Target + Parity,spread,307,40
Hunt & Target + Parity,spread,308,62
Hunt & Target + Parity,spread,309,53
Hunt & Target + Parity,spread,310,53
Hunt & Target + Parity,spread,311,59
Hunt & Target + Parity,spread,312,66
Hunt & Target + Parity,spread,313,71
Hunt & Target + Parity,spread,314,56
Hunt & Target + Parity,spread,315,62
Hunt & Target + Parity,spread,316,60
Hunt & Target + Parity,spread,317,56
Hunt & Target + Parity,spread,318,67
Hunt & Target + Parity,spread,319,57
Hunt & Target + Parity,spread,320,67
Hunt & Target + Parity,spread,321,60
Hunt & Target + Parity,spread,322,49
Hunt & Target + Parity,spread,323,60
Hunt & Target + Parity,spread,324,63
Hunt & Target + Parity,spread,325,70
Hunt & Target + Parity,spread,326,55
Hunt & Target + Parity,spread,327,67
Hunt & Target + Parity,spread,328,72
Hunt & Target + Parity,spread,329,54
Hunt & Target + Parity,spread,330,61
Hunt & Target + Parity,spread,331,69
Hunt & Target + Parity,spread,332,54
Hunt & Target + Parity,spread,333,60
Hunt & Target + Parity,spread,334,62
Hunt & Target + Parity,spread,335,52
Hunt & Target + Parity,spread,336,57
Hunt & Target + Parity,spread,337,58
Hunt & Target + Parity,spread,338,63
Hunt & Target + Parity,spread,339,55
Hunt & Target + Parity,spread,340,53
Hunt & Target + Parity,spread,341,52
Hunt & Target + Parity,spread,342,73
Hunt & Target + Parity,spread,343,68
Hunt & Target + Parity,spread,344,59
Hunt & Target + Parity,spread,345,69
Hunt & Target + Parity,spread,346,60
Hunt & Target + Parity,spread,347,71
Hunt & Target + Parity,spread,348,70
Hunt & Target + Parity,spread,349,67
Hunt & Target + Parity,spread,350,49
Hunt & Target + Parity,spread,351,65
Hunt & Target + Parity,spread,352,54
Hunt & Target + Parity,spread,353,63
Hunt & Target + Parity,spread,354,62
Hunt & Target + Parity,spread,355,55
Hunt & Target + Parity,spread,356,53
Hunt & Target + Parity,spread,357,65
Hunt & Target + Parity,spread,358,59
Hunt & Target + Parity,spread,359,43
Hunt & Target + Parity,spread,360,68
Hunt & Target + Parity,spread,361,51
Hunt & Target + Parity,spread,362,60
Hunt & Target + Parity,spread,363,43
Hunt & Target + Parity,spread,364,63
Hunt & Target + Parity,spread,365,59
Hunt & Target + Parity,spread,366,68
Hunt & Target + Parity,spread,367,46
Hunt & Target + Parity,spread,368,50
Hunt & Target + Parity,spread,369,55
Hunt & Target + Parity,spread,370,50
Hunt & Target + Parity,spread,371,50
Hunt & Target + Parity,spread,372,48
Hunt & Target + Parity,spread,373,63
Hunt & Target + Parity,spread,374,53
Hunt & Target + Parity,spread,375,59
Hunt & Target + Parity,spread,376,82
Hunt & Target + Parity,spread,377,61
Hunt & Target + Parity,spread,378,57
Hunt & Target + Parity,spread,379,62
Hunt & Target + Parity,spread,380,61
Hunt & Target + Parity,spread,381,66
Hunt & Target + Parity,spread,382,59
Hunt & Target + Parity,spread,383,53
Hunt & Target + Parity,spread,384,53
Hunt & Target + Parity,spread,385,62
Hunt & Target + Parity,spread,386,53
Hunt & Target + Parity,spread,387,53
Hunt & Target + Parity,spread,388,66
Hunt & Target + Parity,spread,389,47
Hunt & Target + Parity,spread,390,66
Hunt & Target + Parity,spread,391,53
Hunt & Target + Parity,spread,392,66
Hunt & Target + Parity,spread,393,65
Hunt & Target + Parity,spread,394,53
Hunt & Target + Parity,spread,395,52
Hunt & Target + Parity,spread,396,55
Hunt & Target + Parity,spread,397,69
Hunt & Target + Parity,spread,398,61
Hunt & Target + Parity,spread,399,56
Hunt & Target + Parity,spread,400,59
Hunt & Target + Parity,spread,401,53
Hunt & Target + Parity,spread,402,67
Hunt & Target + Parity,spread,403,62
Hunt & Target + Parity,spread,404,61
Hunt & Target + Parity,spread,405,44
Hunt & Target + Parity,spread,406,48
Hunt & Target + Parity,spread,407,47
Hunt & Target + Parity,spread,408,56
Hunt & Target + Parity,spread,409,62
Hunt & Target + Parity,spread,410,67
Hunt & Target + Parity,spread,411,63
Hunt & Target + Parity,spread,412,48
Hunt & Target + Parity,spread,413,49
Hunt & Target + Parity,spread,414,54
Hunt & Target + Parity,spread,415,40
Hunt & Target + Parity,spread,416,65
Hunt & Target + Parity,spread,417,60
Hunt & Target + Parity,spread,418,69
Hunt & Target + Parity,spread,419,73
Hunt & Target + Parity,spread,420,60
Hunt & Target + Parity,spread,421,58
Hunt & Target + Parity,spread,422,59
Hunt & Target + Parity,spread,423,62
Hunt & Target + Parity,spread,424,58
Hunt & Target + Parity,spread,425,70
Hunt & Target + Parity,spread,426,58
Hunt & Target + Parity,spread,427,40
Hunt & Target + Parity,spread,428,70
Hunt & Target + Parity,spread,429,65
Hunt & Target + Parity,spread,430,69
Hunt & Target + Parity,spread,431,60
Hunt & Target + Parity,spread,432,51
Hunt & Target + Parity,spread,433,62
Hunt & Target + Parity,spread,434,51
Hunt & Target + Parity,spread,435,67
Hunt & Target + Parity,spread,436,67
Hunt & Target + Parity,spread,437,70
Hunt & Target + Parity,spread,438,65
Hunt & Target + Parity,spread,439,57
Hunt & Target + Parity,spread,440,67
Hunt & Target + Parity,spread,441,51
Hunt & Target + Parity,spread,442,44
Hunt & Target + Parity,spread,443,62
Hunt & Target + Parity,spread,444,66
Hunt & Target + Parity,spread,445,54
Hunt & Target + Parity,spread,446,66
Hunt & Target + Parity,spread,447,51
Hunt & Target + Parity,spread,448,57
Hunt & Target + Parity,spread,449,62
Hunt & Target + Parity,spread,450,80
Hunt & Target + Parity,spread,451,58
Hunt & Target + Parity,spread,452,51
Hunt & Target + Parity,spread,453,71
Hunt & Target + Parity,spread,454,51
Hunt & Target + Parity,spread,455,65
Hunt & Target + Parity,spread,456,51
Hunt & Target + Parity,spread,457,56
Hunt & Target + Parity,spread,458,68
Hunt & Target + Parity,spread,459,63
Hunt & Target + Parity,spread,460,58
Hunt & Target + Parity,spread,461,57
Hunt & Target + Parity,spread,462,53
Hunt & Target + Parity,spread,463,58
Hunt & Target + Parity,spread,464,69
Hunt & Target + Parity,spread,465,62
Hunt & Target + Parity,spread,466,59
Hunt & Target + Parity,spread,467,63
Hunt & Target + Parity,spread,468,62
Hunt & Target + Parity,spread,469,64
Hunt & Target + Parity,spread,470,52
Hunt & Target + Parity,spread,471,64
Hunt & Target + Parity,spread,472,58
Hunt & Target + Parity,spread,473,50
Hunt & Target + Parity,spread,474,60
Hunt & Target + Parity,spread,475,60
Hunt & Target + Parity,spread,476,59
Hunt & Target + Parity,spread,477,63
Hunt & Target + Parity,spread,478,68
Hunt & Target + Parity,spread,479,53
Hunt & Target + Parity,spread,480,55
Hunt & Target + Parity,spread,481,64
Hunt & Target + Parity,spread,482,53
Hunt & Target + Parity,spread,483,70
Hunt & Target + Parity,spread,484,71
Hunt & Target + Parity,spread,485,58
Hunt & Target + Parity,spread,486,61
Hunt & Target + Parity,spread,487,74
Hunt & Target + Parity,spread,488,59
Hunt & Target + Parity,spread,489,49
Hunt & Target + Parity,spread,490,57
Hunt & Target + Parity,spread,491,74
Hunt & Target + Parity,spread,492,68
Hunt & Target + Parity,spread,493,53
Hunt & Target + Parity,spread,494,64
Hunt & Target + Parity,spread,495,64
Hunt & Target + Parity,spread,496,59
Hunt & Target + Parity,spread,497,45
Hunt & Target + Parity,spread,498,58
Hunt & Target + Parity,spread,499,58
Hunt & Target + Parity,spread,500,48
Hunt & Target + Parity,spread,501,57
Hunt & Target + Parity,spread,502,45
Hunt & Target + Parity,spread,503,55
Hunt & Target + Parity,spread,504,57
Hunt & Target + Parity,spread,505,47
Hunt & Target + Parity,spread,506,69
Hunt & Target + Parity,spread,507,52
Hunt & Target + Parity,spread,508,60
Hunt & Target + Parity,spread,509,67
Hunt & Target + Parity,spread,510,59
Hunt & Target + Parity,spread,511,63
Hunt & Target + Parity,spread,512,53
Hunt & Target + Parity,spread,513,62
Hunt & Target + Parity,spread,514,56
Hunt & Target + Parity,spread,515,49
Hunt & Target + Parity,spread,516,59
Hunt & Target + Parity,spread,517,45
Hunt & Target + Parity,spread,518,49
Hunt & Target + Parity,spread,519,42
Hunt & Target + Parity,spread,520,47
Hunt & Target + Parity,spread,521,39
Hunt & Target + Parity,spread,522,71
Hunt & Target + Parity,spread,523,59
Hunt & Target + Parity,spread,524,64
Hunt & Target + Parity,spread,525,49
Hunt & Target + Parity,spread,526,57
Hunt & Target + Parity,spread,527,53
Hunt & Target + Parity,spread,528,50
Hunt & Target + Parity,spread,529,51
Hunt & Target + Parity,spread,530,57
Hunt & Target + Parity,spread,531,56
Hunt & Target + Parity,spread,532,47
Hunt & Target + Parity,spread,533,52
Hunt & Target + Parity,spread,534,67
Hunt & Target + Parity,spread,535,43
Hunt & Target + Parity,spread,536,58
Hunt & Target + Parity,spread,537,50
Hunt & Target + Parity,spread,538,61
Hunt & Target + Parity,spread,539,66
Hunt & Target + Parity,spread,540,58
Hunt & Target + Parity,spread,541,50
Hunt & Target + Parity,spread,542,52
Hunt & Target + Parity,spread,543,73
Hunt & Target + Parity,spread,544,61
Hunt & Target + Parity,spread,545,67
Hunt & Target + Parity,spread,546,46
Hunt & Target + Parity,spread,547,65
Hunt & Target + Parity,spread,548,65
Hunt & Target + Parity,spread,549,61
Hunt & Target + Parity,spread,550,54
Hunt & Target + Parity,spread,551,59
Hunt & Target + Parity,spread,552,70
Hunt & Target + Parity,spread,553,51
Hunt & Target + Parity,spread,554,40
Hunt & Target + Parity,spread,555,57
Hunt & Target + Parity,spread,556,52
Hunt & Target + Parity,spread,557,63
Hunt & Target + Parity,spread,558,63
Hunt & Target + Parity,spread,559,64
Hunt & Target + Parity,spread,560,68
Hunt & Target + Parity,spread,561,60
Hunt & Target + Parity,spread,562,68
Hunt & Target + Parity,spread,563,69
Hunt & Target + Parity,spread,564,57
Hunt & Target + Parity,spread,565,53
Hunt & Target + Parity,spread,566,50
Hunt & Target + Parity,spread,567,54
Hunt & Target + Parity,spread,568,50
Hunt & Target + Parity,spread,569,50
Hunt & Target + Parity,spread,570,56
Hunt & Target + Parity,spread,571,56
Hunt & Target + Parity,spread,572,58
Hunt & Target + Parity,spread,573,61
Hunt & Target + Parity,spread,574,54
Hunt & Target + Parity,spread,575,55
Hunt & Target + Parity,spread,576,65
Hunt & Target + Parity,spread,577,65
Hunt & Target + Parity,spread,578,45
Hunt & Target + Parity,spread,579,45
Hunt & Target + Parity,spread,580,70
Hunt & Target + Parity,spread,581,62
Hunt & Target + Parity,spread,582,55
Hunt & Target + Parity,spread,583,67
Hunt & Target + Parity,spread,584,51
Hunt & Target + Parity,spread,585,57
Hunt & Target + Parity,spread,586,62
Hunt & Target + Parity,spread,587,63
Hunt & Target + Parity,spread,588,58
Hunt & Target + Parity,spread,589,51
Hunt & Target + Parity,spread,590,68
Hunt & Target + Parity,spread,591,67
Hunt & Target + Parity,spread,592,60
Hunt & Target + Parity,spread,593,68
Hunt & Target + Parity,spread,594,62
Hunt & Target + Parity,spread,595,61
Hunt & Target + Parity,spread,596,54
Hunt & Target + Parity,spread,597,50
Hunt & Target + Parity,spread,598,59
Hunt & Target + Parity,spread,599,58
Hunt & Target + Parity,spread,600,69
Hunt & Target + Parity,spread,601,60
Hunt & Target + Parity,spread,602,58
Hunt & Target + Parity,spread,603,52
Hunt & Target + Parity,spread,604,63
Hunt & Target + Parity,spread,605,50
Hunt & Target + Parity,spread,606,55
Hunt & Target + Parity,spread,607,47
Hunt & Target + Parity,spread,608,51
Hunt & Target + Parity,spread,609,69
Hunt & Target + Parity,spread,610,48
Hunt & Target + Parity,spread,611,53
Hunt & Target + Parity,spread,612,62
Hunt & Target + Parity,spread,613,49
Hunt & Target + Parity,spread,614,59
Hunt & Target + Parity,spread,615,54
Hunt & Target + Parity,spread,616,58
Hunt & Target + Parity,spread,617,67
Hunt & Target + Parity,spread,618,66
Hunt & Target + Parity,spread,619,61
Hunt & Target + Parity,spread,620,53
Hunt & Target + Parity,spread,621,58
Hunt & Target + Parity,spread,622,55
Hunt & Target + Parity,spread,623,53
Hunt & Target + Parity,spread,624,68
Hunt & Target + Parity,spread,625,61
Hunt & Target + Parity,spread,626,48
Hunt & Target + Parity,spread,627,63
Hunt & Target + Parity,spread,628,66
Hunt & Target + Parity,spread,629,57
Hunt & Target + Parity,spread,630,62
Hunt & Target + Parity,spread,631,47
Hunt & Target + Parity,spread,632,48
Hunt & Target + Parity,spread,633,68
Hunt & Target + Parity,spread,634,52
Hunt & Target + Parity,spread,635,63
Hunt & Target + Parity,spread,636,65
Hunt & Target + Parity,spread,637,72
Hunt & Target + Parity,spread,638,66
Hunt & Target + Parity,spread,639,63
Hunt & Target + Parity,spread,640,62
Hunt & Target + Parity,spread,641,58
Hunt & Target + Parity,spread,642,39
Hunt & Target + Parity,spread,643,62
Hunt & Target + Parity,spread,644,57
Hunt & Target + Parity,spread,645,52
Hunt & Target + Parity,spread,646,63
Hunt & Target + Parity,spread,647,67
Hunt & Target + Parity,spread,648,52
Hunt & Target + Parity,spread,649,71
Hunt & Target + Parity,spread,650,53
Hunt & Target + Parity,spread,651,70
Hunt & Target + Parity,spread,652,63
Hunt & Target + Parity,spread,653,73
Hunt & Target + Parity,spread,654,61
Hunt & Target + Parity,spread,655,65
Hunt & Target + Parity,spread,656,52
Hunt & Target + Parity,spread,657,58
Hunt & Target + Parity,spread,658,61
Hunt & Target + Parity,spread,659,71
Hunt & Target + Parity,spread,660,56
Hunt & Target + Parity,spread,661,54
Hunt & Target + Parity,spread,662,65
Hunt & Target + Parity,spread,663,53
Hunt & Target + Parity,spread,664,67
Hunt & Target + Parity,spread,665,44
Hunt & Target + Parity,spread,666,65
Hunt & Target + Parity,spread,667,54
Hunt & Target + Parity,spread,668,50
Hunt & Target + Parity,spread,669,62
Hunt & Target + Parity,spread,670,58
Hunt & Target + Parity,spread,671,41
Hunt & Target + Parity,spread,672,50
Hunt & Target + Parity,spread,673,62
Hunt & Target + Parity,spread,674,59
Hunt & Target + Parity,spread,675,47
Hunt & Target + Parity,spread,676,57
Hunt & Target + Parity,spread,677,49
Hunt & Target + Parity,spread,678,52
Hunt & Target + Parity,spread,679,61
Hunt & Target + Parity,spread,680,62
Hunt & Target + Parity,spread,681,70
Hunt & Target + Parity,spread,682,67
Hunt & Target + Parity,spread,683,52
Hunt & Target + Parity,spread,684,61
Hunt & Target + Parity,spread,685,66
Hunt & Target + Parity,spread,686,65
Hunt & Target + Parity,spread,687,58
Hunt & Target + Parity,spread,688,52
Hunt & Target + Parity,spread,689,54
Hunt & Target + Parity,spread,690,49
Hunt & Target + Parity,spread,691,57
Hunt & Target + Parity,spread,692,53
Hunt & Target + Parity,spread,693,46
Hunt & Target + Parity,spread,694,58
Hunt & Target + Parity,spread,695,61
Hunt & Target + Parity,spread,696,53
Hunt & Target + Parity,spread,697,62
Hunt & Target + Parity,spread,698,59
Hunt & Target + Parity,spread,699,63
Hunt & Target + Parity,spread,700,46
Hunt & Target + Parity,spread,701,65
Hunt & Target + Parity,spread,702,66
Hunt & Target + Parity,spread,703,57
Hunt & Target + Parity,spread,704,62
Hunt & Target + Parity,spread,705,54
Hunt & Target + Parity,spread,706,57
Hunt & Target + Parity,spread,707,57
Hunt & Target + Parity,spread,708,54
Hunt & Target + Parity,spread,709,49
Hunt & Target + Parity,spread,710,58
Hunt & Target + Parity,spread,711,60
Hunt & Target + Parity,spread,712,63
Hunt & Target + Parity,spread,713,61
Hunt & Target + Parity,spread,714,59
Hunt & Target + Parity,spread,715,57
Hunt & Target + Parity,spread,716,63
Hunt & Target + Parity,spread,717,57
Hunt & Target + Parity,spread,718,53
Hunt & Target + Parity,spread,719,62
Hunt & Target + Parity,spread,720,58
Hunt & Target + Parity,spread,721,45
Hunt & Target + Parity,spread,722,58
Hunt & Target + Parity,spread,723,69
Hunt & Target + Parity,spread,724,60
Hunt & Target + Parity,spread,725,49
Hunt & Target + Parity,spread,726,61
Hunt & Target + Parity,spread,727,60
Hunt & Target + Parity,spread,728,64
Hunt & Target + Parity,spread,729,66
Hunt & Target + Parity,spread,730,59
Hunt & Target + Parity,spread,731,57
Hunt & Target + Parity,spread,732,62
Hunt & Target + Parity,spread,733,66
Hunt & Target + Parity,spread,734,56
Hunt & Target + Parity,spread,735,67
Hunt & Target + Parity,spread,736,57
Hunt & Target + Parity,spread,737,58
Hunt & Target + Parity,spread,738,67
Hunt & Target + Parity,spread,739,51
Hunt & Target + Parity,spread,740,54
Hunt & Target + Parity,spread,741,61
Hunt & Target + Parity,spread,742,57
Hunt & Target + Parity,spread,743,61
Hunt & Target + Parity,spread,744,67
Hunt & Target + Parity,spread,745,67
Hunt & Target + Parity,spread,746,54
Hunt & Target + Parity,spread,747,49
Hunt & Target + Parity,spread,748,61
Hunt & Target + Parity,spread,749,58
Hunt & Target + Parity,spread,750,56
Hunt & Target + Parity,spread,751,54
Hunt & Target + Parity,spread,752,53
Hunt & Target + Parity,spread,753,60
Hunt & Target + Parity,spread,754,70
Hunt & Target + Parity,spread,755,63
Hunt & Target + Parity,spread,756,64
Hunt & Target + Parity,spread,757,61
Hunt & Target + Parity,spread,758,70
Hunt & Target + Parity,spread,759,54
Hunt & Target + Parity,spread,760,59
Hunt & Target + Parity,spread,761,62
Hunt & Target + Parity,spread,762,43
Hunt & Target + Parity,spread,763,49
Hunt & Target + Parity,spread,764,63
Hunt & Target + Parity,spread,765,53
Hunt & Target + Parity,spread,766,54
Hunt & Target + Parity,spread,767,64
Hunt & Target + Parity,spread,768,62
Hunt & Target + Parity,spread,769,43
Hunt & Target + Parity,spread,770,68
Hunt & Target + Parity,spread,771,62
Hunt & Target + Parity,spread,772,63
Hunt & Target + Parity,spread,773,57
Hunt & Target + Parity,spread,774,47
Hunt & Target + Parity,spread,775,61
Hunt & Target + Parity,spread,776,45
Hunt & Target + Parity,spread,777,64
Hunt & Target + Parity,spread,778,56
Hunt & Target + Parity,spread,779,62
Hunt & Target + Parity,spread,780,70
Hunt & Target + Parity,spread,781,65
Hunt & Target + Parity,spread,782,51
Hunt & Target + Parity,spread,783,60
Hunt & Target + Parity,spread,784,63
Hunt & Target + Parity,spread,785,56
Hunt & Target + Parity,spread,786,64
Hunt & Target + Parity,spread,787,44
Hunt & Target + Parity,spread,788,56
Hunt & Target + Parity,spread,789,59
Hunt & Target + Parity,spread,790,67
Hunt & Target + Parity,spread,791,56
Hunt & Target + Parity,spread,792,63
Hunt & Target + Parity,spread,793,50
Hunt & Target + Parity,spread,794,41
Hunt & Target + Parity,spread,795,64
Hunt & Target + Parity,spread,796,54
Hunt & Target + Parity,spread,797,65
Hunt & Target + Parity,spread,798,61
Hunt & Target + Parity,spread,799,55
Hunt & Target + Parity,spread,800,59
Hunt & Target + Parity,spread,801,62
Hunt & Target + Parity,spread,802,48
Hunt & Target + Parity,spread,803,57
Hunt & Target + Parity,spread,804,55
Hunt & Target + Parity,spread,805,58
Hunt & Target + Parity,spread,806,66
Hunt & Target + Parity,spread,807,60
Hunt & Target + Parity,spread,808,57
Hunt & Target + Parity,spread,809,57
Hunt & Target + Parity,spread,810,64
Hunt & Target + Parity,spread,811,57
Hunt & Target + Parity,spread,812,59
Hunt & Target + Parity,spread,813,64
Hunt & Target + Parity,spread,814,70
Hunt & Target + Parity,spread,815,64
Hunt & Target + Parity,spread,816,49
Hunt & Target + Parity,spread,817,68
Hunt & Target + Parity,spread,818,54
Hunt & Target + Parity,spread,819,62
Hunt & Target + Parity,spread,820,54
Hunt & Target + Parity,spread,821,48
Hunt & Target + Parity,spread,822,57
Hunt & Target + Parity,spread,823,69
Hunt & Target + Parity,spread,824,56
Hunt & Target + Parity,spread,825,65
Hunt & Target + Parity,spread,826,50
Hunt & Target + Parity,spread,827,60
Hunt & Target + Parity,spread,828,55
Hunt & Target + Parity,spread,829,51
Hunt & Target + Parity,spread,830,60
Hunt & Target + Parity,spread,831,58
Hunt & Target + Parity,spread,832,59
Hunt & Target + Parity,spread,833,73
Hunt & Target + Parity,spread,834,48
Hunt & Target + Parity,spread,835,60
Hunt & Target + Parity,spread,836,57
Hunt & Target + Parity,spread,837,51
Hunt & Target + Parity,spread,838,68
Hunt & Target + Parity,spread,839,56
Hunt & Target + Parity,spread,840,68
Hunt & Target + Parity,spread,841,61
Hunt & Target + Parity,spread,842,65
Hunt & Target + Parity,spread,843,69
Hunt & Target + Parity,spread,844,52
Hunt & Target + Parity,spread,845,56
Hunt & Target + Parity,spread,846,50
Hunt & Target + Parity,spread,847,58
Hunt & Target + Parity,spread,848,50
Hunt & Target + Parity,spread,849,54
Hunt & Target + Parity,spread,850,60
Hunt & Target + Parity,spread,851,61
Hunt & Target + Parity,spread,852,67
Hunt & Target + Parity,spread,853,67
Hunt & Target + Parity,spread,854,50
Hunt & Target + Parity,spread,855,63
Hunt & Target + Parity,spread,856,51
Hunt & Target + Parity,spread,857,49
Hunt & Target + Parity,spread,858,61
Hunt & Target + Parity,spread,859,56
Hunt & Target + Parity,spread,860,62
Hunt & Target + Parity,spread,861,53
Hunt & Target + Parity,spread,862,54
Hunt & Target + Parity,spread,863,65
Hunt & Target + Parity,spread,864,54
Hunt & Target + Parity,spread,865,56
Hunt & Target + Parity,spread,866,71
Hunt & Target + Parity,spread,867,51
Hunt & Target + Parity,spread,868,63
Hunt & Target + Parity,spread,869,65
Hunt & Target + Parity,spread,870,60
Hunt & Target + Parity,spread,871,50
Hunt & Target + Parity,spread,872,60
Hunt & Target + Parity,spread,873,70
Hunt & Target + Parity,spread,874,66
Hunt & Target + Parity,spread,875,50
Hunt & Target + Parity,spread,876,64
Hunt & Target + Parity,spread,877,57
Hunt & Target + Parity,spread,878,50
Hunt & Target + Parity,spread,879,53
Hunt & Target + Parity,spread,880,68
Hunt & Target + Parity,spread,881,57
Hunt & Target + Parity,spread,882,62
Hunt & Target + Parity,spread,883,63
Hunt & Target + Parity,spread,884,49
Hunt & Target + Parity,spread,885,45
Hunt & Target + Parity,spread,886,63
Hunt & Target + Parity,spread,887,53
Hunt & Target + Parity,spread,888,65
Hunt & Target + Parity,spread,889,61
Hunt & Target + Parity,spread,890,61
Hunt & Target + Parity,spread,891,53
Hunt & Target + Parity,spread,892,61
Hunt & Target + Parity,spread,893,50
Hunt & Target + Parity,spread,894,44
Hunt & Target + Parity,spread,895,57
Hunt & Target + Parity,spread,896,57
Hunt & Target + Parity,spread,897,67
Hunt & Target + Parity,spread,898,49
Hunt & Target + Parity,spread,899,55
Hunt & Target + Parity,spread,900,66
Hunt & Target + Parity,spread,901,48
Hunt & Target + Parity,spread,902,55
Hunt & Target + Parity,spread,903,76
Hunt & Target + Parity,spread,904,62
Hunt & Target + Parity,spread,905,69
Hunt & Target + Parity,spread,906,64
Hunt & Target + Parity,spread,907,56
Hunt & Target + Parity,spread,908,59
Hunt & Target + Parity,spread,909,48
Hunt & Target + Parity,spread,910,44
Hunt & Target + Parity,spread,911,57
Hunt & Target + Parity,spread,912,67
Hunt & Target + Parity,spread,913,63
Hunt & Target + Parity,spread,914,65
Hunt & Target + Parity,spread,915,49
Hunt & Target + Parity,spread,916,55
Hunt & Target + Parity,spread,917,60
Hunt & Target + Parity,spread,918,70
Hunt & Target + Parity,spread,919,62
Hunt & Target + Parity,spread,920,55
Hunt & Target + Parity,spread,921,62
Hunt & Target + Parity,spread,922,53
Hunt & Target + Parity,spread,923,75
Hunt & Target + Parity,spread,924,53
Hunt & Target + Parity,spread,925,49
Hunt & Target + Parity,spread,926,47
Hunt & Target + Parity,spread,927,65
Hunt & Target + Parity,spread,928,58
Hunt & Target + Parity,spread,929,64
Hunt & Target + Parity,spread,930,47
Hunt & Target + Parity,spread,931,52
Hunt & Target + Parity,spread,932,58
Hunt & Target + Parity,spread,933,54
Hunt & Target + Parity,spread,934,61
Hunt & Target + Parity,spread,935,65
Hunt & Target + Parity,spread,936,67
Hunt & Target + Parity,spread,937,51
Hunt & Target + Parity,spread,938,72
Hunt & Target + Parity,spread,939,67
Hunt & Target + Parity,spread,940,60
Hunt & Target + Parity,spread,941,61
Hunt & Target + Parity,spread,942,68
Hunt & Target + Parity,spread,943,71
Hunt & Target + Parity,spread,944,70
Hunt & Target + Parity,spread,945,55
Hunt & Target + Parity,spread,946,56
Hunt & Target + Parity,spread,947,63
Hunt & Target + Parity,spread,948,45
Hunt & Target + Parity,spread,949,66
Hunt & Target + Parity,spread,950,58
Hunt & Target + Parity,spread,951,72
Hunt & Target + Parity,spread,952,58
Hunt & Target + Parity,spread,953,67
Hunt & Target + Parity,spread,954,67
Hunt & Target + Parity,spread,955,57
Hunt & Target + Parity,spread,956,46
Hunt & Target + Parity,spread,957,63
Hunt & Target + Parity,spread,958,46
Hunt & Target + Parity,spread,959,56
Hunt & Target + Parity,spread,960,53
Hunt & Target + Parity,spread,961,63
Hunt & Target + Parity,spread,962,61
Hunt & Target + Parity,spread,963,48
Hunt & Target + Parity,spread,964,47
Hunt & Target + Parity,spread,965,61
Hunt & Target + Parity,spread,966,59
Hunt & Target + Parity,spread,967,71
Hunt & Target + Parity,spread,968,59
Hunt & Target + Parity,spread,969,68
Hunt & Target + Parity,spread,970,44
Hunt & Target + Parity,spread,971,61
Hunt & Target + Parity,spread,972,49
Hunt & Target + Parity,spread,973,68
Hunt & Target + Parity,spread,974,56
Hunt & Target + Parity,spread,975,45
Hunt & Target + Parity,spread,976,64
Hunt & Target + Parity,spread,977,66
Hunt & Target + Parity,spread,978,57
Hunt & Target + Parity,spread,979,67
Hunt & Target + Parity,spread,980,54
Hunt & Target + Parity,spread,981,43
Hunt & Target + Parity,spread,982,71
Hunt & Target + Parity,spread,983,70
Hunt & Target + Parity,spread,984,61
Hunt & Target + Parity,spread,985,52
Hunt & Target + Parity,spread,986,58
Hunt & Target + Parity,spread,987,65
Hunt & Target + Parity,spread,988,65
Hunt & Target + Parity,spread,989,55
Hunt & Target + Parity,spread,990,52
Hunt & Target + Parity,spread,991,58
Hunt & Target + Parity,spread,992,51
Hunt & Target + Parity,spread,993,62
Hunt & Target + Parity,spread,994,49
Hunt & Target + Parity,spread,995,61
Hunt & Target + Parity,spread,996,59
Hunt & Target + Parity,spread,997,59
Hunt & Target + Parity,spread,998,57
Hunt & Target + Parity,spread,999,53
Hunt & Target + Parity,spread,1000,68
Hunt & Target + Parity,spread,1001,57
Hunt & Target + Parity,spread,1002,66
Hunt & Target + Parity,spread,1003,65
Hunt & Target + Parity,spread,1004,41
Hunt & Target + Parity,spread,1005,56
Hunt & Target + Parity,spread,1006,57
Hunt & Target + Parity,spread,1007,56
Hunt & Target + Parity,spread,1008,57
Hunt & Target + Parity,spread,1009,47
Hunt & Target + Parity,spread,1010,68
Hunt & Target + Parity,spread,1011,50
Hunt & Target + Parity,spread,1012,69
Hunt & Target + Parity,spread,1013,54
Hunt & Target + Parity,spread,1014,53
Hunt & Target + Parity,spread,1015,70
Hunt & Target + Parity,spread,1016,53
Hunt & Target + Parity,spread,1017,63
Hunt & Target + Parity,spread,1018,61
Hunt & Target + Parity,spread,1019,58
Hunt & Target + Parity,spread,1020,54
Hunt & Target + Parity,spread,1021,57
Hunt & Target + Parity,spread,1022,66
Hunt & Target + Parity,spread,1023,51
Hunt & Target + Parity,spread,1024,66
Hunt & Target + Parity,spread,1025,57
Hunt & Target + Parity,spread,1026,62
Hunt & Target + Parity,spread,1027,69
Hunt & Target + Parity,spread,1028,53
Hunt & Target + Parity,spread,1029,64
Hunt & Target + Parity,spread,1030,62
Hunt & Target + Parity,spread,1031,67
Hunt & Target + Parity,spread,1032,60
Hunt & Target + Parity,spread,1033,45
Hunt & Target + Parity,spread,1034,67
Hunt & Target + Parity,spread,1035,49
Hunt & Target + Parity,spread,1036,63
Hunt & Target + Parity,spread,1037,59
Hunt & Target + Parity,spread,1038,65
Hunt & Target + Parity,spread,1039,51
Hunt & Target + Parity,spread,1040,49
Hunt & Target + Parity,spread,1041,65
Hunt & Target + Parity,spread,1042,59
Hunt & Target + Parity,spread,1043,68
Hunt & Target + Parity,spread,1044,71
Hunt & Target + Parity,spread,1045,69
Hunt & Target + Parity,spread,1046,67
Hunt & Target + Parity,spread,1047,52
Hunt & Target + Parity,spread,1048,60
Hunt & Target + Parity,spread,1049,49
Hunt & Target + Parity,spread,1050,49
Hunt & Target + Parity,spread,1051,63
Hunt & Target + Parity,spread,1052,56
Hunt & Target + Parity,spread,1053,50
Hunt & Target + Parity,spread,1054,58
Hunt & Target + Parity,spread,1055,69
Hunt & Target + Parity,spread,1056,61
Hunt & Target + Parity,spread,1057,53
Hunt & Target + Parity,spread,1058,55
Hunt & Target + Parity,spread,1059,43
Hunt & Target + Parity,spread,1060,59
Hunt & Target + Parity,spread,1061,51
Hunt & Target + Parity,spread,1062,61
Hunt & Target + Parity,spread,1063,53
Hunt & Target + Parity,spread,1064,60
Hunt & Target + Parity,spread,1065,59
Hunt & Target + Parity,spread,1066,70
Hunt & Target + Parity,spread,1067,59
Hunt & Target + Parity,spread,1068,53
Hunt & Target + Parity,spread,1069,48
Hunt & Target + Parity,spread,1070,63
Hunt & Target + Parity,spread,1071,64
Hunt & Target + Parity,spread,1072,58
Hunt & Target + Parity,spread,1073,56
Hunt & Target + Parity,spread,1074,62
Hunt & Target + Parity,spread,1075,66
Hunt & Target + Parity,spread,1076,57
Hunt & Target + Parity,spread,1077,40
Hunt & Target + Parity,spread,1078,59
Hunt & Target + Parity,spread,1079,57
Hunt & Target + Parity,spread,1080,67
Hunt & Target + Parity,spread,1081,66
Hunt & Target + Parity,spread,1082,56
Hunt & Target + Parity,spread,1083,59
Hunt & Target + Parity,spread,1084,65
Hunt & Target + Parity,spread,1085,62
Hunt & Target + Parity,spread,1086,49
Hunt & Target + Parity,spread,1087,57
Hunt & Target + Parity,spread,1088,60
Hunt & Target + Parity,spread,1089,51
Hunt & Target + Parity,spread,1090,44
Hunt & Target + Parity,spread,1091,54
Hunt & Target + Parity,spread,1092,66
Hunt & Target + Parity,spread,1093,53
Hunt & Target + Parity,spread,1094,59
Hunt & Target + Parity,spread,1095,61
Hunt & Target + Parity,spread,1096,64
Hunt & Target + Parity,spread,1097,56
Hunt & Target + Parity,spread,1098,47
Hunt & Target + Parity,spread,1099,44
Hunt & Target + Parity,spread,1100,60
Hunt & Target + Parity,spread,1101,49
Hunt & Target + Parity,spread,1102,56
Hunt & Target + Parity,spread,1103,70
Hunt & Target + Parity,spread,1104,59
Hunt & Target + Parity,spread,1105,66
Hunt & Target + Parity,spread,1106,58
Hunt & Target + Parity,spread,1107,60
Hunt & Target + Parity,spread,1108,76
Hunt & Target + Parity,spread,1109,37
Hunt & Target + Parity,spread,1110,57
Hunt & Target + Parity,spread,1111,67
Hunt & Target + Parity,spread,1112,54
Hunt & Target + Parity,spread,1113,69
Hunt & Target + Parity,spread,1114,70
Hunt & Target + Parity,spread,1115,51
Hunt & Target + Parity,spread,1116,57
Hunt & Target + Parity,spread,1117,57
Hunt & Target + Parity,spread,1118,67
Hunt & Target + Parity,spread,1119,48
Hunt & Target + Parity,spread,1120,67
Hunt & Target + Parity,spread,1121,65
Hunt & Target + Parity,spread,1122,52
Hunt & Target + Parity,spread,1123,60
Hunt & Target + Parity,spread,1124,64
Hunt & Target + Parity,spread,1125,67
Hunt & Target + Parity,spread,1126,54
Hunt & Target + Parity,spread,1127,47
Hunt & Target + Parity,spread,1128,65
Hunt & Target + Parity,spread,1129,58
Hunt & Target + Parity,spread,1130,67
Hunt & Target + Parity,spread,1131,46
Hunt & Target + Parity,spread,1132,57
Hunt & Target + Parity,spread,1133,59
Hunt & Target + Parity,spread,1134,56
Hunt & Target + Parity,spread,1135,54
Hunt & Target + Parity,spread,1136,55
Hunt & Target + Parity,spread,1137,66
Hunt & Target + Parity,spread,1138,45
Hunt & Target + Parity,spread,1139,59
Hunt & Target + Parity,spread,1140,71
Hunt & Target + Parity,spread,1141,56
Hunt & Target + Parity,spread,1142,67
Hunt & Target + Parity,spread,1143,49
Hunt & Target + Parity,spread,1144,55
Hunt & Target + Parity,spread,1145,55
Hunt & Target + Parity,spread,1146,66
Hunt & Target + Parity,spread,1147,50
Hunt & Target + Parity,spread,1148,54
Hunt & Target + Parity,spread,1149,52
Hunt & Target + Parity,spread,1150,57
Hunt & Target + Parity,spread,1151,63
Hunt & Target + Parity,spread,1152,60
Hunt & Target + Parity,spread,1153,51
Hunt & Target + Parity,spread,1154,65
Hunt & Target + Parity,spread,1155,53
Hunt & Target + Parity,spread,1156,51
Hunt & Target + Parity,spread,1157,58
Hunt & Target + Parity,spread,1158,65
Hunt & Target + Parity,spread,1159,49
Hunt & Target + Parity,spread,1160,64
Hunt & Target + Parity,spread,1161,64
Hunt & Target + Parity,spread,1162,49
Hunt & Target + Parity,spread,1163,53
Hunt & Target + Parity,spread,1164,65
Hunt & Target + Parity,spread,1165,57
Hunt & Target + Parity,spread,1166,66
Hunt & Target + Parity,spread,1167,54
Hunt & Target + Parity,spread,1168,61
Hunt & Target + Parity,spread,1169,67
Hunt & Target + Parity,spread,1170,51
Hunt & Target + Parity,spread,1171,63
Hunt & Target + Parity,spread,1172,55
Hunt & Target + Parity,spread,1173,55
Hunt & Target + Parity,spread,1174,72
Hunt & Target + Parity,spread,1175,62
Hunt & Target + Parity,spread,1176,44
Hunt & Target + Parity,spread,1177,56
Hunt & Target + Parity,spread,1178,59
Hunt & Target + Parity,spread,1179,64
Hunt & Target + Parity,spread,1180,54
Hunt & Target + Parity,spread,1181,59
Hunt & Target + Parity,spread,1182,55
Hunt & Target + Parity,spread,1183,63
Hunt & Target + Parity,spread,1184,67
Hunt & Target + Parity,spread,1185,64
Hunt & Target + Parity,spread,1186,53
Hunt & Target + Parity,spread,1187,48
Hunt & Target + Parity,spread,1188,66
Hunt & Target + Parity,spread,1189,59
Hunt & Target + Parity,spread,1190,50
Hunt & Target + Parity,spread,1191,47
Hunt & Target + Parity,spread,1192,69
Hunt & Target + Parity,spread,1193,56
Hunt & Target + Parity,spread,1194,63
Hunt & Target + Parity,spread,1195,56
Hunt & Target + Parity,spread,1196,60
Hunt & Target + Parity,spread,1197,65
Hunt & Target + Parity,spread,1198,58
Hunt & Target + Parity,spread,1199,55
Hunt & Target + Parity,spread,1200,58
Hunt & Target + Parity,spread,1201,57
Hunt & Target + Parity,spread,1202,55
Hunt & Target + Parity,spread,1203,51
Hunt & Target + Parity,spread,1204,60
Hunt & Target + Parity,spread,1205,45
Hunt & Target + Parity,spread,1206,68
Hunt & Target + Parity,spread,1207,48
Hunt & Target + Parity,spread,1208,64
Hunt & Target + Parity,spread,1209,66
Hunt & Target + Parity,spread,1210,62
Hunt & Target + Parity,spread,1211,53
Hunt & Target + Parity,spread,1212,58
Hunt & Target + Parity,spread,1213,53
Hunt & Target + Parity,spread,1214,66
Hunt & Target + Parity,spread,1215,70
Hunt & Target + Parity,spread,1216,54
Hunt & Target + Parity,spread,1217,58
Hunt & Target + Parity,spread,1218,58
Hunt & Target + Parity,spread,1219,39
Hunt & Target + Parity,spread,1220,56
Hunt & Target + Parity,spread,1221,49
Hunt & Target + Parity,spread,1222,66
Hunt & Target + Parity,spread,1223,48
Hunt & Target + Parity,spread,1224,63
Hunt & Target + Parity,spread,1225,59
Hunt & Target + Parity,spread,1226,63
Hunt & Target + Parity,spread,1227,53
Hunt & Target + Parity,spread,1228,67
Hunt & Target + Parity,spread,1229,67
Hunt & Target + Parity,spread,1230,56
Hunt & Target + Parity,spread,1231,52
Hunt & Target + Parity,spread,1232,47
Hunt & Target + Parity,spread,1233,40
Hunt & Target + Parity,spread,1234,52
Hunt & Target + Parity,spread,1235,58
Hunt & Target + Parity,spread,1236,63
Hunt & Target + Parity,spread,1237,63
Hunt & Target + Parity,spread,1238,41
Hunt & Target + Parity,spread,1239,53
Hunt & Target + Parity,spread,1240,61
Hunt & Target + Parity,spread,1241,58
Hunt & Target + Parity,spread,1242,59
Hunt & Target + Parity,spread,1243,54
Hunt & Target + Parity,spread,1244,68
Hunt & Target + Parity,spread,1245,63
Hunt & Target + Parity,spread,1246,54
Hunt & Target + Parity,spread,1247,60
Hunt & Target + Parity,spread,1248,52
Hunt & Target + Parity,spread,1249,73
Hunt & Target + Parity,spread,1250,51
Hunt & Target + Parity,spread,1251,61
Hunt & Target + Parity,spread,1252,58
Hunt & Target + Parity,spread,1253,59
Hunt & Target + Parity,spread,1254,46
Hunt & Target + Parity,spread,1255,56
Hunt & Target + Parity,spread,1256,57
Hunt & Target + Parity,spread,1257,66
Hunt & Target + Parity,spread,1258,78
Hunt & Target + Parity,spread,1259,68
Hunt & Target + Parity,spread,1260,51
Hunt & Target + Parity,spread,1261,49
Hunt & Target + Parity,spread,1262,68
Hunt & Target + Parity,spread,1263,53
Hunt & Target + Parity,spread,1264,40
Hunt & Target + Parity,spread,1265,66
Hunt & Target + Parity,spread,1266,49
Hunt & Target + Parity,spread,1267,65
Hunt & Target + Parity,spread,1268,59
Hunt & Target + Parity,spread,1269,57
Hunt & Target + Parity,spread,1270,45
Hunt & Target + Parity,spread,1271,55
Hunt & Target + Parity,spread,1272,55
Hunt & Target + Parity,spread,1273,62
Hunt & Target + Parity,spread,1274,59
Hunt & Target + Parity,spread,1275,58
Hunt & Target + Parity,spread,1276,40
Hunt & Target + Parity,spread,1277,47
Hunt & Target + Parity,spread,1278,49
Hunt & Target + Parity,spread,1279,67
Hunt & Target + Parity,spread,1280,54
Hunt & Target + Parity,spread,1281,59
Hunt & Target + Parity,spread,1282,56
Hunt & Target + Parity,spread,1283,62
Hunt & Target + Parity,spread,1284,59
Hunt & Target + Parity,spread,1285,68
Hunt & Target + Parity,spread,1286,70
Hunt & Target + Parity,spread,1287,63
Hunt & Target + Parity,spread,1288,52
Hunt & Target + Parity,spread,1289,59
Hunt & Target + Parity,spread,1290,66
Hunt & Target + Parity,spread,1291,62
Hunt & Target + Parity,spread,1292,52
Hunt & Target + Parity,spread,1293,59
Hunt & Target + Parity,spread,1294,51
Hunt & Target + Parity,spread,1295,62
Hunt & Target + Parity,spread,1296,59
Hunt & Target + Parity,spread,1297,67
Hunt & Target + Parity,spread,1298,68
Hunt & Target + Parity,spread,1299,48
Hunt & Target + Parity,spread,1300,52
Hunt & Target + Parity,spread,1301,60
Hunt & Target + Parity,spread,1302,64
Hunt & Target + Parity,spread,1303,57
Hunt & Target + Parity,spread,1304,62
Hunt & Target + Parity,spread,1305,65
Hunt & Target + Parity,spread,1306,61
Hunt & Target + Parity,spread,1307,59
Hunt & Target + Parity,spread,1308,64
Hunt & Target + Parity,spread,1309,63
Hunt & Target + Parity,spread,1310,61
Hunt & Target + Parity,spread,1311,68
Hunt & Target + Parity,spread,1312,48
Hunt & Target + Parity,spread,1313,42
Hunt & Target + Parity,spread,1314,58
Hunt & Target + Parity,spread,1315,45
Hunt & Target + Parity,spread,1316,58
Hunt & Target + Parity,spread,1317,66
Hunt & Target + Parity,spread,1318,72
Hunt & Target + Parity,spread,1319,46
Hunt & Target + Parity,spread,1320,63
Hunt & Target + Parity,spread,1321,49
Hunt & Target + Parity,spread,1322,42
Hunt & Target + Parity,spread,1323,66
Hunt & Target + Parity,spread,1324,49
Hunt & Target + Parity,spread,1325,70
Hunt & Target + Parity,spread,1326,43
Hunt & Target + Parity,spread,1327,51
Hunt & Target + Parity,spread,1328,58
Hunt & Target + Parity,spread,1329,54
Hunt & Target + Parity,spread,1330,71
Hunt & Target + Parity,spread,1331,55
Hunt & Target + Parity,spread,1332,65
Hunt & Target + Parity,spread,1333,63
Hunt & Target + Parity,spread,1334,66
Hunt & Target + Parity,spread,1335,65
Hunt & Target + Parity,spread,1336,56
Hunt & Target + Parity,spread,1337,59
Hunt & Target + Parity,spread,1338,55
Hunt & Target + Parity,spread,1339,65
Hunt & Target + Parity,spread,1340,58
Hunt & Target + Parity,spread,1341,52
Hunt & Target + Parity,spread,1342,53
Hunt & Target + Parity,spread,1343,67
Hunt & Target + Parity,spread,1344,48
Hunt & Target + Parity,spread,1345,56
Hunt & Target + Parity,spread,1346,66
Hunt & Target + Parity,spread,1347,61
Hunt & Target + Parity,spread,1348,42
Hunt & Target + Parity,spread,1349,75
Hunt & Target + Parity,spread,1350,58
Hunt & Target + Parity,spread,1351,57
Hunt & Target + Parity,spread,1352,74
Hunt & Target + Parity,spread,1353,71
Hunt & Target + Parity,spread,1354,36
Hunt & Target + Parity,spread,1355,69
Hunt & Target + Parity,spread,1356,48
Hunt & Target + Parity,spread,1357,51
Hunt & Target + Parity,spread,1358,58
Hunt & Target + Parity,spread,1359,58
Hunt & Target + Parity,spread,1360,58
Hunt & Target + Parity,spread,1361,63
Hunt & Target + Parity,spread,1362,58
Hunt & Target + Parity,spread,1363,57
Hunt & Target + Parity,spread,1364,44
Hunt & Target + Parity,spread,1365,70
Hunt & Target + Parity,spread,1366,78
Hunt & Target + Parity,spread,1367,64
Hunt & Target + Parity,spread,1368,56
Hunt & Target + Parity,spread,1369,48
Hunt & Target + Parity,spread,1370,61
Hunt & Target + Parity,spread,1371,55
Hunt & Target + Parity,spread,1372,55
Hunt & Target + Parity,spread,1373,65
Hunt & Target + Parity,spread,1374,67
Hunt & Target + Parity,spread,1375,57
Hunt & Target + Parity,spread,1376,72
Hunt & Target + Parity,spread,1377,67
Hunt & Target + Parity,spread,1378,62
Hunt & Target + Parity,spread,1379,55
Hunt & Target + Parity,spread,1380,77
Hunt & Target + Parity,spread,1381,61
Hunt & Target + Parity,spread,1382,62
Hunt & Target + Parity,spread,1383,66
Hunt & Target + Parity,spread,1384,68
Hunt & Target + Parity,spread,1385,57
Hunt & Target + Parity,spread,1386,66
Hunt & Target + Parity,spread,1387,63
Hunt & Target + Parity,spread,1388,57
Hunt & Target + Parity,spread,1389,64
Hunt & Target + Parity,spread,1390,67
Hunt & Target + Parity,spread,1391,63
Hunt & Target + Parity,spread,1392,47
Hunt & Target + Parity,spread,1393,61
Hunt & Target + Parity,spread,1394,56
Hunt & Target + Parity,spread,1395,47
Hunt & Target + Parity,spread,1396,53
Hunt & Target + Parity,spread,1397,55
Hunt & Target + Parity,spread,1398,59
Hunt & Target + Parity,spread,1399,67
Hunt & Target + Parity,spread,1400,72
Hunt & Target + Parity,spread,1401,67
Hunt & Target + Parity,spread,1402,55
Hunt & Target + Parity,spread,1403,60
Hunt & Target + Parity,spread,1404,53
Hunt & Target + Parity,spread,1405,63
Hunt & Target + Parity,spread,1406,40
Hunt & Target + Parity,spread,1407,51
Hunt & Target + Parity,spread,1408,58
Hunt & Target + Parity,spread,1409,55
Hunt & Target + Parity,spread,1410,55
Hunt & Target + Parity,spread,1411,45
Hunt & Target + Parity,spread,1412,52
Hunt & Target + Parity,spread,1413,55
Hunt & Target + Parity,spread,1414,64
Hunt & Target + Parity,spread,1415,64
Hunt & Target + Parity,spread,1416,54
Hunt & Target + Parity,spread,1417,68
Hunt & Target + Parity,spread,1418,68
Hunt & Target + Parity,spread,1419,58
Hunt & Target + Parity,spread,1420,56
Hunt & Target + Parity,spread,1421,69
Hunt & Target + Parity,spread,1422,48
Hunt & Target + Parity,spread,1423,71
Hunt & Target + Parity,spread,1424,51
Hunt & Target + Parity,spread,1425,63
Hunt & Target + Parity,spread,1426,60
Hunt & Target + Parity,spread,1427,58
Hunt & Target + Parity,spread,1428,51
Hunt & Target + Parity,spread,1429,60
Hunt & Target + Parity,spread,1430,67
Hunt & Target + Parity,spread,1431,62
Hunt & Target + Parity,spread,1432,65
Hunt & Target + Parity,spread,1433,52
Hunt & Target + Parity,spread,1434,36
Hunt & Target + Parity,spread,1435,60
Hunt & Target + Parity,spread,1436,49
Hunt & Target + Parity,spread,1437,53
Hunt & Target + Parity,spread,1438,51
Hunt & Target + Parity,spread,1439,57
Hunt & Target + Parity,spread,1440,60
Hunt & Target + Parity,spread,1441,70
Hunt & Target + Parity,spread,1442,55
Hunt & Target + Parity,spread,1443,67
Hunt & Target + Parity,spread,1444,52
Hunt & Target + Parity,spread,1445,51
Hunt & Target + Parity,spread,1446,45
Hunt & Target + Parity,spread,1447,62
Hunt & Target + Parity,spread,1448,62
Hunt & Target + Parity,spread,1449,65
Hunt & Target + Parity,spread,1450,62
Hunt & Target + Parity,spread,1451,59
Hunt & Target + Parity,spread,1452,60
Hunt & Target + Parity,spread,1453,60
Hunt & Target + Parity,spread,1454,56
Hunt & Target + Parity,spread,1455,61
Hunt & Target + Parity,spread,1456,68
Hunt & Target + Parity,spread,1457,64
Hunt & Target + Parity,spread,1458,61
Hunt & Target + Parity,spread,1459,50
Hunt & Target + Parity,spread,1460,50
Hunt & Target + Parity,spread,1461,68
Hunt & Target + Parity,spread,1462,68
Hunt & Target + Parity,spread,1463,65
Hunt & Target + Parity,spread,1464,57
Hunt & Target + Parity,spread,1465,58
Hunt & Target + Parity,spread,1466,60
Hunt & Target + Parity,spread,1467,52
Hunt & Target + Parity,spread,1468,48
Hunt & Target + Parity,spread,1469,50
Hunt & Target + Parity,spread,1470,60
Hunt & Target + Parity,spread,1471,47
Hunt & Target + Parity,spread,1472,58
Hunt & Target + Parity,spread,1473,44
Hunt & Target + Parity,spread,1474,65
Hunt & Target + Parity,spread,1475,50
Hunt & Target + Parity,spread,1476,59
Hunt & Target + Parity,spread,1477,49
Hunt & Target + Parity,spread,1478,61
Hunt & Target + Parity,spread,1479,50
Hunt & Target + Parity,spread,1480,69
Hunt & Target + Parity,spread,1481,54
Hunt & Target + Parity,spread,1482,54
Hunt & Target + Parity,spread,1483,67
Hunt & Target + Parity,spread,1484,54
Hunt & Target + Parity,spread,1485,58
Hunt & Target + Parity,spread,1486,56
Hunt & Target + Parity,spread,1487,55
Hunt & Target + Parity,spread,1488,55
Hunt & Target + Parity,spread,1489,68
Hunt & Target + Parity,spread,1490,66
Hunt & Target + Parity,spread,1491,61
Hunt & Target + Parity,spread,1492,48
Hunt & Target + Parity,spread,1493,57
Hunt & Target + Parity,spread,1494,50
Hunt & Target + Parity,spread,1495,71
Hunt & Target + Parity,spread,1496,50
Hunt & Target + Parity,spread,1497,68
Hunt & Target + Parity,spread,1498,59
Hunt & Target + Parity,spread,1499,50
Probability Density (naive),random,0,50
Probability Density (naive),random,1,48
Probability Density (naive),random,2,36
Probability Density (naive),random,3,38
Probability Density (naive),random,4,41
Probability Density (naive),random,5,38
Probability Density (naive),random,6,58
Probability Density (naive),random,7,33
Probability Density (naive),random,8,40
Probability Density (naive),random,9,45
Probability Density (naive),random,10,39
Probability Density (naive),random,11,47
Probability Density (naive),random,12,42
Probability Density (naive),random,13,48
Probability Density (naive),random,14,52
Probability Density (naive),random,15,54
Probability Density (naive),random,16,38
Probability Density (naive),random,17,36
Probability Density (naive),random,18,45
Probability Density (naive),random,19,49
Probability Density (naive),random,20,33
Probability Density (naive),random,21,33
Probability Density (naive),random,22,56
Probability Density (naive),random,23,47
Probability Density (naive),random,24,47
Probability Density (naive),random,25,28
Probability Density (naive),random,26,57
Probability Density (naive),random,27,51
Probability Density (naive),random,28,49
Probability Density (naive),random,29,63
Probability Density (naive),random,30,37
Probability Density (naive),random,31,66
Probability Density (naive),random,32,34
Probability Density (naive),random,33,45
Probability Density (naive),random,34,49
Probability Density (naive),random,35,50
Probability Density (naive),random,36,47
Probability Density (naive),random,37,38
Probability Density (naive),random,38,40
Probability Density (naive),random,39,38
Probability Density (naive),random,40,46
Probability Density (naive),random,41,61
Probability Density (naive),random,42,48
Probability Density (naive),random,43,46
Probability Density (naive),random,44,44
Probability Density (naive),random,45,52
Probability Density (naive),random,46,35
Probability Density (naive),random,47,39
Probability Density (naive),random,48,59
Probability Density (naive),random,49,31
Probability Density (naive),random,50,55
Probability Density (naive),random,51,43
Probability Density (naive),random,52,42
Probability Density (naive),random,53,51
Probability Density (naive),random,54,31
Probability Density (naive),random,55,45
Probability Density (naive),random,56,39
Probability Density (naive),random,57,39
Probability Density (naive),random,58,39
Probability Density (naive),random,59,39
Probability Density (naive),random,60,40
Probability Density (naive),random,61,53
Probability Density (naive),random,62,44
Probability Density (naive),random,63,40
Probability Density (naive),random,64,32
Probability Density (naive),random,65,35
Probability Density (naive),random,66,53
Probability Density (naive),random,67,40
Probability Density (naive),random,68,32
Probability Density (naive),random,69,50
Probability Density (naive),random,70,38
Probability Density (naive),random,71,49
Probability Density (naive),random,72,58
Probability Density (naive),random,73,43
Probability Density (naive),random,74,47
Probability Density (naive),random,75,59
Probability Density (naive),random,76,56
Probability Density (naive),random,77,33
Probability Density (naive),random,78,49
Probability Density (naive),random,79,35
Probability Density (naive),random,80,40
Probability Density (naive),random,81,40
Probability Density (naive),random,82,42
Probability Density (naive),random,83,46
Probability Density (naive),random,84,57
Probability Density (naive),random,85,49
Probability Density (naive),random,86,45
Probability Density (naive),random,87,55
Probability Density (naive),random,88,38
Probability Density (naive),random,89,37
Probability Density (naive),random,90,44
Probability Density (naive),random,91,43
Probability Density (naive),random,92,60
Probability Density (naive),random,93,29
Probability Density (naive),random,94,40
Probability Density (naive),random,95,34
Probability Density (naive),random,96,34
Probability Density (naive),random,97,41
Probability Density (naive),random,98,46
Probability Density (naive),random,99,53
Probability Density (naive),random,100,33
Probability Density (naive),random,101,42
Probability Density (naive),random,102,48
Probability Density (naive),random,103,43
Probability Density (naive),random,104,46
Probability Density (naive),random,105,59
Probability Density (naive),random,106,44
Probability Density (naive),random,107,37
Probability Density (naive),random,108,43
Probability Density (naive),random,109,47
Probability Density (naive),random,110,48
Probability Density (naive),random,111,38
Probability Density (naive),random,112,34
Probability Density (naive),random,113,37
Probability Density (naive),random,114,32
Probability Density (naive),random,115,36
Probability Density (naive),random,116,50
Probability Density (naive),random,117,50
Probability Density (naive),random,118,46
Probability Density (naive),random,119,53
Probability Density (naive),random,120,39
Probability Density (naive),random,121,47
Probability Density (naive),random,122,49
Probability Density (naive),random,123,39
Probability Density (naive),random,124,48
Probability Density (naive),random,125,49
Probability Density (naive),random,126,48
Probability Density (naive),random,127,46
Probability Density (naive),random,128,39
Probability Density (naive),random,129,41
Probability Density (naive),random,130,36
Probability Density (naive),random,131,61
Probability Density (naive),random,132,50
Probability Density (naive),random,133,39
Probability Density (naive),random,134,61
Probability Density (naive),random,135,56
Probability Density (naive),random,136,39
Probability Density (naive),random,137,48
Probability Density (naive),random,138,48
Probability Density (naive),random,139,39
Probability Density (naive),random,140,46
Probability Density (naive),random,141,43
Probability Density (naive),random,142,52
Probability Density (naive),random,143,59
Probability Density (naive),random,144,48
Probability Density (naive),random,145,42
Probability Density (naive),random,146,30
Probability Density (naive),random,147,44
Probability Density (naive),random,148,24
Probability Density (naive),random,149,41
Probability Density (naive),random,150,61
Probability Density (naive),random,151,53
Probability Density (naive),random,152,30
Probability Density (naive),random,153,50
Probability Density (naive),random,154,45
Probability Density (naive),random,155,51
Probability Density (naive),random,156,53
Probability Density (naive),random,157,47
Probability Density (naive),random,158,56
Probability Density (naive),random,159,48
Probability Density (naive),random,160,29
Probability Density (naive),random,161,40
Probability Density (naive),random,162,34
Probability Density (naive),random,163,55
Probability Density (naive),random,164,41
Probability Density (naive),random,165,37
Probability Density (naive),random,166,40
Probability Density (naive),random,167,59
Probability Density (naive),random,168,45
Probability Density (naive),random,169,48
Probability Density (naive),random,170,46
Probability Density (naive),random,171,51
Probability Density (naive),random,172,39
Probability Density (naive),random,173,51
Probability Density (naive),random,174,64
Probability Density (naive),random,175,58
Probability Density (naive),random,176,46
Probability Density (naive),random,177,38
Probability Density (naive),random,178,34
Probability Density (naive),random,179,57
Probability Density (naive),random,180,34
Probability Density (naive),random,181,30
Probability Density (naive),random,182,34
Probability Density (naive),random,183,51
Probability Density (naive),random,184,35
Probability Density (naive),random,185,31
Probability Density (naive),random,186,36
Probability Density (naive),random,187,49
Probability Density (naive),random,188,47
Probability Density (naive),random,189,39
Probability Density (naive),random,190,39
Probability Density (naive),random,191,59
Probability Density (naive),random,192,52
Probability Density (naive),random,193,46
Probability Density (naive),random,194,35
Probability Density (naive),random,195,52
Probability Density (naive),random,196,47
Probability Density (naive),random,197,31
Probability Density (naive),random,198,55
Probability Density (naive),random,199,56
Probability Density (naive),random,200,43
Probability Density (naive),random,201,45
Probability Density (naive),random,202,24
Probability Density (naive),random,203,30
Probability Density (naive),random,204,44
Probability Density (naive),random,205,51
Probability Density (naive),random,206,40
Probability Density (naive),random,207,38
Probability Density (naive),random,208,34
Probability Density (naive),random,209,48
Probability Density (naive),random,210,40
Probability Density (naive),random,211,43
Probability Density (naive),random,212,52
Probability Density (naive),random,213,49
Probability Density (naive),random,214,33
Probability Density (naive),random,215,35
Probability Density (naive),random,216,35
Probability Density (naive),random,217,52
Probability Density (naive),random,218,33
Probability Density (naive),random,219,45
Probability Density (naive),random,220,66
Probability Density (naive),random,221,39
Probability Density (naive),random,222,34
Probability Density (naive),random,223,31
Probability Density (naive),random,224,36
Probability Density (naive),random,225,47
Probability Density (naive),random,226,47
Probability Density (naive),random,227,46
Probability Density (naive),random,228,47
Probability Density (naive),random,229,40
Probability Density (naive),random,230,45
Probability Density (naive),random,231,48
Probability Density (naive),random,232,52
Probability Density (naive),random,233,46
Probability Density (naive),random,234,50
Probability Density (naive),random,235,40
Probability Density (naive),random,236,35
Probability Density (naive),random,237,45
Probability Density (naive),random,238,36
Probability Density (naive),random,239,43
Probability Density (naive),random,240,42
Probability Density (naive),random,241,45
Probability Density (naive),random,242,48
Probability Density (naive),random,243,54
Probability Density (naive),random,244,39
Probability Density (naive),random,245,40
Probability Density (naive),random,246,43
Probability Density (naive),random,247,45
Probability Density (naive),random,248,59
Probability Density (naive),random,249,34
Probability Density (naive),random,250,38
Probability Density (naive),random,251,41
Probability Density (naive),random,252,35
Probability Density (naive),random,253,42
Probability Density (naive),random,254,39
Probability Density (naive),random,255,41
Probability Density (naive),random,256,47
Probability Density (naive),random,257,40
Probability Density (naive),random,258,43
Probability Density (naive),random,259,39
Probability Density (naive),random,260,30
Probability Density (naive),random,261,48
Probability Density (naive),random,262,53
Probability Density (naive),random,263,41
Probability Density (naive),random,264,42
Probability Density (naive),random,265,47
Probability Density (naive),random,266,41
Probability Density (naive),random,267,47
Probability Density (naive),random,268,58
Probability Density (naive),random,269,38
Probability Density (naive),random,270,44
Probability Density (naive),random,271,52
Probability Density (naive),random,272,39
Probability Density (naive),random,273,47
Probability Density (naive),random,274,49
Probability Density (naive),random,275,52
Probability Density (naive),random,276,39
Probability Density (naive),random,277,45
Probability Density (naive),random,278,30
Probability Density (naive),random,279,48
Probability Density (naive),random,280,40
Probability Density (naive),random,281,51
Probability Density (naive),random,282,59
Probability Density (naive),random,283,58
Probability Density (naive),random,284,46
Probability Density (naive),random,285,37
Probability Density (naive),random,286,31
Probability Density (naive),random,287,49
Probability Density (naive),random,288,48
Probability Density (naive),random,289,57
Probability Density (naive),random,290,39
Probability Density (naive),random,291,39
Probability Density (naive),random,292,43
Probability Density (naive),random,293,62
Probability Density (naive),random,294,54
Probability Density (naive),random,295,56
Probability Density (naive),random,296,36
Probability Density (naive),random,297,55
Probability Density (naive),random,298,41
Probability Density (naive),random,299,42
Probability Density (naive),random,300,58
Probability Density (naive),random,301,44
Probability Density (naive),random,302,49
Probability Density (naive),random,303,40
Probability Density (naive),random,304,33
Probability Density (naive),random,305,38
Probability Density (naive),random,306,43
Probability Density (naive),random,307,41
Probability Density (naive),random,308,48
Probability Density (naive),random,309,51
Probability Density (naive),random,310,25
Probability Density (naive),random,311,62
Probability Density (naive),random,312,22
Probability Density (naive),random,313,48
Probability Density (naive),random,314,32
Probability Density (naive),random,315,39
Probability Density (naive),random,316,52
Probability Density (naive),random,317,59
Probability Density (naive),random,318,43
Probability Density (naive),random,319,39
Probability Density (naive),random,320,38
Probability Density (naive),random,321,44
Probability Density (naive),random,322,46
Probability Density (naive),random,323,37
Probability Density (naive),random,324,32
Probability Density (naive),random,325,57
Probability Density (naive),random,326,48
Probability Density (naive),random,327,55
Probability Density (naive),random,328,39
Probability Density (naive),random,329,50
Probability Density (naive),random,330,38
Probability Density (naive),random,331,46
Probability Density (naive),random,332,47
Probability Density (naive),random,333,44
Probability Density (naive),random,334,43
Probability Density (naive),random,335,43
Probability Density (naive),random,336,53
Probability Density (naive),random,337,36
Probability Density (naive),random,338,40
Probability Density (naive),random,339,52
Probability Density (naive),random,340,31
Probability Density (naive),random,341,45
Probability Density (naive),random,342,34
Probability Density (naive),random,343,42
Probability Density (naive),random,344,38
Probability Density (naive),random,345,34
Probability Density (naive),random,346,38
Probability Density (naive),random,347,41
Probability Density (naive),random,348,36
Probability Density (naive),random,349,43
Probability Density (naive),random,350,38
Probability Density (naive),random,351,34
Probability Density (naive),random,352,49
Probability Density (naive),random,353,32
Probability Density (naive),random,354,45
Probability Density (naive),random,355,38
Probability Density (naive),random,356,42
Probability Density (naive),random,357,46
Probability Density (naive),random,358,40
Probability Density (naive),random,359,49
Probability Density (naive),random,360,50
Probability Density (naive),random,361,43
Probability Density (naive),random,362,47
Probability Density (naive),random,363,38
Probability Density (naive),random,364,58
Probability Density (naive),random,365,38
Probability Density (naive),random,366,49
Probability Density (naive),random,367,45
Probability Density (naive),random,368,37
Probability Density (naive),random,369,40
Probability Density (naive),random,370,40
Probability Density (naive),random,371,32
Probability Density (naive),random,372,57
Probability Density (naive),random,373,39
Probability Density (naive),random,374,52
Probability Density (naive),random,375,45
Probability Density (naive),random,376,31
Probability Density (naive),random,377,36
Probability Density (naive),random,378,45
Probability Density (naive),random,379,60
Probability Density (naive),random,380,44
Probability Density (naive),random,381,46
Probability Density (naive),random,382,33
Probability Density (naive),random,383,45
Probability Density (naive),random,384,68
Probability Density (naive),random,385,44
Probability Density (naive),random,386,43
Probability Density (naive),random,387,51
Probability Density (naive),random,388,35
Probability Density (naive),random,389,69
Probability Density (naive),random,390,43
Probability Density (naive),random,391,46
Probability Density (naive),random,392,37
Probability Density (naive),random,393,36
Probability Density (naive),random,394,33
Probability Density (naive),random,395,37
Probability Density (naive),random,396,59
Probability Density (naive),random,397,58
Probability Density (naive),random,398,37
Probability Density (naive),random,399,42
Probability Density (naive),random,400,30
Probability Density (naive),random,401,38
Probability Density (naive),random,402,60
Probability Density (naive),random,403,39
Probability Density (naive),random,404,45
Probability Density (naive),random,405,33
Probability Density (naive),random,406,49
Probability Density (naive),random,407,51
Probability Density (naive),random,408,39
Probability Density (naive),random,409,48
Probability Density (naive),random,410,70
Probability Density (naive),random,411,66
Probability Density (naive),random,412,41
Probability Density (naive),random,413,35
Probability Density (naive),random,414,49
Probability Density (naive),random,415,42
Probability Density (naive),random,416,43
Probability Density (naive),random,417,68
Probability Density (naive),random,418,64
Probability Density (naive),random,419,50
Probability Density (naive),random,420,52
Probability Density (naive),random,421,48
Probability Density (naive),random,422,42
Probability Density (naive),random,423,39
Probability Density (naive),random,424,50
Probability Density (naive),random,425,41
Probability Density (naive),random,426,53
Probability Density (naive),random,427,41
Probability Density (naive),random,428,52
Probability Density (naive),random,429,37
Probability Density (naive),random,430,47
Probability Density (naive),random,431,59
Probability Density (naive),random,432,62
Probability Density (naive),random,433,64
Probability Density (naive),random,434,59
Probability Density (naive),random,435,55
Probability Density (naive),random,436,46
Probability Density (naive),random,437,36
Probability Density (naive),random,438,55
Probability Density (naive),random,439,41
Probability Density (naive),random,440,31
Probability Density (naive),random,441,43
Probability Density (naive),random,442,39
Probability Density (naive),random,443,27
Probability Density (naive),random,444,37
Probability Density (naive),random,445,47
Probability Density (naive),random,446,49
Probability Density (naive),random,447,49
Probability Density (naive),random,448,31
Probability Density (naive),random,449,36
Probability Density (naive),random,450,37
Probability Density (naive),random,451,60
Probability Density (naive),random,452,46
Probability Density (naive),random,453,55
Probability Density (naive),random,454,31
Probability Density (naive),random,455,28
Probability Density (naive),random,456,41
Probability Density (naive),random,457,53
Probability Density (naive),random,458,39
Probability Density (naive),random,459,31
Probability Density (naive),random,460,43
Probability Density (naive),random,461,44
Probability Density (naive),random,462,51
Probability Density (naive),random,463,39
Probability Density (naive),random,464,48
Probability Density (naive),random,465,38
Probability Density (naive),random,466,46
Probability Density (naive),random,467,49
Probability Density (naive),random,468,50
Probability Density (naive),random,469,47
Probability Density (naive),random,470,38
Probability Density (naive),random,471,39
Probability Density (naive),random,472,35
Probability Density (naive),random,473,50
Probability Density (naive),random,474,38
Probability Density (naive),random,475,51
Probability Density (naive),random,476,35
Probability Density (naive),random,477,35
Probability Density (naive),random,478,50
Probability Density (naive),random,479,45
Probability Density (naive),random,480,50
Probability Density (naive),random,481,39
Probability Density (naive),random,482,62
Probability Density (naive),random,483,55
Probability Density (naive),random,484,39
Probability Density (naive),random,485,28
Probability Density (naive),random,486,38
Probability Density (naive),random,487,39
Probability Density (naive),random,488,42
Probability Density (naive),random,489,56
Probability Density (naive),random,490,37
Probability Density (naive),random,491,43
Probability Density (naive),random,492,29
Probability Density (naive),random,493,39
Probability Density (naive),random,494,52
Probability Density (naive),random,495,36
Probability Density (naive),random,496,43
Probability Density (naive),random,497,42
Probability Density (naive),random,498,49
Probability Density (naive),random,499,47
Probability Density (naive),random,500,60
Probability Density (naive),random,501,57
Probability Density (naive),random,502,42
Probability Density (naive),random,503,51
Probability Density (naive),random,504,46
Probability Density (naive),random,505,58
Probability Density (naive),random,506,45
Probability Density (naive),random,507,44
Probability Density (naive),random,508,48
Probability Density (naive),random,509,54
Probability Density (naive),random,510,46
Probability Density (naive),random,511,63
Probability Density (naive),random,512,41
Probability Density (naive),random,513,29
Probability Density (naive),random,514,40
Probability Density (naive),random,515,40
Probability Density (naive),random,516,52
Probability Density (naive),random,517,58
Probability Density (naive),random,518,41
Probability Density (naive),random,519,28
Probability Density (naive),random,520,39
Probability Density (naive),random,521,53
Probability Density (naive),random,522,48
Probability Density (naive),random,523,53
Probability Density (naive),random,524,51
Probability Density (naive),random,525,44
Probability Density (naive),random,526,49
Probability Density (naive),random,527,48
Probability Density (naive),random,528,58
Probability Density (naive),random,529,40
Probability Density (naive),random,530,35
Probability Density (naive),random,531,55
Probability Density (naive),random,532,45
Probability Density (naive),random,533,41
Probability Density (naive),random,534,65
Probability Density (naive),random,535,53
Probability Density (naive),random,536,50
Probability Density (naive),random,537,28
Probability Density (naive),random,538,40
Probability Density (naive),random,539,44
Probability Density (naive),random,540,45
Probability Density (naive),random,541,47
Probability Density (naive),random,542,30
Probability Density (naive),random,543,33
Probability Density (naive),random,544,40
Probability Density (naive),random,545,43
Probability Density (naive),random,546,27
Probability Density (naive),random,547,35
Probability Density (naive),random,548,36
Probability Density (naive),random,549,45
Probability Density (naive),random,550,30
Probability Density (naive),random,551,54
Probability Density (naive),random,552,42
Probability Density (naive),random,553,33
Probability Density (naive),random,554,43
Probability Density (naive),random,555,40
Probability Density (naive),random,556,64
Probability Density (naive),random,557,30
Probability Density (naive),random,558,31
Probability Density (naive),random,559,36
Probability Density (naive),random,560,33
Probability Density (naive),random,561,50
Probability Density (naive),random,562,48
Probability Density (naive),random,563,46
Probability Density (naive),random,564,42
Probability Density (naive),random,565,46
Probability Density (naive),random,566,46
Probability Density (naive),random,567,44
Probability Density (naive),random,568,40
Probability Density (naive),random,569,34
Probability Density (naive),random,570,48
Probability Density (naive),random,571,37
Probability Density (naive),random,572,36
Probability Density (naive),random,573,61
Probability Density (naive),random,574,54
Probability Density (naive),random,575,37
Probability Density (naive),random,576,41
Probability Density (naive),random,577,43
Probability Density (naive),random,578,41
Probability Density (naive),random,579,44
Probability Density (naive),random,580,50
Probability Density (naive),random,581,35
Probability Density (naive),random,582,34
Probability Density (naive),random,583,45
Probability Density (naive),random,584,29
Probability Density (naive),random,585,55
Probability Density (naive),random,586,47
Probability Density (naive),random,587,39
Probability Density (naive),random,588,67
Probability Density (naive),random,589,57
Probability Density (naive),random,590,42
Probability Density (naive),random,591,41
Probability Density (naive),random,592,39
Probability Density (naive),random,593,36
Probability Density (naive),random,594,45
Probability Density (naive),random,595,47
Probability Density (naive),random,596,43
Probability Density (naive),random,597,48
Probability Density (naive),random,598,51
Probability Density (naive),random,599,67
Probability Density (naive),random,600,31
Probability Density (naive),random,601,41
Probability Density (naive),random,602,49
Probability Density (naive),random,603,66
Probability Density (naive),random,604,62
Probability Density (naive),random,605,44
Probability Density (naive),random,606,45
Probability Density (naive),random,607,36
Probability Density (naive),random,608,34
Probability Density (naive),random,609,50
Probability Density (naive),random,610,37
Probability Density (naive),random,611,39
Probability Density (naive),random,612,33
Probability Density (naive),random,613,38
Probability Density (naive),random,614,42
Probability Density (naive),random,615,55
Probability Density (naive),random,616,45
Probability Density (naive),random,617,42
Probability Density (naive),random,618,47
Probability Density (naive),random,619,44
Probability Density (naive),random,620,46
Probability Density (naive),random,621,43
Probability Density (naive),random,622,52
Probability Density (naive),random,623,62
Probability Density (naive),random,624,32
Probability Density (naive),random,625,42
Probability Density (naive),random,626,41
Probability Density (naive),random,627,36
Probability Density (naive),random,628,39
Probability Density (naive),random,629,33
Probability Density (naive),random,630,66
Probability Density (naive),random,631,42
Probability Density (naive),random,632,44
Probability Density (naive),random,633,27
Probability Density (naive),random,634,56
Probability Density (naive),random,635,40
Probability Density (naive),random,636,38
Probability Density (naive),random,637,41
Probability Density (naive),random,638,65
Probability Density (naive),random,639,43
Probability Density (naive),random,640,35
Probability Density (naive),random,641,64
Probability Density (naive),random,642,33
Probability Density (naive),random,643,45
Probability Density (naive),random,644,53
Probability Density (naive),random,645,41
Probability Density (naive),random,646,44
Probability Density (naive),random,647,64
Probability Density (naive),random,648,31
Probability Density (naive),random,649,44
Probability Density (naive),random,650,66
Probability Density (naive),random,651,38
Probability Density (naive),random,652,42
Probability Density (naive),random,653,37
Probability Density (naive),random,654,36
Probability Density (naive),random,655,40
Probability Density (naive),random,656,33
Probability Density (naive),random,657,59
Probability Density (naive),random,658,53
Probability Density (naive),random,659,39
Probability Density (naive),random,660,44
Probability Density (naive),random,661,35
Probability Density (naive),random,662,41
Probability Density (naive),random,663,48
Probability Density (naive),random,664,36
Probability Density (naive),random,665,37
Probability Density (naive),random,666,39
Probability Density (naive),random,667,35
Probability Density (naive),random,668,45
Probability Density (naive),random,669,41
Probability Density (naive),random,670,48
Probability Density (naive),random,671,53
Probability Density (naive),random,672,52
Probability Density (naive),random,673,60
Probability Density (naive),random,674,52
Probability Density (naive),random,675,29
Probability Density (naive),random,676,30
Probability Density (naive),random,677,61
Probability Density (naive),random,678,35
Probability Density (naive),random,679,29
Probability Density (naive),random,680,49
Probability Density (naive),random,681,47
Probability Density (naive),random,682,37
Probability Density (naive),random,683,29
Probability Density (naive),random,684,45
Probability Density (naive),random,685,30
Probability Density (naive),random,686,38
Probability Density (naive),random,687,37
Probability Density (naive),random,688,64
Probability Density (naive),random,689,44
Probability Density (naive),random,690,45
Probability Density (naive),random,691,29
Probability Density (naive),random,692,61
Probability Density (naive),random,693,45
Probability Density (naive),random,694,30
Probability Density (naive),random,695,31
Probability Density (naive),random,696,32
Probability Density (naive),random,697,50
Probability Density (naive),random,698,50
Probability Density (naive),random,699,51
Probability Density (naive),random,700,28
Probability Density (naive),random,701,66
Probability Density (naive),random,702,35
Probability Density (naive),random,703,45
Probability Density (naive),random,704,51
Probability Density (naive),random,705,29
Probability Density (naive),random,706,45
Probability Density (naive),random,707,52
Probability Density (naive),random,708,52
Probability Density (naive),random,709,42
Probability Density (naive),random,710,50
Probability Density (naive),random,711,58
Probability Density (naive),random,712,41
Probability Density (naive),random,713,43
Probability Density (naive),random,714,42
Probability Density (naive),random,715,32
Probability Density (naive),random,716,53
Probability Density (naive),random,717,44
Probability Density (naive),random,718,42
Probability Density (naive),random,719,66
Probability Density (naive),random,720,58
Probability Density (naive),random,721,45
Probability Density (naive),random,722,39
Probability Density (naive),random,723,35
Probability Density (naive),random,724,47
Probability Density (naive),random,725,32
Probability Density (naive),random,726,52
Probability Density (naive),random,727,51
Probability Density (naive),random,728,46
Probability Density (naive),random,729,62
Probability Density (naive),random,730,29
Probability Density (naive),random,731,47
Probability Density (naive),random,732,42
Probability Density (naive),random,733,49
Probability Density (naive),random,734,46
Probability Density (naive),random,735,58
Probability Density (naive),random,736,47
Probability Density (naive),random,737,43
Probability Density (naive),random,738,39
Probability Density (naive),random,739,39
Probability Density (naive),random,740,58
Probability Density (naive),random,741,62
Probability Density (naive),random,742,52
Probability Density (naive),random,743,31
Probability Density (naive),random,744,33
Probability Density (naive),random,745,44
Probability Density (naive),random,746,63
Probability Density (naive),random,747,34
Probability Density (naive),random,748,47
Probability Density (naive),random,749,63
Probability Density (naive),random,750,56
Probability Density (naive),random,751,35
Probability Density (naive),random,752,32
Probability Density (naive),random,753,43
Probability Density (naive),random,754,44
Probability Density (naive),random,755,35
Probability Density (naive),random,756,47
Probability Density (naive),random,757,40
Probability Density (naive),random,758,34
Probability Density (naive),random,759,51
Probability Density (naive),random,760,48
Probability Density (naive),random,761,60
Probability Density (naive),random,762,26
Probability Density (naive),random,763,58
Probability Density (naive),random,764,43
Probability Density (naive),random,765,50
Probability Density (naive),random,766,49
Probability Density (naive),random,767,63
Probability Density (naive),random,768,57
Probability Density (naive),random,769,32
Probability Density (naive),random,770,37
Probability Density (naive),random,771,54
Probability Density (naive),random,772,26
Probability Density (naive),random,773,40
Probability Density (naive),random,774,54
Probability Density (naive),random,775,44
Probability Density (naive),random,776,54
Probability Density (naive),random,777,39
Probability Density (naive),random,778,58
Probability Density (naive),random,779,44
Probability Density (naive),random,780,54
Probability Density (naive),random,781,54
Probability Density (naive),random,782,44
Probability Density (naive),random,783,47
Probability Density (naive),random,784,66
Probability Density (naive),random,785,39
Probability Density (naive),random,786,47
Probability Density (naive),random,787,59
Probability Density (naive),random,788,47
Probability Density (naive),random,789,48
Probability Density (naive),random,790,45
Probability Density (naive),random,791,34
Probability Density (naive),random,792,38
Probability Density (naive),random,793,51
Probability Density (naive),random,794,39
Probability Density (naive),random,795,61
Probability Density (naive),random,796,51
Probability Density (naive),random,797,52
Probability Density (naive),random,798,46
Probability Density (naive),random,799,38
Probability Density (naive),random,800,49
Probability Density (naive),random,801,53
Probability Density (naive),random,802,37
Probability Density (naive),random,803,61
Probability Density (naive),random,804,42
Probability Density (naive),random,805,56
Probability Density (naive),random,806,45
Probability Density (naive),random,807,29
Probability Density (naive),random,808,49
Probability Density (naive),random,809,47
Probability Density (naive),random,810,41
Probability Density (naive),random,811,26
Probability Density (naive),random,812,42
Probability Density (naive),random,813,44
Probability Density (naive),random,814,52
Probability Density (naive),random,815,50
Probability Density (naive),random,816,35
Probability Density (naive),random,817,33
Probability Density (naive),random,818,52
Probability Density (naive),random,819,40
Probability Density (naive),random,820,54
Probability Density (naive),random,821,43
Probability Density (naive),random,822,50
Probability Density (naive),random,823,32
Probability Density (naive),random,824,40
Probability Density (naive),random,825,51
Probability Density (naive),random,826,34
Probability Density (naive),random,827,47
Probability Density (naive),random,828,52
Probability Density (naive),random,829,59
Probability Density (naive),random,830,58
Probability Density (naive),random,831,48
Probability Density (naive),random,832,44
Probability Density (naive),random,833,49
Probability Density (naive),random,834,52
Probability Density (naive),random,835,51
Probability Density (naive),random,836,41
Probability Density (naive),random,837,42
Probability Density (naive),random,838,49
Probability Density (naive),random,839,48
Probability Density (naive),random,840,43
Probability Density (naive),random,841,36
Probability Density (naive),random,842,49
Probability Density (naive),random,843,46
Probability Density (naive),random,844,62
Probability Density (naive),random,845,37
Probability Density (naive),random,846,44
Probability Density (naive),random,847,36
Probability Density (naive),random,848,41
Probability Density (naive),random,849,49
Probability Density (naive),random,850,38
Probability Density (naive),random,851,44
Probability Density (naive),random,852,59
Probability Density (naive),random,853,49
Probability Density (naive),random,854,30
Probability Density (naive),random,855,38
Probability Density (naive),random,856,37
Probability Density (naive),random,857,52
Probability Density (naive),random,858,54
Probability Density (naive),random,859,43
Probability Density (naive),random,860,40
Probability Density (naive),random,861,39
Probability Density (naive),random,862,40
Probability Density (naive),random,863,50
Probability Density (naive),random,864,37
Probability Density (naive),random,865,58
Probability Density (naive),random,866,47
Probability Density (naive),random,867,52
Probability Density (naive),random,868,36
Probability Density (naive),random,869,45
Probability Density (naive),random,870,64
Probability Density (naive),random,871,64
Probability Density (naive),random,872,56
Probability Density (naive),random,873,34
Probability Density (naive),random,874,56
Probability Density (naive),random,875,62
Probability Density (naive),random,876,46
Probability Density (naive),random,877,57
Probability Density (naive),random,878,50
Probability Density (naive),random,879,51
Probability Density (naive),random,880,40
Probability Density (naive),random,881,36
Probability Density (naive),random,882,53
Probability Density (naive),random,883,34
Probability Density (naive),random,884,50
Probability Density (naive),random,885,58
Probability Density (naive),random,886,51
Probability Density (naive),random,887,44
Probability Density (naive),random,888,71
Probability Density (naive),random,889,45
Probability Density (naive),random,890,42
Probability Density (naive),random,891,49
Probability Density (naive),random,892,56
Probability Density (naive),random,893,43
Probability Density (naive),random,894,37
Probability Density (naive),random,895,37
Probability Density (naive),random,896,27
Probability Density (naive),random,897,60
Probability Density (naive),random,898,30
Probability Density (naive),random,899,60
Probability Density (naive),random,900,57
Probability Density (naive),random,901,42
Probability Density (naive),random,902,49
Probability Density (naive),random,903,48
Probability Density (naive),random,904,35
Probability Density (naive),random,905,44
Probability Density (naive),random,906,40
Probability Density (naive),random,907,36
Probability Density (naive),random,908,45
Probability Density (naive),random,909,44
Probability Density (naive),random,910,44
Probability Density (naive),random,911,42
Probability Density (naive),random,912,50
Probability Density (naive),random,913,32
Probability Density (naive),random,914,38
Probability Density (naive),random,915,51
Probability Density (naive),random,916,43
Probability Density (naive),random,917,34
Probability Density (naive),random,918,51
Probability Density (naive),random,919,39
Probability Density (naive),random,920,47
Probability Density (naive),random,921,43
Probability Density (naive),random,922,31
Probability Density (naive),random,923,54
Probability Density (naive),random,924,54
Probability Density (naive),random,925,62
Probability Density (naive),random,926,47
Probability Density (naive),random,927,55
Probability Density (naive),random,928,26
Probability Density (naive),random,929,42
Probability Density (naive),random,930,50
Probability Density (naive),random,931,52
Probability Density (naive),random,932,35
Probability Density (naive),random,933,53
Probability Density (naive),random,934,35
Probability Density (naive),random,935,40
Probability Density (naive),random,936,43
Probability Density (naive),random,937,53
Probability Density (naive),random,938,47
Probability Density (naive),random,939,28
Probability Density (naive),random,940,58
Probability Density (naive),random,941,43
Probability Density (naive),random,942,48
Probability Density (naive),random,943,29
Probability Density (naive),random,944,32
Probability Density (naive),random,945,34
Probability Density (naive),random,946,52
Probability Density (naive),random,947,48
Probability Density (naive),random,948,40
Probability Density (naive),random,949,30
Probability Density (naive),random,950,43
Probability Density (naive),random,951,52
Probability Density (naive),random,952,36
Probability Density (naive),random,953,49
Probability Density (naive),random,954,50
Probability Density (naive),random,955,34
Probability Density (naive),random,956,38
Probability Density (naive),random,957,42
Probability Density (naive),random,958,45
Probability Density (naive),random,959,39
Probability Density (naive),random,960,38
Probability Density (naive),random,961,46
Probability Density (naive),random,962,58
Probability Density (naive),random,963,46
Probability Density (naive),random,964,48
Probability Density (naive),random,965,55
Probability Density (naive),random,966,38
Probability Density (naive),random,967,51
Probability Density (naive),random,968,37
Probability Density (naive),random,969,61
Probability Density (naive),random,970,45
Probability Density (naive),random,971,44
Probability Density (naive),random,972,47
Probability Density (naive),random,973,50
Probability Density (naive),random,974,47
Probability Density (naive),random,975,45
Probability Density (naive),random,976,41
Probability Density (naive),random,977,44
Probability Density (naive),random,978,34
Probability Density (naive),random,979,44
Probability Density (naive),random,980,51
Probability Density (naive),random,981,51
Probability Density (naive),random,982,44
Probability Density (naive),random,983,38
Probability Density (naive),random,984,46
Probability Density (naive),random,985,37
Probability Density (naive),random,986,40
Probability Density (naive),random,987,54
Probability Density (naive),random,988,40
Probability Density (naive),random,989,41
Probability Density (naive),random,990,52
Probability Density (naive),random,991,35
Probability Density (naive),random,992,51
Probability Density (naive),random,993,35
Probability Density (naive),random,994,42
Probability Density (naive),random,995,55
Probability Density (naive),random,996,50
Probability Density (naive),random,997,72
Probability Density (naive),random,998,36
Probability Density (naive),random,999,59
Probability Density (naive),random,1000,49
Probability Density (naive),random,1001,48
Probability Density (naive),random,1002,47
Probability Density (naive),random,1003,50
Probability Density (naive),random,1004,61
Probability Density (naive),random,1005,36
Probability Density (naive),random,1006,51
Probability Density (naive),random,1007,51
Probability Density (naive),random,1008,66
Probability Density (naive),random,1009,53
Probability Density (naive),random,1010,32
Probability Density (naive),random,1011,44
Probability Density (naive),random,1012,29
Probability Density (naive),random,1013,43
Probability Density (naive),random,1014,55
Probability Density (naive),random,1015,50
Probability Density (naive),random,1016,51
Probability Density (naive),random,1017,33
Probability Density (naive),random,1018,37
Probability Density (naive),random,1019,42
Probability Density (naive),random,1020,37
Probability Density (naive),random,1021,52
Probability Density (naive),random,1022,40
Probability Density (naive),random,1023,29
Probability Density (naive),random,1024,50
Probability Density (naive),random,1025,50
Probability Density (naive),random,1026,56
Probability Density (naive),random,1027,45
Probability Density (naive),random,1028,49
Probability Density (naive),random,1029,46
Probability Density (naive),random,1030,36
Probability Density (naive),random,1031,48
Probability Density (naive),random,1032,57
Probability Density (naive),random,1033,43
Probability Density (naive),random,1034,69
Probability Density (naive),random,1035,46
Probability Density (naive),random,1036,35
Probability Density (naive),random,1037,30
Probability Density (naive),random,1038,34
Probability Density (naive),random,1039,30
Probability Density (naive),random,1040,53
Probability Density (naive),random,1041,47
Probability Density (naive),random,1042,39
Probability Density (naive),random,1043,30
Probability Density (naive),random,1044,33
Probability Density (naive),random,1045,39
Probability Density (naive),random,1046,47
Probability Density (naive),random,1047,38
Probability Density (naive),random,1048,48
Probability Density (naive),random,1049,43
Probability Density (naive),random,1050,48
Probability Density (naive),random,1051,54
Probability Density (naive),random,1052,38
Probability Density (naive),random,1053,58
Probability Density (naive),random,1054,34
Probability Density (naive),random,1055,47
Probability Density (naive),random,1056,38
Probability Density (naive),random,1057,49
Probability Density (naive),random,1058,46
Probability Density (naive),random,1059,34
Probability Density (naive),random,1060,50
Probability Density (naive),random,1061,63
Probability Density (naive),random,1062,53
Probability Density (naive),random,1063,41
Probability Density (naive),random,1064,45
Probability Density (naive),random,1065,43
Probability Density (naive),random,1066,42
Probability Density (naive),random,1067,66
Probability Density (naive),random,1068,46
Probability Density (naive),random,1069,57
Probability Density (naive),random,1070,58
Probability Density (naive),random,1071,59
Probability Density (naive),random,1072,36
Probability Density (naive),random,1073,33
Probability Density (naive),random,1074,37
Probability Density (naive),random,1075,43
Probability Density (naive),random,1076,56
Probability Density (naive),random,1077,53
Probability Density (naive),random,1078,61
Probability Density (naive),random,1079,54
Probability Density (naive),random,1080,61
Probability Density (naive),random,1081,37
Probability Density (naive),random,1082,31
Probability Density (naive),random,1083,31
Probability Density (naive),random,1084,33
Probability Density (naive),random,1085,55
Probability Density (naive),random,1086,39
Probability Density (naive),random,1087,55
Probability Density (naive),random,1088,34
Probability Density (naive),random,1089,44
Probability Density (naive),random,1090,57
Probability Density (naive),random,1091,51
Probability Density (naive),random,1092,40
Probability Density (naive),random,1093,57
Probability Density (naive),random,1094,22
Probability Density (naive),random,1095,32
Probability Density (naive),random,1096,35
Probability Density (naive),random,1097,50
Probability Density (naive),random,1098,52
Probability Density (naive),random,1099,57
Probability Density (naive),random,1100,31
Probability Density (naive),random,1101,42
Probability Density (naive),random,1102,34
Probability Density (naive),random,1103,40
Probability Density (naive),random,1104,44
Probability Density (naive),random,1105,41
Probability Density (naive),random,1106,45
Probability Density (naive),random,1107,36
Probability Density (naive),random,1108,41
Probability Density (naive),random,1109,38
Probability Density (naive),random,1110,44
Probability Density (naive),random,1111,48
Probability Density (naive),random,1112,35
Probability Density (naive),random,1113,50
Probability Density (naive),random,1114,40
Probability Density (naive),random,1115,39
Probability Density (naive),random,1116,36
Probability Density (naive),random,1117,44
Probability Density (naive),random,1118,46
Probability Density (naive),random,1119,56
Probability Density (naive),random,1120,53
Probability Density (naive),random,1121,39
Probability Density (naive),random,1122,48
Probability Density (naive),random,1123,41
Probability Density (naive),random,1124,63
Probability Density (naive),random,1125,42
Probability Density (naive),random,1126,41
Probability Density (naive),random,1127,47
Probability Density (naive),random,1128,38
Probability Density (naive),random,1129,37
Probability Density (naive),random,1130,41
Probability Density (naive),random,1131,66
Probability Density (naive),random,1132,47
Probability Density (naive),random,1133,34
Probability Density (naive),random,1134,52
Probability Density (naive),random,1135,51
Probability Density (naive),random,1136,47
Probability Density (naive),random,1137,28
Probability Density (naive),random,1138,54
Probability Density (naive),random,1139,43
Probability Density (naive),random,1140,42
Probability Density (naive),random,1141,34
Probability Density (naive),random,1142,36
Probability Density (naive),random,1143,50
Probability Density (naive),random,1144,36
Probability Density (naive),random,1145,30
Probability Density (naive),random,1146,45
Probability Density (naive),random,1147,41
Probability Density (naive),random,1148,59
Probability Density (naive),random,1149,69
Probability Density (naive),random,1150,37
Probability Density (naive),random,1151,53
Probability Density (naive),random,1152,30
Probability Density (naive),random,1153,52
Probability Density (naive),random,1154,56
Probability Density (naive),random,1155,43
Probability Density (naive),random,1156,45
Probability Density (naive),random,1157,41
Probability Density (naive),random,1158,61
Probability Density (naive),random,1159,42
Probability Density (naive),random,1160,54
Probability Density (naive),random,1161,43
Probability Density (naive),random,1162,48
Probability Density (naive),random,1163,61
Probability Density (naive),random,1164,40
Probability Density (naive),random,1165,25
Probability Density (naive),random,1166,65
Probability Density (naive),random,1167,41
Probability Density (naive),random,1168,27
Probability Density (naive),random,1169,46
Probability Density (naive),random,1170,39
Probability Density (naive),random,1171,54
Probability Density (naive),random,1172,37
Probability Density (naive),random,1173,52
Probability Density (naive),random,1174,64
Probability Density (naive),random,1175,40
Probability Density (naive),random,1176,61
Probability Density (naive),random,1177,62
Probability Density (naive),random,1178,45
Probability Density (naive),random,1179,46
Probability Density (naive),random,1180,32
Probability Density (naive),random,1181,51
Probability Density (naive),random,1182,40
Probability Density (naive),random,1183,28
Probability Density (naive),random,1184,52
Probability Density (naive),random,1185,51
Probability Density (naive),random,1186,53
Probability Density (naive),random,1187,50
Probability Density (naive),random,1188,37
Probability Density (naive),random,1189,45
Probability Density (naive),random,1190,47
Probability Density (naive),random,1191,49
Probability Density (naive),random,1192,46
Probability Density (naive),random,1193,53
Probability Density (naive),random,1194,47
Probability Density (naive),random,1195,54
Probability Density (naive),random,1196,41
Probability Density (naive),random,1197,53
Probability Density (naive),random,1198,59
Probability Density (naive),random,1199,38
Probability Density (naive),random,1200,64
Probability Density (naive),random,1201,57
Probability Density (naive),random,1202,35
Probability Density (naive),random,1203,44
Probability Density (naive),random,1204,42
Probability Density (naive),random,1205,51
Probability Density (naive),random,1206,46
Probability Density (naive),random,1207,55
Probability Density (naive),random,1208,33
Probability Density (naive),random,1209,46
Probability Density (naive),random,1210,37
Probability Density (naive),random,1211,52
Probability Density (naive),random,1212,51
Probability Density (naive),random,1213,41
Probability Density (naive),random,1214,46
Probability Density (naive),random,1215,46
Probability Density (naive),random,1216,37
Probability Density (naive),random,1217,44
Probability Density (naive),random,1218,46
Probability Density (naive),random,1219,43
Probability Density (naive),random,1220,34
Probability Density (naive),random,1221,45
Probability Density (naive),random,1222,41
Probability Density (naive),random,1223,48
Probability Density (naive),random,1224,47
Probability Density (naive),random,1225,51
Probability Density (naive),random,1226,36
Probability Density (naive),random,1227,55
Probability Density (naive),random,1228,37
Probability Density (naive),random,1229,53
Probability Density (naive),random,1230,37
Probability Density (naive),random,1231,34
Probability Density (naive),random,1232,57
Probability Density (naive),random,1233,45
Probability Density (naive),random,1234,43
Probability Density (naive),random,1235,41
Probability Density (naive),random,1236,52
Probability Density (naive),random,1237,66
Probability Density (naive),random,1238,45
Probability Density (naive),random,1239,43
Probability Density (naive),random,1240,43
Probability Density (naive),random,1241,54
Probability Density (naive),random,1242,32
Probability Density (naive),random,1243,65
Probability Density (naive),random,1244,41
Probability Density (naive),random,1245,47
Probability Density (naive),random,1246,42
Probability Density (naive),random,1247,38
Probability Density (naive),random,1248,47
Probability Density (naive),random,1249,35
Probability Density (naive),random,1250,42
Probability Density (naive),random,1251,58
Probability Density (naive),random,1252,54
Probability Density (naive),random,1253,50
Probability Density (naive),random,1254,54
Probability Density (naive),random,1255,36
Probability Density (naive),random,1256,60
Probability Density (naive),random,1257,33
Probability Density (naive),random,1258,31
Probability Density (naive),random,1259,40
Probability Density (naive),random,1260,49
Probability Density (naive),random,1261,46
Probability Density (naive),random,1262,54
Probability Density (naive),random,1263,42
Probability Density (naive),random,1264,29
Probability Density (naive),random,1265,49
Probability Density (naive),random,1266,65
Probability Density (naive),random,1267,48
Probability Density (naive),random,1268,60
Probability Density (naive),random,1269,60
Probability Density (naive),random,1270,44
Probability Density (naive),random,1271,47
Probability Density (naive),random,1272,38
Probability Density (naive),random,1273,48
Probability Density (naive),random,1274,59
Probability Density (naive),random,1275,53
Probability Density (naive),random,1276,50
Probability Density (naive),random,1277,34
Probability Density (naive),random,1278,49
Probability Density (naive),random,1279,49
Probability Density (naive),random,1280,35
Probability Density (naive),random,1281,49
Probability Density (naive),random,1282,49
Probability Density (naive),random,1283,66
Probability Density (naive),random,1284,40
Probability Density (naive),random,1285,44
Probability Density (naive),random,1286,70
Probability Density (naive),random,1287,69
Probability Density (naive),random,1288,38
Probability Density (naive),random,1289,37
Probability Density (naive),random,1290,29
Probability Density (naive),random,1291,43
Probability Density (naive),random,1292,46
Probability Density (naive),random,1293,50
Probability Density (naive),random,1294,65
Probability Density (naive),random,1295,33
Probability Density (naive),random,1296,39
Probability Density (naive),random,1297,44
Probability Density (naive),random,1298,31
Probability Density (naive),random,1299,62
Probability Density (naive),random,1300,36
Probability Density (naive),random,1301,42
Probability Density (naive),random,1302,36
Probability Density (naive),random,1303,55
Probability Density (naive),random,1304,36
Probability Density (naive),random,1305,41
Probability Density (naive),random,1306,44
Probability Density (naive),random,1307,41
Probability Density (naive),random,1308,34
Probability Density (naive),random,1309,30
Probability Density (naive),random,1310,33
Probability Density (naive),random,1311,35
Probability Density (naive),random,1312,33
Probability Density (naive),random,1313,43
Probability Density (naive),random,1314,27
Probability Density (naive),random,1315,45
Probability Density (naive),random,1316,38
Probability Density (naive),random,1317,39
Probability Density (naive),random,1318,49
Probability Density (naive),random,1319,38
Probability Density (naive),random,1320,31
Probability Density (naive),random,1321,27
Probability Density (naive),random,1322,35
Probability Density (naive),random,1323,42
Probability Density (naive),random,1324,59
Probability Density (naive),random,1325,46
Probability Density (naive),random,1326,54
Probability Density (naive),random,1327,47
Probability Density (naive),random,1328,37
Probability Density (naive),random,1329,41
Probability Density (naive),random,1330,52
Probability Density (naive),random,1331,62
Probability Density (naive),random,1332,52
Probability Density (naive),random,1333,40
Probability Density (naive),random,1334,47
Probability Density (naive),random,1335,40
Probability Density (naive),random,1336,49
Probability Density (naive),random,1337,54
Probability Density (naive),random,1338,42
Probability Density (naive),random,1339,66
Probability Density (naive),random,1340,40
Probability Density (naive),random,1341,66
Probability Density (naive),random,1342,56
Probability Density (naive),random,1343,42
Probability Density (naive),random,1344,49
Probability Density (naive),random,1345,39
Probability Density (naive),random,1346,60
Probability Density (naive),random,1347,33
Probability Density (naive),random,1348,58
Probability Density (naive),random,1349,43
Probability Density (naive),random,1350,30
Probability Density (naive),random,1351,35
Probability Density (naive),random,1352,36
Probability Density (naive),random,1353,35
Probability Density (naive),random,1354,37
Probability Density (naive),random,1355,59
Probability Density (naive),random,1356,65
Probability Density (naive),random,1357,47
Probability Density (naive),random,1358,39
Probability Density (naive),random,1359,46
Probability Density (naive),random,1360,44
Probability Density (naive),random,1361,28
Probability Density (naive),random,1362,46
Probability Density (naive),random,1363,51
Probability Density (naive),random,1364,42
Probability Density (naive),random,1365,67
Probability Density (naive),random,1366,41
Probability Density (naive),random,1367,54
Probability Density (naive),random,1368,48
Probability Density (naive),random,1369,40
Probability Density (naive),random,1370,49
Probability Density (naive),random,1371,45
Probability Density (naive),random,1372,30
Probability Density (naive),random,1373,37
Probability Density (naive),random,1374,37
Probability Density (naive),random,1375,44
Probability Density (naive),random,1376,44
Probability Density (naive),random,1377,61
Probability Density (naive),random,1378,41
Probability Density (naive),random,1379,35
Probability Density (naive),random,1380,40
Probability Density (naive),random,1381,37
Probability Density (naive),random,1382,40
Probability Density (naive),random,1383,44
Probability Density (naive),random,1384,46
Probability Density (naive),random,1385,45
Probability Density (naive),random,1386,30
Probability Density (naive),random,1387,46
Probability Density (naive),random,1388,41
Probability Density (naive),random,1389,36
Probability Density (naive),random,1390,37
Probability Density (naive),random,1391,30
Probability Density (naive),random,1392,47
Probability Density (naive),random,1393,44
Probability Density (naive),random,1394,61
Probability Density (naive),random,1395,34
Probability Density (naive),random,1396,42
Probability Density (naive),random,1397,46
Probability Density (naive),random,1398,38
Probability Density (naive),random,1399,68
Probability Density (naive),random,1400,51
Probability Density (naive),random,1401,49
Probability Density (naive),random,1402,52
Probability Density (naive),random,1403,39
Probability Density (naive),random,1404,39
Probability Density (naive),random,1405,41
Probability Density (naive),random,1406,32
Probability Density (naive),random,1407,50
Probability Density (naive),random,1408,43
Probability Density (naive),random,1409,45
Probability Density (naive),random,1410,40
Probability Density (naive),random,1411,34
Probability Density (naive),random,1412,43
Probability Density (naive),random,1413,47
Probability Density (naive),random,1414,38
Probability Density (naive),random,1415,33
Probability Density (naive),random,1416,41
Probability Density (naive),random,1417,49
Probability Density (naive),random,1418,43
Probability Density (naive),random,1419,31
Probability Density (naive),random,1420,57
Probability Density (naive),random,1421,36
Probability Density (naive),random,1422,54
Probability Density (naive),random,1423,68
Probability Density (naive),random,1424,72
Probability Density (naive),random,1425,33
Probability Density (naive),random,1426,41
Probability Density (naive),random,1427,32
Probability Density (naive),random,1428,66
Probability Density (naive),random,1429,28
Probability Density (naive),random,1430,44
Probability Density (naive),random,1431,42
Probability Density (naive),random,1432,31
Probability Density (naive),random,1433,49
Probability Density (naive),random,1434,40
Probability Density (naive),random,1435,47
Probability Density (naive),random,1436,51
Probability Density (naive),random,1437,60
Probability Density (naive),random,1438,61
Probability Density (naive),random,1439,48
Probability Density (naive),random,1440,44
Probability Density (naive),random,1441,41
Probability Density (naive),random,1442,61
Probability Density (naive),random,1443,46
Probability Density (naive),random,1444,46
Probability Density (naive),random,1445,30
Probability Density (naive),random,1446,65
Probability Density (naive),random,1447,60
Probability Density (naive),random,1448,35
Probability Density (naive),random,1449,56
Probability Density (naive),random,1450,52
Probability Density (naive),random,1451,43
Probability Density (naive),random,1452,50
Probability Density (naive),random,1453,40
Probability Density (naive),random,1454,46
Probability Density (naive),random,1455,36
Probability Density (naive),random,1456,35
Probability Density (naive),random,1457,40
Probability Density (naive),random,1458,40
Probability Density (naive),random,1459,52
Probability Density (naive),random,1460,50
Probability Density (naive),random,1461,37
Probability Density (naive),random,1462,48
Probability Density (naive),random,1463,40
Probability Density (naive),random,1464,36
Probability Density (naive),random,1465,62
Probability Density (naive),random,1466,49
Probability Density (naive),random,1467,49
Probability Density (naive),random,1468,39
Probability Density (naive),random,1469,46
Probability Density (naive),random,1470,38
Probability Density (naive),random,1471,66
Probability Density (naive),random,1472,45
Probability Density (naive),random,1473,61
Probability Density (naive),random,1474,63
Probability Density (naive),random,1475,42
Probability Density (naive),random,1476,40
Probability Density (naive),random,1477,41
Probability Density (naive),random,1478,53
Probability Density (naive),random,1479,45
Probability Density (naive),random,1480,44
Probability Density (naive),random,1481,50
Probability Density (naive),random,1482,34
Probability Density (naive),random,1483,43
Probability Density (naive),random,1484,31
Probability Density (naive),random,1485,36
Probability Density (naive),random,1486,42
Probability Density (naive),random,1487,50
Probability Density (naive),random,1488,43
Probability Density (naive),random,1489,36
Probability Density (naive),random,1490,49
Probability Density (naive),random,1491,40
Probability Density (naive),random,1492,37
Probability Density (naive),random,1493,48
Probability Density (naive),random,1494,41
Probability Density (naive),random,1495,33
Probability Density (naive),random,1496,41
Probability Density (naive),random,1497,41
Probability Density (naive),random,1498,31
Probability Density (naive),random,1499,41
Probability Density (naive),edge,0,37
Probability Density (naive),edge,1,54
Probability Density (naive),edge,2,43
Probability Density (naive),edge,3,51
Probability Density (naive),edge,4,41
Probability Density (naive),edge,5,65
Probability Density (naive),edge,6,35
Probability Density (naive),edge,7,54
Probability Density (naive),edge,8,38
Probability Density (naive),edge,9,61
Probability Density (naive),edge,10,54
Probability Density (naive),edge,11,57
Probability Density (naive),edge,12,59
Probability Density (naive),edge,13,64
Probability Density (naive),edge,14,54
Probability Density (naive),edge,15,56
Probability Density (naive),edge,16,57
Probability Density (naive),edge,17,52
Probability Density (naive),edge,18,57
Probability Density (naive),edge,19,43
Probability Density (naive),edge,20,38
Probability Density (naive),edge,21,34
Probability Density (naive),edge,22,50
Probability Density (naive),edge,23,60
Probability Density (naive),edge,24,49
Probability Density (naive),edge,25,35
Probability Density (naive),edge,26,59
Probability Density (naive),edge,27,40
Probability Density (naive),edge,28,56
Probability Density (naive),edge,29,67
Probability Density (naive),edge,30,63
Probability Density (naive),edge,31,64
Probability Density (naive),edge,32,52
Probability Density (naive),edge,33,51
Probability Density (naive),edge,34,59
Probability Density (naive),edge,35,54
Probability Density (naive),edge,36,48
Probability Density (naive),edge,37,46
Probability Density (naive),edge,38,57
Probability Density (naive),edge,39,56
Probability Density (naive),edge,40,73
Probability Density (naive),edge,41,63
Probability Density (naive),edge,42,66
Probability Density (naive),edge,43,34
Probability Density (naive),edge,44,40
Probability Density (naive),edge,45,54
Probability Density (naive),edge,46,49
Probability Density (naive),edge,47,56
Probability Density (naive),edge,48,50
Probability Density (naive),edge,49,39
Probability Density (naive),edge,50,51
Probability Density (naive),edge,51,43
Probability Density (naive),edge,52,54
Probability Density (naive),edge,53,33
Probability Density (naive),edge,54,41
Probability Density (naive),edge,55,53
Probability Density (naive),edge,56,48
Probability Density (naive),edge,57,52
Probability Density (naive),edge,58,39
Probability Density (naive),edge,59,61
Probability Density (naive),edge,60,57
Probability Density (naive),edge,61,50
Probability Density (naive),edge,62,54
Probability Density (naive),edge,63,57
Probability Density (naive),edge,64,52
Probability Density (naive),edge,65,61
Probability Density (naive),edge,66,39
Probability Density (naive),edge,67,52
Probability Density (naive),edge,68,39
Probability Density (naive),edge,69,56
Probability Density (naive),edge,70,53
Probability Density (naive),edge,71,46
Probability Density (naive),edge,72,41
Probability Density (naive),edge,73,40
Probability Density (naive),edge,74,55
Probability Density (naive),edge,75,43
Probability Density (naive),edge,76,62
Probability Density (naive),edge,77,55
Probability Density (naive),edge,78,55
Probability Density (naive),edge,79,58
Probability Density (naive),edge,80,56
Probability Density (naive),edge,81,51
Probability Density (naive),edge,82,62
Probability Density (naive),edge,83,47
Probability Density (naive),edge,84,54
Probability Density (naive),edge,85,62
Probability Density (naive),edge,86,44
Probability Density (naive),edge,87,53
Probability Density (naive),edge,88,56
Probability Density (naive),edge,89,57
Probability Density (naive),edge,90,42
Probability Density (naive),edge,91,57
Probability Density (naive),edge,92,54
Probability Density (naive),edge,93,55
Probability Density (naive),edge,94,49
Probability Density (naive),edge,95,60
Probability Density (naive),edge,96,54
Probability Density (naive),edge,97,48
Probability Density (naive),edge,98,50
Probability Density (naive),edge,99,58
Probability Density (naive),edge,100,56
Probability Density (naive),edge,101,45
Probability Density (naive),edge,102,52
Probability Density (naive),edge,103,54
Probability Density (naive),edge,104,53
Probability Density (naive),edge,105,43
Probability Density (naive),edge,106,60
Probability Density (naive),edge,107,52
Probability Density (naive),edge,108,61
Probability Density (naive),edge,109,53
Probability Density (naive),edge,110,37
Probability Density (naive),edge,111,42
Probability Density (naive),edge,112,46
Probability Density (naive),edge,113,44
Probability Density (naive),edge,114,56
Probability Density (naive),edge,115,53
Probability Density (naive),edge,116,58
Probability Density (naive),edge,117,65
Probability Density (naive),edge,118,39
Probability Density (naive),edge,119,41
Probability Density (naive),edge,120,52
Probability Density (naive),edge,121,61
Probability Density (naive),edge,122,56
Probability Density (naive),edge,123,39
Probability Density (naive),edge,124,43
Probability Density (naive),edge,125,52
Probability Density (naive),edge,126,54
Probability Density (naive),edge,127,51
Probability Density (naive),edge,128,59
Probability Density (naive),edge,129,36
Probability Density (naive),edge,130,38
Probability Density (naive),edge,131,49
Probability Density (naive),edge,132,51
Probability Density (naive),edge,133,63
Probability Density (naive),edge,134,62
Probability Density (naive),edge,135,43
Probability Density (naive),edge,136,68
Probability Density (naive),edge,137,44
Probability Density (naive),edge,138,55
Probability Density (naive),edge,139,56
Probability Density (naive),edge,140,39
Probability Density (naive),edge,141,39
Probability Density (naive),edge,142,58
Probability Density (naive),edge,143,50
Probability Density (naive),edge,144,60
Probability Density (naive),edge,145,44
Probability Density (naive),edge,146,59
Probability Density (naive),edge,147,54
Probability Density (naive),edge,148,61
Probability Density (naive),edge,149,44
Probability Density (naive),edge,150,59
Probability Density (naive),edge,151,62
Probability Density (naive),edge,152,54
Probability Density (naive),edge,153,62
Probability Density (naive),edge,154,70
Probability Density (naive),edge,155,55
Probability Density (naive),edge,156,69
Probability Density (naive),edge,157,54
Probability Density (naive),edge,158,39
Probability Density (naive),edge,159,60
Probability Density (naive),edge,160,34
Probability Density (naive),edge,161,58
Probability Density (naive),edge,162,42
Probability Density (naive),edge,163,47
Probability Density (naive),edge,164,65
Probability Density (naive),edge,165,50
Probability Density (naive),edge,166,53
Probability Density (naive),edge,167,61
Probability Density (naive),edge,168,42
Probability Density (naive),edge,169,62
Probability Density (naive),edge,170,61
Probability Density (naive),edge,171,52
Probability Density (naive),edge,172,55
Probability Density (naive),edge,173,57
Probability Density (naive),edge,174,42
Probability Density (naive),edge,175,63
Probability Density (naive),edge,176,55
Probability Density (naive),edge,177,49
Probability Density (naive),edge,178,41
Probability Density (naive),edge,179,37
Probability Density (naive),edge,180,68
Probability Density (naive),edge,181,44
Probability Density (naive),edge,182,40
Probability Density (naive),edge,183,46
Probability Density (naive),edge,184,58
Probability Density (naive),edge,185,64
Probability Density (naive),edge,186,35
Probability Density (naive),edge,187,55
Probability Density (naive),edge,188,63
Probability Density (naive),edge,189,55
Probability Density (naive),edge,190,43
Probability Density (naive),edge,191,51
Probability Density (naive),edge,192,43
Probability Density (naive),edge,193,67
Probability Density (naive),edge,194,69
Probability Density (naive),edge,195,54
Probability Density (naive),edge,196,53
Probability Density (naive),edge,197,61
Probability Density (naive),edge,198,36
Probability Density (naive),edge,199,36
Probability Density (naive),edge,200,54
Probability Density (naive),edge,201,59
Probability Density (naive),edge,202,63
Probability Density (naive),edge,203,43
Probability Density (naive),edge,204,40
Probability Density (naive),edge,205,39
Probability Density (naive),edge,206,51
Probability Density (naive),edge,207,51
Probability Density (naive),edge,208,39
Probability Density (naive),edge,209,53
Probability Density (naive),edge,210,51
Probability Density (naive),edge,211,57
Probability Density (naive),edge,212,42
Probability Density (naive),edge,213,40
Probability Density (naive),edge,214,43
Probability Density (naive),edge,215,62
Probability Density (naive),edge,216,42
Probability Density (naive),edge,217,34
Probability Density (naive),edge,218,54
Probability Density (naive),edge,219,53
Probability Density (naive),edge,220,60
Probability Density (naive),edge,221,38
Probability Density (naive),edge,222,39
Probability Density (naive),edge,223,56
Probability Density (naive),edge,224,56
Probability Density (naive),edge,225,38
Probability Density (naive),edge,226,46
Probability Density (naive),edge,227,70
Probability Density (naive),edge,228,34
Probability Density (naive),edge,229,49
Probability Density (naive),edge,230,48
Probability Density (naive),edge,231,45
Probability Density (naive),edge,232,51
Probability Density (naive),edge,233,70
Probability Density (naive),edge,234,59
Probability Density (naive),edge,235,53
Probability Density (naive),edge,236,42
Probability Density (naive),edge,237,47
Probability Density (naive),edge,238,42
Probability Density (naive),edge,239,51
Probability Density (naive),edge,240,64
Probability Density (naive),edge,241,59
Probability Density (naive),edge,242,53
Probability Density (naive),edge,243,59
Probability Density (naive),edge,244,51
Probability Density (naive),edge,245,46
Probability Density (naive),edge,246,61
Probability Density (naive),edge,247,64
Probability Density (naive),edge,248,54
Probability Density (naive),edge,249,62
Probability Density (naive),edge,250,41
Probability Density (naive),edge,251,46
Probability Density (naive),edge,252,60
Probability Density (naive),edge,253,55
Probability Density (naive),edge,254,60
Probability Density (naive),edge,255,59
Probability Density (naive),edge,256,55
Probability Density (naive),edge,257,57
Probability Density (naive),edge,258,42
Probability Density (naive),edge,259,56
Probability Density (naive),edge,260,57
Probability Density (naive),edge,261,45
Probability Density (naive),edge,262,47
Probability Density (naive),edge,263,60
Probability Density (naive),edge,264,49
Probability Density (naive),edge,265,49
Probability Density (naive),edge,266,63
Probability Density (naive),edge,267,55
Probability Density (naive),edge,268,40
Probability Density (naive),edge,269,47
Probability Density (naive),edge,270,63
Probability Density (naive),edge,271,55
Probability Density (naive),edge,272,58
Probability Density (naive),edge,273,38
Probability Density (naive),edge,274,62
Probability Density (naive),edge,275,53
Probability Density (naive),edge,276,46
Probability Density (naive),edge,277,59
Probability Density (naive),edge,278,55
Probability Density (naive),edge,279,54
Probability Density (naive),edge,280,52
Probability Density (naive),edge,281,36
Probability Density (naive),edge,282,54
Probability Density (naive),edge,283,54
Probability Density (naive),edge,284,41
Probability Density (naive),edge,285,47
Probability Density (naive),edge,286,54
Probability Density (naive),edge,287,63
Probability Density (naive),edge,288,52
Probability Density (naive),edge,289,41
Probability Density (naive),edge,290,53
Probability Density (naive),edge,291,54
Probability Density (naive),edge,292,35
Probability Density (naive),edge,293,55
Probability Density (naive),edge,294,66
Probability Density (naive),edge,295,48
Probability Density (naive),edge,296,53
Probability Density (naive),edge,297,52
Probability Density (naive),edge,298,47
Probability Density (naive),edge,299,60
Probability Density (naive),edge,300,61
Probability Density (naive),edge,301,41
Probability Density (naive),edge,302,61
Probability Density (naive),edge,303,55
Probability Density (naive),edge,304,53
Probability Density (naive),edge,305,63
Probability Density (naive),edge,306,41
Probability Density (naive),edge,307,62
Probability Density (naive),edge,308,41
Probability Density (naive),edge,309,37
Probability Density (naive),edge,310,57
Probability Density (naive),edge,311,52
Probability Density (naive),edge,312,49
Probability Density (naive),edge,313,39
Probability Density (naive),edge,314,52
Probability Density (naive),edge,315,51
Probability Density (naive),edge,316,60
Probability Density (naive),edge,317,55
Probability Density (naive),edge,318,59
Probability Density (naive),edge,319,54
Probability Density (naive),edge,320,52
Probability Density (naive),edge,321,49
Probability Density (naive),edge,322,64
Probability Density (naive),edge,323,52
Probability Density (naive),edge,324,52
Probability Density (naive),edge,325,54
Probability Density (naive),edge,326,52
Probability Density (naive),edge,327,57
Probability Density (naive),edge,328,38
Probability Density (naive),edge,329,59
Probability Density (naive),edge,330,58
Probability Density (naive),edge,331,65
Probability Density (naive),edge,332,59
Probability Density (naive),edge,333,41
Probability Density (naive),edge,334,44
Probability Density (naive),edge,335,54
Probability Density (naive),edge,336,42
Probability Density (naive),edge,337,39
Probability Density (naive),edge,338,38
Probability Density (naive),edge,339,62
Probability Density (naive),edge,340,38
Probability Density (naive),edge,341,48
Probability Density (naive),edge,342,57
Probability Density (naive),edge,343,47
Probability Density (naive),edge,344,58
Probability Density (naive),edge,345,62
Probability Density (naive),edge,346,55
Probability Density (naive),edge,347,36
Probability Density (naive),edge,348,65
Probability Density (naive),edge,349,64
Probability Density (naive),edge,350,50
Probability Density (naive),edge,351,48
Probability Density (naive),edge,352,38
Probability Density (naive),edge,353,33
Probability Density (naive),edge,354,55
Probability Density (naive),edge,355,42
Probability Density (naive),edge,356,39
Probability Density (naive),edge,357,58
Probability Density (naive),edge,358,41
Probability Density (naive),edge,359,41
Probability Density (naive),edge,360,43
Probability Density (naive),edge,361,60
Probability Density (naive),edge,362,59
Probability Density (naive),edge,363,50
Probability Density (naive),edge,364,38
Probability Density (naive),edge,365,51
Probability Density (naive),edge,366,51
Probability Density (naive),edge,367,53
Probability Density (naive),edge,368,42
Probability Density (naive),edge,369,45
Probability Density (naive),edge,370,54
Probability Density (naive),edge,371,53
Probability Density (naive),edge,372,62
Probability Density (naive),edge,373,53
Probability Density (naive),edge,374,42
Probability Density (naive),edge,375,60
Probability Density (naive),edge,376,45
Probability Density (naive),edge,377,54
Probability Density (naive),edge,378,33
Probability Density (naive),edge,379,54
Probability Density (naive),edge,380,39
Probability Density (naive),edge,381,51
Probability Density (naive),edge,382,52
Probability Density (naive),edge,383,61
Probability Density (naive),edge,384,68
Probability Density (naive),edge,385,51
Probability Density (naive),edge,386,59
Probability Density (naive),edge,387,54
Probability Density (naive),edge,388,49
Probability Density (naive),edge,389,61
Probability Density (naive),edge,390,42
Probability Density (naive),edge,391,59
Probability Density (naive),edge,392,54
Probability Density (naive),edge,393,57
Probability Density (naive),edge,394,58
Probability Density (naive),edge,395,55
Probability Density (naive),edge,396,59
Probability Density (naive),edge,397,52
Probability Density (naive),edge,398,53
Probability Density (naive),edge,399,54
Probability Density (naive),edge,400,60
Probability Density (naive),edge,401,36
Probability Density (naive),edge,402,54
Probability Density (naive),edge,403,67
Probability Density (naive),edge,404,39
Probability Density (naive),edge,405,37
Probability Density (naive),edge,406,32
Probability Density (naive),edge,407,55
Probability Density (naive),edge,408,45
Probability Density (naive),edge,409,61
Probability Density (naive),edge,410,54
Probability Density (naive),edge,411,53
Probability Density (naive),edge,412,63
Probability Density (naive),edge,413,54
Probability Density (naive),edge,414,50
Probability Density (naive),edge,415,51
Probability Density (naive),edge,416,62
Probability Density (naive),edge,417,43
Probability Density (naive),edge,418,36
Probability Density (naive),edge,419,48
Probability Density (naive),edge,420,41
Probability Density (naive),edge,421,56
Probability Density (naive),edge,422,57
Probability Density (naive),edge,423,62
Probability Density (naive),edge,424,38
Probability Density (naive),edge,425,65
Probability Density (naive),edge,426,55
Probability Density (naive),edge,427,37
Probability Density (naive),edge,428,64
Probability Density (naive),edge,429,54
Probability Density (naive),edge,430,33
Probability Density (naive),edge,431,44
Probability Density (naive),edge,432,59
Probability Density (naive),edge,433,59
Probability Density (naive),edge,434,58
Probability Density (naive),edge,435,66
Probability Density (naive),edge,436,55
Probability Density (naive),edge,437,68
Probability Density (naive),edge,438,50
Probability Density (naive),edge,439,39
Probability Density (naive),edge,440,59
Probability Density (naive),edge,441,40
Probability Density (naive),edge,442,54
Probability Density (naive),edge,443,57
Probability Density (naive),edge,444,59
Probability Density (naive),edge,445,49
Probability Density (naive),edge,446,62
Probability Density (naive),edge,447,40
Probability Density (naive),edge,448,54
Probability Density (naive),edge,449,52
Probability Density (naive),edge,450,51
Probability Density (naive),edge,451,53
Probability Density (naive),edge,452,51
Probability Density (naive),edge,453,46
Probability Density (naive),edge,454,35
Probability Density (naive),edge,455,54
Probability Density (naive),edge,456,63
Probability Density (naive),edge,457,60
Probability Density (naive),edge,458,55
Probability Density (naive),edge,459,40
Probability Density (naive),edge,460,58
Probability Density (naive),edge,461,52
Probability Density (naive),edge,462,50
Probability Density (naive),edge,463,55
Probability Density (naive),edge,464,52
Probability Density (naive),edge,465,63
Probability Density (naive),edge,466,38
Probability Density (naive),edge,467,52
Probability Density (naive),edge,468,42
Probability Density (naive),edge,469,53
Probability Density (naive),edge,470,56
Probability Density (naive),edge,471,38
Probability Density (naive),edge,472,62
Probability Density (naive),edge,473,65
Probability Density (naive),edge,474,46
Probability Density (naive),edge,475,48
Probability Density (naive),edge,476,46
Probability Density (naive),edge,477,54
Probability Density (naive),edge,478,39
Probability Density (naive),edge,479,39
Probability Density (naive),edge,480,61
Probability Density (naive),edge,481,58
Probability Density (naive),edge,482,62
Probability Density (naive),edge,483,43
Probability Density (naive),edge,484,56
Probability Density (naive),edge,485,54
Probability Density (naive),edge,486,61
Probability Density (naive),edge,487,39
Probability Density (naive),edge,488,56
Probability Density (naive),edge,489,50
Probability Density (naive),edge,490,68
Probability Density (naive),edge,491,52
Probability Density (naive),edge,492,40
Probability Density (naive),edge,493,61
Probability Density (naive),edge,494,58
Probability Density (naive),edge,495,52
Probability Density (naive),edge,496,33
Probability Density (naive),edge,497,62
Probability Density (naive),edge,498,39
Probability Density (naive),edge,499,42
Probability Density (naive),edge,500,46
Probability Density (naive),edge,501,45
Probability Density (naive),edge,502,48
Probability Density (naive),edge,503,55
Probability Density (naive),edge,504,55
Probability Density (naive),edge,505,51
Probability Density (naive),edge,506,44
Probability Density (naive),edge,507,51
Probability Density (naive),edge,508,41
Probability Density (naive),edge,509,40
Probability Density (naive),edge,510,58
Probability Density (naive),edge,511,49
Probability Density (naive),edge,512,40
Probability Density (naive),edge,513,61
Probability Density (naive),edge,514,69
Probability Density (naive),edge,515,59
Probability Density (naive),edge,516,43
Probability Density (naive),edge,517,44
Probability Density (naive),edge,518,53
Probability Density (naive),edge,519,61
Probability Density (naive),edge,520,60
Probability Density (naive),edge,521,40
Probability Density (naive),edge,522,40
Probability Density (naive),edge,523,37
Probability Density (naive),edge,524,56
Probability Density (naive),edge,525,41
Probability Density (naive),edge,526,58
Probability Density (naive),edge,527,60
Probability Density (naive),edge,528,41
Probability Density (naive),edge,529,60
Probability Density (naive),edge,530,41
Probability Density (naive),edge,531,58
Probability Density (naive),edge,532,54
Probability Density (naive),edge,533,53
Probability Density (naive),edge,534,62
Probability Density (naive),edge,535,56
Probability Density (naive),edge,536,38
Probability Density (naive),edge,537,68
Probability Density (naive),edge,538,43
Probability Density (naive),edge,539,45
Probability Density (naive),edge,540,51
Probability Density (naive),edge,541,56
Probability Density (naive),edge,542,40
Probability Density (naive),edge,543,60
Probability Density (naive),edge,544,54
Probability Density (naive),edge,545,52
Probability Density (naive),edge,546,53
Probability Density (naive),edge,547,57
Probability Density (naive),edge,548,60
Probability Density (naive),edge,549,54
Probability Density (naive),edge,550,48
Probability Density (naive),edge,551,39
Probability Density (naive),edge,552,47
Probability Density (naive),edge,553,69
Probability Density (naive),edge,554,57
Probability Density (naive),edge,555,57
Probability Density (naive),edge,556,62
Probability Density (naive),edge,557,48
Probability Density (naive),edge,558,51
Probability Density (naive),edge,559,54
Probability Density (naive),edge,560,36
Probability Density (naive),edge,561,55
Probability Density (naive),edge,562,55
Probability Density (naive),edge,563,54
Probability Density (naive),edge,564,55
Probability Density (naive),edge,565,52
Probability Density (naive),edge,566,47
Probability Density (naive),edge,567,58
Probability Density (naive),edge,568,66
Probability Density (naive),edge,569,41
Probability Density (naive),edge,570,52
Probability Density (naive),edge,571,41
Probability Density (naive),edge,572,56
Probability Density (naive),edge,573,61
Probability Density (naive),edge,574,56
Probability Density (naive),edge,575,41
Probability Density (naive),edge,576,42
Probability Density (naive),edge,577,41
Probability Density (naive),edge,578,61
Probability Density (naive),edge,579,44
Probability Density (naive),edge,580,73
Probability Density (naive),edge,581,51
Probability Density (naive),edge,582,38
Probability Density (naive),edge,583,60
Probability Density (naive),edge,584,38
Probability Density (naive),edge,585,47
Probability Density (naive),edge,586,39
Probability Density (naive),edge,587,40
Probability Density (naive),edge,588,61
Probability Density (naive),edge,589,40
Probability Density (naive),edge,590,39
Probability Density (naive),edge,591,58
Probability Density (naive),edge,592,42
Probability Density (naive),edge,593,41
Probability Density (naive),edge,594,41
Probability Density (naive),edge,595,42
Probability Density (naive),edge,596,41
Probability Density (naive),edge,597,62
Probability Density (naive),edge,598,54
Probability Density (naive),edge,599,41
Probability Density (naive),edge,600,55
Probability Density (naive),edge,601,68
Probability Density (naive),edge,602,62
Probability Density (naive),edge,603,56
Probability Density (naive),edge,604,57
Probability Density (naive),edge,605,52
Probability Density (naive),edge,606,57
Probability Density (naive),edge,607,50
Probability Density (naive),edge,608,57
Probability Density (naive),edge,609,49
Probability Density (naive),edge,610,62
Probability Density (naive),edge,611,70
Probability Density (naive),edge,612,56
Probability Density (naive),edge,613,60
Probability Density (naive),edge,614,64
Probability Density (naive),edge,615,49
Probability Density (naive),edge,616,57
Probability Density (naive),edge,617,53
Probability Density (naive),edge,618,52
Probability Density (naive),edge,619,37
Probability Density (naive),edge,620,46
Probability Density (naive),edge,621,40
Probability Density (naive),edge,622,45
Probability Density (naive),edge,623,51
Probability Density (naive),edge,624,62
Probability Density (naive),edge,625,49
Probability Density (naive),edge,626,55
Probability Density (naive),edge,627,38
Probability Density (naive),edge,628,55
Probability Density (naive),edge,629,61
Probability Density (naive),edge,630,56
Probability Density (naive),edge,631,61
Probability Density (naive),edge,632,49
Probability Density (naive),edge,633,62
Probability Density (naive),edge,634,42
Probability Density (naive),edge,635,62
Probability Density (naive),edge,636,60
Probability Density (naive),edge,637,57
Probability Density (naive),edge,638,40
Probability Density (naive),edge,639,53
Probability Density (naive),edge,640,39
Probability Density (naive),edge,641,49
Probability Density (naive),edge,642,55
Probability Density (naive),edge,643,50
Probability Density (naive),edge,644,65
Probability Density (naive),edge,645,60
Probability Density (naive),edge,646,51
Probability Density (naive),edge,647,35
Probability Density (naive),edge,648,56
Probability Density (naive),edge,649,54
Probability Density (naive),edge,650,50
Probability Density (naive),edge,651,64
Probability Density (naive),edge,652,38
Probability Density (naive),edge,653,40
Probability Density (naive),edge,654,61
Probability Density (naive),edge,655,59
Probability Density (naive),edge,656,62
Probability Density (naive),edge,657,41
Probability Density (naive),edge,658,54
Probability Density (naive),edge,659,58
Probability Density (naive),edge,660,49
Probability Density (naive),edge,661,41
Probability Density (naive),edge,662,58
Probability Density (naive),edge,663,62
Probability Density (naive),edge,664,56
Probability Density (naive),edge,665,54
Probability Density (naive),edge,666,59
Probability Density (naive),edge,667,37
Probability Density (naive),edge,668,52
Probability Density (naive),edge,669,42
Probability Density (naive),edge,670,59
Probability Density (naive),edge,671,55
Probability Density (naive),edge,672,54
Probability Density (naive),edge,673,56
Probability Density (naive),edge,674,46
Probability Density (naive),edge,675,44
Probability Density (naive),edge,676,57
Probability Density (naive),edge,677,47
Probability Density (naive),edge,678,55
Probability Density (naive),edge,679,69
Probability Density (naive),edge,680,51
Probability Density (naive),edge,681,52
Probability Density (naive),edge,682,68
Probability Density (naive),edge,683,46
Probability Density (naive),edge,684,58
Probability Density (naive),edge,685,55
Probability Density (naive),edge,686,70
Probability Density (naive),edge,687,48
Probability Density (naive),edge,688,53
Probability Density (naive),edge,689,40
Probability Density (naive),edge,690,38
Probability Density (naive),edge,691,54
Probability Density (naive),edge,692,39
Probability Density (naive),edge,693,40
Probability Density (naive),edge,694,43
Probability Density (naive),edge,695,54
Probability Density (naive),edge,696,57
Probability Density (naive),edge,697,53
Probability Density (naive),edge,698,54
Probability Density (naive),edge,699,54
Probability Density (naive),edge,700,55
Probability Density (naive),edge,701,50
Probability Density (naive),edge,702,57
Probability Density (naive),edge,703,48
Probability Density (naive),edge,704,53
Probability Density (naive),edge,705,50
Probability Density (naive),edge,706,42
Probability Density (naive),edge,707,54
Probability Density (naive),edge,708,61
Probability Density (naive),edge,709,57
Probability Density (naive),edge,710,61
Probability Density (naive),edge,711,44
Probability Density (naive),edge,712,55
Probability Density (naive),edge,713,56
Probability Density (naive),edge,714,61
Probability Density (naive),edge,715,50
Probability Density (naive),edge,716,59
Probability Density (naive),edge,717,56
Probability Density (naive),edge,718,54
Probability Density (naive),edge,719,35
Probability Density (naive),edge,720,62
Probability Density (naive),edge,721,43
Probability Density (naive),edge,722,38
Probability Density (naive),edge,723,38
Probability Density (naive),edge,724,50
Probability Density (naive),edge,725,42
Probability Density (naive),edge,726,60
Probability Density (naive),edge,727,38
Probability Density (naive),edge,728,40
Probability Density (naive),edge,729,47
Probability Density (naive),edge,730,38
Probability Density (naive),edge,731,58
Probability Density (naive),edge,732,52
Probability Density (naive),edge,733,41
Probability Density (naive),edge,734,54
Probability Density (naive),edge,735,66
Probability Density (naive),edge,736,38
Probability Density (naive),edge,737,49
Probability Density (naive),edge,738,63
Probability Density (naive),edge,739,61
Probability Density (naive),edge,740,34
Probability Density (naive),edge,741,41
Probability Density (naive),edge,742,64
Probability Density (naive),edge,743,51
Probability Density (naive),edge,744,60
Probability Density (naive),edge,745,51
Probability Density (naive),edge,746,40
Probability Density (naive),edge,747,60
Probability Density (naive),edge,748,61
Probability Density (naive),edge,749,36
Probability Density (naive),edge,750,64
Probability Density (naive),edge,751,57
Probability Density (naive),edge,752,39
Probability Density (naive),edge,753,54
Probability Density (naive),edge,754,40
Probability Density (naive),edge,755,39
Probability Density (naive),edge,756,50
Probability Density (naive),edge,757,41
Probability Density (naive),edge,758,55
Probability Density (naive),edge,759,56
Probability Density (naive),edge,760,63
Probability Density (naive),edge,761,51
Probability Density (naive),edge,762,53
Probability Density (naive),edge,763,52
Probability Density (naive),edge,764,61
Probability Density (naive),edge,765,41
Probability Density (naive),edge,766,39
Probability Density (naive),edge,767,58
Probability Density (naive),edge,768,52
Probability Density (naive),edge,769,60
Probability Density (naive),edge,770,40
Probability Density (naive),edge,771,40
Probability Density (naive),edge,772,42
Probability Density (naive),edge,773,49
Probability Density (naive),edge,774,38
Probability Density (naive),edge,775,55
Probability Density (naive),edge,776,60
Probability Density (naive),edge,777,60
Probability Density (naive),edge,778,47
Probability Density (naive),edge,779,38
Probability Density (naive),edge,780,39
Probability Density (naive),edge,781,49
Probability Density (naive),edge,782,54
Probability Density (naive),edge,783,54
Probability Density (naive),edge,784,55
Probability Density (naive),edge,785,53
Probability Density (naive),edge,786,52
Probability Density (naive),edge,787,53
Probability Density (naive),edge,788,69
Probability Density (naive),edge,789,47
Probability Density (naive),edge,790,55
Probability Density (naive),edge,791,49
Probability Density (naive),edge,792,42
Probability Density (naive),edge,793,61
Probability Density (naive),edge,794,58
Probability Density (naive),edge,795,52
Probability Density (naive),edge,796,53
Probability Density (naive),edge,797,42
Probability Density (naive),edge,798,51
Probability Density (naive),edge,799,61
Probability Density (naive),edge,800,42
Probability Density (naive),edge,801,43
Probability Density (naive),edge,802,46
Probability Density (naive),edge,803,54
Probability Density (naive),edge,804,48
Probability Density (naive),edge,805,62
Probability Density (naive),edge,806,55
Probability Density (naive),edge,807,54
Probability Density (naive),edge,808,55
Probability Density (naive),edge,809,54
Probability Density (naive),edge,810,33
Probability Density (naive),edge,811,68
Probability Density (naive),edge,812,52
Probability Density (naive),edge,813,42
Probability Density (naive),edge,814,44
Probability Density (naive),edge,815,57
Probability Density (naive),edge,816,57
Probability Density (naive),edge,817,54
Probability Density (naive),edge,818,39
Probability Density (naive),edge,819,54
Probability Density (naive),edge,820,45
Probability Density (naive),edge,821,48
Probability Density (naive),edge,822,42
Probability Density (naive),edge,823,59
Probability Density (naive),edge,824,51
Probability Density (naive),edge,825,55
Probability Density (naive),edge,826,54
Probability Density (naive),edge,827,37
Probability Density (naive),edge,828,59
Probability Density (naive),edge,829,51
Probability Density (naive),edge,830,38
Probability Density (naive),edge,831,58
Probability Density (naive),edge,832,59
Probability Density (naive),edge,833,55
Probability Density (naive),edge,834,58
Probability Density (naive),edge,835,54
Probability Density (naive),edge,836,61
Probability Density (naive),edge,837,57
Probability Density (naive),edge,838,53
Probability Density (naive),edge,839,58
Probability Density (naive),edge,840,62
Probability Density (naive),edge,841,60
Probability Density (naive),edge,842,50
Probability Density (naive),edge,843,38
Probability Density (naive),edge,844,40
Probability Density (naive),edge,845,54
Probability Density (naive),edge,846,54
Probability Density (naive),edge,847,54
Probability Density (naive),edge,848,57
Probability Density (naive),edge,849,36
Probability Density (naive),edge,850,43
Probability Density (naive),edge,851,54
Probability Density (naive),edge,852,51
Probability Density (naive),edge,853,62
Probability Density (naive),edge,854,40
Probability Density (naive),edge,855,33
Probability Density (naive),edge,856,57
Probability Density (naive),edge,857,61
Probability Density (naive),edge,858,50
Probability Density (naive),edge,859,49
Probability Density (naive),edge,860,46
Probability Density (naive),edge,861,54
Probability Density (naive),edge,862,49
Probability Density (naive),edge,863,43
Probability Density (naive),edge,864,43
Probability Density (naive),edge,865,61
Probability Density (naive),edge,866,44
Probability Density (naive),edge,867,43
Probability Density (naive),edge,868,51
Probability Density (naive),edge,869,34
Probability Density (naive),edge,870,53
Probability Density (naive),edge,871,64
Probability Density (naive),edge,872,40
Probability Density (naive),edge,873,60
Probability Density (naive),edge,874,55
Probability Density (naive),edge,875,53
Probability Density (naive),edge,876,50
Probability Density (naive),edge,877,38
Probability Density (naive),edge,878,56
Probability Density (naive),edge,879,46
Probability Density (naive),edge,880,44
Probability Density (naive),edge,881,60
Probability Density (naive),edge,882,33
Probability Density (naive),edge,883,40
Probability Density (naive),edge,884,56
Probability Density (naive),edge,885,55
Probability Density (naive),edge,886,52
Probability Density (naive),edge,887,59
Probability Density (naive),edge,888,53
Probability Density (naive),edge,889,43
Probability Density (naive),edge,890,53
Probability Density (naive),edge,891,55
Probability Density (naive),edge,892,35
Probability Density (naive),edge,893,62
Probability Density (naive),edge,894,53
Probability Density (naive),edge,895,58
Probability Density (naive),edge,896,41
Probability Density (naive),edge,897,36
Probability Density (naive),edge,898,56
Probability Density (naive),edge,899,71
Probability Density (naive),edge,900,55
Probability Density (naive),edge,901,62
Probability Density (naive),edge,902,66
Probability Density (naive),edge,903,53
Probability Density (naive),edge,904,59
Probability Density (naive),edge,905,60
Probability Density (naive),edge,906,61
Probability Density (naive),edge,907,42
Probability Density (naive),edge,908,54
Probability Density (naive),edge,909,43
Probability Density (naive),edge,910,49
Probability Density (naive),edge,911,59
Probability Density (naive),edge,912,59
Probability Density (naive),edge,913,54
Probability Density (naive),edge,914,54
Probability Density (naive),edge,915,61
Probability Density (naive),edge,916,51
Probability Density (naive),edge,917,53
Probability Density (naive),edge,918,54
Probability Density (naive),edge,919,40
Probability Density (naive),edge,920,63
Probability Density (naive),edge,921,36
Probability Density (naive),edge,922,53
Probability Density (naive),edge,923,49
Probability Density (naive),edge,924,66
Probability Density (naive),edge,925,40
Probability Density (naive),edge,926,50
Probability Density (naive),edge,927,67
Probability Density (naive),edge,928,50
Probability Density (naive),edge,929,39
Probability Density (naive),edge,930,60
Probability Density (naive),edge,931,43
Probability Density (naive),edge,932,47
Probability Density (naive),edge,933,54
Probability Density (naive),edge,934,54
Probability Density (naive),edge,935,59
Probability Density (naive),edge,936,55
Probability Density (naive),edge,937,57
Probability Density (naive),edge,938,51
Probability Density (naive),edge,939,53
Probability Density (naive),edge,940,48
Probability Density (naive),edge,941,36
Probability Density (naive),edge,942,49
Probability Density (naive),edge,943,36
Probability Density (naive),edge,944,53
Probability Density (naive),edge,945,61
Probability Density (naive),edge,946,55
Probability Density (naive),edge,947,57
Probability Density (naive),edge,948,44
Probability Density (naive),edge,949,72
Probability Density (naive),edge,950,51
Probability Density (naive),edge,951,61
Probability Density (naive),edge,952,59
Probability Density (naive),edge,953,47
Probability Density (naive),edge,954,40
Probability Density (naive),edge,955,54
Probability Density (naive),edge,956,58
Probability Density (naive),edge,957,53
Probability Density (naive),edge,958,40
Probability Density (naive),edge,959,41
Probability Density (naive),edge,960,53
Probability Density (naive),edge,961,55
Probability Density (naive),edge,962,57
Probability Density (naive),edge,963,45
Probability Density (naive),edge,964,61
Probability Density (naive),edge,965,39
Probability Density (naive),edge,966,53
Probability Density (naive),edge,967,36
Probability Density (naive),edge,968,46
Probability Density (naive),edge,969,54
Probability Density (naive),edge,970,50
Probability Density (naive),edge,971,40
Probability Density (naive),edge,972,50
Probability Density (naive),edge,973,42
Probability Density (naive),edge,974,64
Probability Density (naive),edge,975,36
Probability Density (naive),edge,976,65
Probability Density (naive),edge,977,62
Probability Density (naive),edge,978,42
Probability Density (naive),edge,979,50
Probability Density (naive),edge,980,54
Probability Density (naive),edge,981,62
Probability Density (naive),edge,982,63
Probability Density (naive),edge,983,56
Probability Density (naive),edge,984,58
Probability Density (naive),edge,985,54
Probability Density (naive),edge,986,60
Probability Density (naive),edge,987,59
Probability Density (naive),edge,988,60
Probability Density (naive),edge,989,42
Probability Density (naive),edge,990,39
Probability Density (naive),edge,991,39
Probability Density (naive),edge,992,52
Probability Density (naive),edge,993,61
Probability Density (naive),edge,994,51
Probability Density (naive),edge,995,69
Probability Density (naive),edge,996,58
Probability Density (naive),edge,997,55
Probability Density (naive),edge,998,49
Probability Density (naive),edge,999,58
Probability Density (naive),edge,1000,62
Probability Density (naive),edge,1001,43
Probability Density (naive),edge,1002,41
Probability Density (naive),edge,1003,54
Probability Density (naive),edge,1004,55
Probability Density (naive),edge,1005,56
Probability Density (naive),edge,1006,43
Probability Density (naive),edge,1007,58
Probability Density (naive),edge,1008,37
Probability Density (naive),edge,1009,53
Probability Density (naive),edge,1010,51
Probability Density (naive),edge,1011,59
Probability Density (naive),edge,1012,63
Probability Density (naive),edge,1013,56
Probability Density (naive),edge,1014,42
Probability Density (naive),edge,1015,53
Probability Density (naive),edge,1016,50
Probability Density (naive),edge,1017,62
Probability Density (naive),edge,1018,52
Probability Density (naive),edge,1019,54
Probability Density (naive),edge,1020,53
Probability Density (naive),edge,1021,62
Probability Density (naive),edge,1022,36
Probability Density (naive),edge,1023,50
Probability Density (naive),edge,1024,60
Probability Density (naive),edge,1025,53
Probability Density (naive),edge,1026,35
Probability Density (naive),edge,1027,53
Probability Density (naive),edge,1028,57
Probability Density (naive),edge,1029,60
Probability Density (naive),edge,1030,49
Probability Density (naive),edge,1031,39
Probability Density (naive),edge,1032,62
Probability Density (naive),edge,1033,59
Probability Density (naive),edge,1034,40
Probability Density (naive),edge,1035,58
Probability Density (naive),edge,1036,43
Probability Density (naive),edge,1037,59
Probability Density (naive),edge,1038,40
Probability Density (naive),edge,1039,40
Probability Density (naive),edge,1040,58
Probability Density (naive),edge,1041,55
Probability Density (naive),edge,1042,36
Probability Density (naive),edge,1043,53
Probability Density (naive),edge,1044,54
Probability Density (naive),edge,1045,61
Probability Density (naive),edge,1046,43
Probability Density (naive),edge,1047,62
Probability Density (naive),edge,1048,45
Probability Density (naive),edge,1049,62
Probability Density (naive),edge,1050,51
Probability Density (naive),edge,1051,68
Probability Density (naive),edge,1052,63
Probability Density (naive),edge,1053,51
Probability Density (naive),edge,1054,53
Probability Density (naive),edge,1055,57
Probability Density (naive),edge,1056,49
Probability Density (naive),edge,1057,33
Probability Density (naive),edge,1058,50
Probability Density (naive),edge,1059,45
Probability Density (naive),edge,1060,38
Probability Density (naive),edge,1061,49
Probability Density (naive),edge,1062,56
Probability Density (naive),edge,1063,72
Probability Density (naive),edge,1064,59
Probability Density (naive),edge,1065,57
Probability Density (naive),edge,1066,46
Probability Density (naive),edge,1067,54
Probability Density (naive),edge,1068,57
Probability Density (naive),edge,1069,41
Probability Density (naive),edge,1070,58
Probability Density (naive),edge,1071,41
Probability Density (naive),edge,1072,61
Probability Density (naive),edge,1073,39
Probability Density (naive),edge,1074,50
Probability Density (naive),edge,1075,36
Probability Density (naive),edge,1076,42
Probability Density (naive),edge,1077,45
Probability Density (naive),edge,1078,65
Probability Density (naive),edge,1079,58
Probability Density (naive),edge,1080,34
Probability Density (naive),edge,1081,56
Probability Density (naive),edge,1082,61
Probability Density (naive),edge,1083,50
Probability Density (naive),edge,1084,46
Probability Density (naive),edge,1085,41
Probability Density (naive),edge,1086,58
Probability Density (naive),edge,1087,39
Probability Density (naive),edge,1088,37
Probability Density (naive),edge,1089,49
Probability Density (naive),edge,1090,59
Probability Density (naive),edge,1091,71
Probability Density (naive),edge,1092,62
Probability Density (naive),edge,1093,51
Probability Density (naive),edge,1094,66
Probability Density (naive),edge,1095,67
Probability Density (naive),edge,1096,60
Probability Density (naive),edge,1097,58
Probability Density (naive),edge,1098,65
Probability Density (naive),edge,1099,50
Probability Density (naive),edge,1100,65
Probability Density (naive),edge,1101,56
Probability Density (naive),edge,1102,66
Probability Density (naive),edge,1103,41
Probability Density (naive),edge,1104,52
Probability Density (naive),edge,1105,59
Probability Density (naive),edge,1106,66
Probability Density (naive),edge,1107,39
Probability Density (naive),edge,1108,47
Probability Density (naive),edge,1109,59
Probability Density (naive),edge,1110,43
Probability Density (naive),edge,1111,62
Probability Density (naive),edge,1112,60
Probability Density (naive),edge,1113,69
Probability Density (naive),edge,1114,39
Probability Density (naive),edge,1115,37
Probability Density (naive),edge,1116,52
Probability Density (naive),edge,1117,48
Probability Density (naive),edge,1118,46
Probability Density (naive),edge,1119,51
Probability Density (naive),edge,1120,56
Probability Density (naive),edge,1121,52
Probability Density (naive),edge,1122,58
Probability Density (naive),edge,1123,58
Probability Density (naive),edge,1124,57
Probability Density (naive),edge,1125,38
Probability Density (naive),edge,1126,61
Probability Density (naive),edge,1127,64
Probability Density (naive),edge,1128,51
Probability Density (naive),edge,1129,59
Probability Density (naive),edge,1130,52
Probability Density (naive),edge,1131,59
Probability Density (naive),edge,1132,53
Probability Density (naive),edge,1133,57
Probability Density (naive),edge,1134,45
Probability Density (naive),edge,1135,59
Probability Density (naive),edge,1136,62
Probability Density (naive),edge,1137,52
Probability Density (naive),edge,1138,72
Probability Density (naive),edge,1139,54
Probability Density (naive),edge,1140,50
Probability Density (naive),edge,1141,59
Probability Density (naive),edge,1142,57
Probability Density (naive),edge,1143,41
Probability Density (naive),edge,1144,43
Probability Density (naive),edge,1145,56
Probability Density (naive),edge,1146,59
Probability Density (naive),edge,1147,34
Probability Density (naive),edge,1148,54
Probability Density (naive),edge,1149,49
Probability Density (naive),edge,1150,53
Probability Density (naive),edge,1151,61
Probability Density (naive),edge,1152,57
Probability Density (naive),edge,1153,58
Probability Density (naive),edge,1154,44
Probability Density (naive),edge,1155,40
Probability Density (naive),edge,1156,41
Probability Density (naive),edge,1157,57
Probability Density (naive),edge,1158,54
Probability Density (naive),edge,1159,57
Probability Density (naive),edge,1160,51
Probability Density (naive),edge,1161,44
Probability Density (naive),edge,1162,39
Probability Density (naive),edge,1163,44
Probability Density (naive),edge,1164,55
Probability Density (naive),edge,1165,63
Probability Density (naive),edge,1166,51
Probability Density (naive),edge,1167,52
Probability Density (naive),edge,1168,50
Probability Density (naive),edge,1169,47
Probability Density (naive),edge,1170,61
Probability Density (naive),edge,1171,41
Probability Density (naive),edge,1172,55
Probability Density (naive),edge,1173,60
Probability Density (naive),edge,1174,59
Probability Density (naive),edge,1175,65
Probability Density (naive),edge,1176,39
Probability Density (naive),edge,1177,53
Probability Density (naive),edge,1178,42
Probability Density (naive),edge,1179,46
Probability Density (naive),edge,1180,61
Probability Density (naive),edge,1181,54
Probability Density (naive),edge,1182,60
Probability Density (naive),edge,1183,56
Probability Density (naive),edge,1184,60
Probability Density (naive),edge,1185,55
Probability Density (naive),edge,1186,52
Probability Density (naive),edge,1187,57
Probability Density (naive),edge,1188,53
Probability Density (naive),edge,1189,49
Probability Density (naive),edge,1190,55
Probability Density (naive),edge,1191,39
Probability Density (naive),edge,1192,38
Probability Density (naive),edge,1193,53
Probability Density (naive),edge,1194,59
Probability Density (naive),edge,1195,53
Probability Density (naive),edge,1196,58
Probability Density (naive),edge,1197,58
Probability Density (naive),edge,1198,36
Probability Density (naive),edge,1199,49
Probability Density (naive),edge,1200,58
Probability Density (naive),edge,1201,47
Probability Density (naive),edge,1202,48
Probability Density (naive),edge,1203,50
Probability Density (naive),edge,1204,58
Probability Density (naive),edge,1205,40
Probability Density (naive),edge,1206,62
Probability Density (naive),edge,1207,60
Probability Density (naive),edge,1208,62
Probability Density (naive),edge,1209,45
Probability Density (naive),edge,1210,64
Probability Density (naive),edge,1211,61
Probability Density (naive),edge,1212,59
Probability Density (naive),edge,1213,37
Probability Density (naive),edge,1214,51
Probability Density (naive),edge,1215,58
Probability Density (naive),edge,1216,51
Probability Density (naive),edge,1217,40
Probability Density (naive),edge,1218,41
Probability Density (naive),edge,1219,53
Probability Density (naive),edge,1220,51
Probability Density (naive),edge,1221,37
Probability Density (naive),edge,1222,42
Probability Density (naive),edge,1223,36
Probability Density (naive),edge,1224,46
Probability Density (naive),edge,1225,38
Probability Density (naive),edge,1226,39
Probability Density (naive),edge,1227,57
Probability Density (naive),edge,1228,51
Probability Density (naive),edge,1229,53
Probability Density (naive),edge,1230,34
Probability Density (naive),edge,1231,53
Probability Density (naive),edge,1232,65
Probability Density (naive),edge,1233,62
Probability Density (naive),edge,1234,59
Probability Density (naive),edge,1235,39
Probability Density (naive),edge,1236,56
Probability Density (naive),edge,1237,34
Probability Density (naive),edge,1238,42
Probability Density (naive),edge,1239,44
Probability Density (naive),edge,1240,59
Probability Density (naive),edge,1241,54
Probability Density (naive),edge,1242,40
Probability Density (naive),edge,1243,55
Probability Density (naive),edge,1244,59
Probability Density (naive),edge,1245,47
Probability Density (naive),edge,1246,40
Probability Density (naive),edge,1247,46
Probability Density (naive),edge,1248,58
Probability Density (naive),edge,1249,32
Probability Density (naive),edge,1250,56
Probability Density (naive),edge,1251,38
Probability Density (naive),edge,1252,49
Probability Density (naive),edge,1253,49
Probability Density (naive),edge,1254,37
Probability Density (naive),edge,1255,54
Probability Density (naive),edge,1256,61
Probability Density (naive),edge,1257,51
Probability Density (naive),edge,1258,45
Probability Density (naive),edge,1259,64
Probability Density (naive),edge,1260,42
Probability Density (naive),edge,1261,36
Probability Density (naive),edge,1262,37
Probability Density (naive),edge,1263,40
Probability Density (naive),edge,1264,62
Probability Density (naive),edge,1265,36
Probability Density (naive),edge,1266,44
Probability Density (naive),edge,1267,57
Probability Density (naive),edge,1268,54
Probability Density (naive),edge,1269,34
Probability Density (naive),edge,1270,61
Probability Density (naive),edge,1271,64
Probability Density (naive),edge,1272,33
Probability Density (naive),edge,1273,53
Probability Density (naive),edge,1274,51
Probability Density (naive),edge,1275,51
Probability Density (naive),edge,1276,40
Probability Density (naive),edge,1277,50
Probability Density (naive),edge,1278,55
Probability Density (naive),edge,1279,64
Probability Density (naive),edge,1280,42
Probability Density (naive),edge,1281,59
Probability Density (naive),edge,1282,54
Probability Density (naive),edge,1283,39
Probability Density (naive),edge,1284,47
Probability Density (naive),edge,1285,56
Probability Density (naive),edge,1286,42
Probability Density (naive),edge,1287,49
Probability Density (naive),edge,1288,42
Probability Density (naive),edge,1289,45
Probability Density (naive),edge,1290,50
Probability Density (naive),edge,1291,53
Probability Density (naive),edge,1292,41
Probability Density (naive),edge,1293,47
Probability Density (naive),edge,1294,69
Probability Density (naive),edge,1295,52
Probability Density (naive),edge,1296,52
Probability Density (naive),edge,1297,55
Probability Density (naive),edge,1298,33
Probability Density (naive),edge,1299,42
Probability Density (naive),edge,1300,47
Probability Density (naive),edge,1301,54
Probability Density (naive),edge,1302,59
Probability Density (naive),edge,1303,60
Probability Density (naive),edge,1304,60
Probability Density (naive),edge,1305,40
Probability Density (naive),edge,1306,68
Probability Density (naive),edge,1307,42
Probability Density (naive),edge,1308,39
Probability Density (naive),edge,1309,52
Probability Density (naive),edge,1310,54
Probability Density (naive),edge,1311,44
Probability Density (naive),edge,1312,51
Probability Density (naive),edge,1313,60
Probability Density (naive),edge,1314,55
Probability Density (naive),edge,1315,54
Probability Density (naive),edge,1316,60
Probability Density (naive),edge,1317,53
Probability Density (naive),edge,1318,54
Probability Density (naive),edge,1319,54
Probability Density (naive),edge,1320,53
Probability Density (naive),edge,1321,53
Probability Density (naive),edge,1322,48
Probability Density (naive),edge,1323,38
Probability Density (naive),edge,1324,42
Probability Density (naive),edge,1325,50
Probability Density (naive),edge,1326,72
Probability Density (naive),edge,1327,34
Probability Density (naive),edge,1328,62
Probability Density (naive),edge,1329,58
Probability Density (naive),edge,1330,40
Probability Density (naive),edge,1331,63
Probability Density (naive),edge,1332,53
Probability Density (naive),edge,1333,61
Probability Density (naive),edge,1334,60
Probability Density (naive),edge,1335,54
Probability Density (naive),edge,1336,41
Probability Density (naive),edge,1337,42
Probability Density (naive),edge,1338,51
Probability Density (naive),edge,1339,58
Probability Density (naive),edge,1340,49
Probability Density (naive),edge,1341,39
Probability Density (naive),edge,1342,64
Probability Density (naive),edge,1343,62
Probability Density (naive),edge,1344,44
Probability Density (naive),edge,1345,54
Probability Density (naive),edge,1346,62
Probability Density (naive),edge,1347,39
Probability Density (naive),edge,1348,55
Probability Density (naive),edge,1349,49
Probability Density (naive),edge,1350,61
Probability Density (naive),edge,1351,41
Probability Density (naive),edge,1352,59
Probability Density (naive),edge,1353,36
Probability Density (naive),edge,1354,50
Probability Density (naive),edge,1355,70
Probability Density (naive),edge,1356,60
Probability Density (naive),edge,1357,51
Probability Density (naive),edge,1358,71
Probability Density (naive),edge,1359,52
Probability Density (naive),edge,1360,51
Probability Density (naive),edge,1361,48
Probability Density (naive),edge,1362,35
Probability Density (naive),edge,1363,60
Probability Density (naive),edge,1364,60
Probability Density (naive),edge,1365,68
Probability Density (naive),edge,1366,39
Probability Density (naive),edge,1367,45
Probability Density (naive),edge,1368,59
Probability Density (naive),edge,1369,62
Probability Density (naive),edge,1370,40
Probability Density (naive),edge,1371,34
Probability Density (naive),edge,1372,60
Probability Density (naive),edge,1373,54
Probability Density (naive),edge,1374,57
Probability Density (naive),edge,1375,51
Probability Density (naive),edge,1376,40
Probability Density (naive),edge,1377,60
Probability Density (naive),edge,1378,54
Probability Density (naive),edge,1379,61
Probability Density (naive),edge,1380,48
Probability Density (naive),edge,1381,50
Probability Density (naive),edge,1382,61
Probability Density (naive),edge,1383,52
Probability Density (naive),edge,1384,53
Probability Density (naive),edge,1385,57
Probability Density (naive),edge,1386,51
Probability Density (naive),edge,1387,56
Probability Density (naive),edge,1388,62
Probability Density (naive),edge,1389,64
Probability Density (naive),edge,1390,62
Probability Density (naive),edge,1391,48
Probability Density (naive),edge,1392,50
Probability Density (naive),edge,1393,51
Probability Density (naive),edge,1394,55
Probability Density (naive),edge,1395,48
Probability Density (naive),edge,1396,39
Probability Density (naive),edge,1397,57
Probability Density (naive),edge,1398,39
Probability Density (naive),edge,1399,71
Probability Density (naive),edge,1400,50
Probability Density (naive),edge,1401,51
Probability Density (naive),edge,1402,58
Probability Density (naive),edge,1403,37
Probability Density (naive),edge,1404,39
Probability Density (naive),edge,1405,46
Probability Density (naive),edge,1406,41
Probability Density (naive),edge,1407,60
Probability Density (naive),edge,1408,55
Probability Density (naive),edge,1409,55
Probability Density (naive),edge,1410,57
Probability Density (naive),edge,1411,38
Probability Density (naive),edge,1412,52
Probability Density (naive),edge,1413,44
Probability Density (naive),edge,1414,59
Probability Density (naive),edge,1415,57
Probability Density (naive),edge,1416,35
Probability Density (naive),edge,1417,64
Probability Density (naive),edge,1418,43
Probability Density (naive),edge,1419,38
Probability Density (naive),edge,1420,45
Probability Density (naive),edge,1421,55
Probability Density (naive),edge,1422,63
Probability Density (naive),edge,1423,44
Probability Density (naive),edge,1424,61
Probability Density (naive),edge,1425,58
Probability Density (naive),edge,1426,42
Probability Density (naive),edge,1427,35
Probability Density (naive),edge,1428,61
Probability Density (naive),edge,1429,56
Probability Density (naive),edge,1430,49
Probability Density (naive),edge,1431,52
Probability Density (naive),edge,1432,58
Probability Density (naive),edge,1433,46
Probability Density (naive),edge,1434,60
Probability Density (naive),edge,1435,37
Probability Density (naive),edge,1436,56
Probability Density (naive),edge,1437,54
Probability Density (naive),edge,1438,56
Probability Density (naive),edge,1439,41
Probability Density (naive),edge,1440,40
Probability Density (naive),edge,1441,61
Probability Density (naive),edge,1442,64
Probability Density (naive),edge,1443,41
Probability Density (naive),edge,1444,53
Probability Density (naive),edge,1445,59
Probability Density (naive),edge,1446,54
Probability Density (naive),edge,1447,53
Probability Density (naive),edge,1448,60
Probability Density (naive),edge,1449,56
Probability Density (naive),edge,1450,52
Probability Density (naive),edge,1451,54
Probability Density (naive),edge,1452,52
Probability Density (naive),edge,1453,60
Probability Density (naive),edge,1454,36
Probability Density (naive),edge,1455,42
Probability Density (naive),edge,1456,34
Probability Density (naive),edge,1457,50
Probability Density (naive),edge,1458,54
Probability Density (naive),edge,1459,50
Probability Density (naive),edge,1460,48
Probability Density (naive),edge,1461,48
Probability Density (naive),edge,1462,51
Probability Density (naive),edge,1463,46
Probability Density (naive),edge,1464,40
Probability Density (naive),edge,1465,50
Probability Density (naive),edge,1466,61
Probability Density (naive),edge,1467,60
Probability Density (naive),edge,1468,57
Probability Density (naive),edge,1469,40
Probability Density (naive),edge,1470,54
Probability Density (naive),edge,1471,58
Probability Density (naive),edge,1472,40
Probability Density (naive),edge,1473,55
Probability Density (naive),edge,1474,60
Probability Density (naive),edge,1475,52
Probability Density (naive),edge,1476,60
Probability Density (naive),edge,1477,53
Probability Density (naive),edge,1478,34
Probability Density (naive),edge,1479,53
Probability Density (naive),edge,1480,62
Probability Density (naive),edge,1481,55
Probability Density (naive),edge,1482,54
Probability Density (naive),edge,1483,65
Probability Density (naive),edge,1484,51
Probability Density (naive),edge,1485,38
Probability Density (naive),edge,1486,55
Probability Density (naive),edge,1487,64
Probability Density (naive),edge,1488,53
Probability Density (naive),edge,1489,52
Probability Density (naive),edge,1490,52
Probability Density (naive),edge,1491,53
Probability Density (naive),edge,1492,55
Probability Density (naive),edge,1493,50
Probability Density (naive),edge,1494,48
Probability Density (naive),edge,1495,61
Probability Density (naive),edge,1496,57
Probability Density (naive),edge,1497,57
Probability Density (naive),edge,1498,50
Probability Density (naive),edge,1499,52
Probability Density (naive),cluster,0,33
Probability Density (naive),cluster,1,38
Probability Density (naive),cluster,2,41
Probability Density (naive),cluster,3,31
Probability Density (naive),cluster,4,56
Probability Density (naive),cluster,5,63
Probability Density (naive),cluster,6,25
Probability Density (naive),cluster,7,43
Probability Density (naive),cluster,8,46
Probability Density (naive),cluster,9,60
Probability Density (naive),cluster,10,38
Probability Density (naive),cluster,11,55
Probability Density (naive),cluster,12,45
Probability Density (naive),cluster,13,32
Probability Density (naive),cluster,14,45
Probability Density (naive),cluster,15,29
Probability Density (naive),cluster,16,44
Probability Density (naive),cluster,17,52
Probability Density (naive),cluster,18,31
Probability Density (naive),cluster,19,40
Probability Density (naive),cluster,20,30
Probability Density (naive),cluster,21,51
Probability Density (naive),cluster,22,43
Probability Density (naive),cluster,23,33
Probability Density (naive),cluster,24,32
Probability Density (naive),cluster,25,25
Probability Density (naive),cluster,26,49
Probability Density (naive),cluster,27,56
Probability Density (naive),cluster,28,60
Probability Density (naive),cluster,29,37
Probability Density (naive),cluster,30,48
Probability Density (naive),cluster,31,52
Probability Density (naive),cluster,32,48
Probability Density (naive),cluster,33,34
Probability Density (naive),cluster,34,45
Probability Density (naive),cluster,35,54
Probability Density (naive),cluster,36,58
Probability Density (naive),cluster,37,54
Probability Density (naive),cluster,38,46
Probability Density (naive),cluster,39,33
Probability Density (naive),cluster,40,55
Probability Density (naive),cluster,41,46
Probability Density (naive),cluster,42,33
Probability Density (naive),cluster,43,40
Probability Density (naive),cluster,44,37
Probability Density (naive),cluster,45,43
Probability Density (naive),cluster,46,32
Probability Density (naive),cluster,47,36
Probability Density (naive),cluster,48,37
Probability Density (naive),cluster,49,61
Probability Density (naive),cluster,50,38
Probability Density (naive),cluster,51,51
Probability Density (naive),cluster,52,50
Probability Density (naive),cluster,53,48
Probability Density (naive),cluster,54,49
Probability Density (naive),cluster,55,38
Probability Density (naive),cluster,56,37
Probability Density (naive),cluster,57,42
Probability Density (naive),cluster,58,65
Probability Density (naive),cluster,59,51
Probability Density (naive),cluster,60,31
Probability Density (naive),cluster,61,40
Probability Density (naive),cluster,62,37
Probability Density (naive),cluster,63,60
Probability Density (naive),cluster,64,41
Probability Density (naive),cluster,65,43
Probability Density (naive),cluster,66,47
Probability Density (naive),cluster,67,54
Probability Density (naive),cluster,68,52
Probability Density (naive),cluster,69,45
Probability Density (naive),cluster,70,30
Probability Density (naive),cluster,71,51
Probability Density (naive),cluster,72,33
Probability Density (naive),cluster,73,36
Probability Density (naive),cluster,74,36
Probability Density (naive),cluster,75,64
Probability Density (naive),cluster,76,59
Probability Density (naive),cluster,77,49
Probability Density (naive),cluster,78,48
Probability Density (naive),cluster,79,63
Probability Density (naive),cluster,80,43
Probability Density (naive),cluster,81,38
Probability Density (naive),cluster,82,36
Probability Density (naive),cluster,83,42
Probability Density (naive),cluster,84,38
Probability Density (naive),cluster,85,38
Probability Density (naive),cluster,86,61
Probability Density (naive),cluster,87,68
Probability Density (naive),cluster,88,36
Probability Density (naive),cluster,89,35
Probability Density (naive),cluster,90,41
Probability Density (naive),cluster,91,49
Probability Density (naive),cluster,92,29
Probability Density (naive),cluster,93,43
Probability Density (naive),cluster,94,42
Probability Density (naive),cluster,95,41
Probability Density (naive),cluster,96,36
Probability Density (naive),cluster,97,30
Probability Density (naive),cluster,98,51
Probability Density (naive),cluster,99,52
Probability Density (naive),cluster,100,52
Probability Density (naive),cluster,101,50
Probability Density (naive),cluster,102,48
Probability Density (naive),cluster,103,59
Probability Density (naive),cluster,104,53
Probability Density (naive),cluster,105,36
Probability Density (naive),cluster,106,27
Probability Density (naive),cluster,107,44
Probability Density (naive),cluster,108,60
Probability Density (naive),cluster,109,42
Probability Density (naive),cluster,110,55
Probability Density (naive),cluster,111,28
Probability Density (naive),cluster,112,47
Probability Density (naive),cluster,113,33
Probability Density (naive),cluster,114,47
Probability Density (naive),cluster,115,38
Probability Density (naive),cluster,116,59
Probability Density (naive),cluster,117,29
Probability Density (naive),cluster,118,48
Probability Density (naive),cluster,119,43
Probability Density (naive),cluster,120,43
Probability Density (naive),cluster,121,47
Probability Density (naive),cluster,122,54
Probability Density (naive),cluster,123,46
Probability Density (naive),cluster,124,61
Probability Density (naive),cluster,125,48
Probability Density (naive),cluster,126,48
Probability Density (naive),cluster,127,42
Probability Density (naive),cluster,128,25
Probability Density (naive),cluster,129,32
Probability Density (naive),cluster,130,53
Probability Density (naive),cluster,131,58
Probability Density (naive),cluster,132,40
Probability Density (naive),cluster,133,68
Probability Density (naive),cluster,134,54
Probability Density (naive),cluster,135,56
Probability Density (naive),cluster,136,39
Probability Density (naive),cluster,137,50
Probability Density (naive),cluster,138,45
Probability Density (naive),cluster,139,38
Probability Density (naive),cluster,140,60
Probability Density (naive),cluster,141,50
Probability Density (naive),cluster,142,36
Probability Density (naive),cluster,143,50
Probability Density (naive),cluster,144,60
Probability Density (naive),cluster,145,52
Probability Density (naive),cluster,146,27
Probability Density (naive),cluster,147,31
Probability Density (naive),cluster,148,49
Probability Density (naive),cluster,149,62
Probability Density (naive),cluster,150,39
Probability Density (naive),cluster,151,40
Probability Density (naive),cluster,152,51
Probability Density (naive),cluster,153,49
Probability Density (naive),cluster,154,43
Probability Density (naive),cluster,155,53
Probability Density (naive),cluster,156,49
Probability Density (naive),cluster,157,32
Probability Density (naive),cluster,158,61
Probability Density (naive),cluster,159,35
Probability Density (naive),cluster,160,41
Probability Density (naive),cluster,161,55
Probability Density (naive),cluster,162,38
Probability Density (naive),cluster,163,24
Probability Density (naive),cluster,164,59
Probability Density (naive),cluster,165,63
Probability Density (naive),cluster,166,48
Probability Density (naive),cluster,167,53
Probability Density (naive),cluster,168,35
Probability Density (naive),cluster,169,34
Probability Density (naive),cluster,170,57
Probability Density (naive),cluster,171,40
Probability Density (naive),cluster,172,48
Probability Density (naive),cluster,173,32
Probability Density (naive),cluster,174,40
Probability Density (naive),cluster,175,52
Probability Density (naive),cluster,176,55
Probability Density (naive),cluster,177,24
Probability Density (naive),cluster,178,61
Probability Density (naive),cluster,179,40
Probability Density (naive),cluster,180,41
Probability Density (naive),cluster,181,27
Probability Density (naive),cluster,182,55
Probability Density (naive),cluster,183,52
Probability Density (naive),cluster,184,43
Probability Density (naive),cluster,185,57
Probability Density (naive),cluster,186,55
Probability Density (naive),cluster,187,43
Probability Density (naive),cluster,188,49
Probability Density (naive),cluster,189,24
Probability Density (naive),cluster,190,37
Probability Density (naive),cluster,191,24
Probability Density (naive),cluster,192,39
Probability Density (naive),cluster,193,69
Probability Density (naive),cluster,194,32
Probability Density (naive),cluster,195,51
Probability Density (naive),cluster,196,41
Probability Density (naive),cluster,197,49
Probability Density (naive),cluster,198,45
Probability Density (naive),cluster,199,25
Probability Density (naive),cluster,200,38
Probability Density (naive),cluster,201,39
Probability Density (naive),cluster,202,37
Probability Density (naive),cluster,203,45
Probability Density (naive),cluster,204,32
Probability Density (naive),cluster,205,40
Probability Density (naive),cluster,206,51
Probability Density (naive),cluster,207,51
Probability Density (naive),cluster,208,48
Probability Density (naive),cluster,209,49
Probability Density (naive),cluster,210,41
Probability Density (naive),cluster,211,58
Probability Density (naive),cluster,212,26
Probability Density (naive),cluster,213,46
Probability Density (naive),cluster,214,54
Probability Density (naive),cluster,215,47
Probability Density (naive),cluster,216,63
Probability Density (naive),cluster,217,42
Probability Density (naive),cluster,218,51
Probability Density (naive),cluster,219,42
Probability Density (naive),cluster,220,53
Probability Density (naive),cluster,221,34
Probability Density (naive),cluster,222,43
Probability Density (naive),cluster,223,54
Probability Density (naive),cluster,224,40
Probability Density (naive),cluster,225,55
Probability Density (naive),cluster,226,40
Probability Density (naive),cluster,227,34
Probability Density (naive),cluster,228,34
Probability Density (naive),cluster,229,38
Probability Density (naive),cluster,230,43
Probability Density (naive),cluster,231,48
Probability Density (naive),cluster,232,43
Probability Density (naive),cluster,233,60
Probability Density (naive),cluster,234,39
Probability Density (naive),cluster,235,61
Probability Density (naive),cluster,236,56
Probability Density (naive),cluster,237,35
Probability Density (naive),cluster,238,34
Probability Density (naive),cluster,239,47
Probability Density (naive),cluster,240,30
Probability Density (naive),cluster,241,37
Probability Density (naive),cluster,242,39
Probability Density (naive),cluster,243,60
Probability Density (naive),cluster,244,41
Probability Density (naive),cluster,245,55
Probability Density (naive),cluster,246,36
Probability Density (naive),cluster,247,21
Probability Density (naive),cluster,248,34
Probability Density (naive),cluster,249,46
Probability Density (naive),cluster,250,30
Probability Density (naive),cluster,251,47
Probability Density (naive),cluster,252,29
Probability Density (naive),cluster,253,44
Probability Density (naive),cluster,254,41
Probability Density (naive),cluster,255,52
Probability Density (naive),cluster,256,45
Probability Density (naive),cluster,257,35
Probability Density (naive),cluster,258,37
Probability Density (naive),cluster,259,32
Probability Density (naive),cluster,260,52
Probability Density (naive),cluster,261,51
Probability Density (naive),cluster,262,62
Probability Density (naive),cluster,263,40
Probability Density (naive),cluster,264,54
Probability Density (naive),cluster,265,38
Probability Density (naive),cluster,266,41
Probability Density (naive),cluster,267,47
Probability Density (naive),cluster,268,43
Probability Density (naive),cluster,269,34
Probability Density (naive),cluster,270,43
Probability Density (naive),cluster,271,48
Probability Density (naive),cluster,272,39
Probability Density (naive),cluster,273,46
Probability Density (naive),cluster,274,36
Probability Density (naive),cluster,275,46
Probability Density (naive),cluster,276,35
Probability Density (naive),cluster,277,47
Probability Density (naive),cluster,278,56
Probability Density (naive),cluster,279,41
Probability Density (naive),cluster,280,45
Probability Density (naive),cluster,281,46
Probability Density (naive),cluster,282,42
Probability Density (naive),cluster,283,40
Probability Density (naive),cluster,284,65
Probability Density (naive),cluster,285,47
Probability Density (naive),cluster,286,42
Probability Density (naive),cluster,287,45
Probability Density (naive),cluster,288,25
Probability Density (naive),cluster,289,53
Probability Density (naive),cluster,290,58
Probability Density (naive),cluster,291,36
Probability Density (naive),cluster,292,44
Probability Density (naive),cluster,293,44
Probability Density (naive),cluster,294,46
Probability Density (naive),cluster,295,41
Probability Density (naive),cluster,296,46
Probability Density (naive),cluster,297,38
Probability Density (naive),cluster,298,52
Probability Density (naive),cluster,299,43
Probability Density (naive),cluster,300,27
Probability Density (naive),cluster,301,30
Probability Density (naive),cluster,302,46
Probability Density (naive),cluster,303,47
Probability Density (naive),cluster,304,51
Probability Density (naive),cluster,305,39
Probability Density (naive),cluster,306,56
Probability Density (naive),cluster,307,49
Probability Density (naive),cluster,308,29
Probability Density (naive),cluster,309,50
Probability Density (naive),cluster,310,53
Probability Density (naive),cluster,311,54
Probability Density (naive),cluster,312,37
Probability Density (naive),cluster,313,45
Probability Density (naive),cluster,314,52
Probability Density (naive),cluster,315,33
Probability Density (naive),cluster,316,53
Probability Density (naive),cluster,317,55
Probability Density (naive),cluster,318,48
Probability Density (naive),cluster,319,44
Probability Density (naive),cluster,320,34
Probability Density (naive),cluster,321,36
Probability Density (naive),cluster,322,46
Probability Density (naive),cluster,323,55
Probability Density (naive),cluster,324,34
Probability Density (naive),cluster,325,43
Probability Density (naive),cluster,326,54
Probability Density (naive),cluster,327,28
Probability Density (naive),cluster,328,46
Probability Density (naive),cluster,329,44
Probability Density (naive),cluster,330,48
Probability Density (naive),cluster,331,50
Probability Density (naive),cluster,332,55
Probability Density (naive),cluster,333,30
Probability Density (naive),cluster,334,39
Probability Density (naive),cluster,335,45
Probability Density (naive),cluster,336,58
Probability Density (naive),cluster,337,62
Probability Density (naive),cluster,338,38
Probability Density (naive),cluster,339,31
Probability Density (naive),cluster,340,40
Probability Density (naive),cluster,341,46
Probability Density (naive),cluster,342,48
Probability Density (naive),cluster,343,23
Probability Density (naive),cluster,344,61
Probability Density (naive),cluster,345,46
Probability Density (naive),cluster,346,29
Probability Density (naive),cluster,347,45
Probability Density (naive),cluster,348,41
Probability Density (naive),cluster,349,48
Probability Density (naive),cluster,350,37
Probability Density (naive),cluster,351,52
Probability Density (naive),cluster,352,48
Probability Density (naive),cluster,353,60
Probability Density (naive),cluster,354,42
Probability Density (naive),cluster,355,41
Probability Density (naive),cluster,356,34
Probability Density (naive),cluster,357,51
Probability Density (naive),cluster,358,30
Probability Density (naive),cluster,359,45
Probability Density (naive),cluster,360,65
Probability Density (naive),cluster,361,60
Probability Density (naive),cluster,362,47
Probability Density (naive),cluster,363,38
Probability Density (naive),cluster,364,45
Probability Density (naive),cluster,365,39
Probability Density (naive),cluster,366,47
Probability Density (naive),cluster,367,29
Probability Density (naive),cluster,368,46
Probability Density (naive),cluster,369,37
Probability Density (naive),cluster,370,45
Probability Density (naive),cluster,371,44
Probability Density (naive),cluster,372,54
Probability Density (naive),cluster,373,46
Probability Density (naive),cluster,374,43
Probability Density (naive),cluster,375,54
Probability Density (naive),cluster,376,50
Probability Density (naive),cluster,377,30
Probability Density (naive),cluster,378,59
Probability Density (naive),cluster,379,49
Probability Density (naive),cluster,380,62
Probability Density (naive),cluster,381,54
Probability Density (naive),cluster,382,53
Probability Density (naive),cluster,383,45
Probability Density (naive),cluster,384,39
Probability Density (naive),cluster,385,37
Probability Density (naive),cluster,386,43
Probability Density (naive),cluster,387,48
Probability Density (naive),cluster,388,57
Probability Density (naive),cluster,389,50
Probability Density (naive),cluster,390,32
Probability Density (naive),cluster,391,54
Probability Density (naive),cluster,392,51
Probability Density (naive),cluster,393,42
Probability Density (naive),cluster,394,31
Probability Density (naive),cluster,395,47
Probability Density (naive),cluster,396,33
Probability Density (naive),cluster,397,32
Probability Density (naive),cluster,398,51
Probability Density (naive),cluster,399,38
Probability Density (naive),cluster,400,41
Probability Density (naive),cluster,401,43
Probability Density (naive),cluster,402,38
Probability Density (naive),cluster,403,47
Probability Density (naive),cluster,404,50
Probability Density (naive),cluster,405,36
Probability Density (naive),cluster,406,54
Probability Density (naive),cluster,407,54
Probability Density (naive),cluster,408,43
Probability Density (naive),cluster,409,31
Probability Density (naive),cluster,410,41
Probability Density (naive),cluster,411,36
Probability Density (naive),cluster,412,36
Probability Density (naive),cluster,413,58
Probability Density (naive),cluster,414,40
Probability Density (naive),cluster,415,52
Probability Density (naive),cluster,416,45
Probability Density (naive),cluster,417,39
Probability Density (naive),cluster,418,44
Probability Density (naive),cluster,419,61
Probability Density (naive),cluster,420,32
Probability Density (naive),cluster,421,53
Probability Density (naive),cluster,422,62
Probability Density (naive),cluster,423,58
Probability Density (naive),cluster,424,26
Probability Density (naive),cluster,425,61
Probability Density (naive),cluster,426,45
Probability Density (naive),cluster,427,55
Probability Density (naive),cluster,428,46
Probability Density (naive),cluster,429,64
Probability Density (naive),cluster,430,25
Probability Density (naive),cluster,431,34
Probability Density (naive),cluster,432,34
Probability Density (naive),cluster,433,46
Probability Density (naive),cluster,434,62
Probability Density (naive),cluster,435,43
Probability Density (naive),cluster,436,50
Probability Density (naive),cluster,437,41
Probability Density (naive),cluster,438,40
Probability Density (naive),cluster,439,56
Probability Density (naive),cluster,440,53
Probability Density (naive),cluster,441,51
Probability Density (naive),cluster,442,48
Probability Density (naive),cluster,443,26
Probability Density (naive),cluster,444,48
Probability Density (naive),cluster,445,40
Probability Density (naive),cluster,446,56
Probability Density (naive),cluster,447,36
Probability Density (naive),cluster,448,41
Probability Density (naive),cluster,449,43
Probability Density (naive),cluster,450,58
Probability Density (naive),cluster,451,52
Probability Density (naive),cluster,452,56
Probability Density (naive),cluster,453,29
Probability Density (naive),cluster,454,41
Probability Density (naive),cluster,455,47
Probability Density (naive),cluster,456,53
Probability Density (naive),cluster,457,65
Probability Density (naive),cluster,458,41
Probability Density (naive),cluster,459,32
Probability Density (naive),cluster,460,30
Probability Density (naive),cluster,461,52
Probability Density (naive),cluster,462,52
Probability Density (naive),cluster,463,38
Probability Density (naive),cluster,464,53
Probability Density (naive),cluster,465,48
Probability Density (naive),cluster,466,53
Probability Density (naive),cluster,467,60
Probability Density (naive),cluster,468,40
Probability Density (naive),cluster,469,42
Probability Density (naive),cluster,470,50
Probability Density (naive),cluster,471,30
Probability Density (naive),cluster,472,31
Probability Density (naive),cluster,473,46
Probability Density (naive),cluster,474,44
Probability Density (naive),cluster,475,62
Probability Density (naive),cluster,476,34
Probability Density (naive),cluster,477,36
Probability Density (naive),cluster,478,62
Probability Density (naive),cluster,479,45
Probability Density (naive),cluster,480,26
Probability Density (naive),cluster,481,48
Probability Density (naive),cluster,482,47
Probability Density (naive),cluster,483,48
Probability Density (naive),cluster,484,37
Probability Density (naive),cluster,485,61
Probability Density (naive),cluster,486,34
Probability Density (naive),cluster,487,55
Probability Density (naive),cluster,488,28
Probability Density (naive),cluster,489,35
Probability Density (naive),cluster,490,31
Probability Density (naive),cluster,491,61
Probability Density (naive),cluster,492,52
Probability Density (naive),cluster,493,32
Probability Density (naive),cluster,494,42
Probability Density (naive),cluster,495,55
Probability Density (naive),cluster,496,50
Probability Density (naive),cluster,497,45
Probability Density (naive),cluster,498,42
Probability Density (naive),cluster,499,26
Probability Density (naive),cluster,500,39
Probability Density (naive),cluster,501,34
Probability Density (naive),cluster,502,59
Probability Density (naive),cluster,503,37
Probability Density (naive),cluster,504,40
Probability Density (naive),cluster,505,24
Probability Density (naive),cluster,506,55
Probability Density (naive),cluster,507,53
Probability Density (naive),cluster,508,33
Probability Density (naive),cluster,509,29
Probability Density (naive),cluster,510,44
Probability Density (naive),cluster,511,33
Probability Density (naive),cluster,512,49
Probability Density (naive),cluster,513,61
Probability Density (naive),cluster,514,45
Probability Density (naive),cluster,515,41
Probability Density (naive),cluster,516,43
Probability Density (naive),cluster,517,44
Probability Density (naive),cluster,518,42
Probability Density (naive),cluster,519,44
Probability Density (naive),cluster,520,62
Probability Density (naive),cluster,521,53
Probability Density (naive),cluster,522,36
Probability Density (naive),cluster,523,39
Probability Density (naive),cluster,524,44
Probability Density (naive),cluster,525,24
Probability Density (naive),cluster,526,44
Probability Density (naive),cluster,527,48
Probability Density (naive),cluster,528,32
Probability Density (naive),cluster,529,47
Probability Density (naive),cluster,530,46
Probability Density (naive),cluster,531,42
Probability Density (naive),cluster,532,45
Probability Density (naive),cluster,533,63
Probability Density (naive),cluster,534,58
Probability Density (naive),cluster,535,31
Probability Density (naive),cluster,536,31
Probability Density (naive),cluster,537,52
Probability Density (naive),cluster,538,43
Probability Density (naive),cluster,539,34
Probability Density (naive),cluster,540,31
Probability Density (naive),cluster,541,56
Probability Density (naive),cluster,542,27
Probability Density (naive),cluster,543,34
Probability Density (naive),cluster,544,66
Probability Density (naive),cluster,545,58
Probability Density (naive),cluster,546,41
Probability Density (naive),cluster,547,46
Probability Density (naive),cluster,548,25
Probability Density (naive),cluster,549,41
Probability Density (naive),cluster,550,32
Probability Density (naive),cluster,551,33
Probability Density (naive),cluster,552,33
Probability Density (naive),cluster,553,53
Probability Density (naive),cluster,554,60
Probability Density (naive),cluster,555,39
Probability Density (naive),cluster,556,47
Probability Density (naive),cluster,557,55
Probability Density (naive),cluster,558,34
Probability Density (naive),cluster,559,42
Probability Density (naive),cluster,560,59
Probability Density (naive),cluster,561,52
Probability Density (naive),cluster,562,35
Probability Density (naive),cluster,563,36
Probability Density (naive),cluster,564,62
Probability Density (naive),cluster,565,37
Probability Density (naive),cluster,566,41
Probability Density (naive),cluster,567,56
Probability Density (naive),cluster,568,63
Probability Density (naive),cluster,569,40
Probability Density (naive),cluster,570,44
Probability Density (naive),cluster,571,41
Probability Density (naive),cluster,572,58
Probability Density (naive),cluster,573,54
Probability Density (naive),cluster,574,55
Probability Density (naive),cluster,575,29
Probability Density (naive),cluster,576,46
Probability Density (naive),cluster,577,54
Probability Density (naive),cluster,578,60
Probability Density (naive),cluster,579,49
Probability Density (naive),cluster,580,40
Probability Density (naive),cluster,581,49
Probability Density (naive),cluster,582,51
Probability Density (naive),cluster,583,40
Probability Density (naive),cluster,584,47
Probability Density (naive),cluster,585,47
Probability Density (naive),cluster,586,40
Probability Density (naive),cluster,587,36
Probability Density (naive),cluster,588,50
Probability Density (naive),cluster,589,45
Probability Density (naive),cluster,590,59
Probability Density (naive),cluster,591,29
Probability Density (naive),cluster,592,31
Probability Density (naive),cluster,593,36
Probability Density (naive),cluster,594,30
Probability Density (naive),cluster,595,37
Probability Density (naive),cluster,596,40
Probability Density (naive),cluster,597,57
Probability Density (naive),cluster,598,50
Probability Density (naive),cluster,599,51
Probability Density (naive),cluster,600,22
Probability Density (naive),cluster,601,35
Probability Density (naive),cluster,602,42
Probability Density (naive),cluster,603,54
Probability Density (naive),cluster,604,33
Probability Density (naive),cluster,605,55
Probability Density (naive),cluster,606,44
Probability Density (naive),cluster,607,48
Probability Density (naive),cluster,608,51
Probability Density (naive),cluster,609,46
Probability Density (naive),cluster,610,50
Probability Density (naive),cluster,611,31
Probability Density (naive),cluster,612,41
Probability Density (naive),cluster,613,45
Probability Density (naive),cluster,614,42
Probability Density (naive),cluster,615,51
Probability Density (naive),cluster,616,44
Probability Density (naive),cluster,617,54
Probability Density (naive),cluster,618,46
Probability Density (naive),cluster,619,60
Probability Density (naive),cluster,620,42
Probability Density (naive),cluster,621,58
Probability Density (naive),cluster,622,46
Probability Density (naive),cluster,623,49
Probability Density (naive),cluster,624,35
Probability Density (naive),cluster,625,61
Probability Density (naive),cluster,626,39
Probability Density (naive),cluster,627,66
Probability Density (naive),cluster,628,43
Probability Density (naive),cluster,629,45
Probability Density (naive),cluster,630,25
Probability Density (naive),cluster,631,66
Probability Density (naive),cluster,632,55
Probability Density (naive),cluster,633,32
Probability Density (naive),cluster,634,58
Probability Density (naive),cluster,635,49
Probability Density (naive),cluster,636,59
Probability Density (naive),cluster,637,24
Probability Density (naive),cluster,638,56
Probability Density (naive),cluster,639,63
Probability Density (naive),cluster,640,65
Probability Density (naive),cluster,641,52
Probability Density (naive),cluster,642,47
Probability Density (naive),cluster,643,37
Probability Density (naive),cluster,644,34
Probability Density (naive),cluster,645,62
Probability Density (naive),cluster,646,52
Probability Density (naive),cluster,647,45
Probability Density (naive),cluster,648,43
Probability Density (naive),cluster,649,49
Probability Density (naive),cluster,650,66
Probability Density (naive),cluster,651,33
Probability Density (naive),cluster,652,61
Probability Density (naive),cluster,653,64
Probability Density (naive),cluster,654,34
Probability Density (naive),cluster,655,46
Probability Density (naive),cluster,656,31
Probability Density (naive),cluster,657,52
Probability Density (naive),cluster,658,27
Probability Density (naive),cluster,659,46
Probability Density (naive),cluster,660,60
Probability Density (naive),cluster,661,27
Probability Density (naive),cluster,662,50
Probability Density (naive),cluster,663,43
Probability Density (naive),cluster,664,34
Probability Density (naive),cluster,665,30
Probability Density (naive),cluster,666,49
Probability Density (naive),cluster,667,50
Probability Density (naive),cluster,668,53
Probability Density (naive),cluster,669,43
Probability Density (naive),cluster,670,43
Probability Density (naive),cluster,671,50
Probability Density (naive),cluster,672,46
Probability Density (naive),cluster,673,39
Probability Density (naive),cluster,674,42
Probability Density (naive),cluster,675,38
Probability Density (naive),cluster,676,46
Probability Density (naive),cluster,677,47
Probability Density (naive),cluster,678,37
Probability Density (naive),cluster,679,52
Probability Density (naive),cluster,680,48
Probability Density (naive),cluster,681,38
Probability Density (naive),cluster,682,35
Probability Density (naive),cluster,683,29
Probability Density (naive),cluster,684,64
Probability Density (naive),cluster,685,44
Probability Density (naive),cluster,686,48
Probability Density (naive),cluster,687,53
Probability Density (naive),cluster,688,25
Probability Density (naive),cluster,689,47
Probability Density (naive),cluster,690,41
Probability Density (naive),cluster,691,49
Probability Density (naive),cluster,692,41
Probability Density (naive),cluster,693,38
Probability Density (naive),cluster,694,55
Probability Density (naive),cluster,695,50
Probability Density (naive),cluster,696,38
Probability Density (naive),cluster,697,39
Probability Density (naive),cluster,698,59
Probability Density (naive),cluster,699,24
Probability Density (naive),cluster,700,58
Probability Density (naive),cluster,701,53
Probability Density (naive),cluster,702,35
Probability Density (naive),cluster,703,39
Probability Density (naive),cluster,704,49
Probability Density (naive),cluster,705,28
Probability Density (naive),cluster,706,45
Probability Density (naive),cluster,707,40
Probability Density (naive),cluster,708,50
Probability Density (naive),cluster,709,28
Probability Density (naive),cluster,710,52
Probability Density (naive),cluster,711,42
Probability Density (naive),cluster,712,51
Probability Density (naive),cluster,713,59
Probability Density (naive),cluster,714,65
Probability Density (naive),cluster,715,34
Probability Density (naive),cluster,716,31
Probability Density (naive),cluster,717,43
Probability Density (naive),cluster,718,45
Probability Density (naive),cluster,719,51
Probability Density (naive),cluster,720,38
Probability Density (naive),cluster,721,48
Probability Density (naive),cluster,722,53
Probability Density (naive),cluster,723,47
Probability Density (naive),cluster,724,44
Probability Density (naive),cluster,725,37
Probability Density (naive),cluster,726,44
Probability Density (naive),cluster,727,46
Probability Density (naive),cluster,728,53
Probability Density (naive),cluster,729,48
Probability Density (naive),cluster,730,42
Probability Density (naive),cluster,731,52
Probability Density (naive),cluster,732,51
Probability Density (naive),cluster,733,43
Probability Density (naive),cluster,734,41
Probability Density (naive),cluster,735,48
Probability Density (naive),cluster,736,58
Probability Density (naive),cluster,737,53
Probability Density (naive),cluster,738,28
Probability Density (naive),cluster,739,66
Probability Density (naive),cluster,740,59
Probability Density (naive),cluster,741,29
Probability Density (naive),cluster,742,64
Probability Density (naive),cluster,743,26
Probability Density (naive),cluster,744,35
Probability Density (naive),cluster,745,44
Probability Density (naive),cluster,746,41
Probability Density (naive),cluster,747,55
Probability Density (naive),cluster,748,28
Probability Density (naive),cluster,749,48
Probability Density (naive),cluster,750,37
Probability Density (naive),cluster,751,54
Probability Density (naive),cluster,752,47
Probability Density (naive),cluster,753,41
Probability Density (naive),cluster,754,43
Probability Density (naive),cluster,755,39
Probability Density (naive),cluster,756,42
Probability Density (naive),cluster,757,31
Probability Density (naive),cluster,758,49
Probability Density (naive),cluster,759,50
Probability Density (naive),cluster,760,55
Probability Density (naive),cluster,761,47
Probability Density (naive),cluster,762,51
Probability Density (naive),cluster,763,44
Probability Density (naive),cluster,764,38
Probability Density (naive),cluster,765,28
Probability Density (naive),cluster,766,35
Probability Density (naive),cluster,767,23
Probability Density (naive),cluster,768,44
Probability Density (naive),cluster,769,35
Probability Density (naive),cluster,770,61
Probability Density (naive),cluster,771,51
Probability Density (naive),cluster,772,29
Probability Density (naive),cluster,773,60
Probability Density (naive),cluster,774,34
Probability Density (naive),cluster,775,50
Probability Density (naive),cluster,776,51
Probability Density (naive),cluster,777,40
Probability Density (naive),cluster,778,33
Probability Density (naive),cluster,779,33
Probability Density (naive),cluster,780,28
Probability Density (naive),cluster,781,34
Probability Density (naive),cluster,782,50
Probability Density (naive),cluster,783,42
Probability Density (naive),cluster,784,44
Probability Density (naive),cluster,785,31
Probability Density (naive),cluster,786,33
Probability Density (naive),cluster,787,43
Probability Density (naive),cluster,788,61
Probability Density (naive),cluster,789,45
Probability Density (naive),cluster,790,48
Probability Density (naive),cluster,791,56
Probability Density (naive),cluster,792,48
Probability Density (naive),cluster,793,53
Probability Density (naive),cluster,794,47
Probability Density (naive),cluster,795,51
Probability Density (naive),cluster,796,37
Probability Density (naive),cluster,797,62
Probability Density (naive),cluster,798,52
Probability Density (naive),cluster,799,40
Probability Density (naive),cluster,800,58
Probability Density (naive),cluster,801,50
Probability Density (naive),cluster,802,31
Probability Density (naive),cluster,803,25
Probability Density (naive),cluster,804,49
Probability Density (naive),cluster,805,29
Probability Density (naive),cluster,806,61
Probability Density (naive),cluster,807,32
Probability Density (naive),cluster,808,38
Probability Density (naive),cluster,809,34
Probability Density (naive),cluster,810,43
Probability Density (naive),cluster,811,54
Probability Density (naive),cluster,812,47
Probability Density (naive),cluster,813,53
Probability Density (naive),cluster,814,49
Probability Density (naive),cluster,815,49
Probability Density (naive),cluster,816,43
Probability Density (naive),cluster,817,57
Probability Density (naive),cluster,818,32
Probability Density (naive),cluster,819,42
Probability Density (naive),cluster,820,35
Probability Density (naive),cluster,821,39
Probability Density (naive),cluster,822,47
Probability Density (naive),cluster,823,61
Probability Density (naive),cluster,824,48
Probability Density (naive),cluster,825,34
Probability Density (naive),cluster,826,52
Probability Density (naive),cluster,827,35
Probability Density (naive),cluster,828,28
Probability Density (naive),cluster,829,28
Probability Density (naive),cluster,830,23
Probability Density (naive),cluster,831,37
Probability Density (naive),cluster,832,23
Probability Density (naive),cluster,833,58
Probability Density (naive),cluster,834,22
Probability Density (naive),cluster,835,60
Probability Density (naive),cluster,836,52
Probability Density (naive),cluster,837,41
Probability Density (naive),cluster,838,42
Probability Density (naive),cluster,839,34
Probability Density (naive),cluster,840,46
Probability Density (naive),cluster,841,37
Probability Density (naive),cluster,842,41
Probability Density (naive),cluster,843,40
Probability Density (naive),cluster,844,49
Probability Density (naive),cluster,845,35
Probability Density (naive),cluster,846,53
Probability Density (naive),cluster,847,51
Probability Density (naive),cluster,848,34
Probability Density (naive),cluster,849,41
Probability Density (naive),cluster,850,52
Probability Density (naive),cluster,851,41
Probability Density (naive),cluster,852,41
Probability Density (naive),cluster,853,45
Probability Density (naive),cluster,854,56
Probability Density (naive),cluster,855,53
Probability Density (naive),cluster,856,46
Probability Density (naive),cluster,857,48
Probability Density (naive),cluster,858,44
Probability Density (naive),cluster,859,60
Probability Density (naive),cluster,860,23
Probability Density (naive),cluster,861,41
Probability Density (naive),cluster,862,22
Probability Density (naive),cluster,863,31
Probability Density (naive),cluster,864,35
Probability Density (naive),cluster,865,60
Probability Density (naive),cluster,866,50
Probability Density (naive),cluster,867,38
Probability Density (naive),cluster,868,49
Probability Density (naive),cluster,869,49
Probability Density (naive),cluster,870,32
Probability Density (naive),cluster,871,41
Probability Density (naive),cluster,872,47
Probability Density (naive),cluster,873,48
Probability Density (naive),cluster,874,60
Probability Density (naive),cluster,875,55
Probability Density (naive),cluster,876,44
Probability Density (naive),cluster,877,39
Probability Density (naive),cluster,878,66
Probability Density (naive),cluster,879,27
Probability Density (naive),cluster,880,50
Probability Density (naive),cluster,881,41
Probability Density (naive),cluster,882,44
Probability Density (naive),cluster,883,39
Probability Density (naive),cluster,884,36
Probability Density (naive),cluster,885,63
Probability Density (naive),cluster,886,39
Probability Density (naive),cluster,887,51
Probability Density (naive),cluster,888,49
Probability Density (naive),cluster,889,60
Probability Density (naive),cluster,890,42
Probability Density (naive),cluster,891,43
Probability Density (naive),cluster,892,60
Probability Density (naive),cluster,893,54
Probability Density (naive),cluster,894,51
Probability Density (naive),cluster,895,62
Probability Density (naive),cluster,896,30
Probability Density (naive),cluster,897,25
Probability Density (naive),cluster,898,24
Probability Density (naive),cluster,899,61
Probability Density (naive),cluster,900,58
Probability Density (naive),cluster,901,43
Probability Density (naive),cluster,902,29
Probability Density (naive),cluster,903,49
Probability Density (naive),cluster,904,46
Probability Density (naive),cluster,905,35
Probability Density (naive),cluster,906,46
Probability Density (naive),cluster,907,42
Probability Density (naive),cluster,908,53
Probability Density (naive),cluster,909,38
Probability Density (naive),cluster,910,58
Probability Density (naive),cluster,911,45
Probability Density (naive),cluster,912,39
Probability Density (naive),cluster,913,42
Probability Density (naive),cluster,914,67
Probability Density (naive),cluster,915,47
Probability Density (naive),cluster,916,51
Probability Density (naive),cluster,917,44
Probability Density (naive),cluster,918,51
Probability Density (naive),cluster,919,38
Probability Density (naive),cluster,920,34
Probability Density (naive),cluster,921,61
Probability Density (naive),cluster,922,46
Probability Density (naive),cluster,923,54
Probability Density (naive),cluster,924,55
Probability Density (naive),cluster,925,37
Probability Density (naive),cluster,926,36
Probability Density (naive),cluster,927,44
Probability Density (naive),cluster,928,33
Probability Density (naive),cluster,929,53
Probability Density (naive),cluster,930,47
Probability Density (naive),cluster,931,65
Probability Density (naive),cluster,932,46
Probability Density (naive),cluster,933,47
Probability Density (naive),cluster,934,48
Probability Density (naive),cluster,935,53
Probability Density (naive),cluster,936,59
Probability Density (naive),cluster,937,61
Probability Density (naive),cluster,938,58
Probability Density (naive),cluster,939,43
Probability Density (naive),cluster,940,24
Probability Density (naive),cluster,941,27
Probability Density (naive),cluster,942,40
Probability Density (naive),cluster,943,22
Probability Density (naive),cluster,944,32
Probability Density (naive),cluster,945,35
Probability Density (naive),cluster,946,45
Probability Density (naive),cluster,947,42
Probability Density (naive),cluster,948,24
Probability Density (naive),cluster,949,31
Probability Density (naive),cluster,950,38
Probability Density (naive),cluster,951,23
Probability Density (naive),cluster,952,45
Probability Density (naive),cluster,953,42
Probability Density (naive),cluster,954,51
Probability Density (naive),cluster,955,47
Probability Density (naive),cluster,956,37
Probability Density (naive),cluster,957,48
Probability Density (naive),cluster,958,54
Probability Density (naive),cluster,959,46
Probability Density (naive),cluster,960,28
Probability Density (naive),cluster,961,52
Probability Density (naive),cluster,962,69
Probability Density (naive),cluster,963,43
Probability Density (naive),cluster,964,45
Probability Density (naive),cluster,965,50
Probability Density (naive),cluster,966,34
Probability Density (naive),cluster,967,26
Probability Density (naive),cluster,968,44
Probability Density (naive),cluster,969,52
Probability Density (naive),cluster,970,27
Probability Density (naive),cluster,971,47
Probability Density (naive),cluster,972,43
Probability Density (naive),cluster,973,56
Probability Density (naive),cluster,974,51
Probability Density (naive),cluster,975,54
Probability Density (naive),cluster,976,32
Probability Density (naive),cluster,977,60
Probability Density (naive),cluster,978,35
Probability Density (naive),cluster,979,32
Probability Density (naive),cluster,980,37
Probability Density (naive),cluster,981,48
Probability Density (naive),cluster,982,35
Probability Density (naive),cluster,983,30
Probability Density (naive),cluster,984,31
Probability Density (naive),cluster,985,61
Probability Density (naive),cluster,986,57
Probability Density (naive),cluster,987,64
Probability Density (naive),cluster,988,40
Probability Density (naive),cluster,989,36
Probability Density (naive),cluster,990,42
Probability Density (naive),cluster,991,36
Probability Density (naive),cluster,992,34
Probability Density (naive),cluster,993,50
Probability Density (naive),cluster,994,34
Probability Density (naive),cluster,995,50
Probability Density (naive),cluster,996,61
Probability Density (naive),cluster,997,48
Probability Density (naive),cluster,998,55
Probability Density (naive),cluster,999,45
Probability Density (naive),cluster,1000,61
Probability Density (naive),cluster,1001,41
Probability Density (naive),cluster,1002,48
Probability Density (naive),cluster,1003,31
Probability Density (naive),cluster,1004,51
Probability Density (naive),cluster,1005,40
Probability Density (naive),cluster,1006,47
Probability Density (naive),cluster,1007,49
Probability Density (naive),cluster,1008,61
Probability Density (naive),cluster,1009,50
Probability Density (naive),cluster,1010,29
Probability Density (naive),cluster,1011,29
Probability Density (naive),cluster,1012,26
Probability Density (naive),cluster,1013,48
Probability Density (naive),cluster,1014,30
Probability Density (naive),cluster,1015,32
Probability Density (naive),cluster,1016,42
Probability Density (naive),cluster,1017,38
Probability Density (naive),cluster,1018,58
Probability Density (naive),cluster,1019,33
Probability Density (naive),cluster,1020,40
Probability Density (naive),cluster,1021,54
Probability Density (naive),cluster,1022,29
Probability Density (naive),cluster,1023,32
Probability Density (naive),cluster,1024,39
Probability Density (naive),cluster,1025,51
Probability Density (naive),cluster,1026,53
Probability Density (naive),cluster,1027,44
Probability Density (naive),cluster,1028,39
Probability Density (naive),cluster,1029,24
Probability Density (naive),cluster,1030,47
Probability Density (naive),cluster,1031,27
Probability Density (naive),cluster,1032,52
Probability Density (naive),cluster,1033,54
Probability Density (naive),cluster,1034,35
Probability Density (naive),cluster,1035,53
Probability Density (naive),cluster,1036,55
Probability Density (naive),cluster,1037,41
Probability Density (naive),cluster,1038,33
Probability Density (naive),cluster,1039,44
Probability Density (naive),cluster,1040,61
Probability Density (naive),cluster,1041,60
Probability Density (naive),cluster,1042,49
Probability Density (naive),cluster,1043,38
Probability Density (naive),cluster,1044,48
Probability Density (naive),cluster,1045,36
Probability Density (naive),cluster,1046,54
Probability Density (naive),cluster,1047,38
Probability Density (naive),cluster,1048,41
Probability Density (naive),cluster,1049,39
Probability Density (naive),cluster,1050,43
Probability Density (naive),cluster,1051,46
Probability Density (naive),cluster,1052,33
Probability Density (naive),cluster,1053,63
Probability Density (naive),cluster,1054,45
Probability Density (naive),cluster,1055,48
Probability Density (naive),cluster,1056,49
Probability Density (naive),cluster,1057,56
Probability Density (naive),cluster,1058,50
Probability Density (naive),cluster,1059,46
Probability Density (naive),cluster,1060,56
Probability Density (naive),cluster,1061,46
Probability Density (naive),cluster,1062,55
Probability Density (naive),cluster,1063,40
Probability Density (naive),cluster,1064,50
Probability Density (naive),cluster,1065,49
Probability Density (naive),cluster,1066,60
Probability Density (naive),cluster,1067,59
Probability Density (naive),cluster,1068,42
Probability Density (naive),cluster,1069,45
Probability Density (naive),cluster,1070,61
Probability Density (naive),cluster,1071,59
Probability Density (naive),cluster,1072,57
Probability Density (naive),cluster,1073,55
Probability Density (naive),cluster,1074,50
Probability Density (naive),cluster,1075,38
Probability Density (naive),cluster,1076,58
Probability Density (naive),cluster,1077,52
Probability Density (naive),cluster,1078,53
Probability Density (naive),cluster,1079,38
Probability Density (naive),cluster,1080,50
Probability Density (naive),cluster,1081,34
Probability Density (naive),cluster,1082,38
Probability Density (naive),cluster,1083,34
Probability Density (naive),cluster,1084,61
Probability Density (naive),cluster,1085,58
Probability Density (naive),cluster,1086,62
Probability Density (naive),cluster,1087,48
Probability Density (naive),cluster,1088,44
Probability Density (naive),cluster,1089,42
Probability Density (naive),cluster,1090,41
Probability Density (naive),cluster,1091,32
Probability Density (naive),cluster,1092,67
Probability Density (naive),cluster,1093,33
Probability Density (naive),cluster,1094,34
Probability Density (naive),cluster,1095,31
Probability Density (naive),cluster,1096,35
Probability Density (naive),cluster,1097,36
Probability Density (naive),cluster,1098,31
Probability Density (naive),cluster,1099,41
Probability Density (naive),cluster,1100,47
Probability Density (naive),cluster,1101,54
Probability Density (naive),cluster,1102,34
Probability Density (naive),cluster,1103,50
Probability Density (naive),cluster,1104,49
Probability Density (naive),cluster,1105,35
Probability Density (naive),cluster,1106,46
Probability Density (naive),cluster,1107,41
Probability Density (naive),cluster,1108,48
Probability Density (naive),cluster,1109,37
Probability Density (naive),cluster,1110,53
Probability Density (naive),cluster,1111,38
Probability Density (naive),cluster,1112,41
Probability Density (naive),cluster,1113,49
Probability Density (naive),cluster,1114,33
Probability Density (naive),cluster,1115,44
Probability Density (naive),cluster,1116,29
Probability Density (naive),cluster,1117,44
Probability Density (naive),cluster,1118,54
Probability Density (naive),cluster,1119,41
Probability Density (naive),cluster,1120,53
Probability Density (naive),cluster,1121,51
Probability Density (naive),cluster,1122,52
Probability Density (naive),cluster,1123,48
Probability Density (naive),cluster,1124,39
Probability Density (naive),cluster,1125,65
Probability Density (naive),cluster,1126,40
Probability Density (naive),cluster,1127,49
Probability Density (naive),cluster,1128,47
Probability Density (naive),cluster,1129,56
Probability Density (naive),cluster,1130,59
Probability Density (naive),cluster,1131,54
Probability Density (naive),cluster,1132,50
Probability Density (naive),cluster,1133,53
Probability Density (naive),cluster,1134,40
Probability Density (naive),cluster,1135,39
Probability Density (naive),cluster,1136,42
Probability Density (naive),cluster,1137,57
Probability Density (naive),cluster,1138,39
Probability Density (naive),cluster,1139,37
Probability Density (naive),cluster,1140,29
Probability Density (naive),cluster,1141,57
Probability Density (naive),cluster,1142,31
Probability Density (naive),cluster,1143,33
Probability Density (naive),cluster,1144,49
Probability Density (naive),cluster,1145,48
Probability Density (naive),cluster,1146,62
Probability Density (naive),cluster,1147,40
Probability Density (naive),cluster,1148,51
Probability Density (naive),cluster,1149,42
Probability Density (naive),cluster,1150,49
Probability Density (naive),cluster,1151,34
Probability Density (naive),cluster,1152,37
Probability Density (naive),cluster,1153,40
Probability Density (naive),cluster,1154,51
Probability Density (naive),cluster,1155,33
Probability Density (naive),cluster,1156,50
Probability Density (naive),cluster,1157,51
Probability Density (naive),cluster,1158,61
Probability Density (naive),cluster,1159,42
Probability Density (naive),cluster,1160,29
Probability Density (naive),cluster,1161,50
Probability Density (naive),cluster,1162,44
Probability Density (naive),cluster,1163,48
Probability Density (naive),cluster,1164,36
Probability Density (naive),cluster,1165,34
Probability Density (naive),cluster,1166,39
Probability Density (naive),cluster,1167,53
Probability Density (naive),cluster,1168,55
Probability Density (naive),cluster,1169,31
Probability Density (naive),cluster,1170,41
Probability Density (naive),cluster,1171,29
Probability Density (naive),cluster,1172,39
Probability Density (naive),cluster,1173,51
Probability Density (naive),cluster,1174,62
Probability Density (naive),cluster,1175,54
Probability Density (naive),cluster,1176,37
Probability Density (naive),cluster,1177,39
Probability Density (naive),cluster,1178,23
Probability Density (naive),cluster,1179,41
Probability Density (naive),cluster,1180,44
Probability Density (naive),cluster,1181,64
Probability Density (naive),cluster,1182,36
Probability Density (naive),cluster,1183,40
Probability Density (naive),cluster,1184,23
Probability Density (naive),cluster,1185,38
Probability Density (naive),cluster,1186,60
Probability Density (naive),cluster,1187,45
Probability Density (naive),cluster,1188,43
Probability Density (naive),cluster,1189,49
Probability Density (naive),cluster,1190,36
Probability Density (naive),cluster,1191,60
Probability Density (naive),cluster,1192,51
Probability Density (naive),cluster,1193,56
Probability Density (naive),cluster,1194,67
Probability Density (naive),cluster,1195,34
Probability Density (naive),cluster,1196,56
Probability Density (naive),cluster,1197,42
Probability Density (naive),cluster,1198,58
Probability Density (naive),cluster,1199,56
Probability Density (naive),cluster,1200,50
Probability Density (naive),cluster,1201,68
Probability Density (naive),cluster,1202,40
Probability Density (naive),cluster,1203,36
Probability Density (naive),cluster,1204,41
Probability Density (naive),cluster,1205,55
Probability Density (naive),cluster,1206,48
Probability Density (naive),cluster,1207,33
Probability Density (naive),cluster,1208,45
Probability Density (naive),cluster,1209,30
Probability Density (naive),cluster,1210,38
Probability Density (naive),cluster,1211,27
Probability Density (naive),cluster,1212,51
Probability Density (naive),cluster,1213,47
Probability Density (naive),cluster,1214,27
Probability Density (naive),cluster,1215,41
Probability Density (naive),cluster,1216,35
Probability Density (naive),cluster,1217,42
Probability Density (naive),cluster,1218,42
Probability Density (naive),cluster,1219,51
Probability Density (naive),cluster,1220,25
Probability Density (naive),cluster,1221,26
Probability Density (naive),cluster,1222,46
Probability Density (naive),cluster,1223,38
Probability Density (naive),cluster,1224,58
Probability Density (naive),cluster,1225,34
Probability Density (naive),cluster,1226,33
Probability Density (naive),cluster,1227,67
Probability Density (naive),cluster,1228,60
Probability Density (naive),cluster,1229,33
Probability Density (naive),cluster,1230,51
Probability Density (naive),cluster,1231,47
Probability Density (naive),cluster,1232,43
Probability Density (naive),cluster,1233,52
Probability Density (naive),cluster,1234,64
Probability Density (naive),cluster,1235,33
Probability Density (naive),cluster,1236,32
Probability Density (naive),cluster,1237,43
Probability Density (naive),cluster,1238,50
Probability Density (naive),cluster,1239,49
Probability Density (naive),cluster,1240,41
Probability Density (naive),cluster,1241,60
Probability Density (naive),cluster,1242,46
Probability Density (naive),cluster,1243,23
Probability Density (naive),cluster,1244,36
Probability Density (naive),cluster,1245,64
Probability Density (naive),cluster,1246,47
Probability Density (naive),cluster,1247,47
Probability Density (naive),cluster,1248,44
Probability Density (naive),cluster,1249,47
Probability Density (naive),cluster,1250,37
Probability Density (naive),cluster,1251,54
Probability Density (naive),cluster,1252,32
Probability Density (naive),cluster,1253,38
Probability Density (naive),cluster,1254,44
Probability Density (naive),cluster,1255,34
Probability Density (naive),cluster,1256,55
Probability Density (naive),cluster,1257,57
Probability Density (naive),cluster,1258,22
Probability Density (naive),cluster,1259,48
Probability Density (naive),cluster,1260,47
Probability Density (naive),cluster,1261,53
Probability Density (naive),cluster,1262,46
Probability Density (naive),cluster,1263,32
Probability Density (naive),cluster,1264,41
Probability Density (naive),cluster,1265,57
Probability Density (naive),cluster,1266,44
Probability Density (naive),cluster,1267,28
Probability Density (naive),cluster,1268,32
Probability Density (naive),cluster,1269,53
Probability Density (naive),cluster,1270,41
Probability Density (naive),cluster,1271,51
Probability Density (naive),cluster,1272,34
Probability Density (naive),cluster,1273,33
Probability Density (naive),cluster,1274,44
Probability Density (naive),cluster,1275,40
Probability Density (naive),cluster,1276,55
Probability Density (naive),cluster,1277,25
Probability Density (naive),cluster,1278,39
Probability Density (naive),cluster,1279,66
Probability Density (naive),cluster,1280,45
Probability Density (naive),cluster,1281,51
Probability Density (naive),cluster,1282,50
Probability Density (naive),cluster,1283,58
Probability Density (naive),cluster,1284,45
Probability Density (naive),cluster,1285,54
Probability Density (naive),cluster,1286,48
Probability Density (naive),cluster,1287,56
Probability Density (naive),cluster,1288,32
Probability Density (naive),cluster,1289,29
Probability Density (naive),cluster,1290,48
Probability Density (naive),cluster,1291,23
Probability Density (naive),cluster,1292,40
Probability Density (naive),cluster,1293,43
Probability Density (naive),cluster,1294,55
Probability Density (naive),cluster,1295,56
Probability Density (naive),cluster,1296,44
Probability Density (naive),cluster,1297,59
Probability Density (naive),cluster,1298,40
Probability Density (naive),cluster,1299,28
Probability Density (naive),cluster,1300,53
Probability Density (naive),cluster,1301,49
Probability Density (naive),cluster,1302,46
Probability Density (naive),cluster,1303,30
Probability Density (naive),cluster,1304,57
Probability Density (naive),cluster,1305,21
Probability Density (naive),cluster,1306,38
Probability Density (naive),cluster,1307,72
Probability Density (naive),cluster,1308,50
Probability Density (naive),cluster,1309,31
Probability Density (naive),cluster,1310,35
Probability Density (naive),cluster,1311,46
Probability Density (naive),cluster,1312,63
Probability Density (naive),cluster,1313,56
Probability Density (naive),cluster,1314,32
Probability Density (naive),cluster,1315,47
Probability Density (naive),cluster,1316,39
Probability Density (naive),cluster,1317,60
Probability Density (naive),cluster,1318,55
Probability Density (naive),cluster,1319,51
Probability Density (naive),cluster,1320,31
Probability Density (naive),cluster,1321,52
Probability Density (naive),cluster,1322,53
Probability Density (naive),cluster,1323,51
Probability Density (naive),cluster,1324,42
Probability Density (naive),cluster,1325,40
Probability Density (naive),cluster,1326,50
Probability Density (naive),cluster,1327,53
Probability Density (naive),cluster,1328,51
Probability Density (naive),cluster,1329,42
Probability Density (naive),cluster,1330,40
Probability Density (naive),cluster,1331,63
Probability Density (naive),cluster,1332,54
Probability Density (naive),cluster,1333,23
Probability Density (naive),cluster,1334,59
Probability Density (naive),cluster,1335,52
Probability Density (naive),cluster,1336,41
Probability Density (naive),cluster,1337,59
Probability Density (naive),cluster,1338,44
Probability Density (naive),cluster,1339,59
Probability Density (naive),cluster,1340,42
Probability Density (naive),cluster,1341,54
Probability Density (naive),cluster,1342,48
Probability Density (naive),cluster,1343,47
Probability Density (naive),cluster,1344,58
Probability Density (naive),cluster,1345,52
Probability Density (naive),cluster,1346,24
Probability Density (naive),cluster,1347,58
Probability Density (naive),cluster,1348,62
Probability Density (naive),cluster,1349,53
Probability Density (naive),cluster,1350,49
Probability Density (naive),cluster,1351,53
Probability Density (naive),cluster,1352,34
Probability Density (naive),cluster,1353,48
Probability Density (naive),cluster,1354,45
Probability Density (naive),cluster,1355,46
Probability Density (naive),cluster,1356,53
Probability Density (naive),cluster,1357,58
Probability Density (naive),cluster,1358,36
Probability Density (naive),cluster,1359,48
Probability Density (naive),cluster,1360,61
Probability Density (naive),cluster,1361,49
Probability Density (naive),cluster,1362,45
Probability Density (naive),cluster,1363,39
Probability Density (naive),cluster,1364,58
Probability Density (naive),cluster,1365,62
Probability Density (naive),cluster,1366,58
Probability Density (naive),cluster,1367,44
Probability Density (naive),cluster,1368,43
Probability Density (naive),cluster,1369,43
Probability Density (naive),cluster,1370,22
Probability Density (naive),cluster,1371,35
Probability Density (naive),cluster,1372,52
Probability Density (naive),cluster,1373,42
Probability Density (naive),cluster,1374,39
Probability Density (naive),cluster,1375,33
Probability Density (naive),cluster,1376,27
Probability Density (naive),cluster,1377,23
Probability Density (naive),cluster,1378,28
Probability Density (naive),cluster,1379,48
Probability Density (naive),cluster,1380,26
Probability Density (naive),cluster,1381,56
Probability Density (naive),cluster,1382,59
Probability Density (naive),cluster,1383,38
Probability Density (naive),cluster,1384,42
Probability Density (naive),cluster,1385,23
Probability Density (naive),cluster,1386,46
Probability Density (naive),cluster,1387,39
Probability Density (naive),cluster,1388,51
Probability Density (naive),cluster,1389,55
Probability Density (naive),cluster,1390,54
Probability Density (naive),cluster,1391,39
Probability Density (naive),cluster,1392,51
Probability Density (naive),cluster,1393,51
Probability Density (naive),cluster,1394,57
Probability Density (naive),cluster,1395,47
Probability Density (naive),cluster,1396,40
Probability Density (naive),cluster,1397,50
Probability Density (naive),cluster,1398,47
Probability Density (naive),cluster,1399,34
Probability Density (naive),cluster,1400,38
Probability Density (naive),cluster,1401,60
Probability Density (naive),cluster,1402,59
Probability Density (naive),cluster,1403,61
Probability Density (naive),cluster,1404,31
Probability Density (naive),cluster,1405,33
Probability Density (naive),cluster,1406,59
Probability Density (naive),cluster,1407,62
Probability Density (naive),cluster,1408,62
Probability Density (naive),cluster,1409,50
Probability Density (naive),cluster,1410,35
Probability Density (naive),cluster,1411,45
Probability Density (naive),cluster,1412,65
Probability Density (naive),cluster,1413,45
Probability Density (naive),cluster,1414,32
Probability Density (naive),cluster,1415,53
Probability Density (naive),cluster,1416,51
Probability Density (naive),cluster,1417,59
Probability Density (naive),cluster,1418,54
Probability Density (naive),cluster,1419,48
Probability Density (naive),cluster,1420,50
Probability Density (naive),cluster,1421,42
Probability Density (naive),cluster,1422,38
Probability Density (naive),cluster,1423,41
Probability Density (naive),cluster,1424,50
Probability Density (naive),cluster,1425,39
Probability Density (naive),cluster,1426,50
Probability Density (naive),cluster,1427,66
Probability Density (naive),cluster,1428,46
Probability Density (naive),cluster,1429,34
Probability Density (naive),cluster,1430,35
Probability Density (naive),cluster,1431,34
Probability Density (naive),cluster,1432,46
Probability Density (naive),cluster,1433,65
Probability Density (naive),cluster,1434,38
Probability Density (naive),cluster,1435,48
Probability Density (naive),cluster,1436,35
Probability Density (naive),cluster,1437,37
Probability Density (naive),cluster,1438,41
Probability Density (naive),cluster,1439,40
Probability Density (naive),cluster,1440,66
Probability Density (naive),cluster,1441,26
Probability Density (naive),cluster,1442,57
Probability Density (naive),cluster,1443,36
Probability Density (naive),cluster,1444,28
Probability Density (naive),cluster,1445,44
Probability Density (naive),cluster,1446,44
Probability Density (naive),cluster,1447,58
Probability Density (naive),cluster,1448,54
Probability Density (naive),cluster,1449,41
Probability Density (naive),cluster,1450,54
Probability Density (naive),cluster,1451,35
Probability Density (naive),cluster,1452,34
Probability Density (naive),cluster,1453,29
Probability Density (naive),cluster,1454,49
Probability Density (naive),cluster,1455,41
Probability Density (naive),cluster,1456,52
Probability Density (naive),cluster,1457,39
Probability Density (naive),cluster,1458,35
Probability Density (naive),cluster,1459,51
Probability Density (naive),cluster,1460,53
Probability Density (naive),cluster,1461,46
Probability Density (naive),cluster,1462,47
Probability Density (naive),cluster,1463,53
Probability Density (naive),cluster,1464,32
Probability Density (naive),cluster,1465,26
Probability Density (naive),cluster,1466,47
Probability Density (naive),cluster,1467,48
Probability Density (naive),cluster,1468,64
Probability Density (naive),cluster,1469,36
Probability Density (naive),cluster,1470,49
Probability Density (naive),cluster,1471,25
Probability Density (naive),cluster,1472,45
Probability Density (naive),cluster,1473,56
Probability Density (naive),cluster,1474,54
Probability Density (naive),cluster,1475,49
Probability Density (naive),cluster,1476,40
Probability Density (naive),cluster,1477,54
Probability Density (naive),cluster,1478,47
Probability Density (naive),cluster,1479,44
Probability Density (naive),cluster,1480,43
Probability Density (naive),cluster,1481,47
Probability Density (naive),cluster,1482,44
Probability Density (naive),cluster,1483,64
Probability Density (naive),cluster,1484,45
Probability Density (naive),cluster,1485,35
Probability Density (naive),cluster,1486,42
Probability Density (naive),cluster,1487,60
Probability Density (naive),cluster,1488,50
Probability Density (naive),cluster,1489,52
Probability Density (naive),cluster,1490,38
Probability Density (naive),cluster,1491,29
Probability Density (naive),cluster,1492,52
Probability Density (naive),cluster,1493,56
Probability Density (naive),cluster,1494,53
Probability Density (naive),cluster,1495,46
Probability Density (naive),cluster,1496,29
Probability Density (naive),cluster,1497,50
Probability Density (naive),cluster,1498,25
Probability Density (naive),cluster,1499,34
Probability Density (naive),spread,0,41
Probability Density (naive),spread,1,35
Probability Density (naive),spread,2,42
Probability Density (naive),spread,3,49
Probability Density (naive),spread,4,49
Probability Density (naive),spread,5,53
Probability Density (naive),spread,6,53
Probability Density (naive),spread,7,50
Probability Density (naive),spread,8,43
Probability Density (naive),spread,9,43
Probability Density (naive),spread,10,55
Probability Density (naive),spread,11,39
Probability Density (naive),spread,12,41
Probability Density (naive),spread,13,44
Probability Density (naive),spread,14,42
Probability Density (naive),spread,15,62
Probability Density (naive),spread,16,37
Probability Density (naive),spread,17,50
Probability Density (naive),spread,18,55
Probability Density (naive),spread,19,45
Probability Density (naive),spread,20,40
Probability Density (naive),spread,21,51
Probability Density (naive),spread,22,40
Probability Density (naive),spread,23,44
Probability Density (naive),spread,24,35
Probability Density (naive),spread,25,47
Probability Density (naive),spread,26,57
Probability Density (naive),spread,27,41
Probability Density (naive),spread,28,41
Probability Density (naive),spread,29,51
Probability Density (naive),spread,30,50
Probability Density (naive),spread,31,43
Probability Density (naive),spread,32,42
Probability Density (naive),spread,33,37
Probability Density (naive),spread,34,61
Probability Density (naive),spread,35,56
Probability Density (naive),spread,36,43
Probability Density (naive),spread,37,48
Probability Density (naive),spread,38,45
Probability Density (naive),spread,39,46
Probability Density (naive),spread,40,49
Probability Density (naive),spread,41,41
Probability Density (naive),spread,42,51
Probability Density (naive),spread,43,48
Probability Density (naive),spread,44,46
Probability Density (naive),spread,45,41
Probability Density (naive),spread,46,48
Probability Density (naive),spread,47,40
Probability Density (naive),spread,48,38
Probability Density (naive),spread,49,38
Probability Density (naive),spread,50,47
Probability Density (naive),spread,51,37
Probability Density (naive),spread,52,40
Probability Density (naive),spread,53,45
Probability Density (naive),spread,54,49
Probability Density (naive),spread,55,57
Probability Density (naive),spread,56,32
Probability Density (naive),spread,57,38
Probability Density (naive),spread,58,40
Probability Density (naive),spread,59,37
Probability Density (naive),spread,60,59
Probability Density (naive),spread,61,36
Probability Density (naive),spread,62,55
Probability Density (naive),spread,63,47
Probability Density (naive),spread,64,35
Probability Density (naive),spread,65,36
Probability Density (naive),spread,66,43
Probability Density (naive),spread,67,43
Probability Density (naive),spread,68,37
Probability Density (naive),spread,69,52
Probability Density (naive),spread,70,33
Probability Density (naive),spread,71,50
Probability Density (naive),spread,72,35
Probability Density (naive),spread,73,36
Probability Density (naive),spread,74,38
Probability Density (naive),spread,75,40
Probability Density (naive),spread,76,52
Probability Density (naive),spread,77,45
Probability Density (naive),spread,78,33
Probability Density (naive),spread,79,60
Probability Density (naive),spread,80,39
Probability Density (naive),spread,81,40
Probability Density (naive),spread,82,41
Probability Density (naive),spread,83,37
Probability Density (naive),spread,84,35
Probability Density (naive),spread,85,51
Probability Density (naive),spread,86,38
Probability Density (naive),spread,87,54
Probability Density (naive),spread,88,34
Probability Density (naive),spread,89,43
Probability Density (naive),spread,90,39
Probability Density (naive),spread,91,41
Probability Density (naive),spread,92,46
Probability Density (naive),spread,93,34
Probability Density (naive),spread,94,58
Probability Density (naive),spread,95,31
Probability Density (naive),spread,96,46
Probability Density (naive),spread,97,35
Probability Density (naive),spread,98,37
Probability Density (naive),spread,99,34
Probability Density (naive),spread,100,44
Probability Density (naive),spread,101,48
Probability Density (naive),spread,102,44
Probability Density (naive),spread,103,47
Probability Density (naive),spread,104,48
Probability Density (naive),spread,105,42
Probability Density (naive),spread,106,36
Probability Density (naive),spread,107,42
Probability Density (naive),spread,108,45
Probability Density (naive),spread,109,51
Probability Density (naive),spread,110,46
Probability Density (naive),spread,111,59
Probability Density (naive),spread,112,37
Probability Density (naive),spread,113,49
Probability Density (naive),spread,114,49
Probability Density (naive),spread,115,53
Probability Density (naive),spread,116,35
Probability Density (naive),spread,117,32
Probability Density (naive),spread,118,35
Probability Density (naive),spread,119,51
Probability Density (naive),spread,120,38
Probability Density (naive),spread,121,47
Probability Density (naive),spread,122,47
Probability Density (naive),spread,123,65
Probability Density (naive),spread,124,59
Probability Density (naive),spread,125,34
Probability Density (naive),spread,126,37
Probability Density (naive),spread,127,48
Probability Density (naive),spread,128,55
Probability Density (naive),spread,129,61
Probability Density (naive),spread,130,43
Probability Density (naive),spread,131,36
Probability Density (naive),spread,132,42
Probability Density (naive),spread,133,42
Probability Density (naive),spread,134,44
Probability Density (naive),spread,135,44
Probability Density (naive),spread,136,40
Probability Density (naive),spread,137,44
Probability Density (naive),spread,138,48
Probability Density (naive),spread,139,44
Probability Density (naive),spread,140,47
Probability Density (naive),spread,141,47
Probability Density (naive),spread,142,43
Probability Density (naive),spread,143,47
Probability Density (naive),spread,144,33
Probability Density (naive),spread,145,44
Probability Density (naive),spread,146,52
Probability Density (naive),spread,147,52
Probability Density (naive),spread,148,48
Probability Density (naive),spread,149,52
Probability Density (naive),spread,150,52
Probability Density (naive),spread,151,53
Probability Density (naive),spread,152,32
Probability Density (naive),spread,153,45
Probability Density (naive),spread,154,51
Probability Density (naive),spread,155,36
Probability Density (naive),spread,156,49
Probability Density (naive),spread,157,36
Probability Density (naive),spread,158,33
Probability Density (naive),spread,159,36
Probability Density (naive),spread,160,42
Probability Density (naive),spread,161,50
Probability Density (naive),spread,162,51
Probability Density (naive),spread,163,64
Probability Density (naive),spread,164,52
Probability Density (naive),spread,165,39
Probability Density (naive),spread,166,41
Probability Density (naive),spread,167,36
Probability Density (naive),spread,168,47
Probability Density (naive),spread,169,53
Probability Density (naive),spread,170,26
Probability Density (naive),spread,171,32
Probability Density (naive),spread,172,49
Probability Density (naive),spread,173,64
Probability Density (naive),spread,174,59
Probability Density (naive),spread,175,48
Probability Density (naive),spread,176,38
Probability Density (naive),spread,177,53
Probability Density (naive),spread,178,45
Probability Density (naive),spread,179,50
Probability Density (naive),spread,180,38
Probability Density (naive),spread,181,53
Probability Density (naive),spread,182,42
Probability Density (naive),spread,183,58
Probability Density (naive),spread,184,42
Probability Density (naive),spread,185,45
Probability Density (naive),spread,186,42
Probability Density (naive),spread,187,48
Probability Density (naive),spread,188,61
Probability Density (naive),spread,189,52
Probability Density (naive),spread,190,53
Probability Density (naive),spread,191,33
Probability Density (naive),spread,192,53
Probability Density (naive),spread,193,49
Probability Density (naive),spread,194,44
Probability Density (naive),spread,195,34
Probability Density (naive),spread,196,35
Probability Density (naive),spread,197,46
Probability Density (naive),spread,198,47
Probability Density (naive),spread,199,36
Probability Density (naive),spread,200,39
Probability Density (naive),spread,201,41
Probability Density (naive),spread,202,35
Probability Density (naive),spread,203,35
Probability Density (naive),spread,204,40
Probability Density (naive),spread,205,44
Probability Density (naive),spread,206,51
Probability Density (naive),spread,207,50
Probability Density (naive),spread,208,59
Probability Density (naive),spread,209,66
Probability Density (naive),spread,210,51
Probability Density (naive),spread,211,50
Probability Density (naive),spread,212,42
Probability Density (naive),spread,213,50
Probability Density (naive),spread,214,34
Probability Density (naive),spread,215,35
Probability Density (naive),spread,216,47
Probability Density (naive),spread,217,49
Probability Density (naive),spread,218,38
Probability Density (naive),spread,219,37
Probability Density (naive),spread,220,46
Probability Density (naive),spread,221,63
Probability Density (naive),spread,222,44
Probability Density (naive),spread,223,39
Probability Density (naive),spread,224,45
Probability Density (naive),spread,225,40
Probability Density (naive),spread,226,49
Probability Density (naive),spread,227,41
Probability Density (naive),spread,228,59
Probability Density (naive),spread,229,37
Probability Density (naive),spread,230,40
Probability Density (naive),spread,231,53
Probability Density (naive),spread,232,46
Probability Density (naive),spread,233,58
Probability Density (naive),spread,234,33
Probability Density (naive),spread,235,62
Probability Density (naive),spread,236,46
Probability Density (naive),spread,237,60
Probability Density (naive),spread,238,38
Probability Density (naive),spread,239,56
Probability Density (naive),spread,240,40
Probability Density (naive),spread,241,46
Probability Density (naive),spread,242,35
Probability Density (naive),spread,243,38
Probability Density (naive),spread,244,42
Probability Density (naive),spread,245,65
Probability Density (naive),spread,246,44
Probability Density (naive),spread,247,39
Probability Density (naive),spread,248,49
Probability Density (naive),spread,249,45
Probability Density (naive),spread,250,69
Probability Density (naive),spread,251,40
Probability Density (naive),spread,252,48
Probability Density (naive),spread,253,39
Probability Density (naive),spread,254,54
Probability Density (naive),spread,255,39
Probability Density (naive),spread,256,41
Probability Density (naive),spread,257,51
Probability Density (naive),spread,258,37
Probability Density (naive),spread,259,50
Probability Density (naive),spread,260,62
Probability Density (naive),spread,261,52
Probability Density (naive),spread,262,48
Probability Density (naive),spread,263,40
Probability Density (naive),spread,264,58
Probability Density (naive),spread,265,33
Probability Density (naive),spread,266,42
Probability Density (naive),spread,267,58
Probability Density (naive),spread,268,37
Probability Density (naive),spread,269,46
Probability Density (naive),spread,270,33
Probability Density (naive),spread,271,53
Probability Density (naive),spread,272,33
Probability Density (naive),spread,273,35
Probability Density (naive),spread,274,45
Probability Density (naive),spread,275,46
Probability Density (naive),spread,276,42
Probability Density (naive),spread,277,46
Probability Density (naive),spread,278,55
Probability Density (naive),spread,279,49
Probability Density (naive),spread,280,44
Probability Density (naive),spread,281,56
Probability Density (naive),spread,282,42
Probability Density (naive),spread,283,52
Probability Density (naive),spread,284,35
Probability Density (naive),spread,285,51
Probability Density (naive),spread,286,38
Probability Density (naive),spread,287,57
Probability Density (naive),spread,288,54
Probability Density (naive),spread,289,31
Probability Density (naive),spread,290,36
Probability Density (naive),spread,291,34
Probability Density (naive),spread,292,53
Probability Density (naive),spread,293,51
Probability Density (naive),spread,294,52
Probability Density (naive),spread,295,41
Probability Density (naive),spread,296,44
Probability Density (naive),spread,297,43
Probability Density (naive),spread,298,37
Probability Density (naive),spread,299,40
Probability Density (naive),spread,300,39
Probability Density (naive),spread,301,56
Probability Density (naive),spread,302,45
Probability Density (naive),spread,303,47
Probability Density (naive),spread,304,52
Probability Density (naive),spread,305,39
Probability Density (naive),spread,306,31
Probability Density (naive),spread,307,51
Probability Density (naive),spread,308,35
Probability Density (naive),spread,309,47
Probability Density (naive),spread,310,43
Probability Density (naive),spread,311,42
Probability Density (naive),spread,312,39
Probability Density (naive),spread,313,33
Probability Density (naive),spread,314,41
Probability Density (naive),spread,315,52
Probability Density (naive),spread,316,44
Probability Density (naive),spread,317,49
Probability Density (naive),spread,318,54
Probability Density (naive),spread,319,48
Probability Density (naive),spread,320,32
Probability Density (naive),spread,321,51
Probability Density (naive),spread,322,40
Probability Density (naive),spread,323,43
Probability Density (naive),spread,324,40
Probability Density (naive),spread,325,48
Probability Density (naive),spread,326,36
Probability Density (naive),spread,327,42
Probability Density (naive),spread,328,51
Probability Density (naive),spread,329,48
Probability Density (naive),spread,330,51
Probability Density (naive),spread,331,65
Probability Density (naive),spread,332,46
Probability Density (naive),spread,333,47
Probability Density (naive),spread,334,51
Probability Density (naive),spread,335,46
Probability Density (naive),spread,336,30
Probability Density (naive),spread,337,57
Probability Density (naive),spread,338,40
Probability Density (naive),spread,339,61
Probability Density (naive),spread,340,46
Probability Density (naive),spread,341,42
Probability Density (naive),spread,342,44
Probability Density (naive),spread,343,61
Probability Density (naive),spread,344,43
Probability Density (naive),spread,345,37
Probability Density (naive),spread,346,36
Probability Density (naive),spread,347,47
Probability Density (naive),spread,348,54
Probability Density (naive),spread,349,62
Probability Density (naive),spread,350,35
Probability Density (naive),spread,351,37
Probability Density (naive),spread,352,46
Probability Density (naive),spread,353,61
Probability Density (naive),spread,354,31
Probability Density (naive),spread,355,39
Probability Density (naive),spread,356,45
Probability Density (naive),spread,357,45
Probability Density (naive),spread,358,42
Probability Density (naive),spread,359,47
Probability Density (naive),spread,360,35
Probability Density (naive),spread,361,60
Probability Density (naive),spread,362,36
Probability Density (naive),spread,363,47
Probability Density (naive),spread,364,38
Probability Density (naive),spread,365,46
Probability Density (naive),spread,366,60
Probability Density (naive),spread,367,30
Probability Density (naive),spread,368,43
Probability Density (naive),spread,369,41
Probability Density (naive),spread,370,54
Probability Density (naive),spread,371,60
Probability Density (naive),spread,372,54
Probability Density (naive),spread,373,42
Probability Density (naive),spread,374,33
Probability Density (naive),spread,375,40
Probability Density (naive),spread,376,42
Probability Density (naive),spread,377,48
Probability Density (naive),spread,378,41
Probability Density (naive),spread,379,46
Probability Density (naive),spread,380,38
Probability Density (naive),spread,381,33
Probability Density (naive),spread,382,44
Probability Density (naive),spread,383,42
Probability Density (naive),spread,384,43
Probability Density (naive),spread,385,38
Probability Density (naive),spread,386,48
Probability Density (naive),spread,387,31
Probability Density (naive),spread,388,47
Probability Density (naive),spread,389,36
Probability Density (naive),spread,390,42
Probability Density (naive),spread,391,38
Probability Density (naive),spread,392,40
Probability Density (naive),spread,393,51
Probability Density (naive),spread,394,63
Probability Density (naive),spread,395,43
Probability Density (naive),spread,396,49
Probability Density (naive),spread,397,37
Probability Density (naive),spread,398,46
Probability Density (naive),spread,399,35
Probability Density (naive),spread,400,40
Probability Density (naive),spread,401,31
Probability Density (naive),spread,402,62
Probability Density (naive),spread,403,44
Probability Density (naive),spread,404,44
Probability Density (naive),spread,405,40
Probability Density (naive),spread,406,61
Probability Density (naive),spread,407,60
Probability Density (naive),spread,408,47
Probability Density (naive),spread,409,52
Probability Density (naive),spread,410,42
Probability Density (naive),spread,411,61
Probability Density (naive),spread,412,41
Probability Density (naive),spread,413,56
Probability Density (naive),spread,414,39
Probability Density (naive),spread,415,34
Probability Density (naive),spread,416,38
Probability Density (naive),spread,417,56
Probability Density (naive),spread,418,39
Probability Density (naive),spread,419,49
Probability Density (naive),spread,420,55
Probability Density (naive),spread,421,43
Probability Density (naive),spread,422,48
Probability Density (naive),spread,423,51
Probability Density (naive),spread,424,51
Probability Density (naive),spread,425,51
Probability Density (naive),spread,426,45
Probability Density (naive),spread,427,45
Probability Density (naive),spread,428,54
Probability Density (naive),spread,429,36
Probability Density (naive),spread,430,43
Probability Density (naive),spread,431,37
Probability Density (naive),spread,432,42
Probability Density (naive),spread,433,53
Probability Density (naive),spread,434,48
Probability Density (naive),spread,435,42
Probability Density (naive),spread,436,45
Probability Density (naive),spread,437,51
Probability Density (naive),spread,438,45
Probability Density (naive),spread,439,44
Probability Density (naive),spread,440,38
Probability Density (naive),spread,441,56
Probability Density (naive),spread,442,42
Probability Density (naive),spread,443,43
Probability Density (naive),spread,444,53
Probability Density (naive),spread,445,44
Probability Density (naive),spread,446,39
Probability Density (naive),spread,447,39
Probability Density (naive),spread,448,48
Probability Density (naive),spread,449,49
Probability Density (naive),spread,450,36
Probability Density (naive),spread,451,38
Probability Density (naive),spread,452,49
Probability Density (naive),spread,453,35
Probability Density (naive),spread,454,34
Probability Density (naive),spread,455,45
Probability Density (naive),spread,456,44
Probability Density (naive),spread,457,50
Probability Density (naive),spread,458,37
Probability Density (naive),spread,459,58
Probability Density (naive),spread,460,56
Probability Density (naive),spread,461,33
Probability Density (naive),spread,462,56
Probability Density (naive),spread,463,42
Probability Density (naive),spread,464,49
Probability Density (naive),spread,465,66
Probability Density (naive),spread,466,27
Probability Density (naive),spread,467,59
Probability Density (naive),spread,468,31
Probability Density (naive),spread,469,42
Probability Density (naive),spread,470,41
Probability Density (naive),spread,471,47
Probability Density (naive),spread,472,49
Probability Density (naive),spread,473,33
Probability Density (naive),spread,474,57
Probability Density (naive),spread,475,45
Probability Density (naive),spread,476,50
Probability Density (naive),spread,477,39
Probability Density (naive),spread,478,32
Probability Density (naive),spread,479,47
Probability Density (naive),spread,480,35
Probability Density (naive),spread,481,50
Probability Density (naive),spread,482,44
Probability Density (naive),spread,483,37
Probability Density (naive),spread,484,53
Probability Density (naive),spread,485,51
Probability Density (naive),spread,486,42
Probability Density (naive),spread,487,40
Probability Density (naive),spread,488,39
Probability Density (naive),spread,489,40
Probability Density (naive),spread,490,41
Probability Density (naive),spread,491,39
Probability Density (naive),spread,492,52
Probability Density (naive),spread,493,36
Probability Density (naive),spread,494,45
Probability Density (naive),spread,495,40
Probability Density (naive),spread,496,41
Probability Density (naive),spread,497,33
Probability Density (naive),spread,498,52
Probability Density (naive),spread,499,47
Probability Density (naive),spread,500,55
Probability Density (naive),spread,501,43
Probability Density (naive),spread,502,58
Probability Density (naive),spread,503,62
Probability Density (naive),spread,504,59
Probability Density (naive),spread,505,42
Probability Density (naive),spread,506,36
Probability Density (naive),spread,507,48
Probability Density (naive),spread,508,46
Probability Density (naive),spread,509,49
Probability Density (naive),spread,510,45
Probability Density (naive),spread,511,55
Probability Density (naive),spread,512,68
Probability Density (naive),spread,513,39
Probability Density (naive),spread,514,58
Probability Density (naive),spread,515,49
Probability Density (naive),spread,516,48
Probability Density (naive),spread,517,53
Probability Density (naive),spread,518,51
Probability Density (naive),spread,519,46
Probability Density (naive),spread,520,40
Probability Density (naive),spread,521,53
Probability Density (naive),spread,522,38
Probability Density (naive),spread,523,42
Probability Density (naive),spread,524,39
Probability Density (naive),spread,525,33
Probability Density (naive),spread,526,45
Probability Density (naive),spread,527,43
Probability Density (naive),spread,528,43
Probability Density (naive),spread,529,53
Probability Density (naive),spread,530,41
Probability Density (naive),spread,531,44
Probability Density (naive),spread,532,46
Probability Density (naive),spread,533,54
Probability Density (naive),spread,534,52
Probability Density (naive),spread,535,62
Probability Density (naive),spread,536,60
Probability Density (naive),spread,537,58
Probability Density (naive),spread,538,40
Probability Density (naive),spread,539,39
Probability Density (naive),spread,540,42
Probability Density (naive),spread,541,42
Probability Density (naive),spread,542,61
Probability Density (naive),spread,543,47
Probability Density (naive),spread,544,36
Probability Density (naive),spread,545,44
Probability Density (naive),spread,546,38
Probability Density (naive),spread,547,47
Probability Density (naive),spread,548,45
Probability Density (naive),spread,549,43
Probability Density (naive),spread,550,50
Probability Density (naive),spread,551,36
Probability Density (naive),spread,552,52
Probability Density (naive),spread,553,40
Probability Density (naive),spread,554,51
Probability Density (naive),spread,555,57
Probability Density (naive),spread,556,44
Probability Density (naive),spread,557,51
Probability Density (naive),spread,558,30
Probability Density (naive),spread,559,35
Probability Density (naive),spread,560,55
Probability Density (naive),spread,561,43
Probability Density (naive),spread,562,48
Probability Density (naive),spread,563,54
Probability Density (naive),spread,564,52
Probability Density (naive),spread,565,54
Probability Density (naive),spread,566,53
Probability Density (naive),spread,567,49
Probability Density (naive),spread,568,49
Probability Density (naive),spread,569,31
Probability Density (naive),spread,570,46
Probability Density (naive),spread,571,50
Probability Density (naive),spread,572,46
Probability Density (naive),spread,573,33
Probability Density (naive),spread,574,47
Probability Density (naive),spread,575,54
Probability Density (naive),spread,576,46
Probability Density (naive),spread,577,43
Probability Density (naive),spread,578,58
Probability Density (naive),spread,579,65
Probability Density (naive),spread,580,49
Probability Density (naive),spread,581,38
Probability Density (naive),spread,582,46
Probability Density (naive),spread,583,42
Probability Density (naive),spread,584,60
Probability Density (naive),spread,585,54
Probability Density (naive),spread,586,30
Probability Density (naive),spread,587,50
Probability Density (naive),spread,588,60
Probability Density (naive),spread,589,60
Probability Density (naive),spread,590,50
Probability Density (naive),spread,591,59
Probability Density (naive),spread,592,35
Probability Density (naive),spread,593,36
Probability Density (naive),spread,594,54
Probability Density (naive),spread,595,37
Probability Density (naive),spread,596,52
Probability Density (naive),spread,597,42
Probability Density (naive),spread,598,45
Probability Density (naive),spread,599,51
Probability Density (naive),spread,600,50
Probability Density (naive),spread,601,44
Probability Density (naive),spread,602,28
Probability Density (naive),spread,603,42
Probability Density (naive),spread,604,45
Probability Density (naive),spread,605,31
Probability Density (naive),spread,606,60
Probability Density (naive),spread,607,33
Probability Density (naive),spread,608,57
Probability Density (naive),spread,609,52
Probability Density (naive),spread,610,49
Probability Density (naive),spread,611,45
Probability Density (naive),spread,612,43
Probability Density (naive),spread,613,50
Probability Density (naive),spread,614,34
Probability Density (naive),spread,615,56
Probability Density (naive),spread,616,46
Probability Density (naive),spread,617,51
Probability Density (naive),spread,618,43
Probability Density (naive),spread,619,48
Probability Density (naive),spread,620,45
Probability Density (naive),spread,621,44
Probability Density (naive),spread,622,60
Probability Density (naive),spread,623,43
Probability Density (naive),spread,624,41
Probability Density (naive),spread,625,56
Probability Density (naive),spread,626,39
Probability Density (naive),spread,627,37
Probability Density (naive),spread,628,41
Probability Density (naive),spread,629,46
Probability Density (naive),spread,630,38
Probability Density (naive),spread,631,43
Probability Density (naive),spread,632,32
Probability Density (naive),spread,633,35
Probability Density (naive),spread,634,61
Probability Density (naive),spread,635,30
Probability Density (naive),spread,636,33
Probability Density (naive),spread,637,38
Probability Density (naive),spread,638,38
Probability Density (naive),spread,639,43
Probability Density (naive),spread,640,36
Probability Density (naive),spread,641,46
Probability Density (naive),spread,642,41
Probability Density (naive),spread,643,52
Probability Density (naive),spread,644,44
Probability Density (naive),spread,645,35
Probability Density (naive),spread,646,39
Probability Density (naive),spread,647,46
Probability Density (naive),spread,648,34
Probability Density (naive),spread,649,42
Probability Density (naive),spread,650,42
Probability Density (naive),spread,651,62
Probability Density (naive),spread,652,51
Probability Density (naive),spread,653,33
Probability Density (naive),spread,654,36
Probability Density (naive),spread,655,33
Probability Density (naive),spread,656,44
Probability Density (naive),spread,657,49
Probability Density (naive),spread,658,59
Probability Density (naive),spread,659,40
Probability Density (naive),spread,660,34
Probability Density (naive),spread,661,44
Probability Density (naive),spread,662,49
Probability Density (naive),spread,663,61
Probability Density (naive),spread,664,35
Probability Density (naive),spread,665,52
Probability Density (naive),spread,666,65
Probability Density (naive),spread,667,34
Probability Density (naive),spread,668,40
Probability Density (naive),spread,669,56
Probability Density (naive),spread,670,38
Probability Density (naive),spread,671,38
Probability Density (naive),spread,672,42
Probability Density (naive),spread,673,50
Probability Density (naive),spread,674,45
Probability Density (naive),spread,675,34
Probability Density (naive),spread,676,41
Probability Density (naive),spread,677,37
Probability Density (naive),spread,678,41
Probability Density (naive),spread,679,35
Probability Density (naive),spread,680,60
Probability Density (naive),spread,681,36
Probability Density (naive),spread,682,50
Probability Density (naive),spread,683,37
Probability Density (naive),spread,684,53
Probability Density (naive),spread,685,42
Probability Density (naive),spread,686,61
Probability Density (naive),spread,687,37
Probability Density (naive),spread,688,47
Probability Density (naive),spread,689,46
Probability Density (naive),spread,690,48
Probability Density (naive),spread,691,51
Probability Density (naive),spread,692,30
Probability Density (naive),spread,693,54
Probability Density (naive),spread,694,67
Probability Density (naive),spread,695,32
Probability Density (naive),spread,696,46
Probability Density (naive),spread,697,51
Probability Density (naive),spread,698,49
Probability Density (naive),spread,699,33
Probability Density (naive),spread,700,44
Probability Density (naive),spread,701,33
Probability Density (naive),spread,702,40
Probability Density (naive),spread,703,35
Probability Density (naive),spread,704,42
Probability Density (naive),spread,705,49
Probability Density (naive),spread,706,48
Probability Density (naive),spread,707,43
Probability Density (naive),spread,708,46
Probability Density (naive),spread,709,50
Probability Density (naive),spread,710,37
Probability Density (naive),spread,711,46
Probability Density (naive),spread,712,44
Probability Density (naive),spread,713,44
Probability Density (naive),spread,714,42
Probability Density (naive),spread,715,45
Probability Density (naive),spread,716,44
Probability Density (naive),spread,717,61
Probability Density (naive),spread,718,36
Probability Density (naive),spread,719,50
Probability Density (naive),spread,720,54
Probability Density (naive),spread,721,44
Probability Density (naive),spread,722,39
Probability Density (naive),spread,723,42
Probability Density (naive),spread,724,43
Probability Density (naive),spread,725,50
Probability Density (naive),spread,726,42
Probability Density (naive),spread,727,61
Probability Density (naive),spread,728,49
Probability Density (naive),spread,729,39
Probability Density (naive),spread,730,33
Probability Density (naive),spread,731,46
Probability Density (naive),spread,732,44
Probability Density (naive),spread,733,36
Probability Density (naive),spread,734,37
Probability Density (naive),spread,735,39
Probability Density (naive),spread,736,49
Probability Density (naive),spread,737,49
Probability Density (naive),spread,738,41
Probability Density (naive),spread,739,43
Probability Density (naive),spread,740,56
Probability Density (naive),spread,741,53
Probability Density (naive),spread,742,38
Probability Density (naive),spread,743,48
Probability Density (naive),spread,744,39
Probability Density (naive),spread,745,45
Probability Density (naive),spread,746,44
Probability Density (naive),spread,747,47
Probability Density (naive),spread,748,60
Probability Density (naive),spread,749,41
Probability Density (naive),spread,750,39
Probability Density (naive),spread,751,38
Probability Density (naive),spread,752,43
Probability Density (naive),spread,753,51
Probability Density (naive),spread,754,42
Probability Density (naive),spread,755,44
Probability Density (naive),spread,756,44
Probability Density (naive),spread,757,40
Probability Density (naive),spread,758,50
Probability Density (naive),spread,759,48
Probability Density (naive),spread,760,60
Probability Density (naive),spread,761,37
Probability Density (naive),spread,762,59
Probability Density (naive),spread,763,36
Probability Density (naive),spread,764,40
Probability Density (naive),spread,765,53
Probability Density (naive),spread,766,38
Probability Density (naive),spread,767,47
Probability Density (naive),spread,768,50
Probability Density (naive),spread,769,36
Probability Density (naive),spread,770,62
Probability Density (naive),spread,771,40
Probability Density (naive),spread,772,38
Probability Density (naive),spread,773,49
Probability Density (naive),spread,774,53
Probability Density (naive),spread,775,55
Probability Density (naive),spread,776,45
Probability Density (naive),spread,777,57
Probability Density (naive),spread,778,48
Probability Density (naive),spread,779,41
Probability Density (naive),spread,780,35
Probability Density (naive),spread,781,35
Probability Density (naive),spread,782,39
Probability Density (naive),spread,783,43
Probability Density (naive),spread,784,46
Probability Density (naive),spread,785,48
Probability Density (naive),spread,786,36
Probability Density (naive),spread,787,56
Probability Density (naive),spread,788,47
Probability Density (naive),spread,789,36
Probability Density (naive),spread,790,40
Probability Density (naive),spread,791,35
Probability Density (naive),spread,792,57
Probability Density (naive),spread,793,45
Probability Density (naive),spread,794,51
Probability Density (naive),spread,795,59
Probability Density (naive),spread,796,68
Probability Density (naive),spread,797,42
Probability Density (naive),spread,798,42
Probability Density (naive),spread,799,54
Probability Density (naive),spread,800,43
Probability Density (naive),spread,801,42
Probability Density (naive),spread,802,41
Probability Density (naive),spread,803,44
Probability Density (naive),spread,804,41
Probability Density (naive),spread,805,44
Probability Density (naive),spread,806,46
Probability Density (naive),spread,807,38
Probability Density (naive),spread,808,46
Probability Density (naive),spread,809,45
Probability Density (naive),spread,810,52
Probability Density (naive),spread,811,36
Probability Density (naive),spread,812,41
Probability Density (naive),spread,813,54
Probability Density (naive),spread,814,53
Probability Density (naive),spread,815,43
Probability Density (naive),spread,816,48
Probability Density (naive),spread,817,51
Probability Density (naive),spread,818,35
Probability Density (naive),spread,819,34
Probability Density (naive),spread,820,38
Probability Density (naive),spread,821,35
Probability Density (naive),spread,822,40
Probability Density (naive),spread,823,62
Probability Density (naive),spread,824,68
Probability Density (naive),spread,825,41
Probability Density (naive),spread,826,50
Probability Density (naive),spread,827,48
Probability Density (naive),spread,828,49
Probability Density (naive),spread,829,49
Probability Density (naive),spread,830,46
Probability Density (naive),spread,831,48
Probability Density (naive),spread,832,43
Probability Density (naive),spread,833,38
Probability Density (naive),spread,834,37
Probability Density (naive),spread,835,49
Probability Density (naive),spread,836,39
Probability Density (naive),spread,837,45
Probability Density (naive),spread,838,47
Probability Density (naive),spread,839,42
Probability Density (naive),spread,840,43
Probability Density (naive),spread,841,42
Probability Density (naive),spread,842,47
Probability Density (naive),spread,843,55
Probability Density (naive),spread,844,48
Probability Density (naive),spread,845,42
Probability Density (naive),spread,846,46
Probability Density (naive),spread,847,44
Probability Density (naive),spread,848,36
Probability Density (naive),spread,849,52
Probability Density (naive),spread,850,37
Probability Density (naive),spread,851,51
Probability Density (naive),spread,852,40
Probability Density (naive),spread,853,40
Probability Density (naive),spread,854,59
Probability Density (naive),spread,855,47
Probability Density (naive),spread,856,44
Probability Density (naive),spread,857,53
Probability Density (naive),spread,858,45
Probability Density (naive),spread,859,53
Probability Density (naive),spread,860,31
Probability Density (naive),spread,861,46
Probability Density (naive),spread,862,42
Probability Density (naive),spread,863,56
Probability Density (naive),spread,864,31
Probability Density (naive),spread,865,41
Probability Density (naive),spread,866,60
Probability Density (naive),spread,867,51
Probability Density (naive),spread,868,38
Probability Density (naive),spread,869,50
Probability Density (naive),spread,870,42
Probability Density (naive),spread,871,58
Probability Density (naive),spread,872,66
Probability Density (naive),spread,873,49
Probability Density (naive),spread,874,59
Probability Density (naive),spread,875,53
Probability Density (naive),spread,876,45
Probability Density (naive),spread,877,40
Probability Density (naive),spread,878,37
Probability Density (naive),spread,879,68
Probability Density (naive),spread,880,36
Probability Density (naive),spread,881,55
Probability Density (naive),spread,882,50
Probability Density (naive),spread,883,50
Probability Density (naive),spread,884,55
Probability Density (naive),spread,885,42
Probability Density (naive),spread,886,50
Probability Density (naive),spread,887,41
Probability Density (naive),spread,888,37
Probability Density (naive),spread,889,39
Probability Density (naive),spread,890,43
Probability Density (naive),spread,891,38
Probability Density (naive),spread,892,44
Probability Density (naive),spread,893,65
Probability Density (naive),spread,894,46
Probability Density (naive),spread,895,52
Probability Density (naive),spread,896,37
Probability Density (naive),spread,897,50
Probability Density (naive),spread,898,35
Probability Density (naive),spread,899,38
Probability Density (naive),spread,900,56
Probability Density (naive),spread,901,69
Probability Density (naive),spread,902,44
Probability Density (naive),spread,903,48
Probability Density (naive),spread,904,41
Probability Density (naive),spread,905,34
Probability Density (naive),spread,906,34
Probability Density (naive),spread,907,41
Probability Density (naive),spread,908,52
Probability Density (naive),spread,909,45
Probability Density (naive),spread,910,44
Probability Density (naive),spread,911,41
Probability Density (naive),spread,912,39
Probability Density (naive),spread,913,44
Probability Density (naive),spread,914,48
Probability Density (naive),spread,915,27
Probability Density (naive),spread,916,50
Probability Density (naive),spread,917,50
Probability Density (naive),spread,918,58
Probability Density (naive),spread,919,43
Probability Density (naive),spread,920,59
Probability Density (naive),spread,921,47
Probability Density (naive),spread,922,48
Probability Density (naive),spread,923,45
Probability Density (naive),spread,924,43
Probability Density (naive),spread,925,62
Probability Density (naive),spread,926,34
Probability Density (naive),spread,927,42
Probability Density (naive),spread,928,33
Probability Density (naive),spread,929,37
Probability Density (naive),spread,930,44
Probability Density (naive),spread,931,60
Probability Density (naive),spread,932,30
Probability Density (naive),spread,933,33
Probability Density (naive),spread,934,39
Probability Density (naive),spread,935,58
Probability Density (naive),spread,936,45
Probability Density (naive),spread,937,47
Probability Density (naive),spread,938,55
Probability Density (naive),spread,939,40
Probability Density (naive),spread,940,41
Probability Density (naive),spread,941,59
Probability Density (naive),spread,942,40
Probability Density (naive),spread,943,43
Probability Density (naive),spread,944,38
Probability Density (naive),spread,945,34
Probability Density (naive),spread,946,39
Probability Density (naive),spread,947,46
Probability Density (naive),spread,948,44
Probability Density (naive),spread,949,52
Probability Density (naive),spread,950,45
Probability Density (naive),spread,951,58
Probability Density (naive),spread,952,27
Probability Density (naive),spread,953,55
Probability Density (naive),spread,954,52
Probability Density (naive),spread,955,53
Probability Density (naive),spread,956,40
Probability Density (naive),spread,957,49
Probability Density (naive),spread,958,44
Probability Density (naive),spread,959,34
Probability Density (naive),spread,960,39
Probability Density (naive),spread,961,54
Probability Density (naive),spread,962,63
Probability Density (naive),spread,963,49
Probability Density (naive),spread,964,43
Probability Density (naive),spread,965,55
Probability Density (naive),spread,966,51
Probability Density (naive),spread,967,32
Probability Density (naive),spread,968,40
Probability Density (naive),spread,969,44
Probability Density (naive),spread,970,50
Probability Density (naive),spread,971,48
Probability Density (naive),spread,972,38
Probability Density (naive),spread,973,40
Probability Density (naive),spread,974,40
Probability Density (naive),spread,975,35
Probability Density (naive),spread,976,38
Probability Density (naive),spread,977,52
Probability Density (naive),spread,978,31
Probability Density (naive),spread,979,56
Probability Density (naive),spread,980,48
Probability Density (naive),spread,981,57
Probability Density (naive),spread,982,50
Probability Density (naive),spread,983,42
Probability Density (naive),spread,984,57
Probability Density (naive),spread,985,47
Probability Density (naive),spread,986,50
Probability Density (naive),spread,987,65
Probability Density (naive),spread,988,44
Probability Density (naive),spread,989,61
Probability Density (naive),spread,990,40
Probability Density (naive),spread,991,37
Probability Density (naive),spread,992,62
Probability Density (naive),spread,993,40
Probability Density (naive),spread,994,39
Probability Density (naive),spread,995,52
Probability Density (naive),spread,996,40
Probability Density (naive),spread,997,61
Probability Density (naive),spread,998,41
Probability Density (naive),spread,999,43
Probability Density (naive),spread,1000,42
Probability Density (naive),spread,1001,47
Probability Density (naive),spread,1002,52
Probability Density (naive),spread,1003,36
Probability Density (naive),spread,1004,35
Probability Density (naive),spread,1005,50
Probability Density (naive),spread,1006,44
Probability Density (naive),spread,1007,55
Probability Density (naive),spread,1008,48
Probability Density (naive),spread,1009,56
Probability Density (naive),spread,1010,53
Probability Density (naive),spread,1011,63
Probability Density (naive),spread,1012,39
Probability Density (naive),spread,1013,43
Probability Density (naive),spread,1014,36
Probability Density (naive),spread,1015,40
Probability Density (naive),spread,1016,61
Probability Density (naive),spread,1017,39
Probability Density (naive),spread,1018,49
Probability Density (naive),spread,1019,49
Probability Density (naive),spread,1020,59
Probability Density (naive),spread,1021,53
Probability Density (naive),spread,1022,52
Probability Density (naive),spread,1023,59
Probability Density (naive),spread,1024,47
Probability Density (naive),spread,1025,50
Probability Density (naive),spread,1026,53
Probability Density (naive),spread,1027,38
Probability Density (naive),spread,1028,43
Probability Density (naive),spread,1029,40
Probability Density (naive),spread,1030,30
Probability Density (naive),spread,1031,39
Probability Density (naive),spread,1032,38
Probability Density (naive),spread,1033,41
Probability Density (naive),spread,1034,39
Probability Density (naive),spread,1035,50
Probability Density (naive),spread,1036,51
Probability Density (naive),spread,1037,28
Probability Density (naive),spread,1038,31
Probability Density (naive),spread,1039,58
Probability Density (naive),spread,1040,47
Probability Density (naive),spread,1041,33
Probability Density (naive),spread,1042,39
Probability Density (naive),spread,1043,39
Probability Density (naive),spread,1044,42
Probability Density (naive),spread,1045,49
Probability Density (naive),spread,1046,49
Probability Density (naive),spread,1047,45
Probability Density (naive),spread,1048,52
Probability Density (naive),spread,1049,38
Probability Density (naive),spread,1050,40
Probability Density (naive),spread,1051,44
Probability Density (naive),spread,1052,38
Probability Density (naive),spread,1053,39
Probability Density (naive),spread,1054,43
Probability Density (naive),spread,1055,41
Probability Density (naive),spread,1056,45
Probability Density (naive),spread,1057,39
Probability Density (naive),spread,1058,48
Probability Density (naive),spread,1059,65
Probability Density (naive),spread,1060,50
Probability Density (naive),spread,1061,39
Probability Density (naive),spread,1062,47
Probability Density (naive),spread,1063,41
Probability Density (naive),spread,1064,47
Probability Density (naive),spread,1065,55
Probability Density (naive),spread,1066,57
Probability Density (naive),spread,1067,49
Probability Density (naive),spread,1068,45
Probability Density (naive),spread,1069,58
Probability Density (naive),spread,1070,50
Probability Density (naive),spread,1071,71
Probability Density (naive),spread,1072,45
Probability Density (naive),spread,1073,51
Probability Density (naive),spread,1074,42
Probability Density (naive),spread,1075,37
Probability Density (naive),spread,1076,62
Probability Density (naive),spread,1077,60
Probability Density (naive),spread,1078,51
Probability Density (naive),spread,1079,50
Probability Density (naive),spread,1080,44
Probability Density (naive),spread,1081,44
Probability Density (naive),spread,1082,38
Probability Density (naive),spread,1083,62
Probability Density (naive),spread,1084,48
Probability Density (naive),spread,1085,46
Probability Density (naive),spread,1086,53
Probability Density (naive),spread,1087,39
Probability Density (naive),spread,1088,49
Probability Density (naive),spread,1089,60
Probability Density (naive),spread,1090,41
Probability Density (naive),spread,1091,31
Probability Density (naive),spread,1092,66
Probability Density (naive),spread,1093,46
Probability Density (naive),spread,1094,49
Probability Density (naive),spread,1095,31
Probability Density (naive),spread,1096,42
Probability Density (naive),spread,1097,45
Probability Density (naive),spread,1098,32
Probability Density (naive),spread,1099,49
Probability Density (naive),spread,1100,36
Probability Density (naive),spread,1101,41
Probability Density (naive),spread,1102,48
Probability Density (naive),spread,1103,58
Probability Density (naive),spread,1104,47
Probability Density (naive),spread,1105,41
Probability Density (naive),spread,1106,48
Probability Density (naive),spread,1107,37
Probability Density (naive),spread,1108,49
Probability Density (naive),spread,1109,39
Probability Density (naive),spread,1110,37
Probability Density (naive),spread,1111,36
Probability Density (naive),spread,1112,45
Probability Density (naive),spread,1113,38
Probability Density (naive),spread,1114,40
Probability Density (naive),spread,1115,39
Probability Density (naive),spread,1116,59
Probability Density (naive),spread,1117,54
Probability Density (naive),spread,1118,48
Probability Density (naive),spread,1119,35
Probability Density (naive),spread,1120,47
Probability Density (naive),spread,1121,47
Probability Density (naive),spread,1122,42
Probability Density (naive),spread,1123,39
Probability Density (naive),spread,1124,53
Probability Density (naive),spread,1125,53
Probability Density (naive),spread,1126,35
Probability Density (naive),spread,1127,45
Probability Density (naive),spread,1128,40
Probability Density (naive),spread,1129,43
Probability Density (naive),spread,1130,49
Probability Density (naive),spread,1131,54
Probability Density (naive),spread,1132,44
Probability Density (naive),spread,1133,38
Probability Density (naive),spread,1134,45
Probability Density (naive),spread,1135,48
Probability Density (naive),spread,1136,36
Probability Density (naive),spread,1137,33
Probability Density (naive),spread,1138,62
Probability Density (naive),spread,1139,48
Probability Density (naive),spread,1140,26
Probability Density (naive),spread,1141,52
Probability Density (naive),spread,1142,38
Probability Density (naive),spread,1143,45
Probability Density (naive),spread,1144,54
Probability Density (naive),spread,1145,53
Probability Density (naive),spread,1146,46
Probability Density (naive),spread,1147,35
Probability Density (naive),spread,1148,35
Probability Density (naive),spread,1149,41
Probability Density (naive),spread,1150,40
Probability Density (naive),spread,1151,55
Probability Density (naive),spread,1152,45
Probability Density (naive),spread,1153,30
Probability Density (naive),spread,1154,35
Probability Density (naive),spread,1155,51
Probability Density (naive),spread,1156,38
Probability Density (naive),spread,1157,36
Probability Density (naive),spread,1158,44
Probability Density (naive),spread,1159,48
Probability Density (naive),spread,1160,39
Probability Density (naive),spread,1161,47
Probability Density (naive),spread,1162,42
Probability Density (naive),spread,1163,50
Probability Density (naive),spread,1164,47
Probability Density (naive),spread,1165,58
Probability Density (naive),spread,1166,45
Probability Density (naive),spread,1167,46
Probability Density (naive),spread,1168,35
Probability Density (naive),spread,1169,47
Probability Density (naive),spread,1170,49
Probability Density (naive),spread,1171,37
Probability Density (naive),spread,1172,37
Probability Density (naive),spread,1173,46
Probability Density (naive),spread,1174,62
Probability Density (naive),spread,1175,45
Probability Density (naive),spread,1176,39
Probability Density (naive),spread,1177,60
Probability Density (naive),spread,1178,63
Probability Density (naive),spread,1179,47
Probability Density (naive),spread,1180,63
Probability Density (naive),spread,1181,53
Probability Density (naive),spread,1182,60
Probability Density (naive),spread,1183,52
Probability Density (naive),spread,1184,51
Probability Density (naive),spread,1185,54
Probability Density (naive),spread,1186,36
Probability Density (naive),spread,1187,45
Probability Density (naive),spread,1188,47
Probability Density (naive),spread,1189,57
Probability Density (naive),spread,1190,36
Probability Density (naive),spread,1191,58
Probability Density (naive),spread,1192,53
Probability Density (naive),spread,1193,57
Probability Density (naive),spread,1194,53
Probability Density (naive),spread,1195,47
Probability Density (naive),spread,1196,31
Probability Density (naive),spread,1197,44
Probability Density (naive),spread,1198,38
Probability Density (naive),spread,1199,38
Probability Density (naive),spread,1200,34
Probability Density (naive),spread,1201,58
Probability Density (naive),spread,1202,45
Probability Density (naive),spread,1203,38
Probability Density (naive),spread,1204,38
Probability Density (naive),spread,1205,38
Probability Density (naive),spread,1206,40
Probability Density (naive),spread,1207,42
Probability Density (naive),spread,1208,44
Probability Density (naive),spread,1209,44
Probability Density (naive),spread,1210,39
Probability Density (naive),spread,1211,51
Probability Density (naive),spread,1212,40
Probability Density (naive),spread,1213,49
Probability Density (naive),spread,1214,48
Probability Density (naive),spread,1215,37
Probability Density (naive),spread,1216,40
Probability Density (naive),spread,1217,40
Probability Density (naive),spread,1218,57
Probability Density (naive),spread,1219,52
Probability Density (naive),spread,1220,41
Probability Density (naive),spread,1221,45
Probability Density (naive),spread,1222,48
Probability Density (naive),spread,1223,38
Probability Density (naive),spread,1224,52
Probability Density (naive),spread,1225,49
Probability Density (naive),spread,1226,44
Probability Density (naive),spread,1227,42
Probability Density (naive),spread,1228,36
Probability Density (naive),spread,1229,37
Probability Density (naive),spread,1230,46
Probability Density (naive),spread,1231,33
Probability Density (naive),spread,1232,48
Probability Density (naive),spread,1233,38
Probability Density (naive),spread,1234,52
Probability Density (naive),spread,1235,50
Probability Density (naive),spread,1236,48
Probability Density (naive),spread,1237,41
Probability Density (naive),spread,1238,66
Probability Density (naive),spread,1239,49
Probability Density (naive),spread,1240,38
Probability Density (naive),spread,1241,48
Probability Density (naive),spread,1242,40
Probability Density (naive),spread,1243,39
Probability Density (naive),spread,1244,57
Probability Density (naive),spread,1245,44
Probability Density (naive),spread,1246,49
Probability Density (naive),spread,1247,45
Probability Density (naive),spread,1248,61
Probability Density (naive),spread,1249,37
Probability Density (naive),spread,1250,58
Probability Density (naive),spread,1251,42
Probability Density (naive),spread,1252,38
Probability Density (naive),spread,1253,51
Probability Density (naive),spread,1254,54
Probability Density (naive),spread,1255,51
Probability Density (naive),spread,1256,39
Probability Density (naive),spread,1257,47
Probability Density (naive),spread,1258,46
Probability Density (naive),spread,1259,67
Probability Density (naive),spread,1260,42
Probability Density (naive),spread,1261,61
Probability Density (naive),spread,1262,49
Probability Density (naive),spread,1263,37
Probability Density (naive),spread,1264,44
Probability Density (naive),spread,1265,59
Probability Density (naive),spread,1266,39
Probability Density (naive),spread,1267,37
Probability Density (naive),spread,1268,51
Probability Density (naive),spread,1269,50
Probability Density (naive),spread,1270,44
Probability Density (naive),spread,1271,32
Probability Density (naive),spread,1272,36
Probability Density (naive),spread,1273,59
Probability Density (naive),spread,1274,45
Probability Density (naive),spread,1275,43
Probability Density (naive),spread,1276,40
Probability Density (naive),spread,1277,51
Probability Density (naive),spread,1278,40
Probability Density (naive),spread,1279,67
Probability Density (naive),spread,1280,55
Probability Density (naive),spread,1281,49
Probability Density (naive),spread,1282,41
Probability Density (naive),spread,1283,42
Probability Density (naive),spread,1284,38
Probability Density (naive),spread,1285,39
Probability Density (naive),spread,1286,36
Probability Density (naive),spread,1287,40
Probability Density (naive),spread,1288,33
Probability Density (naive),spread,1289,51
Probability Density (naive),spread,1290,45
Probability Density (naive),spread,1291,34
Probability Density (naive),spread,1292,44
Probability Density (naive),spread,1293,47
Probability Density (naive),spread,1294,29
Probability Density (naive),spread,1295,42
Probability Density (naive),spread,1296,58
Probability Density (naive),spread,1297,38
Probability Density (naive),spread,1298,66
Probability Density (naive),spread,1299,38
Probability Density (naive),spread,1300,38
Probability Density (naive),spread,1301,49
Probability Density (naive),spread,1302,36
Probability Density (naive),spread,1303,47
Probability Density (naive),spread,1304,45
Probability Density (naive),spread,1305,42
Probability Density (naive),spread,1306,36
Probability Density (naive),spread,1307,49
Probability Density (naive),spread,1308,39
Probability Density (naive),spread,1309,60
Probability Density (naive),spread,1310,47
Probability Density (naive),spread,1311,45
Probability Density (naive),spread,1312,40
Probability Density (naive),spread,1313,37
Probability Density (naive),spread,1314,44
Probability Density (naive),spread,1315,37
Probability Density (naive),spread,1316,44
Probability Density (naive),spread,1317,38
Probability Density (naive),spread,1318,50
Probability Density (naive),spread,1319,41
Probability Density (naive),spread,1320,40
Probability Density (naive),spread,1321,41
Probability Density (naive),spread,1322,43
Probability Density (naive),spread,1323,36
Probability Density (naive),spread,1324,44
Probability Density (naive),spread,1325,61
Probability Density (naive),spread,1326,56
Probability Density (naive),spread,1327,53
Probability Density (naive),spread,1328,44
Probability Density (naive),spread,1329,59
Probability Density (naive),spread,1330,50
Probability Density (naive),spread,1331,47
Probability Density (naive),spread,1332,52
Probability Density (naive),spread,1333,49
Probability Density (naive),spread,1334,37
Probability Density (naive),spread,1335,42
Probability Density (naive),spread,1336,37
Probability Density (naive),spread,1337,32
Probability Density (naive),spread,1338,41
Probability Density (naive),spread,1339,52
Probability Density (naive),spread,1340,51
Probability Density (naive),spread,1341,41
Probability Density (naive),spread,1342,32
Probability Density (naive),spread,1343,46
Probability Density (naive),spread,1344,34
Probability Density (naive),spread,1345,55
Probability Density (naive),spread,1346,45
Probability Density (naive),spread,1347,39
Probability Density (naive),spread,1348,48
Probability Density (naive),spread,1349,37
Probability Density (naive),spread,1350,49
Probability Density (naive),spread,1351,35
Probability Density (naive),spread,1352,52
Probability Density (naive),spread,1353,44
Probability Density (naive),spread,1354,41
Probability Density (naive),spread,1355,40
Probability Density (naive),spread,1356,36
Probability Density (naive),spread,1357,47
Probability Density (naive),spread,1358,55
Probability Density (naive),spread,1359,64
Probability Density (naive),spread,1360,42
Probability Density (naive),spread,1361,30
Probability Density (naive),spread,1362,41
Probability Density (naive),spread,1363,62
Probability Density (naive),spread,1364,53
Probability Density (naive),spread,1365,39
Probability Density (naive),spread,1366,34
Probability Density (naive),spread,1367,50
Probability Density (naive),spread,1368,59
Probability Density (naive),spread,1369,27
Probability Density (naive),spread,1370,48
Probability Density (naive),spread,1371,56
Probability Density (naive),spread,1372,41
Probability Density (naive),spread,1373,54
Probability Density (naive),spread,1374,52
Probability Density (naive),spread,1375,36
Probability Density (naive),spread,1376,57
Probability Density (naive),spread,1377,41
Probability Density (naive),spread,1378,42
Probability Density (naive),spread,1379,52
Probability Density (naive),spread,1380,57
Probability Density (naive),spread,1381,43
Probability Density (naive),spread,1382,55
Probability Density (naive),spread,1383,29
Probability Density (naive),spread,1384,49
Probability Density (naive),spread,1385,60
Probability Density (naive),spread,1386,48
Probability Density (naive),spread,1387,58
Probability Density (naive),spread,1388,37
Probability Density (naive),spread,1389,51
Probability Density (naive),spread,1390,46
Probability Density (naive),spread,1391,35
Probability Density (naive),spread,1392,44
Probability Density (naive),spread,1393,47
Probability Density (naive),spread,1394,40
Probability Density (naive),spread,1395,63
Probability Density (naive),spread,1396,51
Probability Density (naive),spread,1397,39
Probability Density (naive),spread,1398,49
Probability Density (naive),spread,1399,42
Probability Density (naive),spread,1400,38
Probability Density (naive),spread,1401,41
Probability Density (naive),spread,1402,54
Probability Density (naive),spread,1403,63
Probability Density (naive),spread,1404,50
Probability Density (naive),spread,1405,59
Probability Density (naive),spread,1406,43
Probability Density (naive),spread,1407,55
Probability Density (naive),spread,1408,56
Probability Density (naive),spread,1409,42
Probability Density (naive),spread,1410,41
Probability Density (naive),spread,1411,35
Probability Density (naive),spread,1412,52
Probability Density (naive),spread,1413,49
Probability Density (naive),spread,1414,34
Probability Density (naive),spread,1415,34
Probability Density (naive),spread,1416,49
Probability Density (naive),spread,1417,41
Probability Density (naive),spread,1418,55
Probability Density (naive),spread,1419,37
Probability Density (naive),spread,1420,42
Probability Density (naive),spread,1421,48
Probability Density (naive),spread,1422,41
Probability Density (naive),spread,1423,47
Probability Density (naive),spread,1424,61
Probability Density (naive),spread,1425,54
Probability Density (naive),spread,1426,39
Probability Density (naive),spread,1427,48
Probability Density (naive),spread,1428,53
Probability Density (naive),spread,1429,39
Probability Density (naive),spread,1430,49
Probability Density (naive),spread,1431,42
Probability Density (naive),spread,1432,42
Probability Density (naive),spread,1433,47
Probability Density (naive),spread,1434,42
Probability Density (naive),spread,1435,45
Probability Density (naive),spread,1436,50
Probability Density (naive),spread,1437,57
Probability Density (naive),spread,1438,49
Probability Density (naive),spread,1439,49
Probability Density (naive),spread,1440,39
Probability Density (naive),spread,1441,45
Probability Density (naive),spread,1442,42
Probability Density (naive),spread,1443,45
Probability Density (naive),spread,1444,53
Probability Density (naive),spread,1445,48
Probability Density (naive),spread,1446,33
Probability Density (naive),spread,1447,39
Probability Density (naive),spread,1448,41
Probability Density (naive),spread,1449,42
Probability Density (naive),spread,1450,51
Probability Density (naive),spread,1451,50
Probability Density (naive),spread,1452,50
Probability Density (naive),spread,1453,60
Probability Density (naive),spread,1454,34
Probability Density (naive),spread,1455,48
Probability Density (naive),spread,1456,42
Probability Density (naive),spread,1457,40
Probability Density (naive),spread,1458,58
Probability Density (naive),spread,1459,45
Probability Density (naive),spread,1460,43
Probability Density (naive),spread,1461,49
Probability Density (naive),spread,1462,36
Probability Density (naive),spread,1463,50
Probability Density (naive),spread,1464,45
Probability Density (naive),spread,1465,42
Probability Density (naive),spread,1466,53
Probability Density (naive),spread,1467,40
Probability Density (naive),spread,1468,50
Probability Density (naive),spread,1469,36
Probability Density (naive),spread,1470,44
Probability Density (naive),spread,1471,29
Probability Density (naive),spread,1472,38
Probability Density (naive),spread,1473,35
Probability Density (naive),spread,1474,60
Probability Density (naive),spread,1475,42
Probability Density (naive),spread,1476,41
Probability Density (naive),spread,1477,38
Probability Density (naive),spread,1478,46
Probability Density (naive),spread,1479,48
Probability Density (naive),spread,1480,48
Probability Density (naive),spread,1481,39
Probability Density (naive),spread,1482,42
Probability Density (naive),spread,1483,48
Probability Density (naive),spread,1484,41
Probability Density (naive),spread,1485,45
Probability Density (naive),spread,1486,48
Probability Density (naive),spread,1487,35
Probability Density (naive),spread,1488,49
Probability Density (naive),spread,1489,40
Probability Density (naive),spread,1490,55
Probability Density (naive),spread,1491,33
Probability Density (naive),spread,1492,34
Probability Density (naive),spread,1493,46
Probability Density (naive),spread,1494,40
Probability Density (naive),spread,1495,39
Probability Density (naive),spread,1496,46
Probability Density (naive),spread,1497,53
Probability Density (naive),spread,1498,43
Probability Density (naive),spread,1499,34
Probability Density (adaptive),random,0,50
Probability Density (adaptive),random,1,48
Probability Density (adaptive),random,2,36
Probability Density (adaptive),random,3,38
Probability Density (adaptive),random,4,41
Probability Density (adaptive),random,5,38
Probability Density (adaptive),random,6,58
Probability Density (adaptive),random,7,33
Probability Density (adaptive),random,8,40
Probability Density (adaptive),random,9,45
Probability Density (adaptive),random,10,39
Probability Density (adaptive),random,11,47
Probability Density (adaptive),random,12,42
Probability Density (adaptive),random,13,48
Probability Density (adaptive),random,14,52
Probability Density (adaptive),random,15,54
Probability Density (adaptive),random,16,38
Probability Density (adaptive),random,17,36
Probability Density (adaptive),random,18,45
Probability Density (adaptive),random,19,49
Probability Density (adaptive),random,20,33
Probability Density (adaptive),random,21,33
Probability Density (adaptive),random,22,56
Probability Density (adaptive),random,23,47
Probability Density (adaptive),random,24,47
Probability Density (adaptive),random,25,28
Probability Density (adaptive),random,26,57
Probability Density (adaptive),random,27,51
Probability Density (adaptive),random,28,49
Probability Density (adaptive),random,29,63
Probability Density (adaptive),random,30,37
Probability Density (adaptive),random,31,66
Probability Density (adaptive),random,32,34
Probability Density (adaptive),random,33,45
Probability Density (adaptive),random,34,49
Probability Density (adaptive),random,35,50
Probability Density (adaptive),random,36,47
Probability Density (adaptive),random,37,38
Probability Density (adaptive),random,38,40
Probability Density (adaptive),random,39,38
Probability Density (adaptive),random,40,46
Probability Density (adaptive),random,41,61
Probability Density (adaptive),random,42,48
Probability Density (adaptive),random,43,46
Probability Density (adaptive),random,44,44
Probability Density (adaptive),random,45,52
Probability Density (adaptive),random,46,35
Probability Density (adaptive),random,47,39
Probability Density (adaptive),random,48,59
Probability Density (adaptive),random,49,31
Probability Density (adaptive),random,50,55
Probability Density (adaptive),random,51,43
Probability Density (adaptive),random,52,42
Probability Density (adaptive),random,53,51
Probability Density (adaptive),random,54,31
Probability Density (adaptive),random,55,45
Probability Density (adaptive),random,56,39
Probability Density (adaptive),random,57,39
Probability Density (adaptive),random,58,39
Probability Density (adaptive),random,59,39
Probability Density (adaptive),random,60,40
Probability Density (adaptive),random,61,53
Probability Density (adaptive),random,62,44
Probability Density (adaptive),random,63,40
Probability Density (adaptive),random,64,32
Probability Density (adaptive),random,65,35
Probability Density (adaptive),random,66,53
Probability Density (adaptive),random,67,40
Probability Density (adaptive),random,68,32
Probability Density (adaptive),random,69,50
Probability Density (adaptive),random,70,38
Probability Density (adaptive),random,71,49
Probability Density (adaptive),random,72,58
Probability Density (adaptive),random,73,43
Probability Density (adaptive),random,74,47
Probability Density (adaptive),random,75,59
Probability Density (adaptive),random,76,56
Probability Density (adaptive),random,77,33
Probability Density (adaptive),random,78,49
Probability Density (adaptive),random,79,35
Probability Density (adaptive),random,80,40
Probability Density (adaptive),random,81,40
Probability Density (adaptive),random,82,42
Probability Density (adaptive),random,83,46
Probability Density (adaptive),random,84,57
Probability Density (adaptive),random,85,49
Probability Density (adaptive),random,86,45
Probability Density (adaptive),random,87,55
Probability Density (adaptive),random,88,38
Probability Density (adaptive),random,89,37
Probability Density (adaptive),random,90,44
Probability Density (adaptive),random,91,43
Probability Density (adaptive),random,92,60
Probability Density (adaptive),random,93,29
Probability Density (adaptive),random,94,40
Probability Density (adaptive),random,95,34
Probability Density (adaptive),random,96,34
Probability Density (adaptive),random,97,41
Probability Density (adaptive),random,98,46
Probability Density (adaptive),random,99,53
Probability Density (adaptive),random,100,33
Probability Density (adaptive),random,101,42
Probability Density (adaptive),random,102,48
Probability Density (adaptive),random,103,43
Probability Density (adaptive),random,104,46
Probability Density (adaptive),random,105,59
Probability Density (adaptive),random,106,44
Probability Density (adaptive),random,107,37
Probability Density (adaptive),random,108,43
Probability Density (adaptive),random,109,47
Probability Density (adaptive),random,110,48
Probability Density (adaptive),random,111,38
Probability Density (adaptive),random,112,34
Probability Density (adaptive),random,113,37
Probability Density (adaptive),random,114,32
Probability Density (adaptive),random,115,36
Probability Density (adaptive),random,116,50
Probability Density (adaptive),random,117,50
Probability Density (adaptive),random,118,46
Probability Density (adaptive),random,119,53
Probability Density (adaptive),random,120,39
Probability Density (adaptive),random,121,47
Probability Density (adaptive),random,122,49
Probability Density (adaptive),random,123,39
Probability Density (adaptive),random,124,48
Probability Density (adaptive),random,125,49
Probability Density (adaptive),random,126,48
Probability Density (adaptive),random,127,46
Probability Density (adaptive),random,128,39
Probability Density (adaptive),random,129,41
Probability Density (adaptive),random,130,36
Probability Density (adaptive),random,131,61
Probability Density (adaptive),random,132,50
Probability Density (adaptive),random,133,39
Probability Density (adaptive),random,134,61
Probability Density (adaptive),random,135,56
Probability Density (adaptive),random,136,39
Probability Density (adaptive),random,137,48
Probability Density (adaptive),random,138,48
Probability Density (adaptive),random,139,39
Probability Density (adaptive),random,140,46
Probability Density (adaptive),random,141,43
Probability Density (adaptive),random,142,52
Probability Density (adaptive),random,143,59
Probability Density (adaptive),random,144,48
Probability Density (adaptive),random,145,42
Probability Density (adaptive),random,146,30
Probability Density (adaptive),random,147,44
Probability Density (adaptive),random,148,24
Probability Density (adaptive),random,149,41
Probability Density (adaptive),random,150,61
Probability Density (adaptive),random,151,53
Probability Density (adaptive),random,152,30
Probability Density (adaptive),random,153,50
Probability Density (adaptive),random,154,45
Probability Density (adaptive),random,155,51
Probability Density (adaptive),random,156,53
Probability Density (adaptive),random,157,47
Probability Density (adaptive),random,158,56
Probability Density (adaptive),random,159,48
Probability Density (adaptive),random,160,29
Probability Density (adaptive),random,161,40
Probability Density (adaptive),random,162,34
Probability Density (adaptive),random,163,55
Probability Density (adaptive),random,164,41
Probability Density (adaptive),random,165,37
Probability Density (adaptive),random,166,40
Probability Density (adaptive),random,167,59
Probability Density (adaptive),random,168,45
Probability Density (adaptive),random,169,48
Probability Density (adaptive),random,170,46
Probability Density (adaptive),random,171,51
Probability Density (adaptive),random,172,39
Probability Density (adaptive),random,173,51
Probability Density (adaptive),random,174,64
Probability Density (adaptive),random,175,58
Probability Density (adaptive),random,176,46
Probability Density (adaptive),random,177,38
Probability Density (adaptive),random,178,34
Probability Density (adaptive),random,179,57
Probability Density (adaptive),random,180,34
Probability Density (adaptive),random,181,30
Probability Density (adaptive),random,182,34
Probability Density (adaptive),random,183,51
Probability Density (adaptive),random,184,35
Probability Density (adaptive),random,185,31
Probability Density (adaptive),random,186,36
Probability Density (adaptive),random,187,49
Probability Density (adaptive),random,188,47
Probability Density (adaptive),random,189,39
Probability Density (adaptive),random,190,39
Probability Density (adaptive),random,191,59
Probability Density (adaptive),random,192,52
Probability Density (adaptive),random,193,46
Probability Density (adaptive),random,194,35
Probability Density (adaptive),random,195,52
Probability Density (adaptive),random,196,47
Probability Density (adaptive),random,197,31
Probability Density (adaptive),random,198,55
Probability Density (adaptive),random,199,56
Probability Density (adaptive),random,200,43
Probability Density (adaptive),random,201,45
Probability Density (adaptive),random,202,24
Probability Density (adaptive),random,203,30
Probability Density (adaptive),random,204,44
Probability Density (adaptive),random,205,51
Probability Density (adaptive),random,206,40
Probability Density (adaptive),random,207,38
Probability Density (adaptive),random,208,34
Probability Density (adaptive),random,209,48
Probability Density (adaptive),random,210,40
Probability Density (adaptive),random,211,43
Probability Density (adaptive),random,212,52
Probability Density (adaptive),random,213,49
Probability Density (adaptive),random,214,33
Probability Density (adaptive),random,215,35
Probability Density (adaptive),random,216,35
Probability Density (adaptive),random,217,52
Probability Density (adaptive),random,218,33
Probability Density (adaptive),random,219,45
Probability Density (adaptive),random,220,66
Probability Density (adaptive),random,221,39
Probability Density (adaptive),random,222,34
Probability Density (adaptive),random,223,31
Probability Density (adaptive),random,224,36
Probability Density (adaptive),random,225,47
Probability Density (adaptive),random,226,47
Probability Density (adaptive),random,227,46
Probability Density (adaptive),random,228,47
Probability Density (adaptive),random,229,40
Probability Density (adaptive),random,230,45
Probability Density (adaptive),random,231,48
Probability Density (adaptive),random,232,52
Probability Density (adaptive),random,233,46
Probability Density (adaptive),random,234,50
Probability Density (adaptive),random,235,40
Probability Density (adaptive),random,236,35
Probability Density (adaptive),random,237,45
Probability Density (adaptive),random,238,36
Probability Density (adaptive),random,239,43
Probability Density (adaptive),random,240,42
Probability Density (adaptive),random,241,45
Probability Density (adaptive),random,242,48
Probability Density (adaptive),random,243,54
Probability Density (adaptive),random,244,39
Probability Density (adaptive),random,245,40
Probability Density (adaptive),random,246,43
Probability Density (adaptive),random,247,45
Probability Density (adaptive),random,248,59
Probability Density (adaptive),random,249,34
Probability Density (adaptive),random,250,38
Probability Density (adaptive),random,251,41
Probability Density (adaptive),random,252,35
Probability Density (adaptive),random,253,42
Probability Density (adaptive),random,254,39
Probability Density (adaptive),random,255,41
Probability Density (adaptive),random,256,47
Probability Density (adaptive),random,257,40
Probability Density (adaptive),random,258,43
Probability Density (adaptive),random,259,39
Probability Density (adaptive),random,260,30
Probability Density (adaptive),random,261,48
Probability Density (adaptive),random,262,53
Probability Density (adaptive),random,263,41
Probability Density (adaptive),random,264,42
Probability Density (adaptive),random,265,47
Probability Density (adaptive),random,266,41
Probability Density (adaptive),random,267,47
Probability Density (adaptive),random,268,58
Probability Density (adaptive),random,269,38
Probability Density (adaptive),random,270,44
Probability Density (adaptive),random,271,52
Probability Density (adaptive),random,272,39
Probability Density (adaptive),random,273,47
Probability Density (adaptive),random,274,49
Probability Density (adaptive),random,275,52
Probability Density (adaptive),random,276,39
Probability Density (adaptive),random,277,45
Probability Density (adaptive),random,278,30
Probability Density (adaptive),random,279,48
Probability Density (adaptive),random,280,40
Probability Density (adaptive),random,281,51
Probability Density (adaptive),random,282,59
Probability Density (adaptive),random,283,58
Probability Density (adaptive),random,284,46
Probability Density (adaptive),random,285,37
Probability Density (adaptive),random,286,31
Probability Density (adaptive),random,287,49
Probability Density (adaptive),random,288,48
Probability Density (adaptive),random,289,57
Probability Density (adaptive),random,290,39
Probability Density (adaptive),random,291,39
Probability Density (adaptive),random,292,43
Probability Density (adaptive),random,293,62
Probability Density (adaptive),random,294,54
Probability Density (adaptive),random,295,56
Probability Density (adaptive),random,296,36
Probability Density (adaptive),random,297,55
Probability Density (adaptive),random,298,41
Probability Density (adaptive),random,299,42
Probability Density (adaptive),random,300,58
Probability Density (adaptive),random,301,44
Probability Density (adaptive),random,302,49
Probability Density (adaptive),random,303,40
Probability Density (adaptive),random,304,33
Probability Density (adaptive),random,305,38
Probability Density (adaptive),random,306,43
Probability Density (adaptive),random,307,41
Probability Density (adaptive),random,308,48
Probability Density (adaptive),random,309,51
Probability Density (adaptive),random,310,25
Probability Density (adaptive),random,311,62
Probability Density (adaptive),random,312,22
Probability Density (adaptive),random,313,48
Probability Density (adaptive),random,314,32
Probability Density (adaptive),random,315,39
Probability Density (adaptive),random,316,52
Probability Density (adaptive),random,317,59
Probability Density (adaptive),random,318,43
Probability Density (adaptive),random,319,39
Probability Density (adaptive),random,320,38
Probability Density (adaptive),random,321,44
Probability Density (adaptive),random,322,46
Probability Density (adaptive),random,323,37
Probability Density (adaptive),random,324,32
Probability Density (adaptive),random,325,57
Probability Density (adaptive),random,326,48
Probability Density (adaptive),random,327,55
Probability Density (adaptive),random,328,39
Probability Density (adaptive),random,329,50
Probability Density (adaptive),random,330,38
Probability Density (adaptive),random,331,46
Probability Density (adaptive),random,332,47
Probability Density (adaptive),random,333,44
Probability Density (adaptive),random,334,43
Probability Density (adaptive),random,335,43
Probability Density (adaptive),random,336,53
Probability Density (adaptive),random,337,36
Probability Density (adaptive),random,338,40
Probability Density (adaptive),random,339,52
Probability Density (adaptive),random,340,31
Probability Density (adaptive),random,341,45
Probability Density (adaptive),random,342,34
Probability Density (adaptive),random,343,42
Probability Density (adaptive),random,344,38
Probability Density (adaptive),random,345,34
Probability Density (adaptive),random,346,38
Probability Density (adaptive),random,347,41
Probability Density (adaptive),random,348,36
Probability Density (adaptive),random,349,43
Probability Density (adaptive),random,350,38
Probability Density (adaptive),random,351,34
Probability Density (adaptive),random,352,49
Probability Density (adaptive),random,353,32
Probability Density (adaptive),random,354,45
Probability Density (adaptive),random,355,38
Probability Density (adaptive),random,356,42
Probability Density (adaptive),random,357,46
Probability Density (adaptive),random,358,40
Probability Density (adaptive),random,359,49
Probability Density (adaptive),random,360,50
Probability Density (adaptive),random,361,43
Probability Density (adaptive),random,362,47
Probability Density (adaptive),random,363,38
Probability Density (adaptive),random,364,58
Probability Density (adaptive),random,365,38
Probability Density (adaptive),random,366,49
Probability Density (adaptive),random,367,45
Probability Density (adaptive),random,368,37
Probability Density (adaptive),random,369,40
Probability Density (adaptive),random,370,40
Probability Density (adaptive),random,371,32
Probability Density (adaptive),random,372,57
Probability Density (adaptive),random,373,39
Probability Density (adaptive),random,374,52
Probability Density (adaptive),random,375,45
Probability Density (adaptive),random,376,31
Probability Density (adaptive),random,377,36
Probability Density (adaptive),random,378,45
Probability Density (adaptive),random,379,60
Probability Density (adaptive),random,380,44
Probability Density (adaptive),random,381,46
Probability Density (adaptive),random,382,33
Probability Density (adaptive),random,383,45
Probability Density (adaptive),random,384,68
Probability Density (adaptive),random,385,44
Probability Density (adaptive),random,386,43
Probability Density (adaptive),random,387,51
Probability Density (adaptive),random,388,35
Probability Density (adaptive),random,389,69
Probability Density (adaptive),random,390,43
Probability Density (adaptive),random,391,46
Probability Density (adaptive),random,392,37
Probability Density (adaptive),random,393,36
Probability Density (adaptive),random,394,33
Probability Density (adaptive),random,395,37
Probability Density (adaptive),random,396,59
Probability Density (adaptive),random,397,58
Probability Density (adaptive),random,398,37
Probability Density (adaptive),random,399,42
Probability Density (adaptive),random,400,30
Probability Density (adaptive),random,401,38
Probability Density (adaptive),random,402,60
Probability Density (adaptive),random,403,39
Probability Density (adaptive),random,404,45
Probability Density (adaptive),random,405,33
Probability Density (adaptive),random,406,49
Probability Density (adaptive),random,407,51
Probability Density (adaptive),random,408,39
Probability Density (adaptive),random,409,48
Probability Density (adaptive),random,410,70
Probability Density (adaptive),random,411,66
Probability Density (adaptive),random,412,41
Probability Density (adaptive),random,413,35
Probability Density (adaptive),random,414,49
Probability Density (adaptive),random,415,42
Probability Density (adaptive),random,416,43
Probability Density (adaptive),random,417,68
Probability Density (adaptive),random,418,64
Probability Density (adaptive),random,419,50
Probability Density (adaptive),random,420,52
Probability Density (adaptive),random,421,48
Probability Density (adaptive),random,422,42
Probability Density (adaptive),random,423,39
Probability Density (adaptive),random,424,50
Probability Density (adaptive),random,425,41
Probability Density (adaptive),random,426,53
Probability Density (adaptive),random,427,41
Probability Density (adaptive),random,428,52
Probability Density (adaptive),random,429,37
Probability Density (adaptive),random,430,47
Probability Density (adaptive),random,431,59
Probability Density (adaptive),random,432,62
Probability Density (adaptive),random,433,64
Probability Density (adaptive),random,434,59
Probability Density (adaptive),random,435,55
Probability Density (adaptive),random,436,46
Probability Density (adaptive),random,437,36
Probability Density (adaptive),random,438,55
Probability Density (adaptive),random,439,41
Probability Density (adaptive),random,440,31
Probability Density (adaptive),random,441,43
Probability Density (adaptive),random,442,39
Probability Density (adaptive),random,443,27
Probability Density (adaptive),random,444,37
Probability Density (adaptive),random,445,47
Probability Density (adaptive),random,446,49
Probability Density (adaptive),random,447,49
Probability Density (adaptive),random,448,31
Probability Density (adaptive),random,449,36
Probability Density (adaptive),random,450,37
Probability Density (adaptive),random,451,60
Probability Density (adaptive),random,452,46
Probability Density (adaptive),random,453,55
Probability Density (adaptive),random,454,31
Probability Density (adaptive),random,455,28
Probability Density (adaptive),random,456,41
Probability Density (adaptive),random,457,53
Probability Density (adaptive),random,458,39
Probability Density (adaptive),random,459,31
Probability Density (adaptive),random,460,43
Probability Density (adaptive),random,461,44
Probability Density (adaptive),random,462,51
Probability Density (adaptive),random,463,39
Probability Density (adaptive),random,464,48
Probability Density (adaptive),random,465,38
Probability Density (adaptive),random,466,46
Probability Density (adaptive),random,467,49
Probability Density (adaptive),random,468,50
Probability Density (adaptive),random,469,47
Probability Density (adaptive),random,470,38
Probability Density (adaptive),random,471,39
Probability Density (adaptive),random,472,35
Probability Density (adaptive),random,473,50
Probability Density (adaptive),random,474,38
Probability Density (adaptive),random,475,51
Probability Density (adaptive),random,476,35
Probability Density (adaptive),random,477,35
Probability Density (adaptive),random,478,50
Probability Density (adaptive),random,479,45
Probability Density (adaptive),random,480,50
Probability Density (adaptive),random,481,39
Probability Density (adaptive),random,482,62
Probability Density (adaptive),random,483,55
Probability Density (adaptive),random,484,39
Probability Density (adaptive),random,485,28
Probability Density (adaptive),random,486,38
Probability Density (adaptive),random,487,39
Probability Density (adaptive),random,488,42
Probability Density (adaptive),random,489,56
Probability Density (adaptive),random,490,37
Probability Density (adaptive),random,491,43
Probability Density (adaptive),random,492,29
Probability Density (adaptive),random,493,39
Probability Density (adaptive),random,494,52
Probability Density (adaptive),random,495,36
Probability Density (adaptive),random,496,43
Probability Density (adaptive),random,497,42
Probability Density (adaptive),random,498,49
Probability Density (adaptive),random,499,47
Probability Density (adaptive),random,500,60
Probability Density (adaptive),random,501,57
Probability Density (adaptive),random,502,42
Probability Density (adaptive),random,503,51
Probability Density (adaptive),random,504,46
Probability Density (adaptive),random,505,58
Probability Density (adaptive),random,506,45
Probability Density (adaptive),random,507,44
Probability Density (adaptive),random,508,48
Probability Density (adaptive),random,509,54
Probability Density (adaptive),random,510,46
Probability Density (adaptive),random,511,63
Probability Density (adaptive),random,512,41
Probability Density (adaptive),random,513,29
Probability Density (adaptive),random,514,40
Probability Density (adaptive),random,515,40
Probability Density (adaptive),random,516,52
Probability Density (adaptive),random,517,58
Probability Density (adaptive),random,518,41
Probability Density (adaptive),random,519,28
Probability Density (adaptive),random,520,39
Probability Density (adaptive),random,521,53
Probability Density (adaptive),random,522,48
Probability Density (adaptive),random,523,53
Probability Density (adaptive),random,524,51
Probability Density (adaptive),random,525,44
Probability Density (adaptive),random,526,49
Probability Density (adaptive),random,527,48
Probability Density (adaptive),random,528,58
Probability Density (adaptive),random,529,40
Probability Density (adaptive),random,530,35
Probability Density (adaptive),random,531,55
Probability Density (adaptive),random,532,45
Probability Density (adaptive),random,533,41
Probability Density (adaptive),random,534,65
Probability Density (adaptive),random,535,53
Probability Density (adaptive),random,536,50
Probability Density (adaptive),random,537,28
Probability Density (adaptive),random,538,40
Probability Density (adaptive),random,539,44
Probability Density (adaptive),random,540,45
Probability Density (adaptive),random,541,47
Probability Density (adaptive),random,542,30
Probability Density (adaptive),random,543,33
Probability Density (adaptive),random,544,40
Probability Density (adaptive),random,545,43
Probability Density (adaptive),random,546,27
Probability Density (adaptive),random,547,35
Probability Density (adaptive),random,548,36
Probability Density (adaptive),random,549,45
Probability Density (adaptive),random,550,30
Probability Density (adaptive),random,551,54
Probability Density (adaptive),random,552,42
Probability Density (adaptive),random,553,33
Probability Density (adaptive),random,554,43
Probability Density (adaptive),random,555,40
Probability Density (adaptive),random,556,64
Probability Density (adaptive),random,557,30
Probability Density (adaptive),random,558,31
Probability Density (adaptive),random,559,36
Probability Density (adaptive),random,560,33
Probability Density (adaptive),random,561,50
Probability Density (adaptive),random,562,48
Probability Density (adaptive),random,563,46
Probability Density (adaptive),random,564,42
Probability Density (adaptive),random,565,46
Probability Density (adaptive),random,566,46
Probability Density (adaptive),random,567,44
Probability Density (adaptive),random,568,40
Probability Density (adaptive),random,569,34
Probability Density (adaptive),random,570,48
Probability Density (adaptive),random,571,37
Probability Density (adaptive),random,572,36
Probability Density (adaptive),random,573,61
Probability Density (adaptive),random,574,54
Probability Density (adaptive),random,575,37
Probability Density (adaptive),random,576,41
Probability Density (adaptive),random,577,43
Probability Density (adaptive),random,578,41
Probability Density (adaptive),random,579,44
Probability Density (adaptive),random,580,50
Probability Density (adaptive),random,581,35
Probability Density (adaptive),random,582,34
Probability Density (adaptive),random,583,45
Probability Density (adaptive),random,584,29
Probability Density (adaptive),random,585,55
Probability Density (adaptive),random,586,47
Probability Density (adaptive),random,587,39
Probability Density (adaptive),random,588,67
Probability Density (adaptive),random,589,57
Probability Density (adaptive),random,590,42
Probability Density (adaptive),random,591,41
Probability Density (adaptive),random,592,39
Probability Density (adaptive),random,593,36
Probability Density (adaptive),random,594,45
Probability Density (adaptive),random,595,47
Probability Density (adaptive),random,596,43
Probability Density (adaptive),random,597,48
Probability Density (adaptive),random,598,51
Probability Density (adaptive),random,599,67
Probability Density (adaptive),random,600,31
Probability Density (adaptive),random,601,41
Probability Density (adaptive),random,602,49
Probability Density (adaptive),random,603,66
Probability Density (adaptive),random,604,62
Probability Density (adaptive),random,605,44
Probability Density (adaptive),random,606,45
Probability Density (adaptive),random,607,36
Probability Density (adaptive),random,608,34
Probability Density (adaptive),random,609,50
Probability Density (adaptive),random,610,37
Probability Density (adaptive),random,611,39
Probability Density (adaptive),random,612,33
Probability Density (adaptive),random,613,38
Probability Density (adaptive),random,614,42
Probability Density (adaptive),random,615,55
Probability Density (adaptive),random,616,45
Probability Density (adaptive),random,617,42
Probability Density (adaptive),random,618,47
Probability Density (adaptive),random,619,44
Probability Density (adaptive),random,620,46
Probability Density (adaptive),random,621,43
Probability Density (adaptive),random,622,52
Probability Density (adaptive),random,623,62
Probability Density (adaptive),random,624,32
Probability Density (adaptive),random,625,42
Probability Density (adaptive),random,626,41
Probability Density (adaptive),random,627,36
Probability Density (adaptive),random,628,39
Probability Density (adaptive),random,629,33
Probability Density (adaptive),random,630,66
Probability Density (adaptive),random,631,42
Probability Density (adaptive),random,632,44
Probability Density (adaptive),random,633,27
Probability Density (adaptive),random,634,56
Probability Density (adaptive),random,635,40
Probability Density (adaptive),random,636,38
Probability Density (adaptive),random,637,41
Probability Density (adaptive),random,638,65
Probability Density (adaptive),random,639,43
Probability Density (adaptive),random,640,35
Probability Density (adaptive),random,641,64
Probability Density (adaptive),random,642,33
Probability Density (adaptive),random,643,45
Probability Density (adaptive),random,644,53
Probability Density (adaptive),random,645,41
Probability Density (adaptive),random,646,44
Probability Density (adaptive),random,647,64
Probability Density (adaptive),random,648,31
Probability Density (adaptive),random,649,44
Probability Density (adaptive),random,650,66
Probability Density (adaptive),random,651,38
Probability Density (adaptive),random,652,42
Probability Density (adaptive),random,653,37
Probability Density (adaptive),random,654,36
Probability Density (adaptive),random,655,40
Probability Density (adaptive),random,656,33
Probability Density (adaptive),random,657,59
Probability Density (adaptive),random,658,53
Probability Density (adaptive),random,659,39
Probability Density (adaptive),random,660,44
Probability Density (adaptive),random,661,35
Probability Density (adaptive),random,662,41
Probability Density (adaptive),random,663,48
Probability Density (adaptive),random,664,36
Probability Density (adaptive),random,665,37
Probability Density (adaptive),random,666,39
Probability Density (adaptive),random,667,35
Probability Density (adaptive),random,668,45
Probability Density (adaptive),random,669,41
Probability Density (adaptive),random,670,48
Probability Density (adaptive),random,671,53
Probability Density (adaptive),random,672,52
Probability Density (adaptive),random,673,60
Probability Density (adaptive),random,674,52
Probability Density (adaptive),random,675,29
Probability Density (adaptive),random,676,30
Probability Density (adaptive),random,677,61
Probability Density (adaptive),random,678,35
Probability Density (adaptive),random,679,29
Probability Density (adaptive),random,680,49
Probability Density (adaptive),random,681,47
Probability Density (adaptive),random,682,37
Probability Density (adaptive),random,683,29
Probability Density (adaptive),random,684,45
Probability Density (adaptive),random,685,30
Probability Density (adaptive),random,686,38
Probability Density (adaptive),random,687,37
Probability Density (adaptive),random,688,64
Probability Density (adaptive),random,689,44
Probability Density (adaptive),random,690,45
Probability Density (adaptive),random,691,29
Probability Density (adaptive),random,692,61
Probability Density (adaptive),random,693,45
Probability Density (adaptive),random,694,30
Probability Density (adaptive),random,695,31
Probability Density (adaptive),random,696,32
Probability Density (adaptive),random,697,50
Probability Density (adaptive),random,698,50
Probability Density (adaptive),random,699,51
Probability Density (adaptive),random,700,28
Probability Density (adaptive),random,701,66
Probability Density (adaptive),random,702,35
Probability Density (adaptive),random,703,45
Probability Density (adaptive),random,704,51
Probability Density (adaptive),random,705,29
Probability Density (adaptive),random,706,45
Probability Density (adaptive),random,707,52
Probability Density (adaptive),random,708,52
Probability Density (adaptive),random,709,42
Probability Density (adaptive),random,710,50
Probability Density (adaptive),random,711,58
Probability Density (adaptive),random,712,41
Probability Density (adaptive),random,713,43
Probability Density (adaptive),random,714,42
Probability Density (adaptive),random,715,32
Probability Density (adaptive),random,716,53
Probability Density (adaptive),random,717,44
Probability Density (adaptive),random,718,42
Probability Density (adaptive),random,719,66
Probability Density (adaptive),random,720,58
Probability Density (adaptive),random,721,45
Probability Density (adaptive),random,722,39
Probability Density (adaptive),random,723,35
Probability Density (adaptive),random,724,47
Probability Density (adaptive),random,725,32
Probability Density (adaptive),random,726,52
Probability Density (adaptive),random,727,51
Probability Density (adaptive),random,728,46
Probability Density (adaptive),random,729,62
Probability Density (adaptive),random,730,29
Probability Density (adaptive),random,731,47
Probability Density (adaptive),random,732,42
Probability Density (adaptive),random,733,49
Probability Density (adaptive),random,734,46
Probability Density (adaptive),random,735,58
Probability Density (adaptive),random,736,47
Probability Density (adaptive),random,737,43
Probability Density (adaptive),random,738,39
Probability Density (adaptive),random,739,39
Probability Density (adaptive),random,740,58
Probability Density (adaptive),random,741,62
Probability Density (adaptive),random,742,52
Probability Density (adaptive),random,743,31
Probability Density (adaptive),random,744,33
Probability Density (adaptive),random,745,44
Probability Density (adaptive),random,746,63
Probability Density (adaptive),random,747,34
Probability Density (adaptive),random,748,47
Probability Density (adaptive),random,749,63
Probability Density (adaptive),random,750,56
Probability Density (adaptive),random,751,35
Probability Density (adaptive),random,752,32
Probability Density (adaptive),random,753,43
Probability Density (adaptive),random,754,44
Probability Density (adaptive),random,755,35
Probability Density (adaptive),random,756,47
Probability Density (adaptive),random,757,40
Probability Density (adaptive),random,758,34
Probability Density (adaptive),random,759,51
Probability Density (adaptive),random,760,48
Probability Density (adaptive),random,761,60
Probability Density (adaptive),random,762,26
Probability Density (adaptive),random,763,58
Probability Density (adaptive),random,764,43
Probability Density (adaptive),random,765,50
Probability Density (adaptive),random,766,49
Probability Density (adaptive),random,767,63
Probability Density (adaptive),random,768,57
Probability Density (adaptive),random,769,32
Probability Density (adaptive),random,770,37
Probability Density (adaptive),random,771,54
Probability Density (adaptive),random,772,26
Probability Density (adaptive),random,773,40
Probability Density (adaptive),random,774,54
Probability Density (adaptive),random,775,44
Probability Density (adaptive),random,776,54
Probability Density (adaptive),random,777,39
Probability Density (adaptive),random,778,58
Probability Density (adaptive),random,779,44
Probability Density (adaptive),random,780,54
Probability Density (adaptive),random,781,54
Probability Density (adaptive),random,782,44
Probability Density (adaptive),random,783,47
Probability Density (adaptive),random,784,66
Probability Density (adaptive),random,785,39
Probability Density (adaptive),random,786,47
Probability Density (adaptive),random,787,59
Probability Density (adaptive),random,788,47
Probability Density (adaptive),random,789,48
Probability Density (adaptive),random,790,45
Probability Density (adaptive),random,791,34
Probability Density (adaptive),random,792,38
Probability Density (adaptive),random,793,51
Probability Density (adaptive),random,794,39
Probability Density (adaptive),random,795,61
Probability Density (adaptive),random,796,51
Probability Density (adaptive),random,797,52
Probability Density (adaptive),random,798,46
Probability Density (adaptive),random,799,38
Probability Density (adaptive),random,800,49
Probability Density (adaptive),random,801,53
Probability Density (adaptive),random,802,37
Probability Density (adaptive),random,803,61
Probability Density (adaptive),random,804,42
Probability Density (adaptive),random,805,56
Probability Density (adaptive),random,806,45
Probability Density (adaptive),random,807,29
Probability Density (adaptive),random,808,49
Probability Density (adaptive),random,809,47
Probability Density (adaptive),random,810,41
Probability Density (adaptive),random,811,26
Probability Density (adaptive),random,812,42
Probability Density (adaptive),random,813,44
Probability Density (adaptive),random,814,52
Probability Density (adaptive),random,815,50
Probability Density (adaptive),random,816,35
Probability Density (adaptive),random,817,33
Probability Density (adaptive),random,818,52
Probability Density (adaptive),random,819,40
Probability Density (adaptive),random,820,54
Probability Density (adaptive),random,821,43
Probability Density (adaptive),random,822,50
Probability Density (adaptive),random,823,32
Probability Density (adaptive),random,824,40
Probability Density (adaptive),random,825,51
Probability Density (adaptive),random,826,34
Probability Density (adaptive),random,827,47
Probability Density (adaptive),random,828,52
Probability Density (adaptive),random,829,59
Probability Density (adaptive),random,830,58
Probability Density (adaptive),random,831,48
Probability Density (adaptive),random,832,44
Probability Density (adaptive),random,833,49
Probability Density (adaptive),random,834,52
Probability Density (adaptive),random,835,51
Probability Density (adaptive),random,836,41
Probability Density (adaptive),random,837,42
Probability Density (adaptive),random,838,49
Probability Density (adaptive),random,839,48
Probability Density (adaptive),random,840,43
Probability Density (adaptive),random,841,36
Probability Density (adaptive),random,842,49
Probability Density (adaptive),random,843,46
Probability Density (adaptive),random,844,62
Probability Density (adaptive),random,845,37
Probability Density (adaptive),random,846,44
Probability Density (adaptive),random,847,36
Probability Density (adaptive),random,848,41
Probability Density (adaptive),random,849,49
Probability Density (adaptive),random,850,38
Probability Density (adaptive),random,851,44
Probability Density (adaptive),random,852,59
Probability Density (adaptive),random,853,49
Probability Density (adaptive),random,854,30
Probability Density (adaptive),random,855,38
Probability Density (adaptive),random,856,37
Probability Density (adaptive),random,857,52
Probability Density (adaptive),random,858,54
Probability Density (adaptive),random,859,43
Probability Density (adaptive),random,860,40
Probability Density (adaptive),random,861,39
Probability Density (adaptive),random,862,40
Probability Density (adaptive),random,863,50
Probability Density (adaptive),random,864,37
Probability Density (adaptive),random,865,58
Probability Density (adaptive),random,866,47
Probability Density (adaptive),random,867,52
Probability Density (adaptive),random,868,36
Probability Density (adaptive),random,869,45
Probability Density (adaptive),random,870,64
Probability Density (adaptive),random,871,64
Probability Density (adaptive),random,872,56
Probability Density (adaptive),random,873,34
Probability Density (adaptive),random,874,56
Probability Density (adaptive),random,875,62
Probability Density (adaptive),random,876,46
Probability Density (adaptive),random,877,57
Probability Density (adaptive),random,878,50
Probability Density (adaptive),random,879,51
Probability Density (adaptive),random,880,40
Probability Density (adaptive),random,881,36
Probability Density (adaptive),random,882,53
Probability Density (adaptive),random,883,34
Probability Density (adaptive),random,884,50
Probability Density (adaptive),random,885,58
Probability Density (adaptive),random,886,51
Probability Density (adaptive),random,887,44
Probability Density (adaptive),random,888,71
Probability Density (adaptive),random,889,45
Probability Density (adaptive),random,890,42
Probability Density (adaptive),random,891,49
Probability Density (adaptive),random,892,56
Probability Density (adaptive),random,893,43
Probability Density (adaptive),random,894,37
Probability Density (adaptive),random,895,37
Probability Density (adaptive),random,896,27
Probability Density (adaptive),random,897,60
Probability Density (adaptive),random,898,30
Probability Density (adaptive),random,899,60
Probability Density (adaptive),random,900,57
Probability Density (adaptive),random,901,42
Probability Density (adaptive),random,902,49
Probability Density (adaptive),random,903,48
Probability Density (adaptive),random,904,35
Probability Density (adaptive),random,905,44
Probability Density (adaptive),random,906,40
Probability Density (adaptive),random,907,36
Probability Density (adaptive),random,908,45
Probability Density (adaptive),random,909,44
Probability Density (adaptive),random,910,44
Probability Density (adaptive),random,911,42
Probability Density (adaptive),random,912,50
Probability Density (adaptive),random,913,32
Probability Density (adaptive),random,914,38
Probability Density (adaptive),random,915,51
Probability Density (adaptive),random,916,43
Probability Density (adaptive),random,917,34
Probability Density (adaptive),random,918,51
Probability Density (adaptive),random,919,39
Probability Density (adaptive),random,920,47
Probability Density (adaptive),random,921,43
Probability Density (adaptive),random,922,31
Probability Density (adaptive),random,923,54
Probability Density (adaptive),random,924,54
Probability Density (adaptive),random,925,62
Probability Density (adaptive),random,926,47
Probability Density (adaptive),random,927,55
Probability Density (adaptive),random,928,26
Probability Density (adaptive),random,929,42
Probability Density (adaptive),random,930,50
Probability Density (adaptive),random,931,52
Probability Density (adaptive),random,932,35
Probability Density (adaptive),random,933,53
Probability Density (adaptive),random,934,35
Probability Density (adaptive),random,935,40
Probability Density (adaptive),random,936,43
Probability Density (adaptive),random,937,53
Probability Density (adaptive),random,938,47
Probability Density (adaptive),random,939,28
Probability Density (adaptive),random,940,58
Probability Density (adaptive),random,941,43
Probability Density (adaptive),random,942,48
Probability Density (adaptive),random,943,29
Probability Density (adaptive),random,944,32
Probability Density (adaptive),random,945,34
Probability Density (adaptive),random,946,52
Probability Density (adaptive),random,947,48
Probability Density (adaptive),random,948,40
Probability Density (adaptive),random,949,30
Probability Density (adaptive),random,950,43
Probability Density (adaptive),random,951,52
Probability Density (adaptive),random,952,36
Probability Density (adaptive),random,953,49
Probability Density (adaptive),random,954,50
Probability Density (adaptive),random,955,34
Probability Density (adaptive),random,956,38
Probability Density (adaptive),random,957,42
Probability Density (adaptive),random,958,45
Probability Density (adaptive),random,959,39
Probability Density (adaptive),random,960,38
Probability Density (adaptive),random,961,46
Probability Density (adaptive),random,962,58
Probability Density (adaptive),random,963,46
Probability Density (adaptive),random,964,48
Probability Density (adaptive),random,965,55
Probability Density (adaptive),random,966,38
Probability Density (adaptive),random,967,51
Probability Density (adaptive),random,968,37
Probability Density (adaptive),random,969,61
Probability Density (adaptive),random,970,45
Probability Density (adaptive),random,971,44
Probability Density (adaptive),random,972,47
Probability Density (adaptive),random,973,50
Probability Density (adaptive),random,974,47
Probability Density (adaptive),random,975,45
Probability Density (adaptive),random,976,41
Probability Density (adaptive),random,977,44
Probability Density (adaptive),random,978,34
Probability Density (adaptive),random,979,44
Probability Density (adaptive),random,980,51
Probability Density (adaptive),random,981,51
Probability Density (adaptive),random,982,44
Probability Density (adaptive),random,983,38
Probability Density (adaptive),random,984,46
Probability Density (adaptive),random,985,37
Probability Density (adaptive),random,986,40
Probability Density (adaptive),random,987,54
Probability Density (adaptive),random,988,40
Probability Density (adaptive),random,989,41
Probability Density (adaptive),random,990,52
Probability Density (adaptive),random,991,35
Probability Density (adaptive),random,992,51
Probability Density (adaptive),random,993,35
Probability Density (adaptive),random,994,42
Probability Density (adaptive),random,995,55
Probability Density (adaptive),random,996,50
Probability Density (adaptive),random,997,72
Probability Density (adaptive),random,998,36
Probability Density (adaptive),random,999,59
Probability Density (adaptive),random,1000,49
Probability Density (adaptive),random,1001,48
Probability Density (adaptive),random,1002,47
Probability Density (adaptive),random,1003,50
Probability Density (adaptive),random,1004,61
Probability Density (adaptive),random,1005,36
Probability Density (adaptive),random,1006,51
Probability Density (adaptive),random,1007,51
Probability Density (adaptive),random,1008,66
Probability Density (adaptive),random,1009,53
Probability Density (adaptive),random,1010,32
Probability Density (adaptive),random,1011,44
Probability Density (adaptive),random,1012,29
Probability Density (adaptive),random,1013,43
Probability Density (adaptive),random,1014,55
Probability Density (adaptive),random,1015,50
Probability Density (adaptive),random,1016,51
Probability Density (adaptive),random,1017,33
Probability Density (adaptive),random,1018,37
Probability Density (adaptive),random,1019,42
Probability Density (adaptive),random,1020,37
Probability Density (adaptive),random,1021,52
Probability Density (adaptive),random,1022,40
Probability Density (adaptive),random,1023,29
Probability Density (adaptive),random,1024,50
Probability Density (adaptive),random,1025,50
Probability Density (adaptive),random,1026,56
Probability Density (adaptive),random,1027,45
Probability Density (adaptive),random,1028,49
Probability Density (adaptive),random,1029,46
Probability Density (adaptive),random,1030,36
Probability Density (adaptive),random,1031,48
Probability Density (adaptive),random,1032,57
Probability Density (adaptive),random,1033,43
Probability Density (adaptive),random,1034,69
Probability Density (adaptive),random,1035,46
Probability Density (adaptive),random,1036,35
Probability Density (adaptive),random,1037,30
Probability Density (adaptive),random,1038,34
Probability Density (adaptive),random,1039,30
Probability Density (adaptive),random,1040,53
Probability Density (adaptive),random,1041,47
Probability Density (adaptive),random,1042,39
Probability Density (adaptive),random,1043,30
Probability Density (adaptive),random,1044,33
Probability Density (adaptive),random,1045,39
Probability Density (adaptive),random,1046,47
Probability Density (adaptive),random,1047,38
Probability Density (adaptive),random,1048,48
Probability Density (adaptive),random,1049,43
Probability Density (adaptive),random,1050,48
Probability Density (adaptive),random,1051,54
Probability Density (adaptive),random,1052,38
Probability Density (adaptive),random,1053,58
Probability Density (adaptive),random,1054,34
Probability Density (adaptive),random,1055,47
Probability Density (adaptive),random,1056,38
Probability Density (adaptive),random,1057,49
Probability Density (adaptive),random,1058,46
Probability Density (adaptive),random,1059,34
Probability Density (adaptive),random,1060,50
Probability Density (adaptive),random,1061,63
Probability Density (adaptive),random,1062,53
Probability Density (adaptive),random,1063,41
Probability Density (adaptive),random,1064,45
Probability Density (adaptive),random,1065,43
Probability Density (adaptive),random,1066,42
Probability Density (adaptive),random,1067,66
Probability Density (adaptive),random,1068,46
Probability Density (adaptive),random,1069,57
Probability Density (adaptive),random,1070,58
Probability Density (adaptive),random,1071,59
Probability Density (adaptive),random,1072,36
Probability Density (adaptive),random,1073,33
Probability Density (adaptive),random,1074,37
Probability Density (adaptive),random,1075,43
Probability Density (adaptive),random,1076,56
Probability Density (adaptive),random,1077,53
Probability Density (adaptive),random,1078,61
Probability Density (adaptive),random,1079,54
Probability Density (adaptive),random,1080,61
Probability Density (adaptive),random,1081,37
Probability Density (adaptive),random,1082,31
Probability Density (adaptive),random,1083,31
Probability Density (adaptive),random,1084,33
Probability Density (adaptive),random,1085,55
Probability Density (adaptive),random,1086,39
Probability Density (adaptive),random,1087,55
Probability Density (adaptive),random,1088,34
Probability Density (adaptive),random,1089,44
Probability Density (adaptive),random,1090,57
Probability Density (adaptive),random,1091,51
Probability Density (adaptive),random,1092,40
Probability Density (adaptive),random,1093,57
Probability Density (adaptive),random,1094,22
Probability Density (adaptive),random,1095,32
Probability Density (adaptive),random,1096,35
Probability Density (adaptive),random,1097,50
Probability Density (adaptive),random,1098,52
Probability Density (adaptive),random,1099,57
Probability Density (adaptive),random,1100,31
Probability Density (adaptive),random,1101,42
Probability Density (adaptive),random,1102,34
Probability Density (adaptive),random,1103,40
Probability Density (adaptive),random,1104,44
Probability Density (adaptive),random,1105,41
Probability Density (adaptive),random,1106,45
Probability Density (adaptive),random,1107,36
Probability Density (adaptive),random,1108,41
Probability Density (adaptive),random,1109,38
Probability Density (adaptive),random,1110,44
Probability Density (adaptive),random,1111,48
Probability Density (adaptive),random,1112,35
Probability Density (adaptive),random,1113,50
Probability Density (adaptive),random,1114,40
Probability Density (adaptive),random,1115,39
Probability Density (adaptive),random,1116,36
Probability Density (adaptive),random,1117,44
Probability Density (adaptive),random,1118,46
Probability Density (adaptive),random,1119,56
Probability Density (adaptive),random,1120,53
Probability Density (adaptive),random,1121,39
Probability Density (adaptive),random,1122,48
Probability Density (adaptive),random,1123,41
Probability Density (adaptive),random,1124,63
Probability Density (adaptive),random,1125,42
Probability Density (adaptive),random,1126,41
Probability Density (adaptive),random,1127,47
Probability Density (adaptive),random,1128,38
Probability Density (adaptive),random,1129,37
Probability Density (adaptive),random,1130,41
Probability Density (adaptive),random,1131,66
Probability Density (adaptive),random,1132,47
Probability Density (adaptive),random,1133,34
Probability Density (adaptive),random,1134,52
Probability Density (adaptive),random,1135,51
Probability Density (adaptive),random,1136,47
Probability Density (adaptive),random,1137,28
Probability Density (adaptive),random,1138,54
Probability Density (adaptive),random,1139,43
Probability Density (adaptive),random,1140,42
Probability Density (adaptive),random,1141,34
Probability Density (adaptive),random,1142,36
Probability Density (adaptive),random,1143,50
Probability Density (adaptive),random,1144,36
Probability Density (adaptive),random,1145,30
Probability Density (adaptive),random,1146,45
Probability Density (adaptive),random,1147,41
Probability Density (adaptive),random,1148,59
Probability Density (adaptive),random,1149,69
Probability Density (adaptive),random,1150,37
Probability Density (adaptive),random,1151,53
Probability Density (adaptive),random,1152,30
Probability Density (adaptive),random,1153,52
Probability Density (adaptive),random,1154,56
Probability Density (adaptive),random,1155,43
Probability Density (adaptive),random,1156,45
Probability Density (adaptive),random,1157,41
Probability Density (adaptive),random,1158,61
Probability Density (adaptive),random,1159,42
Probability Density (adaptive),random,1160,54
Probability Density (adaptive),random,1161,43
Probability Density (adaptive),random,1162,48
Probability Density (adaptive),random,1163,61
Probability Density (adaptive),random,1164,40
Probability Density (adaptive),random,1165,25
Probability Density (adaptive),random,1166,65
Probability Density (adaptive),random,1167,41
Probability Density (adaptive),random,1168,27
Probability Density (adaptive),random,1169,46
Probability Density (adaptive),random,1170,39
Probability Density (adaptive),random,1171,54
Probability Density (adaptive),random,1172,37
Probability Density (adaptive),random,1173,52
Probability Density (adaptive),random,1174,64
Probability Density (adaptive),random,1175,40
Probability Density (adaptive),random,1176,61
Probability Density (adaptive),random,1177,62
Probability Density (adaptive),random,1178,45
Probability Density (adaptive),random,1179,46
Probability Density (adaptive),random,1180,32
Probability Density (adaptive),random,1181,51
Probability Density (adaptive),random,1182,40
Probability Density (adaptive),random,1183,28
Probability Density (adaptive),random,1184,52
Probability Density (adaptive),random,1185,51
Probability Density (adaptive),random,1186,53
Probability Density (adaptive),random,1187,50
Probability Density (adaptive),random,1188,37
Probability Density (adaptive),random,1189,45
Probability Density (adaptive),random,1190,47
Probability Density (adaptive),random,1191,49
Probability Density (adaptive),random,1192,46
Probability Density (adaptive),random,1193,53
Probability Density (adaptive),random,1194,47
Probability Density (adaptive),random,1195,54
Probability Density (adaptive),random,1196,41
Probability Density (adaptive),random,1197,53
Probability Density (adaptive),random,1198,59
Probability Density (adaptive),random,1199,38
Probability Density (adaptive),random,1200,64
Probability Density (adaptive),random,1201,57
Probability Density (adaptive),random,1202,35
Probability Density (adaptive),random,1203,44
Probability Density (adaptive),random,1204,42
Probability Density (adaptive),random,1205,51
Probability Density (adaptive),random,1206,46
Probability Density (adaptive),random,1207,55
Probability Density (adaptive),random,1208,33
Probability Density (adaptive),random,1209,46
Probability Density (adaptive),random,1210,37
Probability Density (adaptive),random,1211,52
Probability Density (adaptive),random,1212,51
Probability Density (adaptive),random,1213,41
Probability Density (adaptive),random,1214,46
Probability Density (adaptive),random,1215,46
Probability Density (adaptive),random,1216,37
Probability Density (adaptive),random,1217,44
Probability Density (adaptive),random,1218,46
Probability Density (adaptive),random,1219,43
Probability Density (adaptive),random,1220,34
Probability Density (adaptive),random,1221,45
Probability Density (adaptive),random,1222,41
Probability Density (adaptive),random,1223,48
Probability Density (adaptive),random,1224,47
Probability Density (adaptive),random,1225,51
Probability Density (adaptive),random,1226,36
Probability Density (adaptive),random,1227,55
Probability Density (adaptive),random,1228,37
Probability Density (adaptive),random,1229,53
Probability Density (adaptive),random,1230,37
Probability Density (adaptive),random,1231,34
Probability Density (adaptive),random,1232,57
Probability Density (adaptive),random,1233,45
Probability Density (adaptive),random,1234,43
Probability Density (adaptive),random,1235,41
Probability Density (adaptive),random,1236,52
Probability Density (adaptive),random,1237,66
Probability Density (adaptive),random,1238,45
Probability Density (adaptive),random,1239,43
Probability Density (adaptive),random,1240,43
Probability Density (adaptive),random,1241,54
Probability Density (adaptive),random,1242,32
Probability Density (adaptive),random,1243,65
Probability Density (adaptive),random,1244,41
Probability Density (adaptive),random,1245,47
Probability Density (adaptive),random,1246,42
Probability Density (adaptive),random,1247,38
Probability Density (adaptive),random,1248,47
Probability Density (adaptive),random,1249,35
Probability Density (adaptive),random,1250,42
Probability Density (adaptive),random,1251,58
Probability Density (adaptive),random,1252,54
Probability Density (adaptive),random,1253,50
Probability Density (adaptive),random,1254,54
Probability Density (adaptive),random,1255,36
Probability Density (adaptive),random,1256,60
Probability Density (adaptive),random,1257,33
Probability Density (adaptive),random,1258,31
Probability Density (adaptive),random,1259,40
Probability Density (adaptive),random,1260,49
Probability Density (adaptive),random,1261,46
Probability Density (adaptive),random,1262,54
Probability Density (adaptive),random,1263,42
Probability Density (adaptive),random,1264,29
Probability Density (adaptive),random,1265,49
Probability Density (adaptive),random,1266,65
Probability Density (adaptive),random,1267,48
Probability Density (adaptive),random,1268,60
Probability Density (adaptive),random,1269,60
Probability Density (adaptive),random,1270,44
Probability Density (adaptive),random,1271,47
Probability Density (adaptive),random,1272,38
Probability Density (adaptive),random,1273,48
Probability Density (adaptive),random,1274,59
Probability Density (adaptive),random,1275,53
Probability Density (adaptive),random,1276,50
Probability Density (adaptive),random,1277,34
Probability Density (adaptive),random,1278,49
Probability Density (adaptive),random,1279,49
Probability Density (adaptive),random,1280,35
Probability Density (adaptive),random,1281,49
Probability Density (adaptive),random,1282,49
Probability Density (adaptive),random,1283,66
Probability Density (adaptive),random,1284,40
Probability Density (adaptive),random,1285,44
Probability Density (adaptive),random,1286,70
Probability Density (adaptive),random,1287,69
Probability Density (adaptive),random,1288,38
Probability Density (adaptive),random,1289,37
Probability Density (adaptive),random,1290,29
Probability Density (adaptive),random,1291,43
Probability Density (adaptive),random,1292,46
Probability Density (adaptive),random,1293,50
Probability Density (adaptive),random,1294,65
Probability Density (adaptive),random,1295,33
Probability Density (adaptive),random,1296,39
Probability Density (adaptive),random,1297,44
Probability Density (adaptive),random,1298,31
Probability Density (adaptive),random,1299,62
Probability Density (adaptive),random,1300,36
Probability Density (adaptive),random,1301,42
Probability Density (adaptive),random,1302,36
Probability Density (adaptive),random,1303,55
Probability Density (adaptive),random,1304,36
Probability Density (adaptive),random,1305,41
Probability Density (adaptive),random,1306,44
Probability Density (adaptive),random,1307,41
Probability Density (adaptive),random,1308,34
Probability Density (adaptive),random,1309,30
Probability Density (adaptive),random,1310,33
Probability Density (adaptive),random,1311,35
Probability Density (adaptive),random,1312,33
Probability Density (adaptive),random,1313,43
Probability Density (adaptive),random,1314,27
Probability Density (adaptive),random,1315,45
Probability Density (adaptive),random,1316,38
Probability Density (adaptive),random,1317,39
Probability Density (adaptive),random,1318,49
Probability Density (adaptive),random,1319,38
Probability Density (adaptive),random,1320,31
Probability Density (adaptive),random,1321,27
Probability Density (adaptive),random,1322,35
Probability Density (adaptive),random,1323,42
Probability Density (adaptive),random,1324,59
Probability Density (adaptive),random,1325,46
Probability Density (adaptive),random,1326,54
Probability Density (adaptive),random,1327,47
Probability Density (adaptive),random,1328,37
Probability Density (adaptive),random,1329,41
Probability Density (adaptive),random,1330,52
Probability Density (adaptive),random,1331,62
Probability Density (adaptive),random,1332,52
Probability Density (adaptive),random,1333,40
Probability Density (adaptive),random,1334,47
Probability Density (adaptive),random,1335,40
Probability Density (adaptive),random,1336,49
Probability Density (adaptive),random,1337,54
Probability Density (adaptive),random,1338,42
Probability Density (adaptive),random,1339,66
Probability Density (adaptive),random,1340,40
Probability Density (adaptive),random,1341,66
Probability Density (adaptive),random,1342,56
Probability Density (adaptive),random,1343,42
Probability Density (adaptive),random,1344,49
Probability Density (adaptive),random,1345,39
Probability Density (adaptive),random,1346,60
Probability Density (adaptive),random,1347,33
Probability Density (adaptive),random,1348,58
Probability Density (adaptive),random,1349,43
Probability Density (adaptive),random,1350,30
Probability Density (adaptive),random,1351,35
Probability Density (adaptive),random,1352,36
Probability Density (adaptive),random,1353,35
Probability Density (adaptive),random,1354,37
Probability Density (adaptive),random,1355,59
Probability Density (adaptive),random,1356,65
Probability Density (adaptive),random,1357,47
Probability Density (adaptive),random,1358,39
Probability Density (adaptive),random,1359,46
Probability Density (adaptive),random,1360,44
Probability Density (adaptive),random,1361,28
Probability Density (adaptive),random,1362,46
Probability Density (adaptive),random,1363,51
Probability Density (adaptive),random,1364,42
Probability Density (adaptive),random,1365,67
Probability Density (adaptive),random,1366,41
Probability Density (adaptive),random,1367,54
Probability Density (adaptive),random,1368,48
Probability Density (adaptive),random,1369,40
Probability Density (adaptive),random,1370,49
Probability Density (adaptive),random,1371,45
Probability Density (adaptive),random,1372,30
Probability Density (adaptive),random,1373,37
Probability Density (adaptive),random,1374,37
Probability Density (adaptive),random,1375,44
Probability Density (adaptive),random,1376,44
Probability Density (adaptive),random,1377,61
Probability Density (adaptive),random,1378,41
Probability Density (adaptive),random,1379,35
Probability Density (adaptive),random,1380,40
Probability Density (adaptive),random,1381,37
Probability Density (adaptive),random,1382,40
Probability Density (adaptive),random,1383,44
Probability Density (adaptive),random,1384,46
Probability Density (adaptive),random,1385,45
Probability Density (adaptive),random,1386,30
Probability Density (adaptive),random,1387,46
Probability Density (adaptive),random,1388,41
Probability Density (adaptive),random,1389,36
Probability Density (adaptive),random,1390,37
Probability Density (adaptive),random,1391,30
Probability Density (adaptive),random,1392,47
Probability Density (adaptive),random,1393,44
Probability Density (adaptive),random,1394,61
Probability Density (adaptive),random,1395,34
Probability Density (adaptive),random,1396,42
Probability Density (adaptive),random,1397,46
Probability Density (adaptive),random,1398,38
Probability Density (adaptive),random,1399,68
Probability Density (adaptive),random,1400,51
Probability Density (adaptive),random,1401,49
Probability Density (adaptive),random,1402,52
Probability Density (adaptive),random,1403,39
Probability Density (adaptive),random,1404,39
Probability Density (adaptive),random,1405,41
Probability Density (adaptive),random,1406,32
Probability Density (adaptive),random,1407,50
Probability Density (adaptive),random,1408,43
Probability Density (adaptive),random,1409,45
Probability Density (adaptive),random,1410,40
Probability Density (adaptive),random,1411,34
Probability Density (adaptive),random,1412,43
Probability Density (adaptive),random,1413,47
Probability Density (adaptive),random,1414,38
Probability Density (adaptive),random,1415,33
Probability Density (adaptive),random,1416,41
Probability Density (adaptive),random,1417,49
Probability Density (adaptive),random,1418,43
Probability Density (adaptive),random,1419,31
Probability Density (adaptive),random,1420,57
Probability Density (adaptive),random,1421,36
Probability Density (adaptive),random,1422,54
Probability Density (adaptive),random,1423,68
Probability Density (adaptive),random,1424,72
Probability Density (adaptive),random,1425,33
Probability Density (adaptive),random,1426,41
Probability Density (adaptive),random,1427,32
Probability Density (adaptive),random,1428,66
Probability Density (adaptive),random,1429,28
Probability Density (adaptive),random,1430,44
Probability Density (adaptive),random,1431,42
Probability Density (adaptive),random,1432,31
Probability Density (adaptive),random,1433,49
Probability Density (adaptive),random,1434,40
Probability Density (adaptive),random,1435,47
Probability Density (adaptive),random,1436,51
Probability Density (adaptive),random,1437,60
Probability Density (adaptive),random,1438,61
Probability Density (adaptive),random,1439,48
Probability Density (adaptive),random,1440,44
Probability Density (adaptive),random,1441,41
Probability Density (adaptive),random,1442,61
Probability Density (adaptive),random,1443,46
Probability Density (adaptive),random,1444,46
Probability Density (adaptive),random,1445,30
Probability Density (adaptive),random,1446,65
Probability Density (adaptive),random,1447,60
Probability Density (adaptive),random,1448,35
Probability Density (adaptive),random,1449,56
Probability Density (adaptive),random,1450,52
Probability Density (adaptive),random,1451,43
Probability Density (adaptive),random,1452,50
Probability Density (adaptive),random,1453,40
Probability Density (adaptive),random,1454,46
Probability Density (adaptive),random,1455,36
Probability Density (adaptive),random,1456,35
Probability Density (adaptive),random,1457,40
Probability Density (adaptive),random,1458,40
Probability Density (adaptive),random,1459,52
Probability Density (adaptive),random,1460,50
Probability Density (adaptive),random,1461,37
Probability Density (adaptive),random,1462,48
Probability Density (adaptive),random,1463,40
Probability Density (adaptive),random,1464,36
Probability Density (adaptive),random,1465,62
Probability Density (adaptive),random,1466,49
Probability Density (adaptive),random,1467,49
Probability Density (adaptive),random,1468,39
Probability Density (adaptive),random,1469,46
Probability Density (adaptive),random,1470,38
Probability Density (adaptive),random,1471,66
Probability Density (adaptive),random,1472,45
Probability Density (adaptive),random,1473,61
Probability Density (adaptive),random,1474,63
Probability Density (adaptive),random,1475,42
Probability Density (adaptive),random,1476,40
Probability Density (adaptive),random,1477,41
Probability Density (adaptive),random,1478,53
Probability Density (adaptive),random,1479,45
Probability Density (adaptive),random,1480,44
Probability Density (adaptive),random,1481,50
Probability Density (adaptive),random,1482,34
Probability Density (adaptive),random,1483,43
Probability Density (adaptive),random,1484,31
Probability Density (adaptive),random,1485,36
Probability Density (adaptive),random,1486,42
Probability Density (adaptive),random,1487,50
Probability Density (adaptive),random,1488,43
Probability Density (adaptive),random,1489,36
Probability Density (adaptive),random,1490,49
Probability Density (adaptive),random,1491,40
Probability Density (adaptive),random,1492,37
Probability Density (adaptive),random,1493,48
Probability Density (adaptive),random,1494,41
Probability Density (adaptive),random,1495,33
Probability Density (adaptive),random,1496,41
Probability Density (adaptive),random,1497,41
Probability Density (adaptive),random,1498,31
Probability Density (adaptive),random,1499,41
Probability Density (adaptive),edge,0,21
Probability Density (adaptive),edge,1,30
Probability Density (adaptive),edge,2,22
Probability Density (adaptive),edge,3,26
Probability Density (adaptive),edge,4,23
Probability Density (adaptive),edge,5,28
Probability Density (adaptive),edge,6,23
Probability Density (adaptive),edge,7,24
Probability Density (adaptive),edge,8,20
Probability Density (adaptive),edge,9,24
Probability Density (adaptive),edge,10,26
Probability Density (adaptive),edge,11,28
Probability Density (adaptive),edge,12,28
Probability Density (adaptive),edge,13,27
Probability Density (adaptive),edge,14,23
Probability Density (adaptive),edge,15,23
Probability Density (adaptive),edge,16,24
Probability Density (adaptive),edge,17,26
Probability Density (adaptive),edge,18,28
Probability Density (adaptive),edge,19,24
Probability Density (adaptive),edge,20,20
Probability Density (adaptive),edge,21,23
Probability Density (adaptive),edge,22,22
Probability Density (adaptive),edge,23,20
Probability Density (adaptive),edge,24,28
Probability Density (adaptive),edge,25,20
Probability Density (adaptive),edge,26,27
Probability Density (adaptive),edge,27,24
Probability Density (adaptive),edge,28,24
Probability Density (adaptive),edge,29,21
Probability Density (adaptive),edge,30,26
Probability Density (adaptive),edge,31,27
Probability Density (adaptive),edge,32,27
Probability Density (adaptive),edge,33,27
Probability Density (adaptive),edge,34,22
Probability Density (adaptive),edge,35,26
Probability Density (adaptive),edge,36,25
Probability Density (adaptive),edge,37,23
Probability Density (adaptive),edge,38,21
Probability Density (adaptive),edge,39,27
Probability Density (adaptive),edge,40,22
Probability Density (adaptive),edge,41,20
Probability Density (adaptive),edge,42,20
Probability Density (adaptive),edge,43,23
Probability Density (adaptive),edge,44,25
Probability Density (adaptive),edge,45,24
Probability Density (adaptive),edge,46,24
Probability Density (adaptive),edge,47,23
Probability Density (adaptive),edge,48,25
Probability Density (adaptive),edge,49,22
Probability Density (adaptive),edge,50,23
Probability Density (adaptive),edge,51,26
Probability Density (adaptive),edge,52,30
Probability Density (adaptive),edge,53,22
Probability Density (adaptive),edge,54,21
Probability Density (adaptive),edge,55,22
Probability Density (adaptive),edge,56,22
Probability Density (adaptive),edge,57,24
Probability Density (adaptive),edge,58,22
Probability Density (adaptive),edge,59,29
Probability Density (adaptive),edge,60,23
Probability Density (adaptive),edge,61,22
Probability Density (adaptive),edge,62,26
Probability Density (adaptive),edge,63,25
Probability Density (adaptive),edge,64,23
Probability Density (adaptive),edge,65,28
Probability Density (adaptive),edge,66,25
Probability Density (adaptive),edge,67,25
Probability Density (adaptive),edge,68,22
Probability Density (adaptive),edge,69,29
Probability Density (adaptive),edge,70,25
Probability Density (adaptive),edge,71,23
Probability Density (adaptive),edge,72,25
Probability Density (adaptive),edge,73,24
Probability Density (adaptive),edge,74,27
Probability Density (adaptive),edge,75,23
Probability Density (adaptive),edge,76,24
Probability Density (adaptive),edge,77,21
Probability Density (adaptive),edge,78,27
Probability Density (adaptive),edge,79,27
Probability Density (adaptive),edge,80,25
Probability Density (adaptive),edge,81,24
Probability Density (adaptive),edge,82,29
Probability Density (adaptive),edge,83,21
Probability Density (adaptive),edge,84,25
Probability Density (adaptive),edge,85,24
Probability Density (adaptive),edge,86,24
Probability Density (adaptive),edge,87,29
Probability Density (adaptive),edge,88,25
Probability Density (adaptive),edge,89,24
Probability Density (adaptive),edge,90,23
Probability Density (adaptive),edge,91,28
Probability Density (adaptive),edge,92,20
Probability Density (adaptive),edge,93,25
Probability Density (adaptive),edge,94,25
Probability Density (adaptive),edge,95,26
Probability Density (adaptive),edge,96,25
Probability Density (adaptive),edge,97,23
Probability Density (adaptive),edge,98,29
Probability Density (adaptive),edge,99,25
Probability Density (adaptive),edge,100,25
Probability Density (adaptive),edge,101,23
Probability Density (adaptive),edge,102,28
Probability Density (adaptive),edge,103,27
Probability Density (adaptive),edge,104,27
Probability Density (adaptive),edge,105,23
Probability Density (adaptive),edge,106,20
Probability Density (adaptive),edge,107,26
Probability Density (adaptive),edge,108,27
Probability Density (adaptive),edge,109,24
Probability Density (adaptive),edge,110,22
Probability Density (adaptive),edge,111,28
Probability Density (adaptive),edge,112,24
Probability Density (adaptive),edge,113,19
Probability Density (adaptive),edge,114,25
Probability Density (adaptive),edge,115,23
Probability Density (adaptive),edge,116,23
Probability Density (adaptive),edge,117,27
Probability Density (adaptive),edge,118,23
Probability Density (adaptive),edge,119,28
Probability Density (adaptive),edge,120,27
Probability Density (adaptive),edge,121,29
Probability Density (adaptive),edge,122,24
Probability Density (adaptive),edge,123,29
Probability Density (adaptive),edge,124,26
Probability Density (adaptive),edge,125,22
Probability Density (adaptive),edge,126,24
Probability Density (adaptive),edge,127,26
Probability Density (adaptive),edge,128,25
Probability Density (adaptive),edge,129,24
Probability Density (adaptive),edge,130,18
Probability Density (adaptive),edge,131,23
Probability Density (adaptive),edge,132,20
Probability Density (adaptive),edge,133,29
Probability Density (adaptive),edge,134,24
Probability Density (adaptive),edge,135,23
Probability Density (adaptive),edge,136,25
Probability Density (adaptive),edge,137,21
Probability Density (adaptive),edge,138,27
Probability Density (adaptive),edge,139,22
Probability Density (adaptive),edge,140,29
Probability Density (adaptive),edge,141,21
Probability Density (adaptive),edge,142,28
Probability Density (adaptive),edge,143,21
Probability Density (adaptive),edge,144,22
Probability Density (adaptive),edge,145,22
Probability Density (adaptive),edge,146,25
Probability Density (adaptive),edge,147,26
Probability Density (adaptive),edge,148,26
Probability Density (adaptive),edge,149,25
Probability Density (adaptive),edge,150,25
Probability Density (adaptive),edge,151,26
Probability Density (adaptive),edge,152,25
Probability Density (adaptive),edge,153,22
Probability Density (adaptive),edge,154,27
Probability Density (adaptive),edge,155,22
Probability Density (adaptive),edge,156,23
Probability Density (adaptive),edge,157,23
Probability Density (adaptive),edge,158,23
Probability Density (adaptive),edge,159,29
Probability Density (adaptive),edge,160,20
Probability Density (adaptive),edge,161,27
Probability Density (adaptive),edge,162,26
Probability Density (adaptive),edge,163,25
Probability Density (adaptive),edge,164,25
Probability Density (adaptive),edge,165,23
Probability Density (adaptive),edge,166,32
Probability Density (adaptive),edge,167,22
Probability Density (adaptive),edge,168,27
Probability Density (adaptive),edge,169,24
Probability Density (adaptive),edge,170,28
Probability Density (adaptive),edge,171,25
Probability Density (adaptive),edge,172,26
Probability Density (adaptive),edge,173,26
Probability Density (adaptive),edge,174,28
Probability Density (adaptive),edge,175,29
Probability Density (adaptive),edge,176,25
Probability Density (adaptive),edge,177,24
Probability Density (adaptive),edge,178,25
Probability Density (adaptive),edge,179,28
Probability Density (adaptive),edge,180,23
Probability Density (adaptive),edge,181,22
Probability Density (adaptive),edge,182,25
Probability Density (adaptive),edge,183,22
Probability Density (adaptive),edge,184,23
Probability Density (adaptive),edge,185,25
Probability Density (adaptive),edge,186,19
Probability Density (adaptive),edge,187,24
Probability Density (adaptive),edge,188,22
Probability Density (adaptive),edge,189,22
Probability Density (adaptive),edge,190,22
Probability Density (adaptive),edge,191,25
Probability Density (adaptive),edge,192,22
Probability Density (adaptive),edge,193,21
Probability Density (adaptive),edge,194,25
Probability Density (adaptive),edge,195,22
Probability Density (adaptive),edge,196,26
Probability Density (adaptive),edge,197,24
Probability Density (adaptive),edge,198,20
Probability Density (adaptive),edge,199,21
Probability Density (adaptive),edge,200,24
Probability Density (adaptive),edge,201,28
Probability Density (adaptive),edge,202,21
Probability Density (adaptive),edge,203,25
Probability Density (adaptive),edge,204,24
Probability Density (adaptive),edge,205,22
Probability Density (adaptive),edge,206,24
Probability Density (adaptive),edge,207,29
Probability Density (adaptive),edge,208,23
Probability Density (adaptive),edge,209,28
Probability Density (adaptive),edge,210,25
Probability Density (adaptive),edge,211,28
Probability Density (adaptive),edge,212,26
Probability Density (adaptive),edge,213,30
Probability Density (adaptive),edge,214,24
Probability Density (adaptive),edge,215,21
Probability Density (adaptive),edge,216,27
Probability Density (adaptive),edge,217,23
Probability Density (adaptive),edge,218,28
Probability Density (adaptive),edge,219,24
Probability Density (adaptive),edge,220,23
Probability Density (adaptive),edge,221,26
Probability Density (adaptive),edge,222,22
Probability Density (adaptive),edge,223,24
Probability Density (adaptive),edge,224,24
Probability Density (adaptive),edge,225,20
Probability Density (adaptive),edge,226,27
Probability Density (adaptive),edge,227,28
Probability Density (adaptive),edge,228,20
Probability Density (adaptive),edge,229,24
Probability Density (adaptive),edge,230,25
Probability Density (adaptive),edge,231,26
Probability Density (adaptive),edge,232,28
Probability Density (adaptive),edge,233,24
Probability Density (adaptive),edge,234,29
Probability Density (adaptive),edge,235,30
Probability Density (adaptive),edge,236,26
Probability Density (adaptive),edge,237,23
Probability Density (adaptive),edge,238,26
Probability Density (adaptive),edge,239,29
Probability Density (adaptive),edge,240,27
Probability Density (adaptive),edge,241,24
Probability Density (adaptive),edge,242,26
Probability Density (adaptive),edge,243,28
Probability Density (adaptive),edge,244,23
Probability Density (adaptive),edge,245,19
Probability Density (adaptive),edge,246,24
Probability Density (adaptive),edge,247,27
Probability Density (adaptive),edge,248,22
Probability Density (adaptive),edge,249,24
Probability Density (adaptive),edge,250,26
Probability Density (adaptive),edge,251,27
Probability Density (adaptive),edge,252,26
Probability Density (adaptive),edge,253,23
Probability Density (adaptive),edge,254,28
Probability Density (adaptive),edge,255,26
Probability Density (adaptive),edge,256,25
Probability Density (adaptive),edge,257,27
Probability Density (adaptive),edge,258,23
Probability Density (adaptive),edge,259,29
Probability Density (adaptive),edge,260,27
Probability Density (adaptive),edge,261,23
Probability Density (adaptive),edge,262,25
Probability Density (adaptive),edge,263,25
Probability Density (adaptive),edge,264,27
Probability Density (adaptive),edge,265,29
Probability Density (adaptive),edge,266,26
Probability Density (adaptive),edge,267,27
Probability Density (adaptive),edge,268,29
Probability Density (adaptive),edge,269,28
Probability Density (adaptive),edge,270,21
Probability Density (adaptive),edge,271,25
Probability Density (adaptive),edge,272,26
Probability Density (adaptive),edge,273,22
Probability Density (adaptive),edge,274,22
Probability Density (adaptive),edge,275,26
Probability Density (adaptive),edge,276,22
Probability Density (adaptive),edge,277,26
Probability Density (adaptive),edge,278,27
Probability Density (adaptive),edge,279,25
Probability Density (adaptive),edge,280,22
Probability Density (adaptive),edge,281,25
Probability Density (adaptive),edge,282,25
Probability Density (adaptive),edge,283,25
Probability Density (adaptive),edge,284,22
Probability Density (adaptive),edge,285,21
Probability Density (adaptive),edge,286,27
Probability Density (adaptive),edge,287,28
Probability Density (adaptive),edge,288,27
Probability Density (adaptive),edge,289,22
Probability Density (adaptive),edge,290,28
Probability Density (adaptive),edge,291,27
Probability Density (adaptive),edge,292,24
Probability Density (adaptive),edge,293,25
Probability Density (adaptive),edge,294,25
Probability Density (adaptive),edge,295,26
Probability Density (adaptive),edge,296,25
Probability Density (adaptive),edge,297,26
Probability Density (adaptive),edge,298,23
Probability Density (adaptive),edge,299,25
Probability Density (adaptive),edge,300,27
Probability Density (adaptive),edge,301,22
Probability Density (adaptive),edge,302,26
Probability Density (adaptive),edge,303,25
Probability Density (adaptive),edge,304,23
Probability Density (adaptive),edge,305,25
Probability Density (adaptive),edge,306,22
Probability Density (adaptive),edge,307,25
Probability Density (adaptive),edge,308,21
Probability Density (adaptive),edge,309,20
Probability Density (adaptive),edge,310,27
Probability Density (adaptive),edge,311,22
Probability Density (adaptive),edge,312,25
Probability Density (adaptive),edge,313,22
Probability Density (adaptive),edge,314,23
Probability Density (adaptive),edge,315,26
Probability Density (adaptive),edge,316,30
Probability Density (adaptive),edge,317,25
Probability Density (adaptive),edge,318,24
Probability Density (adaptive),edge,319,25
Probability Density (adaptive),edge,320,23
Probability Density (adaptive),edge,321,23
Probability Density (adaptive),edge,322,27
Probability Density (adaptive),edge,323,23
Probability Density (adaptive),edge,324,21
Probability Density (adaptive),edge,325,19
Probability Density (adaptive),edge,326,23
Probability Density (adaptive),edge,327,23
Probability Density (adaptive),edge,328,28
Probability Density (adaptive),edge,329,26
Probability Density (adaptive),edge,330,25
Probability Density (adaptive),edge,331,25
Probability Density (adaptive),edge,332,26
Probability Density (adaptive),edge,333,26
Probability Density (adaptive),edge,334,28
Probability Density (adaptive),edge,335,27
Probability Density (adaptive),edge,336,22
Probability Density (adaptive),edge,337,24
Probability Density (adaptive),edge,338,21
Probability Density (adaptive),edge,339,30
Probability Density (adaptive),edge,340,23
Probability Density (adaptive),edge,341,26
Probability Density (adaptive),edge,342,25
Probability Density (adaptive),edge,343,25
Probability Density (adaptive),edge,344,21
Probability Density (adaptive),edge,345,27
Probability Density (adaptive),edge,346,23
Probability Density (adaptive),edge,347,23
Probability Density (adaptive),edge,348,24
Probability Density (adaptive),edge,349,27
Probability Density (adaptive),edge,350,26
Probability Density (adaptive),edge,351,24
Probability Density (adaptive),edge,352,25
Probability Density (adaptive),edge,353,28
Probability Density (adaptive),edge,354,25
Probability Density (adaptive),edge,355,22
Probability Density (adaptive),edge,356,23
Probability Density (adaptive),edge,357,26
Probability Density (adaptive),edge,358,27
Probability Density (adaptive),edge,359,26
Probability Density (adaptive),edge,360,23
Probability Density (adaptive),edge,361,26
Probability Density (adaptive),edge,362,25
Probability Density (adaptive),edge,363,27
Probability Density (adaptive),edge,364,28
Probability Density (adaptive),edge,365,27
Probability Density (adaptive),edge,366,21
Probability Density (adaptive),edge,367,26
Probability Density (adaptive),edge,368,21
Probability Density (adaptive),edge,369,25
Probability Density (adaptive),edge,370,25
Probability Density (adaptive),edge,371,26
Probability Density (adaptive),edge,372,25
Probability Density (adaptive),edge,373,25
Probability Density (adaptive),edge,374,19
Probability Density (adaptive),edge,375,28
Probability Density (adaptive),edge,376,29
Probability Density (adaptive),edge,377,27
Probability Density (adaptive),edge,378,26
Probability Density (adaptive),edge,379,27
Probability Density (adaptive),edge,380,22
Probability Density (adaptive),edge,381,25
Probability Density (adaptive),edge,382,25
Probability Density (adaptive),edge,383,23
Probability Density (adaptive),edge,384,27
Probability Density (adaptive),edge,385,21
Probability Density (adaptive),edge,386,21
Probability Density (adaptive),edge,387,21
Probability Density (adaptive),edge,388,22
Probability Density (adaptive),edge,389,29
Probability Density (adaptive),edge,390,24
Probability Density (adaptive),edge,391,25
Probability Density (adaptive),edge,392,26
Probability Density (adaptive),edge,393,24
Probability Density (adaptive),edge,394,24
Probability Density (adaptive),edge,395,22
Probability Density (adaptive),edge,396,29
Probability Density (adaptive),edge,397,27
Probability Density (adaptive),edge,398,23
Probability Density (adaptive),edge,399,20
Probability Density (adaptive),edge,400,27
Probability Density (adaptive),edge,401,23
Probability Density (adaptive),edge,402,23
Probability Density (adaptive),edge,403,20
Probability Density (adaptive),edge,404,23
Probability Density (adaptive),edge,405,22
Probability Density (adaptive),edge,406,19
Probability Density (adaptive),edge,407,22
Probability Density (adaptive),edge,408,26
Probability Density (adaptive),edge,409,22
Probability Density (adaptive),edge,410,25
Probability Density (adaptive),edge,411,26
Probability Density (adaptive),edge,412,28
Probability Density (adaptive),edge,413,23
Probability Density (adaptive),edge,414,22
Probability Density (adaptive),edge,415,23
Probability Density (adaptive),edge,416,23
Probability Density (adaptive),edge,417,23
Probability Density (adaptive),edge,418,21
Probability Density (adaptive),edge,419,28
Probability Density (adaptive),edge,420,18
Probability Density (adaptive),edge,421,19
Probability Density (adaptive),edge,422,25
Probability Density (adaptive),edge,423,23
Probability Density (adaptive),edge,424,21
Probability Density (adaptive),edge,425,27
Probability Density (adaptive),edge,426,25
Probability Density (adaptive),edge,427,29
Probability Density (adaptive),edge,428,22
Probability Density (adaptive),edge,429,28
Probability Density (adaptive),edge,430,20
Probability Density (adaptive),edge,431,24
Probability Density (adaptive),edge,432,26
Probability Density (adaptive),edge,433,26
Probability Density (adaptive),edge,434,24
Probability Density (adaptive),edge,435,29
Probability Density (adaptive),edge,436,25
Probability Density (adaptive),edge,437,25
Probability Density (adaptive),edge,438,27
Probability Density (adaptive),edge,439,29
Probability Density (adaptive),edge,440,27
Probability Density (adaptive),edge,441,26
Probability Density (adaptive),edge,442,18
Probability Density (adaptive),edge,443,25
Probability Density (adaptive),edge,444,27
Probability Density (adaptive),edge,445,20
Probability Density (adaptive),edge,446,25
Probability Density (adaptive),edge,447,21
Probability Density (adaptive),edge,448,26
Probability Density (adaptive),edge,449,28
Probability Density (adaptive),edge,450,23
Probability Density (adaptive),edge,451,25
Probability Density (adaptive),edge,452,23
Probability Density (adaptive),edge,453,25
Probability Density (adaptive),edge,454,19
Probability Density (adaptive),edge,455,23
Probability Density (adaptive),edge,456,32
Probability Density (adaptive),edge,457,26
Probability Density (adaptive),edge,458,21
Probability Density (adaptive),edge,459,26
Probability Density (adaptive),edge,460,26
Probability Density (adaptive),edge,461,26
Probability Density (adaptive),edge,462,27
Probability Density (adaptive),edge,463,25
Probability Density (adaptive),edge,464,27
Probability Density (adaptive),edge,465,24
Probability Density (adaptive),edge,466,21
Probability Density (adaptive),edge,467,26
Probability Density (adaptive),edge,468,28
Probability Density (adaptive),edge,469,28
Probability Density (adaptive),edge,470,24
Probability Density (adaptive),edge,471,21
Probability Density (adaptive),edge,472,28
Probability Density (adaptive),edge,473,25
Probability Density (adaptive),edge,474,23
Probability Density (adaptive),edge,475,28
Probability Density (adaptive),edge,476,26
Probability Density (adaptive),edge,477,23
Probability Density (adaptive),edge,478,23
Probability Density (adaptive),edge,479,25
Probability Density (adaptive),edge,480,25
Probability Density (adaptive),edge,481,29
Probability Density (adaptive),edge,482,24
Probability Density (adaptive),edge,483,25
Probability Density (adaptive),edge,484,26
Probability Density (adaptive),edge,485,23
Probability Density (adaptive),edge,486,21
Probability Density (adaptive),edge,487,22
Probability Density (adaptive),edge,488,27
Probability Density (adaptive),edge,489,24
Probability Density (adaptive),edge,490,26
Probability Density (adaptive),edge,491,22
Probability Density (adaptive),edge,492,26
Probability Density (adaptive),edge,493,28
Probability Density (adaptive),edge,494,26
Probability Density (adaptive),edge,495,24
Probability Density (adaptive),edge,496,24
Probability Density (adaptive),edge,497,24
Probability Density (adaptive),edge,498,25
Probability Density (adaptive),edge,499,29
Probability Density (adaptive),edge,500,24
Probability Density (adaptive),edge,501,30
Probability Density (adaptive),edge,502,24
Probability Density (adaptive),edge,503,26
Probability Density (adaptive),edge,504,26
Probability Density (adaptive),edge,505,28
Probability Density (adaptive),edge,506,22
Probability Density (adaptive),edge,507,28
Probability Density (adaptive),edge,508,26
Probability Density (adaptive),edge,509,24
Probability Density (adaptive),edge,510,27
Probability Density (adaptive),edge,511,28
Probability Density (adaptive),edge,512,25
Probability Density (adaptive),edge,513,27
Probability Density (adaptive),edge,514,22
Probability Density (adaptive),edge,515,27
Probability Density (adaptive),edge,516,23
Probability Density (adaptive),edge,517,22
Probability Density (adaptive),edge,518,23
Probability Density (adaptive),edge,519,29
Probability Density (adaptive),edge,520,21
Probability Density (adaptive),edge,521,26
Probability Density (adaptive),edge,522,25
Probability Density (adaptive),edge,523,20
Probability Density (adaptive),edge,524,24
Probability Density (adaptive),edge,525,27
Probability Density (adaptive),edge,526,28
Probability Density (adaptive),edge,527,23
Probability Density (adaptive),edge,528,30
Probability Density (adaptive),edge,529,28
Probability Density (adaptive),edge,530,25
Probability Density (adaptive),edge,531,22
Probability Density (adaptive),edge,532,21
Probability Density (adaptive),edge,533,23
Probability Density (adaptive),edge,534,29
Probability Density (adaptive),edge,535,27
Probability Density (adaptive),edge,536,22
Probability Density (adaptive),edge,537,29
Probability Density (adaptive),edge,538,25
Probability Density (adaptive),edge,539,23
Probability Density (adaptive),edge,540,29
Probability Density (adaptive),edge,541,28
Probability Density (adaptive),edge,542,22
Probability Density (adaptive),edge,543,30
Probability Density (adaptive),edge,544,25
Probability Density (adaptive),edge,545,24
Probability Density (adaptive),edge,546,26
Probability Density (adaptive),edge,547,20
Probability Density (adaptive),edge,548,23
Probability Density (adaptive),edge,549,19
Probability Density (adaptive),edge,550,25
Probability Density (adaptive),edge,551,22
Probability Density (adaptive),edge,552,29
Probability Density (adaptive),edge,553,22
Probability Density (adaptive),edge,554,25
Probability Density (adaptive),edge,555,29
Probability Density (adaptive),edge,556,26
Probability Density (adaptive),edge,557,24
Probability Density (adaptive),edge,558,24
Probability Density (adaptive),edge,559,24
Probability Density (adaptive),edge,560,19
Probability Density (adaptive),edge,561,24
Probability Density (adaptive),edge,562,25
Probability Density (adaptive),edge,563,25
Probability Density (adaptive),edge,564,21
Probability Density (adaptive),edge,565,25
Probability Density (adaptive),edge,566,25
Probability Density (adaptive),edge,567,25
Probability Density (adaptive),edge,568,29
Probability Density (adaptive),edge,569,29
Probability Density (adaptive),edge,570,26
Probability Density (adaptive),edge,571,23
Probability Density (adaptive),edge,572,28
Probability Density (adaptive),edge,573,26
Probability Density (adaptive),edge,574,28
Probability Density (adaptive),edge,575,21
Probability Density (adaptive),edge,576,24
Probability Density (adaptive),edge,577,26
Probability Density (adaptive),edge,578,27
Probability Density (adaptive),edge,579,23
Probability Density (adaptive),edge,580,24
Probability Density (adaptive),edge,581,24
Probability Density (adaptive),edge,582,23
Probability Density (adaptive),edge,583,22
Probability Density (adaptive),edge,584,24
Probability Density (adaptive),edge,585,22
Probability Density (adaptive),edge,586,22
Probability Density (adaptive),edge,587,24
Probability Density (adaptive),edge,588,25
Probability Density (adaptive),edge,589,21
Probability Density (adaptive),edge,590,24
Probability Density (adaptive),edge,591,26
Probability Density (adaptive),edge,592,22
Probability Density (adaptive),edge,593,21
Probability Density (adaptive),edge,594,26
Probability Density (adaptive),edge,595,25
Probability Density (adaptive),edge,596,28
Probability Density (adaptive),edge,597,26
Probability Density (adaptive),edge,598,23
Probability Density (adaptive),edge,599,24
Probability Density (adaptive),edge,600,22
Probability Density (adaptive),edge,601,24
Probability Density (adaptive),edge,602,26
Probability Density (adaptive),edge,603,26
Probability Density (adaptive),edge,604,24
Probability Density (adaptive),edge,605,26
Probability Density (adaptive),edge,606,24
Probability Density (adaptive),edge,607,24
Probability Density (adaptive),edge,608,26
Probability Density (adaptive),edge,609,27
Probability Density (adaptive),edge,610,26
Probability Density (adaptive),edge,611,22
Probability Density (adaptive),edge,612,27
Probability Density (adaptive),edge,613,30
Probability Density (adaptive),edge,614,22
Probability Density (adaptive),edge,615,24
Probability Density (adaptive),edge,616,23
Probability Density (adaptive),edge,617,22
Probability Density (adaptive),edge,618,23
Probability Density (adaptive),edge,619,21
Probability Density (adaptive),edge,620,23
Probability Density (adaptive),edge,621,22
Probability Density (adaptive),edge,622,29
Probability Density (adaptive),edge,623,25
Probability Density (adaptive),edge,624,26
Probability Density (adaptive),edge,625,23
Probability Density (adaptive),edge,626,26
Probability Density (adaptive),edge,627,21
Probability Density (adaptive),edge,628,23
Probability Density (adaptive),edge,629,26
Probability Density (adaptive),edge,630,25
Probability Density (adaptive),edge,631,23
Probability Density (adaptive),edge,632,23
Probability Density (adaptive),edge,633,25
Probability Density (adaptive),edge,634,24
Probability Density (adaptive),edge,635,28
Probability Density (adaptive),edge,636,21
Probability Density (adaptive),edge,637,27
Probability Density (adaptive),edge,638,26
Probability Density (adaptive),edge,639,23
Probability Density (adaptive),edge,640,22
Probability Density (adaptive),edge,641,24
Probability Density (adaptive),edge,642,25
Probability Density (adaptive),edge,643,22
Probability Density (adaptive),edge,644,27
Probability Density (adaptive),edge,645,30
Probability Density (adaptive),edge,646,25
Probability Density (adaptive),edge,647,19
Probability Density (adaptive),edge,648,24
Probability Density (adaptive),edge,649,27
Probability Density (adaptive),edge,650,27
Probability Density (adaptive),edge,651,27
Probability Density (adaptive),edge,652,21
Probability Density (adaptive),edge,653,25
Probability Density (adaptive),edge,654,28
Probability Density (adaptive),edge,655,22
Probability Density (adaptive),edge,656,29
Probability Density (adaptive),edge,657,26
Probability Density (adaptive),edge,658,26
Probability Density (adaptive),edge,659,27
Probability Density (adaptive),edge,660,24
Probability Density (adaptive),edge,661,26
Probability Density (adaptive),edge,662,24
Probability Density (adaptive),edge,663,29
Probability Density (adaptive),edge,664,23
Probability Density (adaptive),edge,665,22
Probability Density (adaptive),edge,666,28
Probability Density (adaptive),edge,667,20
Probability Density (adaptive),edge,668,25
Probability Density (adaptive),edge,669,24
Probability Density (adaptive),edge,670,25
Probability Density (adaptive),edge,671,27
Probability Density (adaptive),edge,672,27
Probability Density (adaptive),edge,673,25
Probability Density (adaptive),edge,674,28
Probability Density (adaptive),edge,675,22
Probability Density (adaptive),edge,676,24
Probability Density (adaptive),edge,677,24
Probability Density (adaptive),edge,678,25
Probability Density (adaptive),edge,679,25
Probability Density (adaptive),edge,680,24
Probability Density (adaptive),edge,681,27
Probability Density (adaptive),edge,682,26
Probability Density (adaptive),edge,683,26
Probability Density (adaptive),edge,684,22
Probability Density (adaptive),edge,685,27
Probability Density (adaptive),edge,686,26
Probability Density (adaptive),edge,687,27
Probability Density (adaptive),edge,688,25
Probability Density (adaptive),edge,689,26
Probability Density (adaptive),edge,690,23
Probability Density (adaptive),edge,691,29
Probability Density (adaptive),edge,692,27
Probability Density (adaptive),edge,693,24
Probability Density (adaptive),edge,694,21
Probability Density (adaptive),edge,695,24
Probability Density (adaptive),edge,696,24
Probability Density (adaptive),edge,697,24
Probability Density (adaptive),edge,698,27
Probability Density (adaptive),edge,699,26
Probability Density (adaptive),edge,700,28
Probability Density (adaptive),edge,701,26
Probability Density (adaptive),edge,702,24
Probability Density (adaptive),edge,703,26
Probability Density (adaptive),edge,704,24
Probability Density (adaptive),edge,705,25
Probability Density (adaptive),edge,706,24
Probability Density (adaptive),edge,707,24
Probability Density (adaptive),edge,708,29
Probability Density (adaptive),edge,709,24
Probability Density (adaptive),edge,710,25
Probability Density (adaptive),edge,711,29
Probability Density (adaptive),edge,712,28
Probability Density (adaptive),edge,713,24
Probability Density (adaptive),edge,714,28
Probability Density (adaptive),edge,715,19
Probability Density (adaptive),edge,716,27
Probability Density (adaptive),edge,717,23
Probability Density (adaptive),edge,718,25
Probability Density (adaptive),edge,719,28
Probability Density (adaptive),edge,720,23
Probability Density (adaptive),edge,721,25
Probability Density (adaptive),edge,722,24
Probability Density (adaptive),edge,723,19
Probability Density (adaptive),edge,724,22
Probability Density (adaptive),edge,725,23
Probability Density (adaptive),edge,726,27
Probability Density (adaptive),edge,727,25
Probability Density (adaptive),edge,728,23
Probability Density (adaptive),edge,729,22
Probability Density (adaptive),edge,730,22
Probability Density (adaptive),edge,731,29
Probability Density (adaptive),edge,732,22
Probability Density (adaptive),edge,733,27
Probability Density (adaptive),edge,734,29
Probability Density (adaptive),edge,735,30
Probability Density (adaptive),edge,736,28
Probability Density (adaptive),edge,737,24
Probability Density (adaptive),edge,738,28
Probability Density (adaptive),edge,739,24
Probability Density (adaptive),edge,740,26
Probability Density (adaptive),edge,741,22
Probability Density (adaptive),edge,742,21
Probability Density (adaptive),edge,743,26
Probability Density (adaptive),edge,744,28
Probability Density (adaptive),edge,745,23
Probability Density (adaptive),edge,746,25
Probability Density (adaptive),edge,747,27
Probability Density (adaptive),edge,748,24
Probability Density (adaptive),edge,749,23
Probability Density (adaptive),edge,750,29
Probability Density (adaptive),edge,751,25
Probability Density (adaptive),edge,752,21
Probability Density (adaptive),edge,753,23
Probability Density (adaptive),edge,754,28
Probability Density (adaptive),edge,755,31
Probability Density (adaptive),edge,756,27
Probability Density (adaptive),edge,757,21
Probability Density (adaptive),edge,758,25
Probability Density (adaptive),edge,759,23
Probability Density (adaptive),edge,760,20
Probability Density (adaptive),edge,761,24
Probability Density (adaptive),edge,762,29
Probability Density (adaptive),edge,763,26
Probability Density (adaptive),edge,764,27
Probability Density (adaptive),edge,765,21
Probability Density (adaptive),edge,766,26
Probability Density (adaptive),edge,767,29
Probability Density (adaptive),edge,768,26
Probability Density (adaptive),edge,769,25
Probability Density (adaptive),edge,770,22
Probability Density (adaptive),edge,771,27
Probability Density (adaptive),edge,772,23
Probability Density (adaptive),edge,773,25
Probability Density (adaptive),edge,774,26
Probability Density (adaptive),edge,775,25
Probability Density (adaptive),edge,776,26
Probability Density (adaptive),edge,777,23
Probability Density (adaptive),edge,778,25
Probability Density (adaptive),edge,779,21
Probability Density (adaptive),edge,780,24
Probability Density (adaptive),edge,781,23
Probability Density (adaptive),edge,782,27
Probability Density (adaptive),edge,783,27
Probability Density (adaptive),edge,784,27
Probability Density (adaptive),edge,785,28
Probability Density (adaptive),edge,786,28
Probability Density (adaptive),edge,787,21
Probability Density (adaptive),edge,788,30
Probability Density (adaptive),edge,789,24
Probability Density (adaptive),edge,790,24
Probability Density (adaptive),edge,791,24
Probability Density (adaptive),edge,792,25
Probability Density (adaptive),edge,793,30
Probability Density (adaptive),edge,794,24
Probability Density (adaptive),edge,795,28
Probability Density (adaptive),edge,796,23
Probability Density (adaptive),edge,797,22
Probability Density (adaptive),edge,798,26
Probability Density (adaptive),edge,799,24
Probability Density (adaptive),edge,800,28
Probability Density (adaptive),edge,801,24
Probability Density (adaptive),edge,802,23
Probability Density (adaptive),edge,803,20
Probability Density (adaptive),edge,804,20
Probability Density (adaptive),edge,805,28
Probability Density (adaptive),edge,806,27
Probability Density (adaptive),edge,807,28
Probability Density (adaptive),edge,808,24
Probability Density (adaptive),edge,809,26
Probability Density (adaptive),edge,810,21
Probability Density (adaptive),edge,811,28
Probability Density (adaptive),edge,812,23
Probability Density (adaptive),edge,813,24
Probability Density (adaptive),edge,814,23
Probability Density (adaptive),edge,815,26
Probability Density (adaptive),edge,816,26
Probability Density (adaptive),edge,817,25
Probability Density (adaptive),edge,818,26
Probability Density (adaptive),edge,819,25
Probability Density (adaptive),edge,820,31
Probability Density (adaptive),edge,821,27
Probability Density (adaptive),edge,822,24
Probability Density (adaptive),edge,823,28
Probability Density (adaptive),edge,824,21
Probability Density (adaptive),edge,825,25
Probability Density (adaptive),edge,826,25
Probability Density (adaptive),edge,827,23
Probability Density (adaptive),edge,828,24
Probability Density (adaptive),edge,829,24
Probability Density (adaptive),edge,830,23
Probability Density (adaptive),edge,831,23
Probability Density (adaptive),edge,832,26
Probability Density (adaptive),edge,833,27
Probability Density (adaptive),edge,834,27
Probability Density (adaptive),edge,835,26
Probability Density (adaptive),edge,836,28
Probability Density (adaptive),edge,837,24
Probability Density (adaptive),edge,838,24
Probability Density (adaptive),edge,839,30
Probability Density (adaptive),edge,840,25
Probability Density (adaptive),edge,841,30
Probability Density (adaptive),edge,842,31
Probability Density (adaptive),edge,843,24
Probability Density (adaptive),edge,844,25
Probability Density (adaptive),edge,845,25
Probability Density (adaptive),edge,846,26
Probability Density (adaptive),edge,847,29
Probability Density (adaptive),edge,848,25
Probability Density (adaptive),edge,849,29
Probability Density (adaptive),edge,850,26
Probability Density (adaptive),edge,851,24
Probability Density (adaptive),edge,852,25
Probability Density (adaptive),edge,853,28
Probability Density (adaptive),edge,854,26
Probability Density (adaptive),edge,855,20
Probability Density (adaptive),edge,856,26
Probability Density (adaptive),edge,857,26
Probability Density (adaptive),edge,858,22
Probability Density (adaptive),edge,859,24
Probability Density (adaptive),edge,860,22
Probability Density (adaptive),edge,861,26
Probability Density (adaptive),edge,862,23
Probability Density (adaptive),edge,863,21
Probability Density (adaptive),edge,864,21
Probability Density (adaptive),edge,865,24
Probability Density (adaptive),edge,866,22
Probability Density (adaptive),edge,867,26
Probability Density (adaptive),edge,868,29
Probability Density (adaptive),edge,869,20
Probability Density (adaptive),edge,870,25
Probability Density (adaptive),edge,871,27
Probability Density (adaptive),edge,872,25
Probability Density (adaptive),edge,873,23
Probability Density (adaptive),edge,874,27
Probability Density (adaptive),edge,875,26
Probability Density (adaptive),edge,876,23
Probability Density (adaptive),edge,877,20
Probability Density (adaptive),edge,878,25
Probability Density (adaptive),edge,879,23
Probability Density (adaptive),edge,880,27
Probability Density (adaptive),edge,881,26
Probability Density (adaptive),edge,882,21
Probability Density (adaptive),edge,883,25
Probability Density (adaptive),edge,884,29
Probability Density (adaptive),edge,885,26
Probability Density (adaptive),edge,886,24
Probability Density (adaptive),edge,887,26
Probability Density (adaptive),edge,888,23
Probability Density (adaptive),edge,889,25
Probability Density (adaptive),edge,890,23
Probability Density (adaptive),edge,891,22
Probability Density (adaptive),edge,892,20
Probability Density (adaptive),edge,893,25
Probability Density (adaptive),edge,894,24
Probability Density (adaptive),edge,895,25
Probability Density (adaptive),edge,896,28
Probability Density (adaptive),edge,897,19
Probability Density (adaptive),edge,898,23
Probability Density (adaptive),edge,899,22
Probability Density (adaptive),edge,900,24
Probability Density (adaptive),edge,901,27
Probability Density (adaptive),edge,902,26
Probability Density (adaptive),edge,903,25
Probability Density (adaptive),edge,904,24
Probability Density (adaptive),edge,905,25
Probability Density (adaptive),edge,906,26
Probability Density (adaptive),edge,907,25
Probability Density (adaptive),edge,908,27
Probability Density (adaptive),edge,909,27
Probability Density (adaptive),edge,910,24
Probability Density (adaptive),edge,911,29
Probability Density (adaptive),edge,912,27
Probability Density (adaptive),edge,913,19
Probability Density (adaptive),edge,914,25
Probability Density (adaptive),edge,915,30
Probability Density (adaptive),edge,916,24
Probability Density (adaptive),edge,917,24
Probability Density (adaptive),edge,918,31
Probability Density (adaptive),edge,919,26
Probability Density (adaptive),edge,920,26
Probability Density (adaptive),edge,921,19
Probability Density (adaptive),edge,922,21
Probability Density (adaptive),edge,923,29
Probability Density (adaptive),edge,924,28
Probability Density (adaptive),edge,925,23
Probability Density (adaptive),edge,926,21
Probability Density (adaptive),edge,927,28
Probability Density (adaptive),edge,928,27
Probability Density (adaptive),edge,929,28
Probability Density (adaptive),edge,930,27
Probability Density (adaptive),edge,931,24
Probability Density (adaptive),edge,932,22
Probability Density (adaptive),edge,933,21
Probability Density (adaptive),edge,934,30
Probability Density (adaptive),edge,935,24
Probability Density (adaptive),edge,936,27
Probability Density (adaptive),edge,937,26
Probability Density (adaptive),edge,938,21
Probability Density (adaptive),edge,939,30
Probability Density (adaptive),edge,940,28
Probability Density (adaptive),edge,941,20
Probability Density (adaptive),edge,942,27
Probability Density (adaptive),edge,943,21
Probability Density (adaptive),edge,944,29
Probability Density (adaptive),edge,945,24
Probability Density (adaptive),edge,946,30
Probability Density (adaptive),edge,947,23
Probability Density (adaptive),edge,948,26
Probability Density (adaptive),edge,949,30
Probability Density (adaptive),edge,950,24
Probability Density (adaptive),edge,951,27
Probability Density (adaptive),edge,952,30
Probability Density (adaptive),edge,953,21
Probability Density (adaptive),edge,954,22
Probability Density (adaptive),edge,955,27
Probability Density (adaptive),edge,956,26
Probability Density (adaptive),edge,957,25
Probability Density (adaptive),edge,958,24
Probability Density (adaptive),edge,959,21
Probability Density (adaptive),edge,960,22
Probability Density (adaptive),edge,961,26
Probability Density (adaptive),edge,962,26
Probability Density (adaptive),edge,963,21
Probability Density (adaptive),edge,964,25
Probability Density (adaptive),edge,965,26
Probability Density (adaptive),edge,966,17
Probability Density (adaptive),edge,967,21
Probability Density (adaptive),edge,968,23
Probability Density (adaptive),edge,969,27
Probability Density (adaptive),edge,970,19
Probability Density (adaptive),edge,971,24
Probability Density (adaptive),edge,972,27
Probability Density (adaptive),edge,973,24
Probability Density (adaptive),edge,974,27
Probability Density (adaptive),edge,975,22
Probability Density (adaptive),edge,976,23
Probability Density (adaptive),edge,977,22
Probability Density (adaptive),edge,978,25
Probability Density (adaptive),edge,979,24
Probability Density (adaptive),edge,980,26
Probability Density (adaptive),edge,981,25
Probability Density (adaptive),edge,982,30
Probability Density (adaptive),edge,983,26
Probability Density (adaptive),edge,984,23
Probability Density (adaptive),edge,985,26
Probability Density (adaptive),edge,986,28
Probability Density (adaptive),edge,987,24
Probability Density (adaptive),edge,988,29
Probability Density (adaptive),edge,989,26
Probability Density (adaptive),edge,990,26
Probability Density (adaptive),edge,991,25
Probability Density (adaptive),edge,992,24
Probability Density (adaptive),edge,993,31
Probability Density (adaptive),edge,994,27
Probability Density (adaptive),edge,995,29
Probability Density (adaptive),edge,996,25
Probability Density (adaptive),edge,997,26
Probability Density (adaptive),edge,998,20
Probability Density (adaptive),edge,999,27
Probability Density (adaptive),edge,1000,24
Probability Density (adaptive),edge,1001,22
Probability Density (adaptive),edge,1002,27
Probability Density (adaptive),edge,1003,22
Probability Density (adaptive),edge,1004,26
Probability Density (adaptive),edge,1005,26
Probability Density (adaptive),edge,1006,31
Probability Density (adaptive),edge,1007,27
Probability Density (adaptive),edge,1008,26
Probability Density (adaptive),edge,1009,21
Probability Density (adaptive),edge,1010,26
Probability Density (adaptive),edge,1011,25
Probability Density (adaptive),edge,1012,28
Probability Density (adaptive),edge,1013,22
Probability Density (adaptive),edge,1014,23
Probability Density (adaptive),edge,1015,22
Probability Density (adaptive),edge,1016,26
Probability Density (adaptive),edge,1017,25
Probability Density (adaptive),edge,1018,23
Probability Density (adaptive),edge,1019,19
Probability Density (adaptive),edge,1020,23
Probability Density (adaptive),edge,1021,29
Probability Density (adaptive),edge,1022,21
Probability Density (adaptive),edge,1023,27
Probability Density (adaptive),edge,1024,24
Probability Density (adaptive),edge,1025,21
Probability Density (adaptive),edge,1026,20
Probability Density (adaptive),edge,1027,29
Probability Density (adaptive),edge,1028,25
Probability Density (adaptive),edge,1029,28
Probability Density (adaptive),edge,1030,24
Probability Density (adaptive),edge,1031,20
Probability Density (adaptive),edge,1032,30
Probability Density (adaptive),edge,1033,27
Probability Density (adaptive),edge,1034,23
Probability Density (adaptive),edge,1035,27
Probability Density (adaptive),edge,1036,23
Probability Density (adaptive),edge,1037,25
Probability Density (adaptive),edge,1038,25
Probability Density (adaptive),edge,1039,30
Probability Density (adaptive),edge,1040,25
Probability Density (adaptive),edge,1041,24
Probability Density (adaptive),edge,1042,22
Probability Density (adaptive),edge,1043,28
Probability Density (adaptive),edge,1044,21
Probability Density (adaptive),edge,1045,23
Probability Density (adaptive),edge,1046,24
Probability Density (adaptive),edge,1047,23
Probability Density (adaptive),edge,1048,23
Probability Density (adaptive),edge,1049,23
Probability Density (adaptive),edge,1050,26
Probability Density (adaptive),edge,1051,26
Probability Density (adaptive),edge,1052,27
Probability Density (adaptive),edge,1053,24
Probability Density (adaptive),edge,1054,21
Probability Density (adaptive),edge,1055,23
Probability Density (adaptive),edge,1056,27
Probability Density (adaptive),edge,1057,20
Probability Density (adaptive),edge,1058,25
Probability Density (adaptive),edge,1059,23
Probability Density (adaptive),edge,1060,20
Probability Density (adaptive),edge,1061,28
Probability Density (adaptive),edge,1062,28
Probability Density (adaptive),edge,1063,26
Probability Density (adaptive),edge,1064,23
Probability Density (adaptive),edge,1065,24
Probability Density (adaptive),edge,1066,26
Probability Density (adaptive),edge,1067,26
Probability Density (adaptive),edge,1068,29
Probability Density (adaptive),edge,1069,25
Probability Density (adaptive),edge,1070,25
Probability Density (adaptive),edge,1071,25
Probability Density (adaptive),edge,1072,25
Probability Density (adaptive),edge,1073,24
Probability Density (adaptive),edge,1074,28
Probability Density (adaptive),edge,1075,22
Probability Density (adaptive),edge,1076,30
Probability Density (adaptive),edge,1077,27
Probability Density (adaptive),edge,1078,27
Probability Density (adaptive),edge,1079,24
Probability Density (adaptive),edge,1080,25
Probability Density (adaptive),edge,1081,24
Probability Density (adaptive),edge,1082,24
Probability Density (adaptive),edge,1083,23
Probability Density (adaptive),edge,1084,30
Probability Density (adaptive),edge,1085,25
Probability Density (adaptive),edge,1086,24
Probability Density (adaptive),edge,1087,21
Probability Density (adaptive),edge,1088,21
Probability Density (adaptive),edge,1089,21
Probability Density (adaptive),edge,1090,23
Probability Density (adaptive),edge,1091,26
Probability Density (adaptive),edge,1092,25
Probability Density (adaptive),edge,1093,27
Probability Density (adaptive),edge,1094,22
Probability Density (adaptive),edge,1095,22
Probability Density (adaptive),edge,1096,26
Probability Density (adaptive),edge,1097,28
Probability Density (adaptive),edge,1098,27
Probability Density (adaptive),edge,1099,23
Probability Density (adaptive),edge,1100,25
Probability Density (adaptive),edge,1101,24
Probability Density (adaptive),edge,1102,25
Probability Density (adaptive),edge,1103,23
Probability Density (adaptive),edge,1104,25
Probability Density (adaptive),edge,1105,26
Probability Density (adaptive),edge,1106,24
Probability Density (adaptive),edge,1107,25
Probability Density (adaptive),edge,1108,22
Probability Density (adaptive),edge,1109,25
Probability Density (adaptive),edge,1110,21
Probability Density (adaptive),edge,1111,30
Probability Density (adaptive),edge,1112,23
Probability Density (adaptive),edge,1113,27
Probability Density (adaptive),edge,1114,22
Probability Density (adaptive),edge,1115,22
Probability Density (adaptive),edge,1116,27
Probability Density (adaptive),edge,1117,26
Probability Density (adaptive),edge,1118,28
Probability Density (adaptive),edge,1119,22
Probability Density (adaptive),edge,1120,27
Probability Density (adaptive),edge,1121,23
Probability Density (adaptive),edge,1122,21
Probability Density (adaptive),edge,1123,27
Probability Density (adaptive),edge,1124,25
Probability Density (adaptive),edge,1125,21
Probability Density (adaptive),edge,1126,27
Probability Density (adaptive),edge,1127,26
Probability Density (adaptive),edge,1128,25
Probability Density (adaptive),edge,1129,27
Probability Density (adaptive),edge,1130,20
Probability Density (adaptive),edge,1131,23
Probability Density (adaptive),edge,1132,27
Probability Density (adaptive),edge,1133,26
Probability Density (adaptive),edge,1134,25
Probability Density (adaptive),edge,1135,23
Probability Density (adaptive),edge,1136,22
Probability Density (adaptive),edge,1137,28
Probability Density (adaptive),edge,1138,28
Probability Density (adaptive),edge,1139,26
Probability Density (adaptive),edge,1140,25
Probability Density (adaptive),edge,1141,28
Probability Density (adaptive),edge,1142,25
Probability Density (adaptive),edge,1143,21
Probability Density (adaptive),edge,1144,26
Probability Density (adaptive),edge,1145,25
Probability Density (adaptive),edge,1146,25
Probability Density (adaptive),edge,1147,20
Probability Density (adaptive),edge,1148,25
Probability Density (adaptive),edge,1149,19
Probability Density (adaptive),edge,1150,24
Probability Density (adaptive),edge,1151,28
Probability Density (adaptive),edge,1152,26
Probability Density (adaptive),edge,1153,24
Probability Density (adaptive),edge,1154,25
Probability Density (adaptive),edge,1155,20
Probability Density (adaptive),edge,1156,22
Probability Density (adaptive),edge,1157,24
Probability Density (adaptive),edge,1158,25
Probability Density (adaptive),edge,1159,25
Probability Density (adaptive),edge,1160,23
Probability Density (adaptive),edge,1161,26
Probability Density (adaptive),edge,1162,24
Probability Density (adaptive),edge,1163,24
Probability Density (adaptive),edge,1164,28
Probability Density (adaptive),edge,1165,26
Probability Density (adaptive),edge,1166,25
Probability Density (adaptive),edge,1167,26
Probability Density (adaptive),edge,1168,24
Probability Density (adaptive),edge,1169,23
Probability Density (adaptive),edge,1170,26
Probability Density (adaptive),edge,1171,29
Probability Density (adaptive),edge,1172,22
Probability Density (adaptive),edge,1173,28
Probability Density (adaptive),edge,1174,23
Probability Density (adaptive),edge,1175,29
Probability Density (adaptive),edge,1176,23
Probability Density (adaptive),edge,1177,19
Probability Density (adaptive),edge,1178,26
Probability Density (adaptive),edge,1179,25
Probability Density (adaptive),edge,1180,30
Probability Density (adaptive),edge,1181,25
Probability Density (adaptive),edge,1182,25
Probability Density (adaptive),edge,1183,25
Probability Density (adaptive),edge,1184,25
Probability Density (adaptive),edge,1185,29
Probability Density (adaptive),edge,1186,22
Probability Density (adaptive),edge,1187,27
Probability Density (adaptive),edge,1188,24
Probability Density (adaptive),edge,1189,23
Probability Density (adaptive),edge,1190,25
Probability Density (adaptive),edge,1191,21
Probability Density (adaptive),edge,1192,24
Probability Density (adaptive),edge,1193,22
Probability Density (adaptive),edge,1194,23
Probability Density (adaptive),edge,1195,29
Probability Density (adaptive),edge,1196,22
Probability Density (adaptive),edge,1197,26
Probability Density (adaptive),edge,1198,19
Probability Density (adaptive),edge,1199,24
Probability Density (adaptive),edge,1200,28
Probability Density (adaptive),edge,1201,24
Probability Density (adaptive),edge,1202,24
Probability Density (adaptive),edge,1203,27
Probability Density (adaptive),edge,1204,25
Probability Density (adaptive),edge,1205,27
Probability Density (adaptive),edge,1206,26
Probability Density (adaptive),edge,1207,30
Probability Density (adaptive),edge,1208,29
Probability Density (adaptive),edge,1209,23
Probability Density (adaptive),edge,1210,24
Probability Density (adaptive),edge,1211,23
Probability Density (adaptive),edge,1212,26
Probability Density (adaptive),edge,1213,22
Probability Density (adaptive),edge,1214,23
Probability Density (adaptive),edge,1215,21
Probability Density (adaptive),edge,1216,23
Probability Density (adaptive),edge,1217,25
Probability Density (adaptive),edge,1218,24
Probability Density (adaptive),edge,1219,26
Probability Density (adaptive),edge,1220,27
Probability Density (adaptive),edge,1221,24
Probability Density (adaptive),edge,1222,31
Probability Density (adaptive),edge,1223,18
Probability Density (adaptive),edge,1224,21
Probability Density (adaptive),edge,1225,22
Probability Density (adaptive),edge,1226,20
Probability Density (adaptive),edge,1227,23
Probability Density (adaptive),edge,1228,22
Probability Density (adaptive),edge,1229,22
Probability Density (adaptive),edge,1230,22
Probability Density (adaptive),edge,1231,24
Probability Density (adaptive),edge,1232,26
Probability Density (adaptive),edge,1233,22
Probability Density (adaptive),edge,1234,25
Probability Density (adaptive),edge,1235,20
Probability Density (adaptive),edge,1236,29
Probability Density (adaptive),edge,1237,20
Probability Density (adaptive),edge,1238,24
Probability Density (adaptive),edge,1239,22
Probability Density (adaptive),edge,1240,27
Probability Density (adaptive),edge,1241,27
Probability Density (adaptive),edge,1242,26
Probability Density (adaptive),edge,1243,28
Probability Density (adaptive),edge,1244,21
Probability Density (adaptive),edge,1245,28
Probability Density (adaptive),edge,1246,24
Probability Density (adaptive),edge,1247,22
Probability Density (adaptive),edge,1248,29
Probability Density (adaptive),edge,1249,22
Probability Density (adaptive),edge,1250,23
Probability Density (adaptive),edge,1251,20
Probability Density (adaptive),edge,1252,30
Probability Density (adaptive),edge,1253,24
Probability Density (adaptive),edge,1254,24
Probability Density (adaptive),edge,1255,24
Probability Density (adaptive),edge,1256,25
Probability Density (adaptive),edge,1257,23
Probability Density (adaptive),edge,1258,20
Probability Density (adaptive),edge,1259,25
Probability Density (adaptive),edge,1260,29
Probability Density (adaptive),edge,1261,18
Probability Density (adaptive),edge,1262,26
Probability Density (adaptive),edge,1263,26
Probability Density (adaptive),edge,1264,27
Probability Density (adaptive),edge,1265,19
Probability Density (adaptive),edge,1266,24
Probability Density (adaptive),edge,1267,25
Probability Density (adaptive),edge,1268,29
Probability Density (adaptive),edge,1269,20
Probability Density (adaptive),edge,1270,28
Probability Density (adaptive),edge,1271,22
Probability Density (adaptive),edge,1272,19
Probability Density (adaptive),edge,1273,21
Probability Density (adaptive),edge,1274,27
Probability Density (adaptive),edge,1275,22
Probability Density (adaptive),edge,1276,24
Probability Density (adaptive),edge,1277,23
Probability Density (adaptive),edge,1278,25
Probability Density (adaptive),edge,1279,28
Probability Density (adaptive),edge,1280,22
Probability Density (adaptive),edge,1281,23
Probability Density (adaptive),edge,1282,22
Probability Density (adaptive),edge,1283,27
Probability Density (adaptive),edge,1284,29
Probability Density (adaptive),edge,1285,27
Probability Density (adaptive),edge,1286,22
Probability Density (adaptive),edge,1287,27
Probability Density (adaptive),edge,1288,28
Probability Density (adaptive),edge,1289,27
Probability Density (adaptive),edge,1290,23
Probability Density (adaptive),edge,1291,23
Probability Density (adaptive),edge,1292,27
Probability Density (adaptive),edge,1293,25
Probability Density (adaptive),edge,1294,22
Probability Density (adaptive),edge,1295,26
Probability Density (adaptive),edge,1296,22
Probability Density (adaptive),edge,1297,23
Probability Density (adaptive),edge,1298,25
Probability Density (adaptive),edge,1299,23
Probability Density (adaptive),edge,1300,24
Probability Density (adaptive),edge,1301,20
Probability Density (adaptive),edge,1302,27
Probability Density (adaptive),edge,1303,25
Probability Density (adaptive),edge,1304,23
Probability Density (adaptive),edge,1305,26
Probability Density (adaptive),edge,1306,27
Probability Density (adaptive),edge,1307,27
Probability Density (adaptive),edge,1308,27
Probability Density (adaptive),edge,1309,21
Probability Density (adaptive),edge,1310,22
Probability Density (adaptive),edge,1311,19
Probability Density (adaptive),edge,1312,23
Probability Density (adaptive),edge,1313,27
Probability Density (adaptive),edge,1314,20
Probability Density (adaptive),edge,1315,28
Probability Density (adaptive),edge,1316,29
Probability Density (adaptive),edge,1317,25
Probability Density (adaptive),edge,1318,24
Probability Density (adaptive),edge,1319,23
Probability Density (adaptive),edge,1320,25
Probability Density (adaptive),edge,1321,23
Probability Density (adaptive),edge,1322,24
Probability Density (adaptive),edge,1323,25
Probability Density (adaptive),edge,1324,23
Probability Density (adaptive),edge,1325,30
Probability Density (adaptive),edge,1326,26
Probability Density (adaptive),edge,1327,19
Probability Density (adaptive),edge,1328,30
Probability Density (adaptive),edge,1329,24
Probability Density (adaptive),edge,1330,22
Probability Density (adaptive),edge,1331,29
Probability Density (adaptive),edge,1332,25
Probability Density (adaptive),edge,1333,25
Probability Density (adaptive),edge,1334,29
Probability Density (adaptive),edge,1335,26
Probability Density (adaptive),edge,1336,25
Probability Density (adaptive),edge,1337,27
Probability Density (adaptive),edge,1338,22
Probability Density (adaptive),edge,1339,28
Probability Density (adaptive),edge,1340,23
Probability Density (adaptive),edge,1341,24
Probability Density (adaptive),edge,1342,29
Probability Density (adaptive),edge,1343,30
Probability Density (adaptive),edge,1344,21
Probability Density (adaptive),edge,1345,23
Probability Density (adaptive),edge,1346,24
Probability Density (adaptive),edge,1347,26
Probability Density (adaptive),edge,1348,26
Probability Density (adaptive),edge,1349,23
Probability Density (adaptive),edge,1350,23
Probability Density (adaptive),edge,1351,27
Probability Density (adaptive),edge,1352,24
Probability Density (adaptive),edge,1353,21
Probability Density (adaptive),edge,1354,26
Probability Density (adaptive),edge,1355,25
Probability Density (adaptive),edge,1356,24
Probability Density (adaptive),edge,1357,24
Probability Density (adaptive),edge,1358,23
Probability Density (adaptive),edge,1359,26
Probability Density (adaptive),edge,1360,25
Probability Density (adaptive),edge,1361,25
Probability Density (adaptive),edge,1362,27
Probability Density (adaptive),edge,1363,29
Probability Density (adaptive),edge,1364,21
Probability Density (adaptive),edge,1365,20
Probability Density (adaptive),edge,1366,24
Probability Density (adaptive),edge,1367,25
Probability Density (adaptive),edge,1368,26
Probability Density (adaptive),edge,1369,20
Probability Density (adaptive),edge,1370,22
Probability Density (adaptive),edge,1371,25
Probability Density (adaptive),edge,1372,26
Probability Density (adaptive),edge,1373,26
Probability Density (adaptive),edge,1374,26
Probability Density (adaptive),edge,1375,24
Probability Density (adaptive),edge,1376,22
Probability Density (adaptive),edge,1377,24
Probability Density (adaptive),edge,1378,26
Probability Density (adaptive),edge,1379,28
Probability Density (adaptive),edge,1380,31
Probability Density (adaptive),edge,1381,26
Probability Density (adaptive),edge,1382,28
Probability Density (adaptive),edge,1383,21
Probability Density (adaptive),edge,1384,28
Probability Density (adaptive),edge,1385,27
Probability Density (adaptive),edge,1386,21
Probability Density (adaptive),edge,1387,29
Probability Density (adaptive),edge,1388,25
Probability Density (adaptive),edge,1389,21
Probability Density (adaptive),edge,1390,26
Probability Density (adaptive),edge,1391,22
Probability Density (adaptive),edge,1392,22
Probability Density (adaptive),edge,1393,25
Probability Density (adaptive),edge,1394,24
Probability Density (adaptive),edge,1395,28
Probability Density (adaptive),edge,1396,24
Probability Density (adaptive),edge,1397,23
Probability Density (adaptive),edge,1398,22
Probability Density (adaptive),edge,1399,31
Probability Density (adaptive),edge,1400,27
Probability Density (adaptive),edge,1401,25
Probability Density (adaptive),edge,1402,28
Probability Density (adaptive),edge,1403,27
Probability Density (adaptive),edge,1404,25
Probability Density (adaptive),edge,1405,29
Probability Density (adaptive),edge,1406,20
Probability Density (adaptive),edge,1407,26
Probability Density (adaptive),edge,1408,26
Probability Density (adaptive),edge,1409,28
Probability Density (adaptive),edge,1410,23
Probability Density (adaptive),edge,1411,23
Probability Density (adaptive),edge,1412,23
Probability Density (adaptive),edge,1413,20
Probability Density (adaptive),edge,1414,24
Probability Density (adaptive),edge,1415,25
Probability Density (adaptive),edge,1416,26
Probability Density (adaptive),edge,1417,21
Probability Density (adaptive),edge,1418,25
Probability Density (adaptive),edge,1419,27
Probability Density (adaptive),edge,1420,24
Probability Density (adaptive),edge,1421,25
Probability Density (adaptive),edge,1422,24
Probability Density (adaptive),edge,1423,27
Probability Density (adaptive),edge,1424,25
Probability Density (adaptive),edge,1425,26
Probability Density (adaptive),edge,1426,27
Probability Density (adaptive),edge,1427,20
Probability Density (adaptive),edge,1428,29
Probability Density (adaptive),edge,1429,23
Probability Density (adaptive),edge,1430,22
Probability Density (adaptive),edge,1431,25
Probability Density (adaptive),edge,1432,28
Probability Density (adaptive),edge,1433,28
Probability Density (adaptive),edge,1434,25
Probability Density (adaptive),edge,1435,21
Probability Density (adaptive),edge,1436,30
Probability Density (adaptive),edge,1437,28
Probability Density (adaptive),edge,1438,22
Probability Density (adaptive),edge,1439,26
Probability Density (adaptive),edge,1440,20
Probability Density (adaptive),edge,1441,26
Probability Density (adaptive),edge,1442,26
Probability Density (adaptive),edge,1443,23
Probability Density (adaptive),edge,1444,23
Probability Density (adaptive),edge,1445,24
Probability Density (adaptive),edge,1446,27
Probability Density (adaptive),edge,1447,30
Probability Density (adaptive),edge,1448,27
Probability Density (adaptive),edge,1449,22
Probability Density (adaptive),edge,1450,23
Probability Density (adaptive),edge,1451,26
Probability Density (adaptive),edge,1452,28
Probability Density (adaptive),edge,1453,20
Probability Density (adaptive),edge,1454,21
Probability Density (adaptive),edge,1455,21
Probability Density (adaptive),edge,1456,26
Probability Density (adaptive),edge,1457,22
Probability Density (adaptive),edge,1458,25
Probability Density (adaptive),edge,1459,24
Probability Density (adaptive),edge,1460,22
Probability Density (adaptive),edge,1461,31
Probability Density (adaptive),edge,1462,26
Probability Density (adaptive),edge,1463,28
Probability Density (adaptive),edge,1464,23
Probability Density (adaptive),edge,1465,24
Probability Density (adaptive),edge,1466,23
Probability Density (adaptive),edge,1467,28
Probability Density (adaptive),edge,1468,25
Probability Density (adaptive),edge,1469,24
Probability Density (adaptive),edge,1470,24
Probability Density (adaptive),edge,1471,29
Probability Density (adaptive),edge,1472,23
Probability Density (adaptive),edge,1473,22
Probability Density (adaptive),edge,1474,24
Probability Density (adaptive),edge,1475,20
Probability Density (adaptive),edge,1476,25
Probability Density (adaptive),edge,1477,26
Probability Density (adaptive),edge,1478,21
Probability Density (adaptive),edge,1479,25
Probability Density (adaptive),edge,1480,22
Probability Density (adaptive),edge,1481,25
Probability Density (adaptive),edge,1482,29
Probability Density (adaptive),edge,1483,24
Probability Density (adaptive),edge,1484,26
Probability Density (adaptive),edge,1485,20
Probability Density (adaptive),edge,1486,26
Probability Density (adaptive),edge,1487,27
Probability Density (adaptive),edge,1488,24
Probability Density (adaptive),edge,1489,26
Probability Density (adaptive),edge,1490,24
Probability Density (adaptive),edge,1491,21
Probability Density (adaptive),edge,1492,26
Probability Density (adaptive),edge,1493,25
Probability Density (adaptive),edge,1494,26
Probability Density (adaptive),edge,1495,24
Probability Density (adaptive),edge,1496,26
Probability Density (adaptive),edge,1497,21
Probability Density (adaptive),edge,1498,24
Probability Density (adaptive),edge,1499,21
Probability Density (adaptive),cluster,0,37
Probability Density (adaptive),cluster,1,27
Probability Density (adaptive),cluster,2,37
Probability Density (adaptive),cluster,3,25
Probability Density (adaptive),cluster,4,55
Probability Density (adaptive),cluster,5,46
Probability Density (adaptive),cluster,6,25
Probability Density (adaptive),cluster,7,56
Probability Density (adaptive),cluster,8,34
Probability Density (adaptive),cluster,9,35
Probability Density (adaptive),cluster,10,36
Probability Density (adaptive),cluster,11,54
Probability Density (adaptive),cluster,12,36
Probability Density (adaptive),cluster,13,24
Probability Density (adaptive),cluster,14,44
Probability Density (adaptive),cluster,15,32
Probability Density (adaptive),cluster,16,37
Probability Density (adaptive),cluster,17,41
Probability Density (adaptive),cluster,18,36
Probability Density (adaptive),cluster,19,44
Probability Density (adaptive),cluster,20,34
Probability Density (adaptive),cluster,21,50
Probability Density (adaptive),cluster,22,40
Probability Density (adaptive),cluster,23,46
Probability Density (adaptive),cluster,24,34
Probability Density (adaptive),cluster,25,48
Probability Density (adaptive),cluster,26,45
Probability Density (adaptive),cluster,27,40
Probability Density (adaptive),cluster,28,58
Probability Density (adaptive),cluster,29,24
Probability Density (adaptive),cluster,30,44
Probability Density (adaptive),cluster,31,43
Probability Density (adaptive),cluster,32,40
Probability Density (adaptive),cluster,33,59
Probability Density (adaptive),cluster,34,36
Probability Density (adaptive),cluster,35,52
Probability Density (adaptive),cluster,36,63
Probability Density (adaptive),cluster,37,48
Probability Density (adaptive),cluster,38,34
Probability Density (adaptive),cluster,39,48
Probability Density (adaptive),cluster,40,50
Probability Density (adaptive),cluster,41,54
Probability Density (adaptive),cluster,42,26
Probability Density (adaptive),cluster,43,48
Probability Density (adaptive),cluster,44,33
Probability Density (adaptive),cluster,45,29
Probability Density (adaptive),cluster,46,39
Probability Density (adaptive),cluster,47,41
Probability Density (adaptive),cluster,48,37
Probability Density (adaptive),cluster,49,66
Probability Density (adaptive),cluster,50,35
Probability Density (adaptive),cluster,51,31
Probability Density (adaptive),cluster,52,55
Probability Density (adaptive),cluster,53,30
Probability Density (adaptive),cluster,54,35
Probability Density (adaptive),cluster,55,31
Probability Density (adaptive),cluster,56,60
Probability Density (adaptive),cluster,57,45
Probability Density (adaptive),cluster,58,54
Probability Density (adaptive),cluster,59,37
Probability Density (adaptive),cluster,60,40
Probability Density (adaptive),cluster,61,35
Probability Density (adaptive),cluster,62,31
Probability Density (adaptive),cluster,63,41
Probability Density (adaptive),cluster,64,60
Probability Density (adaptive),cluster,65,37
Probability Density (adaptive),cluster,66,24
Probability Density (adaptive),cluster,67,54
Probability Density (adaptive),cluster,68,49
Probability Density (adaptive),cluster,69,48
Probability Density (adaptive),cluster,70,36
Probability Density (adaptive),cluster,71,44
Probability Density (adaptive),cluster,72,48
Probability Density (adaptive),cluster,73,23
Probability Density (adaptive),cluster,74,33
Probability Density (adaptive),cluster,75,66
Probability Density (adaptive),cluster,76,58
Probability Density (adaptive),cluster,77,49
Probability Density (adaptive),cluster,78,37
Probability Density (adaptive),cluster,79,59
Probability Density (adaptive),cluster,80,33
Probability Density (adaptive),cluster,81,38
Probability Density (adaptive),cluster,82,33
Probability Density (adaptive),cluster,83,39
Probability Density (adaptive),cluster,84,45
Probability Density (adaptive),cluster,85,36
Probability Density (adaptive),cluster,86,40
Probability Density (adaptive),cluster,87,40
Probability Density (adaptive),cluster,88,35
Probability Density (adaptive),cluster,89,46
Probability Density (adaptive),cluster,90,46
Probability Density (adaptive),cluster,91,33
Probability Density (adaptive),cluster,92,42
Probability Density (adaptive),cluster,93,36
Probability Density (adaptive),cluster,94,36
Probability Density (adaptive),cluster,95,53
Probability Density (adaptive),cluster,96,30
Probability Density (adaptive),cluster,97,37
Probability Density (adaptive),cluster,98,45
Probability Density (adaptive),cluster,99,33
Probability Density (adaptive),cluster,100,32
Probability Density (adaptive),cluster,101,41
Probability Density (adaptive),cluster,102,38
Probability Density (adaptive),cluster,103,39
Probability Density (adaptive),cluster,104,34
Probability Density (adaptive),cluster,105,44
Probability Density (adaptive),cluster,106,21
Probability Density (adaptive),cluster,107,47
Probability Density (adaptive),cluster,108,57
Probability Density (adaptive),cluster,109,61
Probability Density (adaptive),cluster,110,48
Probability Density (adaptive),cluster,111,27
Probability Density (adaptive),cluster,112,37
Probability Density (adaptive),cluster,113,45
Probability Density (adaptive),cluster,114,33
Probability Density (adaptive),cluster,115,28
Probability Density (adaptive),cluster,116,42
Probability Density (adaptive),cluster,117,34
Probability Density (adaptive),cluster,118,34
Probability Density (adaptive),cluster,119,49
Probability Density (adaptive),cluster,120,33
Probability Density (adaptive),cluster,121,33
Probability Density (adaptive),cluster,122,57
Probability Density (adaptive),cluster,123,47
Probability Density (adaptive),cluster,124,44
Probability Density (adaptive),cluster,125,44
Probability Density (adaptive),cluster,126,28
Probability Density (adaptive),cluster,127,37
Probability Density (adaptive),cluster,128,43
Probability Density (adaptive),cluster,129,35
Probability Density (adaptive),cluster,130,52
Probability Density (adaptive),cluster,131,58
Probability Density (adaptive),cluster,132,34
Probability Density (adaptive),cluster,133,46
Probability Density (adaptive),cluster,134,37
Probability Density (adaptive),cluster,135,55
Probability Density (adaptive),cluster,136,39
Probability Density (adaptive),cluster,137,45
Probability Density (adaptive),cluster,138,65
Probability Density (adaptive),cluster,139,48
Probability Density (adaptive),cluster,140,31
Probability Density (adaptive),cluster,141,61
Probability Density (adaptive),cluster,142,36
Probability Density (adaptive),cluster,143,34
Probability Density (adaptive),cluster,144,35
Probability Density (adaptive),cluster,145,53
Probability Density (adaptive),cluster,146,37
Probability Density (adaptive),cluster,147,46
Probability Density (adaptive),cluster,148,31
Probability Density (adaptive),cluster,149,30
Probability Density (adaptive),cluster,150,37
Probability Density (adaptive),cluster,151,64
Probability Density (adaptive),cluster,152,31
Probability Density (adaptive),cluster,153,31
Probability Density (adaptive),cluster,154,37
Probability Density (adaptive),cluster,155,31
Probability Density (adaptive),cluster,156,41
Probability Density (adaptive),cluster,157,34
Probability Density (adaptive),cluster,158,58
Probability Density (adaptive),cluster,159,32
Probability Density (adaptive),cluster,160,45
Probability Density (adaptive),cluster,161,42
Probability Density (adaptive),cluster,162,43
Probability Density (adaptive),cluster,163,22
Probability Density (adaptive),cluster,164,44
Probability Density (adaptive),cluster,165,46
Probability Density (adaptive),cluster,166,43
Probability Density (adaptive),cluster,167,50
Probability Density (adaptive),cluster,168,48
Probability Density (adaptive),cluster,169,40
Probability Density (adaptive),cluster,170,42
Probability Density (adaptive),cluster,171,41
Probability Density (adaptive),cluster,172,40
Probability Density (adaptive),cluster,173,36
Probability Density (adaptive),cluster,174,42
Probability Density (adaptive),cluster,175,35
Probability Density (adaptive),cluster,176,45
Probability Density (adaptive),cluster,177,36
Probability Density (adaptive),cluster,178,61
Probability Density (adaptive),cluster,179,32
Probability Density (adaptive),cluster,180,32
Probability Density (adaptive),cluster,181,26
Probability Density (adaptive),cluster,182,50
Probability Density (adaptive),cluster,183,41
Probability Density (adaptive),cluster,184,30
Probability Density (adaptive),cluster,185,25
Probability Density (adaptive),cluster,186,44
Probability Density (adaptive),cluster,187,40
Probability Density (adaptive),cluster,188,41
Probability Density (adaptive),cluster,189,27
Probability Density (adaptive),cluster,190,38
Probability Density (adaptive),cluster,191,37
Probability Density (adaptive),cluster,192,42
Probability Density (adaptive),cluster,193,35
Probability Density (adaptive),cluster,194,24
Probability Density (adaptive),cluster,195,40
Probability Density (adaptive),cluster,196,41
Probability Density (adaptive),cluster,197,50
Probability Density (adaptive),cluster,198,37
Probability Density (adaptive),cluster,199,27
Probability Density (adaptive),cluster,200,61
Probability Density (adaptive),cluster,201,27
Probability Density (adaptive),cluster,202,31
Probability Density (adaptive),cluster,203,44
Probability Density (adaptive),cluster,204,30
Probability Density (adaptive),cluster,205,32
Probability Density (adaptive),cluster,206,66
Probability Density (adaptive),cluster,207,47
Probability Density (adaptive),cluster,208,61
Probability Density (adaptive),cluster,209,66
Probability Density (adaptive),cluster,210,44
Probability Density (adaptive),cluster,211,57
Probability Density (adaptive),cluster,212,32
Probability Density (adaptive),cluster,213,45
Probability Density (adaptive),cluster,214,59
Probability Density (adaptive),cluster,215,42
Probability Density (adaptive),cluster,216,41
Probability Density (adaptive),cluster,217,49
Probability Density (adaptive),cluster,218,38
Probability Density (adaptive),cluster,219,38
Probability Density (adaptive),cluster,220,46
Probability Density (adaptive),cluster,221,33
Probability Density (adaptive),cluster,222,58
Probability Density (adaptive),cluster,223,35
Probability Density (adaptive),cluster,224,57
Probability Density (adaptive),cluster,225,36
Probability Density (adaptive),cluster,226,35
Probability Density (adaptive),cluster,227,43
Probability Density (adaptive),cluster,228,34
Probability Density (adaptive),cluster,229,48
Probability Density (adaptive),cluster,230,47
Probability Density (adaptive),cluster,231,48
Probability Density (adaptive),cluster,232,45
Probability Density (adaptive),cluster,233,28
Probability Density (adaptive),cluster,234,45
Probability Density (adaptive),cluster,235,66
Probability Density (adaptive),cluster,236,45
Probability Density (adaptive),cluster,237,37
Probability Density (adaptive),cluster,238,31
Probability Density (adaptive),cluster,239,40
Probability Density (adaptive),cluster,240,33
Probability Density (adaptive),cluster,241,39
Probability Density (adaptive),cluster,242,48
Probability Density (adaptive),cluster,243,60
Probability Density (adaptive),cluster,244,45
Probability Density (adaptive),cluster,245,62
Probability Density (adaptive),cluster,246,36
Probability Density (adaptive),cluster,247,22
Probability Density (adaptive),cluster,248,32
Probability Density (adaptive),cluster,249,46
Probability Density (adaptive),cluster,250,30
Probability Density (adaptive),cluster,251,40
Probability Density (adaptive),cluster,252,24
Probability Density (adaptive),cluster,253,34
Probability Density (adaptive),cluster,254,54
Probability Density (adaptive),cluster,255,43
Probability Density (adaptive),cluster,256,44
Probability Density (adaptive),cluster,257,36
Probability Density (adaptive),cluster,258,42
Probability Density (adaptive),cluster,259,40
Probability Density (adaptive),cluster,260,59
Probability Density (adaptive),cluster,261,46
Probability Density (adaptive),cluster,262,41
Probability Density (adaptive),cluster,263,46
Probability Density (adaptive),cluster,264,34
Probability Density (adaptive),cluster,265,34
Probability Density (adaptive),cluster,266,45
Probability Density (adaptive),cluster,267,38
Probability Density (adaptive),cluster,268,56
Probability Density (adaptive),cluster,269,39
Probability Density (adaptive),cluster,270,42
Probability Density (adaptive),cluster,271,43
Probability Density (adaptive),cluster,272,38
Probability Density (adaptive),cluster,273,36
Probability Density (adaptive),cluster,274,37
Probability Density (adaptive),cluster,275,47
Probability Density (adaptive),cluster,276,21
Probability Density (adaptive),cluster,277,59
Probability Density (adaptive),cluster,278,33
Probability Density (adaptive),cluster,279,46
Probability Density (adaptive),cluster,280,46
Probability Density (adaptive),cluster,281,54
Probability Density (adaptive),cluster,282,42
Probability Density (adaptive),cluster,283,41
Probability Density (adaptive),cluster,284,26
Probability Density (adaptive),cluster,285,48
Probability Density (adaptive),cluster,286,37
Probability Density (adaptive),cluster,287,48
Probability Density (adaptive),cluster,288,58
Probability Density (adaptive),cluster,289,34
Probability Density (adaptive),cluster,290,28
Probability Density (adaptive),cluster,291,33
Probability Density (adaptive),cluster,292,38
Probability Density (adaptive),cluster,293,39
Probability Density (adaptive),cluster,294,57
Probability Density (adaptive),cluster,295,42
Probability Density (adaptive),cluster,296,27
Probability Density (adaptive),cluster,297,46
Probability Density (adaptive),cluster,298,44
Probability Density (adaptive),cluster,299,39
Probability Density (adaptive),cluster,300,29
Probability Density (adaptive),cluster,301,44
Probability Density (adaptive),cluster,302,46
Probability Density (adaptive),cluster,303,28
Probability Density (adaptive),cluster,304,62
Probability Density (adaptive),cluster,305,55
Probability Density (adaptive),cluster,306,36
Probability Density (adaptive),cluster,307,30
Probability Density (adaptive),cluster,308,24
Probability Density (adaptive),cluster,309,41
Probability Density (adaptive),cluster,310,34
Probability Density (adaptive),cluster,311,57
Probability Density (adaptive),cluster,312,45
Probability Density (adaptive),cluster,313,40
Probability Density (adaptive),cluster,314,57
Probability Density (adaptive),cluster,315,62
Probability Density (adaptive),cluster,316,37
Probability Density (adaptive),cluster,317,62
Probability Density (adaptive),cluster,318,21
Probability Density (adaptive),cluster,319,46
Probability Density (adaptive),cluster,320,34
Probability Density (adaptive),cluster,321,39
Probability Density (adaptive),cluster,322,40
Probability Density (adaptive),cluster,323,39
Probability Density (adaptive),cluster,324,34
Probability Density (adaptive),cluster,325,34
Probability Density (adaptive),cluster,326,61
Probability Density (adaptive),cluster,327,43
Probability Density (adaptive),cluster,328,51
Probability Density (adaptive),cluster,329,44
Probability Density (adaptive),cluster,330,40
Probability Density (adaptive),cluster,331,43
Probability Density (adaptive),cluster,332,37
Probability Density (adaptive),cluster,333,33
Probability Density (adaptive),cluster,334,46
Probability Density (adaptive),cluster,335,31
Probability Density (adaptive),cluster,336,43
Probability Density (adaptive),cluster,337,32
Probability Density (adaptive),cluster,338,38
Probability Density (adaptive),cluster,339,60
Probability Density (adaptive),cluster,340,30
Probability Density (adaptive),cluster,341,41
Probability Density (adaptive),cluster,342,40
Probability Density (adaptive),cluster,343,30
Probability Density (adaptive),cluster,344,45
Probability Density (adaptive),cluster,345,22
Probability Density (adaptive),cluster,346,45
Probability Density (adaptive),cluster,347,39
Probability Density (adaptive),cluster,348,53
Probability Density (adaptive),cluster,349,62
Probability Density (adaptive),cluster,350,54
Probability Density (adaptive),cluster,351,40
Probability Density (adaptive),cluster,352,47
Probability Density (adaptive),cluster,353,36
Probability Density (adaptive),cluster,354,37
Probability Density (adaptive),cluster,355,31
Probability Density (adaptive),cluster,356,44
Probability Density (adaptive),cluster,357,44
Probability Density (adaptive),cluster,358,25
Probability Density (adaptive),cluster,359,41
Probability Density (adaptive),cluster,360,39
Probability Density (adaptive),cluster,361,39
Probability Density (adaptive),cluster,362,35
Probability Density (adaptive),cluster,363,20
Probability Density (adaptive),cluster,364,35
Probability Density (adaptive),cluster,365,41
Probability Density (adaptive),cluster,366,45
Probability Density (adaptive),cluster,367,32
Probability Density (adaptive),cluster,368,38
Probability Density (adaptive),cluster,369,36
Probability Density (adaptive),cluster,370,56
Probability Density (adaptive),cluster,371,42
Probability Density (adaptive),cluster,372,37
Probability Density (adaptive),cluster,373,42
Probability Density (adaptive),cluster,374,42
Probability Density (adaptive),cluster,375,61
Probability Density (adaptive),cluster,376,45
Probability Density (adaptive),cluster,377,24
Probability Density (adaptive),cluster,378,46
Probability Density (adaptive),cluster,379,44
Probability Density (adaptive),cluster,380,58
Probability Density (adaptive),cluster,381,33
Probability Density (adaptive),cluster,382,41
Probability Density (adaptive),cluster,383,51
Probability Density (adaptive),cluster,384,30
Probability Density (adaptive),cluster,385,40
Probability Density (adaptive),cluster,386,43
Probability Density (adaptive),cluster,387,43
Probability Density (adaptive),cluster,388,55
Probability Density (adaptive),cluster,389,48
Probability Density (adaptive),cluster,390,29
Probability Density (adaptive),cluster,391,41
Probability Density (adaptive),cluster,392,56
Probability Density (adaptive),cluster,393,40
Probability Density (adaptive),cluster,394,55
Probability Density (adaptive),cluster,395,45
Probability Density (adaptive),cluster,396,33
Probability Density (adaptive),cluster,397,50
Probability Density (adaptive),cluster,398,41
Probability Density (adaptive),cluster,399,33
Probability Density (adaptive),cluster,400,39
Probability Density (adaptive),cluster,401,49
Probability Density (adaptive),cluster,402,37
Probability Density (adaptive),cluster,403,65
Probability Density (adaptive),cluster,404,21
Probability Density (adaptive),cluster,405,61
Probability Density (adaptive),cluster,406,54
Probability Density (adaptive),cluster,407,44
Probability Density (adaptive),cluster,408,45
Probability Density (adaptive),cluster,409,34
Probability Density (adaptive),cluster,410,38
Probability Density (adaptive),cluster,411,42
Probability Density (adaptive),cluster,412,34
Probability Density (adaptive),cluster,413,33
Probability Density (adaptive),cluster,414,45
Probability Density (adaptive),cluster,415,45
Probability Density (adaptive),cluster,416,41
Probability Density (adaptive),cluster,417,47
Probability Density (adaptive),cluster,418,24
Probability Density (adaptive),cluster,419,39
Probability Density (adaptive),cluster,420,38
Probability Density (adaptive),cluster,421,33
Probability Density (adaptive),cluster,422,55
Probability Density (adaptive),cluster,423,55
Probability Density (adaptive),cluster,424,25
Probability Density (adaptive),cluster,425,38
Probability Density (adaptive),cluster,426,44
Probability Density (adaptive),cluster,427,58
Probability Density (adaptive),cluster,428,48
Probability Density (adaptive),cluster,429,35
Probability Density (adaptive),cluster,430,27
Probability Density (adaptive),cluster,431,29
Probability Density (adaptive),cluster,432,25
Probability Density (adaptive),cluster,433,48
Probability Density (adaptive),cluster,434,36
Probability Density (adaptive),cluster,435,28
Probability Density (adaptive),cluster,436,46
Probability Density (adaptive),cluster,437,40
Probability Density (adaptive),cluster,438,28
Probability Density (adaptive),cluster,439,66
Probability Density (adaptive),cluster,440,37
Probability Density (adaptive),cluster,441,56
Probability Density (adaptive),cluster,442,40
Probability Density (adaptive),cluster,443,21
Probability Density (adaptive),cluster,444,41
Probability Density (adaptive),cluster,445,48
Probability Density (adaptive),cluster,446,29
Probability Density (adaptive),cluster,447,42
Probability Density (adaptive),cluster,448,35
Probability Density (adaptive),cluster,449,48
Probability Density (adaptive),cluster,450,64
Probability Density (adaptive),cluster,451,47
Probability Density (adaptive),cluster,452,36
Probability Density (adaptive),cluster,453,49
Probability Density (adaptive),cluster,454,50
Probability Density (adaptive),cluster,455,47
Probability Density (adaptive),cluster,456,47
Probability Density (adaptive),cluster,457,44
Probability Density (adaptive),cluster,458,36
Probability Density (adaptive),cluster,459,39
Probability Density (adaptive),cluster,460,42
Probability Density (adaptive),cluster,461,60
Probability Density (adaptive),cluster,462,43
Probability Density (adaptive),cluster,463,38
Probability Density (adaptive),cluster,464,62
Probability Density (adaptive),cluster,465,41
Probability Density (adaptive),cluster,466,34
Probability Density (adaptive),cluster,467,60
Probability Density (adaptive),cluster,468,38
Probability Density (adaptive),cluster,469,43
Probability Density (adaptive),cluster,470,39
Probability Density (adaptive),cluster,471,40
Probability Density (adaptive),cluster,472,65
Probability Density (adaptive),cluster,473,40
Probability Density (adaptive),cluster,474,26
Probability Density (adaptive),cluster,475,48
Probability Density (adaptive),cluster,476,35
Probability Density (adaptive),cluster,477,33
Probability Density (adaptive),cluster,478,60
Probability Density (adaptive),cluster,479,49
Probability Density (adaptive),cluster,480,48
Probability Density (adaptive),cluster,481,22
Probability Density (adaptive),cluster,482,41
Probability Density (adaptive),cluster,483,60
Probability Density (adaptive),cluster,484,52
Probability Density (adaptive),cluster,485,39
Probability Density (adaptive),cluster,486,35
Probability Density (adaptive),cluster,487,37
Probability Density (adaptive),cluster,488,36
Probability Density (adaptive),cluster,489,39
Probability Density (adaptive),cluster,490,33
Probability Density (adaptive),cluster,491,59
Probability Density (adaptive),cluster,492,59
Probability Density (adaptive),cluster,493,38
Probability Density (adaptive),cluster,494,61
Probability Density (adaptive),cluster,495,54
Probability Density (adaptive),cluster,496,48
Probability Density (adaptive),cluster,497,49
Probability Density (adaptive),cluster,498,41
Probability Density (adaptive),cluster,499,56
Probability Density (adaptive),cluster,500,51
Probability Density (adaptive),cluster,501,28
Probability Density (adaptive),cluster,502,28
Probability Density (adaptive),cluster,503,64
Probability Density (adaptive),cluster,504,36
Probability Density (adaptive),cluster,505,26
Probability Density (adaptive),cluster,506,58
Probability Density (adaptive),cluster,507,41
Probability Density (adaptive),cluster,508,35
Probability Density (adaptive),cluster,509,49
Probability Density (adaptive),cluster,510,43
Probability Density (adaptive),cluster,511,36
Probability Density (adaptive),cluster,512,29
Probability Density (adaptive),cluster,513,59
Probability Density (adaptive),cluster,514,38
Probability Density (adaptive),cluster,515,27
Probability Density (adaptive),cluster,516,58
Probability Density (adaptive),cluster,517,45
Probability Density (adaptive),cluster,518,45
Probability Density (adaptive),cluster,519,35
Probability Density (adaptive),cluster,520,46
Probability Density (adaptive),cluster,521,44
Probability Density (adaptive),cluster,522,49
Probability Density (adaptive),cluster,523,41
Probability Density (adaptive),cluster,524,36
Probability Density (adaptive),cluster,525,22
Probability Density (adaptive),cluster,526,47
Probability Density (adaptive),cluster,527,23
Probability Density (adaptive),cluster,528,40
Probability Density (adaptive),cluster,529,46
Probability Density (adaptive),cluster,530,44
Probability Density (adaptive),cluster,531,41
Probability Density (adaptive),cluster,532,51
Probability Density (adaptive),cluster,533,63
Probability Density (adaptive),cluster,534,34
Probability Density (adaptive),cluster,535,41
Probability Density (adaptive),cluster,536,29
Probability Density (adaptive),cluster,537,24
Probability Density (adaptive),cluster,538,45
Probability Density (adaptive),cluster,539,54
Probability Density (adaptive),cluster,540,47
Probability Density (adaptive),cluster,541,47
Probability Density (adaptive),cluster,542,32
Probability Density (adaptive),cluster,543,42
Probability Density (adaptive),cluster,544,46
Probability Density (adaptive),cluster,545,40
Probability Density (adaptive),cluster,546,37
Probability Density (adaptive),cluster,547,31
Probability Density (adaptive),cluster,548,26
Probability Density (adaptive),cluster,549,54
Probability Density (adaptive),cluster,550,43
Probability Density (adaptive),cluster,551,39
Probability Density (adaptive),cluster,552,33
Probability Density (adaptive),cluster,553,61
Probability Density (adaptive),cluster,554,40
Probability Density (adaptive),cluster,555,45
Probability Density (adaptive),cluster,556,48
Probability Density (adaptive),cluster,557,36
Probability Density (adaptive),cluster,558,34
Probability Density (adaptive),cluster,559,46
Probability Density (adaptive),cluster,560,43
Probability Density (adaptive),cluster,561,46
Probability Density (adaptive),cluster,562,49
Probability Density (adaptive),cluster,563,57
Probability Density (adaptive),cluster,564,26
Probability Density (adaptive),cluster,565,48
Probability Density (adaptive),cluster,566,38
Probability Density (adaptive),cluster,567,45
Probability Density (adaptive),cluster,568,64
Probability Density (adaptive),cluster,569,40
Probability Density (adaptive),cluster,570,43
Probability Density (adaptive),cluster,571,41
Probability Density (adaptive),cluster,572,61
Probability Density (adaptive),cluster,573,64
Probability Density (adaptive),cluster,574,60
Probability Density (adaptive),cluster,575,36
Probability Density (adaptive),cluster,576,65
Probability Density (adaptive),cluster,577,41
Probability Density (adaptive),cluster,578,57
Probability Density (adaptive),cluster,579,24
Probability Density (adaptive),cluster,580,36
Probability Density (adaptive),cluster,581,64
Probability Density (adaptive),cluster,582,38
Probability Density (adaptive),cluster,583,46
Probability Density (adaptive),cluster,584,33
Probability Density (adaptive),cluster,585,46
Probability Density (adaptive),cluster,586,36
Probability Density (adaptive),cluster,587,32
Probability Density (adaptive),cluster,588,28
Probability Density (adaptive),cluster,589,42
Probability Density (adaptive),cluster,590,63
Probability Density (adaptive),cluster,591,27
Probability Density (adaptive),cluster,592,35
Probability Density (adaptive),cluster,593,24
Probability Density (adaptive),cluster,594,41
Probability Density (adaptive),cluster,595,44
Probability Density (adaptive),cluster,596,64
Probability Density (adaptive),cluster,597,64
Probability Density (adaptive),cluster,598,36
Probability Density (adaptive),cluster,599,62
Probability Density (adaptive),cluster,600,33
Probability Density (adaptive),cluster,601,32
Probability Density (adaptive),cluster,602,38
Probability Density (adaptive),cluster,603,45
Probability Density (adaptive),cluster,604,38
Probability Density (adaptive),cluster,605,48
Probability Density (adaptive),cluster,606,30
Probability Density (adaptive),cluster,607,52
Probability Density (adaptive),cluster,608,39
Probability Density (adaptive),cluster,609,36
Probability Density (adaptive),cluster,610,41
Probability Density (adaptive),cluster,611,43
Probability Density (adaptive),cluster,612,32
Probability Density (adaptive),cluster,613,40
Probability Density (adaptive),cluster,614,44
Probability Density (adaptive),cluster,615,50
Probability Density (adaptive),cluster,616,30
Probability Density (adaptive),cluster,617,45
Probability Density (adaptive),cluster,618,54
Probability Density (adaptive),cluster,619,43
Probability Density (adaptive),cluster,620,47
Probability Density (adaptive),cluster,621,52
Probability Density (adaptive),cluster,622,35
Probability Density (adaptive),cluster,623,36
Probability Density (adaptive),cluster,624,46
Probability Density (adaptive),cluster,625,61
Probability Density (adaptive),cluster,626,34
Probability Density (adaptive),cluster,627,35
Probability Density (adaptive),cluster,628,34
Probability Density (adaptive),cluster,629,55
Probability Density (adaptive),cluster,630,38
Probability Density (adaptive),cluster,631,40
Probability Density (adaptive),cluster,632,38
Probability Density (adaptive),cluster,633,36
Probability Density (adaptive),cluster,634,25
Probability Density (adaptive),cluster,635,30
Probability Density (adaptive),cluster,636,62
Probability Density (adaptive),cluster,637,25
Probability Density (adaptive),cluster,638,42
Probability Density (adaptive),cluster,639,51
Probability Density (adaptive),cluster,640,63
Probability Density (adaptive),cluster,641,46
Probability Density (adaptive),cluster,642,44
Probability Density (adaptive),cluster,643,30
Probability Density (adaptive),cluster,644,37
Probability Density (adaptive),cluster,645,67
Probability Density (adaptive),cluster,646,49
Probability Density (adaptive),cluster,647,42
Probability Density (adaptive),cluster,648,57
Probability Density (adaptive),cluster,649,47
Probability Density (adaptive),cluster,650,64
Probability Density (adaptive),cluster,651,44
Probability Density (adaptive),cluster,652,44
Probability Density (adaptive),cluster,653,40
Probability Density (adaptive),cluster,654,46
Probability Density (adaptive),cluster,655,33
Probability Density (adaptive),cluster,656,32
Probability Density (adaptive),cluster,657,42
Probability Density (adaptive),cluster,658,35
Probability Density (adaptive),cluster,659,42
Probability Density (adaptive),cluster,660,47
Probability Density (adaptive),cluster,661,43
Probability Density (adaptive),cluster,662,48
Probability Density (adaptive),cluster,663,59
Probability Density (adaptive),cluster,664,44
Probability Density (adaptive),cluster,665,46
Probability Density (adaptive),cluster,666,43
Probability Density (adaptive),cluster,667,22
Probability Density (adaptive),cluster,668,34
Probability Density (adaptive),cluster,669,38
Probability Density (adaptive),cluster,670,42
Probability Density (adaptive),cluster,671,55
Probability Density (adaptive),cluster,672,42
Probability Density (adaptive),cluster,673,39
Probability Density (adaptive),cluster,674,39
Probability Density (adaptive),cluster,675,59
Probability Density (adaptive),cluster,676,32
Probability Density (adaptive),cluster,677,42
Probability Density (adaptive),cluster,678,46
Probability Density (adaptive),cluster,679,54
Probability Density (adaptive),cluster,680,47
Probability Density (adaptive),cluster,681,36
Probability Density (adaptive),cluster,682,40
Probability Density (adaptive),cluster,683,32
Probability Density (adaptive),cluster,684,61
Probability Density (adaptive),cluster,685,45
Probability Density (adaptive),cluster,686,28
Probability Density (adaptive),cluster,687,60
Probability Density (adaptive),cluster,688,39
Probability Density (adaptive),cluster,689,43
Probability Density (adaptive),cluster,690,47
Probability Density (adaptive),cluster,691,43
Probability Density (adaptive),cluster,692,60
Probability Density (adaptive),cluster,693,39
Probability Density (adaptive),cluster,694,24
Probability Density (adaptive),cluster,695,56
Probability Density (adaptive),cluster,696,45
Probability Density (adaptive),cluster,697,45
Probability Density (adaptive),cluster,698,45
Probability Density (adaptive),cluster,699,25
Probability Density (adaptive),cluster,700,39
Probability Density (adaptive),cluster,701,59
Probability Density (adaptive),cluster,702,66
Probability Density (adaptive),cluster,703,57
Probability Density (adaptive),cluster,704,47
Probability Density (adaptive),cluster,705,30
Probability Density (adaptive),cluster,706,27
Probability Density (adaptive),cluster,707,47
Probability Density (adaptive),cluster,708,53
Probability Density (adaptive),cluster,709,37
Probability Density (adaptive),cluster,710,48
Probability Density (adaptive),cluster,711,43
Probability Density (adaptive),cluster,712,44
Probability Density (adaptive),cluster,713,58
Probability Density (adaptive),cluster,714,47
Probability Density (adaptive),cluster,715,55
Probability Density (adaptive),cluster,716,40
Probability Density (adaptive),cluster,717,37
Probability Density (adaptive),cluster,718,31
Probability Density (adaptive),cluster,719,54
Probability Density (adaptive),cluster,720,40
Probability Density (adaptive),cluster,721,35
Probability Density (adaptive),cluster,722,47
Probability Density (adaptive),cluster,723,59
Probability Density (adaptive),cluster,724,46
Probability Density (adaptive),cluster,725,48
Probability Density (adaptive),cluster,726,32
Probability Density (adaptive),cluster,727,45
Probability Density (adaptive),cluster,728,38
Probability Density (adaptive),cluster,729,43
Probability Density (adaptive),cluster,730,43
Probability Density (adaptive),cluster,731,55
Probability Density (adaptive),cluster,732,32
Probability Density (adaptive),cluster,733,39
Probability Density (adaptive),cluster,734,39
Probability Density (adaptive),cluster,735,44
Probability Density (adaptive),cluster,736,44
Probability Density (adaptive),cluster,737,28
Probability Density (adaptive),cluster,738,27
Probability Density (adaptive),cluster,739,55
Probability Density (adaptive),cluster,740,39
Probability Density (adaptive),cluster,741,32
Probability Density (adaptive),cluster,742,46
Probability Density (adaptive),cluster,743,27
Probability Density (adaptive),cluster,744,27
Probability Density (adaptive),cluster,745,36
Probability Density (adaptive),cluster,746,43
Probability Density (adaptive),cluster,747,59
Probability Density (adaptive),cluster,748,25
Probability Density (adaptive),cluster,749,41
Probability Density (adaptive),cluster,750,44
Probability Density (adaptive),cluster,751,58
Probability Density (adaptive),cluster,752,39
Probability Density (adaptive),cluster,753,59
Probability Density (adaptive),cluster,754,56
Probability Density (adaptive),cluster,755,38
Probability Density (adaptive),cluster,756,52
Probability Density (adaptive),cluster,757,43
Probability Density (adaptive),cluster,758,46
Probability Density (adaptive),cluster,759,49
Probability Density (adaptive),cluster,760,46
Probability Density (adaptive),cluster,761,41
Probability Density (adaptive),cluster,762,27
Probability Density (adaptive),cluster,763,43
Probability Density (adaptive),cluster,764,45
Probability Density (adaptive),cluster,765,37
Probability Density (adaptive),cluster,766,44
Probability Density (adaptive),cluster,767,22
Probability Density (adaptive),cluster,768,48
Probability Density (adaptive),cluster,769,29
Probability Density (adaptive),cluster,770,48
Probability Density (adaptive),cluster,771,53
Probability Density (adaptive),cluster,772,38
Probability Density (adaptive),cluster,773,58
Probability Density (adaptive),cluster,774,37
Probability Density (adaptive),cluster,775,57
Probability Density (adaptive),cluster,776,60
Probability Density (adaptive),cluster,777,35
Probability Density (adaptive),cluster,778,33
Probability Density (adaptive),cluster,779,39
Probability Density (adaptive),cluster,780,25
Probability Density (adaptive),cluster,781,32
Probability Density (adaptive),cluster,782,47
Probability Density (adaptive),cluster,783,54
Probability Density (adaptive),cluster,784,45
Probability Density (adaptive),cluster,785,47
Probability Density (adaptive),cluster,786,46
Probability Density (adaptive),cluster,787,36
Probability Density (adaptive),cluster,788,42
Probability Density (adaptive),cluster,789,45
Probability Density (adaptive),cluster,790,41
Probability Density (adaptive),cluster,791,49
Probability Density (adaptive),cluster,792,47
Probability Density (adaptive),cluster,793,53
Probability Density (adaptive),cluster,794,61
Probability Density (adaptive),cluster,795,45
Probability Density (adaptive),cluster,796,25
Probability Density (adaptive),cluster,797,35
Probability Density (adaptive),cluster,798,40
Probability Density (adaptive),cluster,799,41
Probability Density (adaptive),cluster,800,52
Probability Density (adaptive),cluster,801,36
Probability Density (adaptive),cluster,802,34
Probability Density (adaptive),cluster,803,27
Probability Density (adaptive),cluster,804,49
Probability Density (adaptive),cluster,805,39
Probability Density (adaptive),cluster,806,60
Probability Density (adaptive),cluster,807,55
Probability Density (adaptive),cluster,808,34
Probability Density (adaptive),cluster,809,36
Probability Density (adaptive),cluster,810,44
Probability Density (adaptive),cluster,811,28
Probability Density (adaptive),cluster,812,58
Probability Density (adaptive),cluster,813,37
Probability Density (adaptive),cluster,814,47
Probability Density (adaptive),cluster,815,48
Probability Density (adaptive),cluster,816,44
Probability Density (adaptive),cluster,817,49
Probability Density (adaptive),cluster,818,31
Probability Density (adaptive),cluster,819,39
Probability Density (adaptive),cluster,820,48
Probability Density (adaptive),cluster,821,46
Probability Density (adaptive),cluster,822,42
Probability Density (adaptive),cluster,823,54
Probability Density (adaptive),cluster,824,34
Probability Density (adaptive),cluster,825,28
Probability Density (adaptive),cluster,826,53
Probability Density (adaptive),cluster,827,30
Probability Density (adaptive),cluster,828,37
Probability Density (adaptive),cluster,829,27
Probability Density (adaptive),cluster,830,25
Probability Density (adaptive),cluster,831,41
Probability Density (adaptive),cluster,832,21
Probability Density (adaptive),cluster,833,45
Probability Density (adaptive),cluster,834,23
Probability Density (adaptive),cluster,835,34
Probability Density (adaptive),cluster,836,31
Probability Density (adaptive),cluster,837,63
Probability Density (adaptive),cluster,838,40
Probability Density (adaptive),cluster,839,44
Probability Density (adaptive),cluster,840,43
Probability Density (adaptive),cluster,841,62
Probability Density (adaptive),cluster,842,57
Probability Density (adaptive),cluster,843,27
Probability Density (adaptive),cluster,844,50
Probability Density (adaptive),cluster,845,37
Probability Density (adaptive),cluster,846,30
Probability Density (adaptive),cluster,847,32
Probability Density (adaptive),cluster,848,35
Probability Density (adaptive),cluster,849,57
Probability Density (adaptive),cluster,850,56
Probability Density (adaptive),cluster,851,51
Probability Density (adaptive),cluster,852,47
Probability Density (adaptive),cluster,853,34
Probability Density (adaptive),cluster,854,40
Probability Density (adaptive),cluster,855,62
Probability Density (adaptive),cluster,856,35
Probability Density (adaptive),cluster,857,51
Probability Density (adaptive),cluster,858,52
Probability Density (adaptive),cluster,859,36
Probability Density (adaptive),cluster,860,40
Probability Density (adaptive),cluster,861,47
Probability Density (adaptive),cluster,862,38
Probability Density (adaptive),cluster,863,34
Probability Density (adaptive),cluster,864,56
Probability Density (adaptive),cluster,865,58
Probability Density (adaptive),cluster,866,55
Probability Density (adaptive),cluster,867,44
Probability Density (adaptive),cluster,868,32
Probability Density (adaptive),cluster,869,36
Probability Density (adaptive),cluster,870,30
Probability Density (adaptive),cluster,871,40
Probability Density (adaptive),cluster,872,58
Probability Density (adaptive),cluster,873,38
Probability Density (adaptive),cluster,874,44
Probability Density (adaptive),cluster,875,33
Probability Density (adaptive),cluster,876,42
Probability Density (adaptive),cluster,877,32
Probability Density (adaptive),cluster,878,59
Probability Density (adaptive),cluster,879,23
Probability Density (adaptive),cluster,880,46
Probability Density (adaptive),cluster,881,44
Probability Density (adaptive),cluster,882,39
Probability Density (adaptive),cluster,883,39
Probability Density (adaptive),cluster,884,53
Probability Density (adaptive),cluster,885,49
Probability Density (adaptive),cluster,886,34
Probability Density (adaptive),cluster,887,60
Probability Density (adaptive),cluster,888,42
Probability Density (adaptive),cluster,889,59
Probability Density (adaptive),cluster,890,31
Probability Density (adaptive),cluster,891,39
Probability Density (adaptive),cluster,892,57
Probability Density (adaptive),cluster,893,46
Probability Density (adaptive),cluster,894,47
Probability Density (adaptive),cluster,895,63
Probability Density (adaptive),cluster,896,32
Probability Density (adaptive),cluster,897,24
Probability Density (adaptive),cluster,898,24
Probability Density (adaptive),cluster,899,29
Probability Density (adaptive),cluster,900,41
Probability Density (adaptive),cluster,901,39
Probability Density (adaptive),cluster,902,43
Probability Density (adaptive),cluster,903,40
Probability Density (adaptive),cluster,904,45
Probability Density (adaptive),cluster,905,43
Probability Density (adaptive),cluster,906,35
Probability Density (adaptive),cluster,907,55
Probability Density (adaptive),cluster,908,30
Probability Density (adaptive),cluster,909,47
Probability Density (adaptive),cluster,910,62
Probability Density (adaptive),cluster,911,42
Probability Density (adaptive),cluster,912,61
Probability Density (adaptive),cluster,913,30
Probability Density (adaptive),cluster,914,38
Probability Density (adaptive),cluster,915,27
Probability Density (adaptive),cluster,916,61
Probability Density (adaptive),cluster,917,33
Probability Density (adaptive),cluster,918,53
Probability Density (adaptive),cluster,919,37
Probability Density (adaptive),cluster,920,55
Probability Density (adaptive),cluster,921,39
Probability Density (adaptive),cluster,922,26
Probability Density (adaptive),cluster,923,51
Probability Density (adaptive),cluster,924,34
Probability Density (adaptive),cluster,925,37
Probability Density (adaptive),cluster,926,65
Probability Density (adaptive),cluster,927,64
Probability Density (adaptive),cluster,928,33
Probability Density (adaptive),cluster,929,45
Probability Density (adaptive),cluster,930,41
Probability Density (adaptive),cluster,931,67
Probability Density (adaptive),cluster,932,54
Probability Density (adaptive),cluster,933,29
Probability Density (adaptive),cluster,934,43
Probability Density (adaptive),cluster,935,34
Probability Density (adaptive),cluster,936,48
Probability Density (adaptive),cluster,937,41
Probability Density (adaptive),cluster,938,38
Probability Density (adaptive),cluster,939,41
Probability Density (adaptive),cluster,940,61
Probability Density (adaptive),cluster,941,32
Probability Density (adaptive),cluster,942,38
Probability Density (adaptive),cluster,943,28
Probability Density (adaptive),cluster,944,64
Probability Density (adaptive),cluster,945,31
Probability Density (adaptive),cluster,946,66
Probability Density (adaptive),cluster,947,39
Probability Density (adaptive),cluster,948,52
Probability Density (adaptive),cluster,949,33
Probability Density (adaptive),cluster,950,39
Probability Density (adaptive),cluster,951,37
Probability Density (adaptive),cluster,952,43
Probability Density (adaptive),cluster,953,40
Probability Density (adaptive),cluster,954,25
Probability Density (adaptive),cluster,955,31
Probability Density (adaptive),cluster,956,42
Probability Density (adaptive),cluster,957,38
Probability Density (adaptive),cluster,958,64
Probability Density (adaptive),cluster,959,29
Probability Density (adaptive),cluster,960,36
Probability Density (adaptive),cluster,961,34
Probability Density (adaptive),cluster,962,43
Probability Density (adaptive),cluster,963,49
Probability Density (adaptive),cluster,964,33
Probability Density (adaptive),cluster,965,44
Probability Density (adaptive),cluster,966,31
Probability Density (adaptive),cluster,967,27
Probability Density (adaptive),cluster,968,61
Probability Density (adaptive),cluster,969,46
Probability Density (adaptive),cluster,970,43
Probability Density (adaptive),cluster,971,26
Probability Density (adaptive),cluster,972,39
Probability Density (adaptive),cluster,973,45
Probability Density (adaptive),cluster,974,38
Probability Density (adaptive),cluster,975,42
Probability Density (adaptive),cluster,976,37
Probability Density (adaptive),cluster,977,50
Probability Density (adaptive),cluster,978,37
Probability Density (adaptive),cluster,979,50
Probability Density (adaptive),cluster,980,37
Probability Density (adaptive),cluster,981,64
Probability Density (adaptive),cluster,982,56
Probability Density (adaptive),cluster,983,39
Probability Density (adaptive),cluster,984,40
Probability Density (adaptive),cluster,985,52
Probability Density (adaptive),cluster,986,59
Probability Density (adaptive),cluster,987,45
Probability Density (adaptive),cluster,988,44
Probability Density (adaptive),cluster,989,42
Probability Density (adaptive),cluster,990,37
Probability Density (adaptive),cluster,991,63
Probability Density (adaptive),cluster,992,51
Probability Density (adaptive),cluster,993,63
Probability Density (adaptive),cluster,994,46
Probability Density (adaptive),cluster,995,58
Probability Density (adaptive),cluster,996,46
Probability Density (adaptive),cluster,997,45
Probability Density (adaptive),cluster,998,25
Probability Density (adaptive),cluster,999,46
Probability Density (adaptive),cluster,1000,54
Probability Density (adaptive),cluster,1001,35
Probability Density (adaptive),cluster,1002,32
Probability Density (adaptive),cluster,1003,42
Probability Density (adaptive),cluster,1004,41
Probability Density (adaptive),cluster,1005,44
Probability Density (adaptive),cluster,1006,45
Probability Density (adaptive),cluster,1007,33
Probability Density (adaptive),cluster,1008,22
Probability Density (adaptive),cluster,1009,45
Probability Density (adaptive),cluster,1010,35
Probability Density (adaptive),cluster,1011,33
Probability Density (adaptive),cluster,1012,24
Probability Density (adaptive),cluster,1013,59
Probability Density (adaptive),cluster,1014,39
Probability Density (adaptive),cluster,1015,59
Probability Density (adaptive),cluster,1016,41
Probability Density (adaptive),cluster,1017,51
Probability Density (adaptive),cluster,1018,61
Probability Density (adaptive),cluster,1019,22
Probability Density (adaptive),cluster,1020,39
Probability Density (adaptive),cluster,1021,56
Probability Density (adaptive),cluster,1022,40
Probability Density (adaptive),cluster,1023,38
Probability Density (adaptive),cluster,1024,44
Probability Density (adaptive),cluster,1025,46
Probability Density (adaptive),cluster,1026,68
Probability Density (adaptive),cluster,1027,38
Probability Density (adaptive),cluster,1028,54
Probability Density (adaptive),cluster,1029,24
Probability Density (adaptive),cluster,1030,23
Probability Density (adaptive),cluster,1031,58
Probability Density (adaptive),cluster,1032,40
Probability Density (adaptive),cluster,1033,54
Probability Density (adaptive),cluster,1034,26
Probability Density (adaptive),cluster,1035,54
Probability Density (adaptive),cluster,1036,38
Probability Density (adaptive),cluster,1037,43
Probability Density (adaptive),cluster,1038,38
Probability Density (adaptive),cluster,1039,42
Probability Density (adaptive),cluster,1040,56
Probability Density (adaptive),cluster,1041,33
Probability Density (adaptive),cluster,1042,37
Probability Density (adaptive),cluster,1043,46
Probability Density (adaptive),cluster,1044,45
Probability Density (adaptive),cluster,1045,47
Probability Density (adaptive),cluster,1046,31
Probability Density (adaptive),cluster,1047,55
Probability Density (adaptive),cluster,1048,47
Probability Density (adaptive),cluster,1049,26
Probability Density (adaptive),cluster,1050,32
Probability Density (adaptive),cluster,1051,36
Probability Density (adaptive),cluster,1052,34
Probability Density (adaptive),cluster,1053,59
Probability Density (adaptive),cluster,1054,45
Probability Density (adaptive),cluster,1055,51
Probability Density (adaptive),cluster,1056,34
Probability Density (adaptive),cluster,1057,36
Probability Density (adaptive),cluster,1058,38
Probability Density (adaptive),cluster,1059,34
Probability Density (adaptive),cluster,1060,29
Probability Density (adaptive),cluster,1061,59
Probability Density (adaptive),cluster,1062,49
Probability Density (adaptive),cluster,1063,43
Probability Density (adaptive),cluster,1064,55
Probability Density (adaptive),cluster,1065,40
Probability Density (adaptive),cluster,1066,58
Probability Density (adaptive),cluster,1067,55
Probability Density (adaptive),cluster,1068,48
Probability Density (adaptive),cluster,1069,47
Probability Density (adaptive),cluster,1070,65
Probability Density (adaptive),cluster,1071,55
Probability Density (adaptive),cluster,1072,43
Probability Density (adaptive),cluster,1073,40
Probability Density (adaptive),cluster,1074,28
Probability Density (adaptive),cluster,1075,44
Probability Density (adaptive),cluster,1076,43
Probability Density (adaptive),cluster,1077,31
Probability Density (adaptive),cluster,1078,41
Probability Density (adaptive),cluster,1079,42
Probability Density (adaptive),cluster,1080,62
Probability Density (adaptive),cluster,1081,28
Probability Density (adaptive),cluster,1082,42
Probability Density (adaptive),cluster,1083,34
Probability Density (adaptive),cluster,1084,38
Probability Density (adaptive),cluster,1085,48
Probability Density (adaptive),cluster,1086,40
Probability Density (adaptive),cluster,1087,44
Probability Density (adaptive),cluster,1088,37
Probability Density (adaptive),cluster,1089,40
Probability Density (adaptive),cluster,1090,53
Probability Density (adaptive),cluster,1091,27
Probability Density (adaptive),cluster,1092,63
Probability Density (adaptive),cluster,1093,29
Probability Density (adaptive),cluster,1094,38
Probability Density (adaptive),cluster,1095,35
Probability Density (adaptive),cluster,1096,26
Probability Density (adaptive),cluster,1097,36
Probability Density (adaptive),cluster,1098,48
Probability Density (adaptive),cluster,1099,45
Probability Density (adaptive),cluster,1100,32
Probability Density (adaptive),cluster,1101,45
Probability Density (adaptive),cluster,1102,32
Probability Density (adaptive),cluster,1103,46
Probability Density (adaptive),cluster,1104,57
Probability Density (adaptive),cluster,1105,37
Probability Density (adaptive),cluster,1106,48
Probability Density (adaptive),cluster,1107,48
Probability Density (adaptive),cluster,1108,48
Probability Density (adaptive),cluster,1109,28
Probability Density (adaptive),cluster,1110,55
Probability Density (adaptive),cluster,1111,49
Probability Density (adaptive),cluster,1112,23
Probability Density (adaptive),cluster,1113,53
Probability Density (adaptive),cluster,1114,62
Probability Density (adaptive),cluster,1115,48
Probability Density (adaptive),cluster,1116,31
Probability Density (adaptive),cluster,1117,45
Probability Density (adaptive),cluster,1118,49
Probability Density (adaptive),cluster,1119,36
Probability Density (adaptive),cluster,1120,32
Probability Density (adaptive),cluster,1121,44
Probability Density (adaptive),cluster,1122,27
Probability Density (adaptive),cluster,1123,32
Probability Density (adaptive),cluster,1124,38
Probability Density (adaptive),cluster,1125,43
Probability Density (adaptive),cluster,1126,38
Probability Density (adaptive),cluster,1127,62
Probability Density (adaptive),cluster,1128,44
Probability Density (adaptive),cluster,1129,66
Probability Density (adaptive),cluster,1130,43
Probability Density (adaptive),cluster,1131,39
Probability Density (adaptive),cluster,1132,21
Probability Density (adaptive),cluster,1133,65
Probability Density (adaptive),cluster,1134,63
Probability Density (adaptive),cluster,1135,32
Probability Density (adaptive),cluster,1136,27
Probability Density (adaptive),cluster,1137,46
Probability Density (adaptive),cluster,1138,40
Probability Density (adaptive),cluster,1139,66
Probability Density (adaptive),cluster,1140,36
Probability Density (adaptive),cluster,1141,32
Probability Density (adaptive),cluster,1142,63
Probability Density (adaptive),cluster,1143,32
Probability Density (adaptive),cluster,1144,34
Probability Density (adaptive),cluster,1145,41
Probability Density (adaptive),cluster,1146,41
Probability Density (adaptive),cluster,1147,38
Probability Density (adaptive),cluster,1148,45
Probability Density (adaptive),cluster,1149,42
Probability Density (adaptive),cluster,1150,27
Probability Density (adaptive),cluster,1151,34
Probability Density (adaptive),cluster,1152,38
Probability Density (adaptive),cluster,1153,39
Probability Density (adaptive),cluster,1154,47
Probability Density (adaptive),cluster,1155,42
Probability Density (adaptive),cluster,1156,39
Probability Density (adaptive),cluster,1157,43
Probability Density (adaptive),cluster,1158,27
Probability Density (adaptive),cluster,1159,36
Probability Density (adaptive),cluster,1160,40
Probability Density (adaptive),cluster,1161,30
Probability Density (adaptive),cluster,1162,35
Probability Density (adaptive),cluster,1163,45
Probability Density (adaptive),cluster,1164,56
Probability Density (adaptive),cluster,1165,37
Probability Density (adaptive),cluster,1166,35
Probability Density (adaptive),cluster,1167,44
Probability Density (adaptive),cluster,1168,46
Probability Density (adaptive),cluster,1169,35
Probability Density (adaptive),cluster,1170,39
Probability Density (adaptive),cluster,1171,41
Probability Density (adaptive),cluster,1172,27
Probability Density (adaptive),cluster,1173,44
Probability Density (adaptive),cluster,1174,44
Probability Density (adaptive),cluster,1175,42
Probability Density (adaptive),cluster,1176,29
Probability Density (adaptive),cluster,1177,32
Probability Density (adaptive),cluster,1178,21
Probability Density (adaptive),cluster,1179,43
Probability Density (adaptive),cluster,1180,44
Probability Density (adaptive),cluster,1181,54
Probability Density (adaptive),cluster,1182,41
Probability Density (adaptive),cluster,1183,34
Probability Density (adaptive),cluster,1184,22
Probability Density (adaptive),cluster,1185,44
Probability Density (adaptive),cluster,1186,35
Probability Density (adaptive),cluster,1187,46
Probability Density (adaptive),cluster,1188,39
Probability Density (adaptive),cluster,1189,35
Probability Density (adaptive),cluster,1190,37
Probability Density (adaptive),cluster,1191,60
Probability Density (adaptive),cluster,1192,48
Probability Density (adaptive),cluster,1193,31
Probability Density (adaptive),cluster,1194,41
Probability Density (adaptive),cluster,1195,42
Probability Density (adaptive),cluster,1196,32
Probability Density (adaptive),cluster,1197,46
Probability Density (adaptive),cluster,1198,47
Probability Density (adaptive),cluster,1199,46
Probability Density (adaptive),cluster,1200,47
Probability Density (adaptive),cluster,1201,46
Probability Density (adaptive),cluster,1202,24
Probability Density (adaptive),cluster,1203,47
Probability Density (adaptive),cluster,1204,46
Probability Density (adaptive),cluster,1205,44
Probability Density (adaptive),cluster,1206,27
Probability Density (adaptive),cluster,1207,38
Probability Density (adaptive),cluster,1208,33
Probability Density (adaptive),cluster,1209,30
Probability Density (adaptive),cluster,1210,41
Probability Density (adaptive),cluster,1211,34
Probability Density (adaptive),cluster,1212,63
Probability Density (adaptive),cluster,1213,38
Probability Density (adaptive),cluster,1214,61
Probability Density (adaptive),cluster,1215,34
Probability Density (adaptive),cluster,1216,34
Probability Density (adaptive),cluster,1217,44
Probability Density (adaptive),cluster,1218,32
Probability Density (adaptive),cluster,1219,46
Probability Density (adaptive),cluster,1220,45
Probability Density (adaptive),cluster,1221,48
Probability Density (adaptive),cluster,1222,56
Probability Density (adaptive),cluster,1223,41
Probability Density (adaptive),cluster,1224,39
Probability Density (adaptive),cluster,1225,38
Probability Density (adaptive),cluster,1226,41
Probability Density (adaptive),cluster,1227,27
Probability Density (adaptive),cluster,1228,47
Probability Density (adaptive),cluster,1229,25
Probability Density (adaptive),cluster,1230,37
Probability Density (adaptive),cluster,1231,39
Probability Density (adaptive),cluster,1232,66
Probability Density (adaptive),cluster,1233,40
Probability Density (adaptive),cluster,1234,54
Probability Density (adaptive),cluster,1235,32
Probability Density (adaptive),cluster,1236,33
Probability Density (adaptive),cluster,1237,54
Probability Density (adaptive),cluster,1238,33
Probability Density (adaptive),cluster,1239,52
Probability Density (adaptive),cluster,1240,46
Probability Density (adaptive),cluster,1241,64
Probability Density (adaptive),cluster,1242,55
Probability Density (adaptive),cluster,1243,35
Probability Density (adaptive),cluster,1244,40
Probability Density (adaptive),cluster,1245,33
Probability Density (adaptive),cluster,1246,43
Probability Density (adaptive),cluster,1247,39
Probability Density (adaptive),cluster,1248,34
Probability Density (adaptive),cluster,1249,23
Probability Density (adaptive),cluster,1250,35
Probability Density (adaptive),cluster,1251,50
Probability Density (adaptive),cluster,1252,58
Probability Density (adaptive),cluster,1253,43
Probability Density (adaptive),cluster,1254,41
Probability Density (adaptive),cluster,1255,32
Probability Density (adaptive),cluster,1256,41
Probability Density (adaptive),cluster,1257,44
Probability Density (adaptive),cluster,1258,19
Probability Density (adaptive),cluster,1259,61
Probability Density (adaptive),cluster,1260,39
Probability Density (adaptive),cluster,1261,32
Probability Density (adaptive),cluster,1262,54
Probability Density (adaptive),cluster,1263,30
Probability Density (adaptive),cluster,1264,39
Probability Density (adaptive),cluster,1265,24
Probability Density (adaptive),cluster,1266,43
Probability Density (adaptive),cluster,1267,33
Probability Density (adaptive),cluster,1268,36
Probability Density (adaptive),cluster,1269,31
Probability Density (adaptive),cluster,1270,42
Probability Density (adaptive),cluster,1271,43
Probability Density (adaptive),cluster,1272,41
Probability Density (adaptive),cluster,1273,29
Probability Density (adaptive),cluster,1274,31
Probability Density (adaptive),cluster,1275,37
Probability Density (adaptive),cluster,1276,54
Probability Density (adaptive),cluster,1277,27
Probability Density (adaptive),cluster,1278,43
Probability Density (adaptive),cluster,1279,62
Probability Density (adaptive),cluster,1280,44
Probability Density (adaptive),cluster,1281,43
Probability Density (adaptive),cluster,1282,32
Probability Density (adaptive),cluster,1283,59
Probability Density (adaptive),cluster,1284,39
Probability Density (adaptive),cluster,1285,29
Probability Density (adaptive),cluster,1286,23
Probability Density (adaptive),cluster,1287,62
Probability Density (adaptive),cluster,1288,36
Probability Density (adaptive),cluster,1289,37
Probability Density (adaptive),cluster,1290,50
Probability Density (adaptive),cluster,1291,23
Probability Density (adaptive),cluster,1292,52
Probability Density (adaptive),cluster,1293,50
Probability Density (adaptive),cluster,1294,47
Probability Density (adaptive),cluster,1295,56
Probability Density (adaptive),cluster,1296,38
Probability Density (adaptive),cluster,1297,39
Probability Density (adaptive),cluster,1298,44
Probability Density (adaptive),cluster,1299,25
Probability Density (adaptive),cluster,1300,36
Probability Density (adaptive),cluster,1301,48
Probability Density (adaptive),cluster,1302,27
Probability Density (adaptive),cluster,1303,39
Probability Density (adaptive),cluster,1304,39
Probability Density (adaptive),cluster,1305,33
Probability Density (adaptive),cluster,1306,41
Probability Density (adaptive),cluster,1307,44
Probability Density (adaptive),cluster,1308,47
Probability Density (adaptive),cluster,1309,51
Probability Density (adaptive),cluster,1310,67
Probability Density (adaptive),cluster,1311,41
Probability Density (adaptive),cluster,1312,43
Probability Density (adaptive),cluster,1313,49
Probability Density (adaptive),cluster,1314,35
Probability Density (adaptive),cluster,1315,63
Probability Density (adaptive),cluster,1316,41
Probability Density (adaptive),cluster,1317,55
Probability Density (adaptive),cluster,1318,33
Probability Density (adaptive),cluster,1319,47
Probability Density (adaptive),cluster,1320,26
Probability Density (adaptive),cluster,1321,39
Probability Density (adaptive),cluster,1322,37
Probability Density (adaptive),cluster,1323,29
Probability Density (adaptive),cluster,1324,44
Probability Density (adaptive),cluster,1325,45
Probability Density (adaptive),cluster,1326,56
Probability Density (adaptive),cluster,1327,60
Probability Density (adaptive),cluster,1328,41
Probability Density (adaptive),cluster,1329,44
Probability Density (adaptive),cluster,1330,37
Probability Density (adaptive),cluster,1331,27
Probability Density (adaptive),cluster,1332,58
Probability Density (adaptive),cluster,1333,31
Probability Density (adaptive),cluster,1334,40
Probability Density (adaptive),cluster,1335,48
Probability Density (adaptive),cluster,1336,44
Probability Density (adaptive),cluster,1337,49
Probability Density (adaptive),cluster,1338,43
Probability Density (adaptive),cluster,1339,61
Probability Density (adaptive),cluster,1340,45
Probability Density (adaptive),cluster,1341,62
Probability Density (adaptive),cluster,1342,28
Probability Density (adaptive),cluster,1343,64
Probability Density (adaptive),cluster,1344,44
Probability Density (adaptive),cluster,1345,42
Probability Density (adaptive),cluster,1346,36
Probability Density (adaptive),cluster,1347,47
Probability Density (adaptive),cluster,1348,57
Probability Density (adaptive),cluster,1349,32
Probability Density (adaptive),cluster,1350,43
Probability Density (adaptive),cluster,1351,50
Probability Density (adaptive),cluster,1352,47
Probability Density (adaptive),cluster,1353,41
Probability Density (adaptive),cluster,1354,47
Probability Density (adaptive),cluster,1355,39
Probability Density (adaptive),cluster,1356,41
Probability Density (adaptive),cluster,1357,41
Probability Density (adaptive),cluster,1358,38
Probability Density (adaptive),cluster,1359,47
Probability Density (adaptive),cluster,1360,65
Probability Density (adaptive),cluster,1361,39
Probability Density (adaptive),cluster,1362,41
Probability Density (adaptive),cluster,1363,26
Probability Density (adaptive),cluster,1364,32
Probability Density (adaptive),cluster,1365,31
Probability Density (adaptive),cluster,1366,48
Probability Density (adaptive),cluster,1367,43
Probability Density (adaptive),cluster,1368,64
Probability Density (adaptive),cluster,1369,36
Probability Density (adaptive),cluster,1370,28
Probability Density (adaptive),cluster,1371,42
Probability Density (adaptive),cluster,1372,51
Probability Density (adaptive),cluster,1373,45
Probability Density (adaptive),cluster,1374,33
Probability Density (adaptive),cluster,1375,39
Probability Density (adaptive),cluster,1376,35
Probability Density (adaptive),cluster,1377,24
Probability Density (adaptive),cluster,1378,40
Probability Density (adaptive),cluster,1379,46
Probability Density (adaptive),cluster,1380,34
Probability Density (adaptive),cluster,1381,57
Probability Density (adaptive),cluster,1382,33
Probability Density (adaptive),cluster,1383,53
Probability Density (adaptive),cluster,1384,47
Probability Density (adaptive),cluster,1385,40
Probability Density (adaptive),cluster,1386,31
Probability Density (adaptive),cluster,1387,42
Probability Density (adaptive),cluster,1388,34
Probability Density (adaptive),cluster,1389,61
Probability Density (adaptive),cluster,1390,52
Probability Density (adaptive),cluster,1391,49
Probability Density (adaptive),cluster,1392,27
Probability Density (adaptive),cluster,1393,51
Probability Density (adaptive),cluster,1394,62
Probability Density (adaptive),cluster,1395,45
Probability Density (adaptive),cluster,1396,28
Probability Density (adaptive),cluster,1397,39
Probability Density (adaptive),cluster,1398,36
Probability Density (adaptive),cluster,1399,41
Probability Density (adaptive),cluster,1400,28
Probability Density (adaptive),cluster,1401,55
Probability Density (adaptive),cluster,1402,37
Probability Density (adaptive),cluster,1403,35
Probability Density (adaptive),cluster,1404,38
Probability Density (adaptive),cluster,1405,24
Probability Density (adaptive),cluster,1406,55
Probability Density (adaptive),cluster,1407,26
Probability Density (adaptive),cluster,1408,47
Probability Density (adaptive),cluster,1409,33
Probability Density (adaptive),cluster,1410,42
Probability Density (adaptive),cluster,1411,38
Probability Density (adaptive),cluster,1412,51
Probability Density (adaptive),cluster,1413,44
Probability Density (adaptive),cluster,1414,35
Probability Density (adaptive),cluster,1415,42
Probability Density (adaptive),cluster,1416,47
Probability Density (adaptive),cluster,1417,30
Probability Density (adaptive),cluster,1418,23
Probability Density (adaptive),cluster,1419,39
Probability Density (adaptive),cluster,1420,29
Probability Density (adaptive),cluster,1421,46
Probability Density (adaptive),cluster,1422,38
Probability Density (adaptive),cluster,1423,38
Probability Density (adaptive),cluster,1424,33
Probability Density (adaptive),cluster,1425,34
Probability Density (adaptive),cluster,1426,29
Probability Density (adaptive),cluster,1427,36
Probability Density (adaptive),cluster,1428,42
Probability Density (adaptive),cluster,1429,33
Probability Density (adaptive),cluster,1430,35
Probability Density (adaptive),cluster,1431,44
Probability Density (adaptive),cluster,1432,42
Probability Density (adaptive),cluster,1433,44
Probability Density (adaptive),cluster,1434,43
Probability Density (adaptive),cluster,1435,54
Probability Density (adaptive),cluster,1436,38
Probability Density (adaptive),cluster,1437,37
Probability Density (adaptive),cluster,1438,33
Probability Density (adaptive),cluster,1439,41
Probability Density (adaptive),cluster,1440,60
Probability Density (adaptive),cluster,1441,35
Probability Density (adaptive),cluster,1442,30
Probability Density (adaptive),cluster,1443,39
Probability Density (adaptive),cluster,1444,40
Probability Density (adaptive),cluster,1445,43
Probability Density (adaptive),cluster,1446,48
Probability Density (adaptive),cluster,1447,59
Probability Density (adaptive),cluster,1448,36
Probability Density (adaptive),cluster,1449,41
Probability Density (adaptive),cluster,1450,48
Probability Density (adaptive),cluster,1451,37
Probability Density (adaptive),cluster,1452,33
Probability Density (adaptive),cluster,1453,34
Probability Density (adaptive),cluster,1454,45
Probability Density (adaptive),cluster,1455,42
Probability Density (adaptive),cluster,1456,34
Probability Density (adaptive),cluster,1457,48
Probability Density (adaptive),cluster,1458,28
Probability Density (adaptive),cluster,1459,37
Probability Density (adaptive),cluster,1460,34
Probability Density (adaptive),cluster,1461,42
Probability Density (adaptive),cluster,1462,49
Probability Density (adaptive),cluster,1463,39
Probability Density (adaptive),cluster,1464,42
Probability Density (adaptive),cluster,1465,43
Probability Density (adaptive),cluster,1466,30
Probability Density (adaptive),cluster,1467,46
Probability Density (adaptive),cluster,1468,46
Probability Density (adaptive),cluster,1469,53
Probability Density (adaptive),cluster,1470,38
Probability Density (adaptive),cluster,1471,36
Probability Density (adaptive),cluster,1472,62
Probability Density (adaptive),cluster,1473,32
Probability Density (adaptive),cluster,1474,31
Probability Density (adaptive),cluster,1475,50
Probability Density (adaptive),cluster,1476,36
Probability Density (adaptive),cluster,1477,64
Probability Density (adaptive),cluster,1478,54
Probability Density (adaptive),cluster,1479,42
Probability Density (adaptive),cluster,1480,49
Probability Density (adaptive),cluster,1481,27
Probability Density (adaptive),cluster,1482,40
Probability Density (adaptive),cluster,1483,49
Probability Density (adaptive),cluster,1484,42
Probability Density (adaptive),cluster,1485,47
Probability Density (adaptive),cluster,1486,39
Probability Density (adaptive),cluster,1487,43
Probability Density (adaptive),cluster,1488,47
Probability Density (adaptive),cluster,1489,43
Probability Density (adaptive),cluster,1490,44
Probability Density (adaptive),cluster,1491,34
Probability Density (adaptive),cluster,1492,40
Probability Density (adaptive),cluster,1493,59
Probability Density (adaptive),cluster,1494,45
Probability Density (adaptive),cluster,1495,44
Probability Density (adaptive),cluster,1496,29
Probability Density (adaptive),cluster,1497,48
Probability Density (adaptive),cluster,1498,27
Probability Density (adaptive),cluster,1499,41
Probability Density (adaptive),spread,0,62
Probability Density (adaptive),spread,1,50
Probability Density (adaptive),spread,2,33
Probability Density (adaptive),spread,3,46
Probability Density (adaptive),spread,4,64
Probability Density (adaptive),spread,5,44
Probability Density (adaptive),spread,6,36
Probability Density (adaptive),spread,7,52
Probability Density (adaptive),spread,8,34
Probability Density (adaptive),spread,9,49
Probability Density (adaptive),spread,10,45
Probability Density (adaptive),spread,11,38
Probability Density (adaptive),spread,12,50
Probability Density (adaptive),spread,13,50
Probability Density (adaptive),spread,14,37
Probability Density (adaptive),spread,15,48
Probability Density (adaptive),spread,16,37
Probability Density (adaptive),spread,17,42
Probability Density (adaptive),spread,18,41
Probability Density (adaptive),spread,19,36
Probability Density (adaptive),spread,20,48
Probability Density (adaptive),spread,21,41
Probability Density (adaptive),spread,22,39
Probability Density (adaptive),spread,23,39
Probability Density (adaptive),spread,24,48
Probability Density (adaptive),spread,25,53
Probability Density (adaptive),spread,26,67
Probability Density (adaptive),spread,27,36
Probability Density (adaptive),spread,28,55
Probability Density (adaptive),spread,29,60
Probability Density (adaptive),spread,30,31
Probability Density (adaptive),spread,31,44
Probability Density (adaptive),spread,32,47
Probability Density (adaptive),spread,33,56
Probability Density (adaptive),spread,34,46
Probability Density (adaptive),spread,35,45
Probability Density (adaptive),spread,36,31
Probability Density (adaptive),spread,37,44
Probability Density (adaptive),spread,38,46
Probability Density (adaptive),spread,39,49
Probability Density (adaptive),spread,40,34
Probability Density (adaptive),spread,41,44
Probability Density (adaptive),spread,42,39
Probability Density (adaptive),spread,43,35
Probability Density (adaptive),spread,44,49
Probability Density (adaptive),spread,45,55
Probability Density (adaptive),spread,46,60
Probability Density (adaptive),spread,47,43
Probability Density (adaptive),spread,48,55
Probability Density (adaptive),spread,49,45
Probability Density (adaptive),spread,50,52
Probability Density (adaptive),spread,51,53
Probability Density (adaptive),spread,52,47
Probability Density (adaptive),spread,53,56
Probability Density (adaptive),spread,54,46
Probability Density (adaptive),spread,55,56
Probability Density (adaptive),spread,56,32
Probability Density (adaptive),spread,57,45
Probability Density (adaptive),spread,58,52
Probability Density (adaptive),spread,59,41
Probability Density (adaptive),spread,60,42
Probability Density (adaptive),spread,61,39
Probability Density (adaptive),spread,62,42
Probability Density (adaptive),spread,63,37
Probability Density (adaptive),spread,64,39
Probability Density (adaptive),spread,65,54
Probability Density (adaptive),spread,66,47
Probability Density (adaptive),spread,67,40
Probability Density (adaptive),spread,68,51
Probability Density (adaptive),spread,69,41
Probability Density (adaptive),spread,70,52
Probability Density (adaptive),spread,71,51
Probability Density (adaptive),spread,72,40
Probability Density (adaptive),spread,73,44
Probability Density (adaptive),spread,74,56
Probability Density (adaptive),spread,75,35
Probability Density (adaptive),spread,76,45
Probability Density (adaptive),spread,77,42
Probability Density (adaptive),spread,78,33
Probability Density (adaptive),spread,79,53
Probability Density (adaptive),spread,80,63
Probability Density (adaptive),spread,81,34
Probability Density (adaptive),spread,82,42
Probability Density (adaptive),spread,83,48
Probability Density (adaptive),spread,84,35
Probability Density (adaptive),spread,85,54
Probability Density (adaptive),spread,86,34
Probability Density (adaptive),spread,87,48
Probability Density (adaptive),spread,88,40
Probability Density (adaptive),spread,89,41
Probability Density (adaptive),spread,90,53
Probability Density (adaptive),spread,91,41
Probability Density (adaptive),spread,92,46
Probability Density (adaptive),spread,93,35
Probability Density (adaptive),spread,94,47
Probability Density (adaptive),spread,95,41
Probability Density (adaptive),spread,96,32
Probability Density (adaptive),spread,97,32
Probability Density (adaptive),spread,98,44
Probability Density (adaptive),spread,99,68
Probability Density (adaptive),spread,100,44
Probability Density (adaptive),spread,101,43
Probability Density (adaptive),spread,102,37
Probability Density (adaptive),spread,103,42
Probability Density (adaptive),spread,104,49
Probability Density (adaptive),spread,105,41
Probability Density (adaptive),spread,106,36
Probability Density (adaptive),spread,107,56
Probability Density (adaptive),spread,108,45
Probability Density (adaptive),spread,109,48
Probability Density (adaptive),spread,110,46
Probability Density (adaptive),spread,111,41
Probability Density (adaptive),spread,112,43
Probability Density (adaptive),spread,113,35
Probability Density (adaptive),spread,114,51
Probability Density (adaptive),spread,115,27
Probability Density (adaptive),spread,116,33
Probability Density (adaptive),spread,117,36
Probability Density (adaptive),spread,118,37
Probability Density (adaptive),spread,119,49
Probability Density (adaptive),spread,120,30
Probability Density (adaptive),spread,121,45
Probability Density (adaptive),spread,122,45
Probability Density (adaptive),spread,123,65
Probability Density (adaptive),spread,124,54
Probability Density (adaptive),spread,125,36
Probability Density (adaptive),spread,126,41
Probability Density (adaptive),spread,127,45
Probability Density (adaptive),spread,128,59
Probability Density (adaptive),spread,129,41
Probability Density (adaptive),spread,130,50
Probability Density (adaptive),spread,131,37
Probability Density (adaptive),spread,132,33
Probability Density (adaptive),spread,133,39
Probability Density (adaptive),spread,134,48
Probability Density (adaptive),spread,135,44
Probability Density (adaptive),spread,136,42
Probability Density (adaptive),spread,137,58
Probability Density (adaptive),spread,138,37
Probability Density (adaptive),spread,139,63
Probability Density (adaptive),spread,140,47
Probability Density (adaptive),spread,141,31
Probability Density (adaptive),spread,142,28
Probability Density (adaptive),spread,143,40
Probability Density (adaptive),spread,144,53
Probability Density (adaptive),spread,145,38
Probability Density (adaptive),spread,146,58
Probability Density (adaptive),spread,147,66
Probability Density (adaptive),spread,148,37
Probability Density (adaptive),spread,149,41
Probability Density (adaptive),spread,150,54
Probability Density (adaptive),spread,151,62
Probability Density (adaptive),spread,152,33
Probability Density (adaptive),spread,153,34
Probability Density (adaptive),spread,154,43
Probability Density (adaptive),spread,155,52
Probability Density (adaptive),spread,156,50
Probability Density (adaptive),spread,157,47
Probability Density (adaptive),spread,158,31
Probability Density (adaptive),spread,159,27
Probability Density (adaptive),spread,160,45
Probability Density (adaptive),spread,161,50
Probability Density (adaptive),spread,162,41
Probability Density (adaptive),spread,163,53
Probability Density (adaptive),spread,164,45
Probability Density (adaptive),spread,165,33
Probability Density (adaptive),spread,166,42
Probability Density (adaptive),spread,167,63
Probability Density (adaptive),spread,168,44
Probability Density (adaptive),spread,169,61
Probability Density (adaptive),spread,170,38
Probability Density (adaptive),spread,171,33
Probability Density (adaptive),spread,172,37
Probability Density (adaptive),spread,173,49
Probability Density (adaptive),spread,174,54
Probability Density (adaptive),spread,175,40
Probability Density (adaptive),spread,176,47
Probability Density (adaptive),spread,177,31
Probability Density (adaptive),spread,178,51
Probability Density (adaptive),spread,179,41
Probability Density (adaptive),spread,180,44
Probability Density (adaptive),spread,181,59
Probability Density (adaptive),spread,182,60
Probability Density (adaptive),spread,183,43
Probability Density (adaptive),spread,184,52
Probability Density (adaptive),spread,185,39
Probability Density (adaptive),spread,186,43
Probability Density (adaptive),spread,187,34
Probability Density (adaptive),spread,188,53
Probability Density (adaptive),spread,189,54
Probability Density (adaptive),spread,190,53
Probability Density (adaptive),spread,191,26
Probability Density (adaptive),spread,192,48
Probability Density (adaptive),spread,193,44
Probability Density (adaptive),spread,194,39
Probability Density (adaptive),spread,195,46
Probability Density (adaptive),spread,196,51
Probability Density (adaptive),spread,197,53
Probability Density (adaptive),spread,198,51
Probability Density (adaptive),spread,199,46
Probability Density (adaptive),spread,200,33
Probability Density (adaptive),spread,201,49
Probability Density (adaptive),spread,202,56
Probability Density (adaptive),spread,203,48
Probability Density (adaptive),spread,204,47
Probability Density (adaptive),spread,205,35
Probability Density (adaptive),spread,206,43
Probability Density (adaptive),spread,207,27
Probability Density (adaptive),spread,208,54
Probability Density (adaptive),spread,209,44
Probability Density (adaptive),spread,210,37
Probability Density (adaptive),spread,211,46
Probability Density (adaptive),spread,212,52
Probability Density (adaptive),spread,213,45
Probability Density (adaptive),spread,214,42
Probability Density (adaptive),spread,215,60
Probability Density (adaptive),spread,216,48
Probability Density (adaptive),spread,217,42
Probability Density (adaptive),spread,218,41
Probability Density (adaptive),spread,219,61
Probability Density (adaptive),spread,220,45
Probability Density (adaptive),spread,221,47
Probability Density (adaptive),spread,222,32
Probability Density (adaptive),spread,223,51
Probability Density (adaptive),spread,224,52
Probability Density (adaptive),spread,225,39
Probability Density (adaptive),spread,226,41
Probability Density (adaptive),spread,227,42
Probability Density (adaptive),spread,228,40
Probability Density (adaptive),spread,229,61
Probability Density (adaptive),spread,230,39
Probability Density (adaptive),spread,231,37
Probability Density (adaptive),spread,232,63
Probability Density (adaptive),spread,233,45
Probability Density (adaptive),spread,234,68
Probability Density (adaptive),spread,235,56
Probability Density (adaptive),spread,236,36
Probability Density (adaptive),spread,237,39
Probability Density (adaptive),spread,238,45
Probability Density (adaptive),spread,239,49
Probability Density (adaptive),spread,240,40
Probability Density (adaptive),spread,241,34
Probability Density (adaptive),spread,242,57
Probability Density (adaptive),spread,243,43
Probability Density (adaptive),spread,244,56
Probability Density (adaptive),spread,245,41
Probability Density (adaptive),spread,246,46
Probability Density (adaptive),spread,247,37
Probability Density (adaptive),spread,248,44
Probability Density (adaptive),spread,249,36
Probability Density (adaptive),spread,250,42
Probability Density (adaptive),spread,251,34
Probability Density (adaptive),spread,252,39
Probability Density (adaptive),spread,253,55
Probability Density (adaptive),spread,254,49
Probability Density (adaptive),spread,255,62
Probability Density (adaptive),spread,256,49
Probability Density (adaptive),spread,257,49
Probability Density (adaptive),spread,258,51
Probability Density (adaptive),spread,259,36
Probability Density (adaptive),spread,260,57
Probability Density (adaptive),spread,261,41
Probability Density (adaptive),spread,262,44
Probability Density (adaptive),spread,263,55
Probability Density (adaptive),spread,264,44
Probability Density (adaptive),spread,265,35
Probability Density (adaptive),spread,266,48
Probability Density (adaptive),spread,267,33
Probability Density (adaptive),spread,268,37
Probability Density (adaptive),spread,269,34
Probability Density (adaptive),spread,270,39
Probability Density (adaptive),spread,271,38
Probability Density (adaptive),spread,272,32
Probability Density (adaptive),spread,273,37
Probability Density (adaptive),spread,274,40
Probability Density (adaptive),spread,275,44
Probability Density (adaptive),spread,276,44
Probability Density (adaptive),spread,277,47
Probability Density (adaptive),spread,278,55
Probability Density (adaptive),spread,279,51
Probability Density (adaptive),spread,280,37
Probability Density (adaptive),spread,281,46
Probability Density (adaptive),spread,282,41
Probability Density (adaptive),spread,283,65
Probability Density (adaptive),spread,284,49
Probability Density (adaptive),spread,285,47
Probability Density (adaptive),spread,286,45
Probability Density (adaptive),spread,287,45
Probability Density (adaptive),spread,288,40
Probability Density (adaptive),spread,289,29
Probability Density (adaptive),spread,290,35
Probability Density (adaptive),spread,291,67
Probability Density (adaptive),spread,292,44
Probability Density (adaptive),spread,293,49
Probability Density (adaptive),spread,294,42
Probability Density (adaptive),spread,295,65
Probability Density (adaptive),spread,296,34
Probability Density (adaptive),spread,297,39
Probability Density (adaptive),spread,298,47
Probability Density (adaptive),spread,299,43
Probability Density (adaptive),spread,300,44
Probability Density (adaptive),spread,301,31
Probability Density (adaptive),spread,302,46
Probability Density (adaptive),spread,303,50
Probability Density (adaptive),spread,304,42
Probability Density (adaptive),spread,305,52
Probability Density (adaptive),spread,306,49
Probability Density (adaptive),spread,307,38
Probability Density (adaptive),spread,308,48
Probability Density (adaptive),spread,309,54
Probability Density (adaptive),spread,310,40
Probability Density (adaptive),spread,311,58
Probability Density (adaptive),spread,312,34
Probability Density (adaptive),spread,313,46
Probability Density (adaptive),spread,314,57
Probability Density (adaptive),spread,315,47
Probability Density (adaptive),spread,316,52
Probability Density (adaptive),spread,317,47
Probability Density (adaptive),spread,318,53
Probability Density (adaptive),spread,319,46
Probability Density (adaptive),spread,320,51
Probability Density (adaptive),spread,321,45
Probability Density (adaptive),spread,322,51
Probability Density (adaptive),spread,323,59
Probability Density (adaptive),spread,324,39
Probability Density (adaptive),spread,325,61
Probability Density (adaptive),spread,326,43
Probability Density (adaptive),spread,327,34
Probability Density (adaptive),spread,328,54
Probability Density (adaptive),spread,329,48
Probability Density (adaptive),spread,330,32
Probability Density (adaptive),spread,331,40
Probability Density (adaptive),spread,332,37
Probability Density (adaptive),spread,333,37
Probability Density (adaptive),spread,334,38
Probability Density (adaptive),spread,335,44
Probability Density (adaptive),spread,336,43
Probability Density (adaptive),spread,337,50
Probability Density (adaptive),spread,338,59
Probability Density (adaptive),spread,339,56
Probability Density (adaptive),spread,340,50
Probability Density (adaptive),spread,341,40
Probability Density (adaptive),spread,342,48
Probability Density (adaptive),spread,343,50
Probability Density (adaptive),spread,344,42
Probability Density (adaptive),spread,345,67
Probability Density (adaptive),spread,346,50
Probability Density (adaptive),spread,347,50
Probability Density (adaptive),spread,348,40
Probability Density (adaptive),spread,349,52
Probability Density (adaptive),spread,350,45
Probability Density (adaptive),spread,351,39
Probability Density (adaptive),spread,352,46
Probability Density (adaptive),spread,353,31
Probability Density (adaptive),spread,354,36
Probability Density (adaptive),spread,355,48
Probability Density (adaptive),spread,356,42
Probability Density (adaptive),spread,357,44
Probability Density (adaptive),spread,358,42
Probability Density (adaptive),spread,359,50
Probability Density (adaptive),spread,360,47
Probability Density (adaptive),spread,361,31
Probability Density (adaptive),spread,362,34
Probability Density (adaptive),spread,363,29
Probability Density (adaptive),spread,364,46
Probability Density (adaptive),spread,365,42
Probability Density (adaptive),spread,366,36
Probability Density (adaptive),spread,367,59
Probability Density (adaptive),spread,368,50
Probability Density (adaptive),spread,369,47
Probability Density (adaptive),spread,370,37
Probability Density (adaptive),spread,371,28
Probability Density (adaptive),spread,372,36
Probability Density (adaptive),spread,373,35
Probability Density (adaptive),spread,374,35
Probability Density (adaptive),spread,375,53
Probability Density (adaptive),spread,376,33
Probability Density (adaptive),spread,377,35
Probability Density (adaptive),spread,378,35
Probability Density (adaptive),spread,379,38
Probability Density (adaptive),spread,380,44
Probability Density (adaptive),spread,381,36
Probability Density (adaptive),spread,382,57
Probability Density (adaptive),spread,383,50
Probability Density (adaptive),spread,384,47
Probability Density (adaptive),spread,385,67
Probability Density (adaptive),spread,386,50
Probability Density (adaptive),spread,387,33
Probability Density (adaptive),spread,388,49
Probability Density (adaptive),spread,389,51
Probability Density (adaptive),spread,390,42
Probability Density (adaptive),spread,391,34
Probability Density (adaptive),spread,392,44
Probability Density (adaptive),spread,393,41
Probability Density (adaptive),spread,394,59
Probability Density (adaptive),spread,395,47
Probability Density (adaptive),spread,396,44
Probability Density (adaptive),spread,397,38
Probability Density (adaptive),spread,398,47
Probability Density (adaptive),spread,399,46
Probability Density (adaptive),spread,400,45
Probability Density (adaptive),spread,401,45
Probability Density (adaptive),spread,402,47
Probability Density (adaptive),spread,403,47
Probability Density (adaptive),spread,404,38
Probability Density (adaptive),spread,405,48
Probability Density (adaptive),spread,406,40
Probability Density (adaptive),spread,407,37
Probability Density (adaptive),spread,408,43
Probability Density (adaptive),spread,409,34
Probability Density (adaptive),spread,410,31
Probability Density (adaptive),spread,411,37
Probability Density (adaptive),spread,412,49
Probability Density (adaptive),spread,413,50
Probability Density (adaptive),spread,414,46
Probability Density (adaptive),spread,415,38
Probability Density (adaptive),spread,416,36
Probability Density (adaptive),spread,417,64
Probability Density (adaptive),spread,418,34
Probability Density (adaptive),spread,419,50
Probability Density (adaptive),spread,420,42
Probability Density (adaptive),spread,421,35
Probability Density (adaptive),spread,422,36
Probability Density (adaptive),spread,423,44
Probability Density (adaptive),spread,424,40
Probability Density (adaptive),spread,425,43
Probability Density (adaptive),spread,426,40
Probability Density (adaptive),spread,427,37
Probability Density (adaptive),spread,428,44
Probability Density (adaptive),spread,429,37
Probability Density (adaptive),spread,430,46
Probability Density (adaptive),spread,431,41
Probability Density (adaptive),spread,432,51
Probability Density (adaptive),spread,433,59
Probability Density (adaptive),spread,434,29
Probability Density (adaptive),spread,435,45
Probability Density (adaptive),spread,436,42
Probability Density (adaptive),spread,437,37
Probability Density (adaptive),spread,438,62
Probability Density (adaptive),spread,439,44
Probability Density (adaptive),spread,440,40
Probability Density (adaptive),spread,441,35
Probability Density (adaptive),spread,442,46
Probability Density (adaptive),spread,443,66
Probability Density (adaptive),spread,444,36
Probability Density (adaptive),spread,445,35
Probability Density (adaptive),spread,446,41
Probability Density (adaptive),spread,447,58
Probability Density (adaptive),spread,448,42
Probability Density (adaptive),spread,449,67
Probability Density (adaptive),spread,450,54
Probability Density (adaptive),spread,451,49
Probability Density (adaptive),spread,452,43
Probability Density (adaptive),spread,453,42
Probability Density (adaptive),spread,454,47
Probability Density (adaptive),spread,455,29
Probability Density (adaptive),spread,456,43
Probability Density (adaptive),spread,457,48
Probability Density (adaptive),spread,458,36
Probability Density (adaptive),spread,459,51
Probability Density (adaptive),spread,460,43
Probability Density (adaptive),spread,461,41
Probability Density (adaptive),spread,462,57
Probability Density (adaptive),spread,463,50
Probability Density (adaptive),spread,464,43
Probability Density (adaptive),spread,465,62
Probability Density (adaptive),spread,466,41
Probability Density (adaptive),spread,467,38
Probability Density (adaptive),spread,468,63
Probability Density (adaptive),spread,469,43
Probability Density (adaptive),spread,470,49
Probability Density (adaptive),spread,471,32
Probability Density (adaptive),spread,472,35
Probability Density (adaptive),spread,473,50
Probability Density (adaptive),spread,474,37
Probability Density (adaptive),spread,475,49
Probability Density (adaptive),spread,476,34
Probability Density (adaptive),spread,477,34
Probability Density (adaptive),spread,478,35
Probability Density (adaptive),spread,479,41
Probability Density (adaptive),spread,480,34
Probability Density (adaptive),spread,481,38
Probability Density (adaptive),spread,482,54
Probability Density (adaptive),spread,483,45
Probability Density (adaptive),spread,484,39
Probability Density (adaptive),spread,485,37
Probability Density (adaptive),spread,486,30
Probability Density (adaptive),spread,487,57
Probability Density (adaptive),spread,488,45
Probability Density (adaptive),spread,489,56
Probability Density (adaptive),spread,490,41
Probability Density (adaptive),spread,491,31
Probability Density (adaptive),spread,492,40
Probability Density (adaptive),spread,493,36
Probability Density (adaptive),spread,494,36
Probability Density (adaptive),spread,495,36
Probability Density (adaptive),spread,496,41
Probability Density (adaptive),spread,497,32
Probability Density (adaptive),spread,498,49
Probability Density (adaptive),spread,499,45
Probability Density (adaptive),spread,500,39
Probability Density (adaptive),spread,501,39
Probability Density (adaptive),spread,502,46
Probability Density (adaptive),spread,503,49
Probability Density (adaptive),spread,504,70
Probability Density (adaptive),spread,505,35
Probability Density (adaptive),spread,506,36
Probability Density (adaptive),spread,507,49
Probability Density (adaptive),spread,508,39
Probability Density (adaptive),spread,509,49
Probability Density (adaptive),spread,510,38
Probability Density (adaptive),spread,511,35
Probability Density (adaptive),spread,512,43
Probability Density (adaptive),spread,513,59
Probability Density (adaptive),spread,514,48
Probability Density (adaptive),spread,515,44
Probability Density (adaptive),spread,516,42
Probability Density (adaptive),spread,517,37
Probability Density (adaptive),spread,518,48
Probability Density (adaptive),spread,519,32
Probability Density (adaptive),spread,520,42
Probability Density (adaptive),spread,521,46
Probability Density (adaptive),spread,522,41
Probability Density (adaptive),spread,523,38
Probability Density (adaptive),spread,524,40
Probability Density (adaptive),spread,525,30
Probability Density (adaptive),spread,526,55
Probability Density (adaptive),spread,527,46
Probability Density (adaptive),spread,528,39
Probability Density (adaptive),spread,529,48
Probability Density (adaptive),spread,530,41
Probability Density (adaptive),spread,531,48
Probability Density (adaptive),spread,532,48
Probability Density (adaptive),spread,533,55
Probability Density (adaptive),spread,534,51
Probability Density (adaptive),spread,535,38
Probability Density (adaptive),spread,536,38
Probability Density (adaptive),spread,537,51
Probability Density (adaptive),spread,538,45
Probability Density (adaptive),spread,539,35
Probability Density (adaptive),spread,540,26
Probability Density (adaptive),spread,541,46
Probability Density (adaptive),spread,542,52
Probability Density (adaptive),spread,543,36
Probability Density (adaptive),spread,544,51
Probability Density (adaptive),spread,545,36
Probability Density (adaptive),spread,546,46
Probability Density (adaptive),spread,547,32
Probability Density (adaptive),spread,548,41
Probability Density (adaptive),spread,549,36
Probability Density (adaptive),spread,550,49
Probability Density (adaptive),spread,551,53
Probability Density (adaptive),spread,552,59
Probability Density (adaptive),spread,553,66
Probability Density (adaptive),spread,554,53
Probability Density (adaptive),spread,555,49
Probability Density (adaptive),spread,556,45
Probability Density (adaptive),spread,557,39
Probability Density (adaptive),spread,558,31
Probability Density (adaptive),spread,559,67
Probability Density (adaptive),spread,560,50
Probability Density (adaptive),spread,561,40
Probability Density (adaptive),spread,562,37
Probability Density (adaptive),spread,563,48
Probability Density (adaptive),spread,564,51
Probability Density (adaptive),spread,565,49
Probability Density (adaptive),spread,566,45
Probability Density (adaptive),spread,567,34
Probability Density (adaptive),spread,568,45
Probability Density (adaptive),spread,569,65
Probability Density (adaptive),spread,570,43
Probability Density (adaptive),spread,571,62
Probability Density (adaptive),spread,572,35
Probability Density (adaptive),spread,573,42
Probability Density (adaptive),spread,574,43
Probability Density (adaptive),spread,575,52
Probability Density (adaptive),spread,576,48
Probability Density (adaptive),spread,577,46
Probability Density (adaptive),spread,578,49
Probability Density (adaptive),spread,579,45
Probability Density (adaptive),spread,580,47
Probability Density (adaptive),spread,581,59
Probability Density (adaptive),spread,582,42
Probability Density (adaptive),spread,583,48
Probability Density (adaptive),spread,584,37
Probability Density (adaptive),spread,585,34
Probability Density (adaptive),spread,586,40
Probability Density (adaptive),spread,587,53
Probability Density (adaptive),spread,588,52
Probability Density (adaptive),spread,589,51
Probability Density (adaptive),spread,590,50
Probability Density (adaptive),spread,591,39
Probability Density (adaptive),spread,592,32
Probability Density (adaptive),spread,593,46
Probability Density (adaptive),spread,594,34
Probability Density (adaptive),spread,595,42
Probability Density (adaptive),spread,596,58
Probability Density (adaptive),spread,597,49
Probability Density (adaptive),spread,598,37
Probability Density (adaptive),spread,599,65
Probability Density (adaptive),spread,600,44
Probability Density (adaptive),spread,601,40
Probability Density (adaptive),spread,602,34
Probability Density (adaptive),spread,603,49
Probability Density (adaptive),spread,604,36
Probability Density (adaptive),spread,605,39
Probability Density (adaptive),spread,606,40
Probability Density (adaptive),spread,607,47
Probability Density (adaptive),spread,608,53
Probability Density (adaptive),spread,609,41
Probability Density (adaptive),spread,610,52
Probability Density (adaptive),spread,611,38
Probability Density (adaptive),spread,612,40
Probability Density (adaptive),spread,613,37
Probability Density (adaptive),spread,614,43
Probability Density (adaptive),spread,615,52
Probability Density (adaptive),spread,616,35
Probability Density (adaptive),spread,617,44
Probability Density (adaptive),spread,618,54
Probability Density (adaptive),spread,619,55
Probability Density (adaptive),spread,620,46
Probability Density (adaptive),spread,621,39
Probability Density (adaptive),spread,622,60
Probability Density (adaptive),spread,623,54
Probability Density (adaptive),spread,624,35
Probability Density (adaptive),spread,625,57
Probability Density (adaptive),spread,626,41
Probability Density (adaptive),spread,627,52
Probability Density (adaptive),spread,628,41
Probability Density (adaptive),spread,629,58
Probability Density (adaptive),spread,630,42
Probability Density (adaptive),spread,631,42
Probability Density (adaptive),spread,632,53
Probability Density (adaptive),spread,633,44
Probability Density (adaptive),spread,634,54
Probability Density (adaptive),spread,635,29
Probability Density (adaptive),spread,636,34
Probability Density (adaptive),spread,637,52
Probability Density (adaptive),spread,638,46
Probability Density (adaptive),spread,639,36
Probability Density (adaptive),spread,640,53
Probability Density (adaptive),spread,641,41
Probability Density (adaptive),spread,642,43
Probability Density (adaptive),spread,643,42
Probability Density (adaptive),spread,644,36
Probability Density (adaptive),spread,645,42
Probability Density (adaptive),spread,646,57
Probability Density (adaptive),spread,647,54
Probability Density (adaptive),spread,648,49
Probability Density (adaptive),spread,649,30
Probability Density (adaptive),spread,650,56
Probability Density (adaptive),spread,651,39
Probability Density (adaptive),spread,652,40
Probability Density (adaptive),spread,653,44
Probability Density (adaptive),spread,654,50
Probability Density (adaptive),spread,655,40
Probability Density (adaptive),spread,656,45
Probability Density (adaptive),spread,657,60
Probability Density (adaptive),spread,658,38
Probability Density (adaptive),spread,659,54
Probability Density (adaptive),spread,660,36
Probability Density (adaptive),spread,661,53
Probability Density (adaptive),spread,662,52
Probability Density (adaptive),spread,663,52
Probability Density (adaptive),spread,664,43
Probability Density (adaptive),spread,665,44
Probability Density (adaptive),spread,666,37
Probability Density (adaptive),spread,667,36
Probability Density (adaptive),spread,668,40
Probability Density (adaptive),spread,669,48
Probability Density (adaptive),spread,670,58
Probability Density (adaptive),spread,671,46
Probability Density (adaptive),spread,672,46
Probability Density (adaptive),spread,673,41
Probability Density (adaptive),spread,674,70
Probability Density (adaptive),spread,675,38
Probability Density (adaptive),spread,676,41
Probability Density (adaptive),spread,677,38
Probability Density (adaptive),spread,678,47
Probability Density (adaptive),spread,679,58
Probability Density (adaptive),spread,680,49
Probability Density (adaptive),spread,681,46
Probability Density (adaptive),spread,682,38
Probability Density (adaptive),spread,683,54
Probability Density (adaptive),spread,684,31
Probability Density (adaptive),spread,685,38
Probability Density (adaptive),spread,686,47
Probability Density (adaptive),spread,687,28
Probability Density (adaptive),spread,688,56
Probability Density (adaptive),spread,689,46
Probability Density (adaptive),spread,690,31
Probability Density (adaptive),spread,691,31
Probability Density (adaptive),spread,692,38
Probability Density (adaptive),spread,693,43
Probability Density (adaptive),spread,694,48
Probability Density (adaptive),spread,695,43
Probability Density (adaptive),spread,696,43
Probability Density (adaptive),spread,697,33
Probability Density (adaptive),spread,698,39
Probability Density (adaptive),spread,699,46
Probability Density (adaptive),spread,700,55
Probability Density (adaptive),spread,701,44
Probability Density (adaptive),spread,702,56
Probability Density (adaptive),spread,703,65
Probability Density (adaptive),spread,704,44
Probability Density (adaptive),spread,705,46
Probability Density (adaptive),spread,706,48
Probability Density (adaptive),spread,707,42
Probability Density (adaptive),spread,708,33
Probability Density (adaptive),spread,709,44
Probability Density (adaptive),spread,710,38
Probability Density (adaptive),spread,711,32
Probability Density (adaptive),spread,712,56
Probability Density (adaptive),spread,713,58
Probability Density (adaptive),spread,714,59
Probability Density (adaptive),spread,715,53
Probability Density (adaptive),spread,716,37
Probability Density (adaptive),spread,717,41
Probability Density (adaptive),spread,718,39
Probability Density (adaptive),spread,719,36
Probability Density (adaptive),spread,720,48
Probability Density (adaptive),spread,721,61
Probability Density (adaptive),spread,722,48
Probability Density (adaptive),spread,723,47
Probability Density (adaptive),spread,724,32
Probability Density (adaptive),spread,725,41
Probability Density (adaptive),spread,726,41
Probability Density (adaptive),spread,727,41
Probability Density (adaptive),spread,728,50
Probability Density (adaptive),spread,729,50
Probability Density (adaptive),spread,730,41
Probability Density (adaptive),spread,731,43
Probability Density (adaptive),spread,732,43
Probability Density (adaptive),spread,733,50
Probability Density (adaptive),spread,734,47
Probability Density (adaptive),spread,735,47
Probability Density (adaptive),spread,736,37
Probability Density (adaptive),spread,737,39
Probability Density (adaptive),spread,738,49
Probability Density (adaptive),spread,739,38
Probability Density (adaptive),spread,740,44
Probability Density (adaptive),spread,741,41
Probability Density (adaptive),spread,742,36
Probability Density (adaptive),spread,743,34
Probability Density (adaptive),spread,744,43
Probability Density (adaptive),spread,745,50
Probability Density (adaptive),spread,746,39
Probability Density (adaptive),spread,747,41
Probability Density (adaptive),spread,748,31
Probability Density (adaptive),spread,749,32
Probability Density (adaptive),spread,750,58
Probability Density (adaptive),spread,751,44
Probability Density (adaptive),spread,752,49
Probability Density (adaptive),spread,753,43
Probability Density (adaptive),spread,754,35
Probability Density (adaptive),spread,755,56
Probability Density (adaptive),spread,756,49
Probability Density (adaptive),spread,757,52
Probability Density (adaptive),spread,758,45
Probability Density (adaptive),spread,759,39
Probability Density (adaptive),spread,760,34
Probability Density (adaptive),spread,761,38
Probability Density (adaptive),spread,762,49
Probability Density (adaptive),spread,763,33
Probability Density (adaptive),spread,764,53
Probability Density (adaptive),spread,765,59
Probability Density (adaptive),spread,766,51
Probability Density (adaptive),spread,767,55
Probability Density (adaptive),spread,768,56
Probability Density (adaptive),spread,769,43
Probability Density (adaptive),spread,770,36
Probability Density (adaptive),spread,771,38
Probability Density (adaptive),spread,772,52
Probability Density (adaptive),spread,773,60
Probability Density (adaptive),spread,774,54
Probability Density (adaptive),spread,775,49
Probability Density (adaptive),spread,776,61
Probability Density (adaptive),spread,777,46
Probability Density (adaptive),spread,778,41
Probability Density (adaptive),spread,779,62
Probability Density (adaptive),spread,780,42
Probability Density (adaptive),spread,781,50
Probability Density (adaptive),spread,782,60
Probability Density (adaptive),spread,783,53
Probability Density (adaptive),spread,784,42
Probability Density (adaptive),spread,785,46
Probability Density (adaptive),spread,786,33
Probability Density (adaptive),spread,787,52
Probability Density (adaptive),spread,788,39
Probability Density (adaptive),spread,789,36
Probability Density (adaptive),spread,790,48
Probability Density (adaptive),spread,791,39
Probability Density (adaptive),spread,792,47
Probability Density (adaptive),spread,793,44
Probability Density (adaptive),spread,794,45
Probability Density (adaptive),spread,795,50
Probability Density (adaptive),spread,796,63
Probability Density (adaptive),spread,797,44
Probability Density (adaptive),spread,798,45
Probability Density (adaptive),spread,799,62
Probability Density (adaptive),spread,800,56
Probability Density (adaptive),spread,801,37
Probability Density (adaptive),spread,802,42
Probability Density (adaptive),spread,803,54
Probability Density (adaptive),spread,804,42
Probability Density (adaptive),spread,805,42
Probability Density (adaptive),spread,806,47
Probability Density (adaptive),spread,807,46
Probability Density (adaptive),spread,808,32
Probability Density (adaptive),spread,809,52
Probability Density (adaptive),spread,810,41
Probability Density (adaptive),spread,811,67
Probability Density (adaptive),spread,812,39
Probability Density (adaptive),spread,813,35
Probability Density (adaptive),spread,814,52
Probability Density (adaptive),spread,815,37
Probability Density (adaptive),spread,816,34
Probability Density (adaptive),spread,817,39
Probability Density (adaptive),spread,818,52
Probability Density (adaptive),spread,819,60
Probability Density (adaptive),spread,820,41
Probability Density (adaptive),spread,821,32
Probability Density (adaptive),spread,822,60
Probability Density (adaptive),spread,823,51
Probability Density (adaptive),spread,824,51
Probability Density (adaptive),spread,825,44
Probability Density (adaptive),spread,826,43
Probability Density (adaptive),spread,827,52
Probability Density (adaptive),spread,828,48
Probability Density (adaptive),spread,829,40
Probability Density (adaptive),spread,830,49
Probability Density (adaptive),spread,831,41
Probability Density (adaptive),spread,832,47
Probability Density (adaptive),spread,833,41
Probability Density (adaptive),spread,834,57
Probability Density (adaptive),spread,835,36
Probability Density (adaptive),spread,836,50
Probability Density (adaptive),spread,837,40
Probability Density (adaptive),spread,838,36
Probability Density (adaptive),spread,839,31
Probability Density (adaptive),spread,840,46
Probability Density (adaptive),spread,841,45
Probability Density (adaptive),spread,842,35
Probability Density (adaptive),spread,843,39
Probability Density (adaptive),spread,844,36
Probability Density (adaptive),spread,845,34
Probability Density (adaptive),spread,846,35
Probability Density (adaptive),spread,847,36
Probability Density (adaptive),spread,848,39
Probability Density (adaptive),spread,849,36
Probability Density (adaptive),spread,850,40
Probability Density (adaptive),spread,851,39
Probability Density (adaptive),spread,852,56
Probability Density (adaptive),spread,853,51
Probability Density (adaptive),spread,854,40
Probability Density (adaptive),spread,855,36
Probability Density (adaptive),spread,856,42
Probability Density (adaptive),spread,857,35
Probability Density (adaptive),spread,858,41
Probability Density (adaptive),spread,859,36
Probability Density (adaptive),spread,860,53
Probability Density (adaptive),spread,861,53
Probability Density (adaptive),spread,862,41
Probability Density (adaptive),spread,863,55
Probability Density (adaptive),spread,864,37
Probability Density (adaptive),spread,865,45
Probability Density (adaptive),spread,866,45
Probability Density (adaptive),spread,867,36
Probability Density (adaptive),spread,868,42
Probability Density (adaptive),spread,869,38
Probability Density (adaptive),spread,870,43
Probability Density (adaptive),spread,871,49
Probability Density (adaptive),spread,872,42
Probability Density (adaptive),spread,873,37
Probability Density (adaptive),spread,874,39
Probability Density (adaptive),spread,875,63
Probability Density (adaptive),spread,876,50
Probability Density (adaptive),spread,877,44
Probability Density (adaptive),spread,878,42
Probability Density (adaptive),spread,879,48
Probability Density (adaptive),spread,880,38
Probability Density (adaptive),spread,881,47
Probability Density (adaptive),spread,882,45
Probability Density (adaptive),spread,883,46
Probability Density (adaptive),spread,884,55
Probability Density (adaptive),spread,885,53
Probability Density (adaptive),spread,886,49
Probability Density (adaptive),spread,887,49
Probability Density (adaptive),spread,888,46
Probability Density (adaptive),spread,889,49
Probability Density (adaptive),spread,890,49
Probability Density (adaptive),spread,891,35
Probability Density (adaptive),spread,892,31
Probability Density (adaptive),spread,893,48
Probability Density (adaptive),spread,894,40
Probability Density (adaptive),spread,895,34
Probability Density (adaptive),spread,896,36
Probability Density (adaptive),spread,897,53
Probability Density (adaptive),spread,898,31
Probability Density (adaptive),spread,899,44
Probability Density (adaptive),spread,900,48
Probability Density (adaptive),spread,901,49
Probability Density (adaptive),spread,902,37
Probability Density (adaptive),spread,903,35
Probability Density (adaptive),spread,904,47
Probability Density (adaptive),spread,905,31
Probability Density (adaptive),spread,906,49
Probability Density (adaptive),spread,907,41
Probability Density (adaptive),spread,908,44
Probability Density (adaptive),spread,909,44
Probability Density (adaptive),spread,910,40
Probability Density (adaptive),spread,911,53
Probability Density (adaptive),spread,912,51
Probability Density (adaptive),spread,913,48
Probability Density (adaptive),spread,914,38
Probability Density (adaptive),spread,915,64
Probability Density (adaptive),spread,916,52
Probability Density (adaptive),spread,917,56
Probability Density (adaptive),spread,918,41
Probability Density (adaptive),spread,919,47
Probability Density (adaptive),spread,920,35
Probability Density (adaptive),spread,921,33
Probability Density (adaptive),spread,922,55
Probability Density (adaptive),spread,923,64
Probability Density (adaptive),spread,924,45
Probability Density (adaptive),spread,925,42
Probability Density (adaptive),spread,926,60
Probability Density (adaptive),spread,927,38
Probability Density (adaptive),spread,928,39
Probability Density (adaptive),spread,929,34
Probability Density (adaptive),spread,930,49
Probability Density (adaptive),spread,931,51
Probability Density (adaptive),spread,932,36
Probability Density (adaptive),spread,933,39
Probability Density (adaptive),spread,934,31
Probability Density (adaptive),spread,935,51
Probability Density (adaptive),spread,936,41
Probability Density (adaptive),spread,937,40
Probability Density (adaptive),spread,938,68
Probability Density (adaptive),spread,939,42
Probability Density (adaptive),spread,940,42
Probability Density (adaptive),spread,941,31
Probability Density (adaptive),spread,942,43
Probability Density (adaptive),spread,943,42
Probability Density (adaptive),spread,944,33
Probability Density (adaptive),spread,945,44
Probability Density (adaptive),spread,946,49
Probability Density (adaptive),spread,947,42
Probability Density (adaptive),spread,948,40
Probability Density (adaptive),spread,949,49
Probability Density (adaptive),spread,950,41
Probability Density (adaptive),spread,951,40
Probability Density (adaptive),spread,952,51
Probability Density (adaptive),spread,953,59
Probability Density (adaptive),spread,954,46
Probability Density (adaptive),spread,955,34
Probability Density (adaptive),spread,956,43
Probability Density (adaptive),spread,957,43
Probability Density (adaptive),spread,958,53
Probability Density (adaptive),spread,959,37
Probability Density (adaptive),spread,960,56
Probability Density (adaptive),spread,961,41
Probability Density (adaptive),spread,962,51
Probability Density (adaptive),spread,963,38
Probability Density (adaptive),spread,964,43
Probability Density (adaptive),spread,965,33
Probability Density (adaptive),spread,966,47
Probability Density (adaptive),spread,967,46
Probability Density (adaptive),spread,968,44
Probability Density (adaptive),spread,969,49
Probability Density (adaptive),spread,970,34
Probability Density (adaptive),spread,971,40
Probability Density (adaptive),spread,972,36
Probability Density (adaptive),spread,973,36
Probability Density (adaptive),spread,974,47
Probability Density (adaptive),spread,975,52
Probability Density (adaptive),spread,976,54
Probability Density (adaptive),spread,977,39
Probability Density (adaptive),spread,978,40
Probability Density (adaptive),spread,979,45
Probability Density (adaptive),spread,980,35
Probability Density (adaptive),spread,981,60
Probability Density (adaptive),spread,982,47
Probability Density (adaptive),spread,983,41
Probability Density (adaptive),spread,984,53
Probability Density (adaptive),spread,985,42
Probability Density (adaptive),spread,986,56
Probability Density (adaptive),spread,987,48
Probability Density (adaptive),spread,988,57
Probability Density (adaptive),spread,989,52
Probability Density (adaptive),spread,990,58
Probability Density (adaptive),spread,991,32
Probability Density (adaptive),spread,992,35
Probability Density (adaptive),spread,993,55
Probability Density (adaptive),spread,994,42
Probability Density (adaptive),spread,995,42
Probability Density (adaptive),spread,996,65
Probability Density (adaptive),spread,997,38
Probability Density (adaptive),spread,998,46
Probability Density (adaptive),spread,999,56
Probability Density (adaptive),spread,1000,48
Probability Density (adaptive),spread,1001,49
Probability Density (adaptive),spread,1002,38
Probability Density (adaptive),spread,1003,50
Probability Density (adaptive),spread,1004,45
Probability Density (adaptive),spread,1005,42
Probability Density (adaptive),spread,1006,59
Probability Density (adaptive),spread,1007,46
Probability Density (adaptive),spread,1008,43
Probability Density (adaptive),spread,1009,41
Probability Density (adaptive),spread,1010,41
Probability Density (adaptive),spread,1011,53
Probability Density (adaptive),spread,1012,51
Probability Density (adaptive),spread,1013,50
Probability Density (adaptive),spread,1014,37
Probability Density (adaptive),spread,1015,41
Probability Density (adaptive),spread,1016,52
Probability Density (adaptive),spread,1017,36
Probability Density (adaptive),spread,1018,44
Probability Density (adaptive),spread,1019,43
Probability Density (adaptive),spread,1020,54
Probability Density (adaptive),spread,1021,37
Probability Density (adaptive),spread,1022,40
Probability Density (adaptive),spread,1023,34
Probability Density (adaptive),spread,1024,47
Probability Density (adaptive),spread,1025,44
Probability Density (adaptive),spread,1026,41
Probability Density (adaptive),spread,1027,37
Probability Density (adaptive),spread,1028,62
Probability Density (adaptive),spread,1029,45
Probability Density (adaptive),spread,1030,67
Probability Density (adaptive),spread,1031,28
Probability Density (adaptive),spread,1032,41
Probability Density (adaptive),spread,1033,44
Probability Density (adaptive),spread,1034,52
Probability Density (adaptive),spread,1035,41
Probability Density (adaptive),spread,1036,32
Probability Density (adaptive),spread,1037,51
Probability Density (adaptive),spread,1038,44
Probability Density (adaptive),spread,1039,48
Probability Density (adaptive),spread,1040,44
Probability Density (adaptive),spread,1041,47
Probability Density (adaptive),spread,1042,45
Probability Density (adaptive),spread,1043,31
Probability Density (adaptive),spread,1044,66
Probability Density (adaptive),spread,1045,36
Probability Density (adaptive),spread,1046,45
Probability Density (adaptive),spread,1047,62
Probability Density (adaptive),spread,1048,63
Probability Density (adaptive),spread,1049,57
Probability Density (adaptive),spread,1050,39
Probability Density (adaptive),spread,1051,35
Probability Density (adaptive),spread,1052,43
Probability Density (adaptive),spread,1053,46
Probability Density (adaptive),spread,1054,36
Probability Density (adaptive),spread,1055,50
Probability Density (adaptive),spread,1056,40
Probability Density (adaptive),spread,1057,45
Probability Density (adaptive),spread,1058,41
Probability Density (adaptive),spread,1059,39
Probability Density (adaptive),spread,1060,43
Probability Density (adaptive),spread,1061,45
Probability Density (adaptive),spread,1062,42
Probability Density (adaptive),spread,1063,34
Probability Density (adaptive),spread,1064,39
Probability Density (adaptive),spread,1065,49
Probability Density (adaptive),spread,1066,40
Probability Density (adaptive),spread,1067,38
Probability Density (adaptive),spread,1068,29
Probability Density (adaptive),spread,1069,46
Probability Density (adaptive),spread,1070,59
Probability Density (adaptive),spread,1071,41
Probability Density (adaptive),spread,1072,43
Probability Density (adaptive),spread,1073,38
Probability Density (adaptive),spread,1074,35
Probability Density (adaptive),spread,1075,45
Probability Density (adaptive),spread,1076,39
Probability Density (adaptive),spread,1077,51
Probability Density (adaptive),spread,1078,61
Probability Density (adaptive),spread,1079,38
Probability Density (adaptive),spread,1080,38
Probability Density (adaptive),spread,1081,50
Probability Density (adaptive),spread,1082,58
Probability Density (adaptive),spread,1083,48
Probability Density (adaptive),spread,1084,49
Probability Density (adaptive),spread,1085,40
Probability Density (adaptive),spread,1086,68
Probability Density (adaptive),spread,1087,64
Probability Density (adaptive),spread,1088,49
Probability Density (adaptive),spread,1089,29
Probability Density (adaptive),spread,1090,42
Probability Density (adaptive),spread,1091,52
Probability Density (adaptive),spread,1092,55
Probability Density (adaptive),spread,1093,44
Probability Density (adaptive),spread,1094,50
Probability Density (adaptive),spread,1095,29
Probability Density (adaptive),spread,1096,63
Probability Density (adaptive),spread,1097,49
Probability Density (adaptive),spread,1098,48
Probability Density (adaptive),spread,1099,47
Probability Density (adaptive),spread,1100,53
Probability Density (adaptive),spread,1101,45
Probability Density (adaptive),spread,1102,48
Probability Density (adaptive),spread,1103,51
Probability Density (adaptive),spread,1104,43
Probability Density (adaptive),spread,1105,51
Probability Density (adaptive),spread,1106,44
Probability Density (adaptive),spread,1107,40
Probability Density (adaptive),spread,1108,38
Probability Density (adaptive),spread,1109,31
Probability Density (adaptive),spread,1110,38
Probability Density (adaptive),spread,1111,33
Probability Density (adaptive),spread,1112,34
Probability Density (adaptive),spread,1113,52
Probability Density (adaptive),spread,1114,39
Probability Density (adaptive),spread,1115,46
Probability Density (adaptive),spread,1116,44
Probability Density (adaptive),spread,1117,43
Probability Density (adaptive),spread,1118,40
Probability Density (adaptive),spread,1119,46
Probability Density (adaptive),spread,1120,37
Probability Density (adaptive),spread,1121,38
Probability Density (adaptive),spread,1122,40
Probability Density (adaptive),spread,1123,54
Probability Density (adaptive),spread,1124,35
Probability Density (adaptive),spread,1125,42
Probability Density (adaptive),spread,1126,37
Probability Density (adaptive),spread,1127,41
Probability Density (adaptive),spread,1128,58
Probability Density (adaptive),spread,1129,50
Probability Density (adaptive),spread,1130,59
Probability Density (adaptive),spread,1131,44
Probability Density (adaptive),spread,1132,46
Probability Density (adaptive),spread,1133,42
Probability Density (adaptive),spread,1134,41
Probability Density (adaptive),spread,1135,37
Probability Density (adaptive),spread,1136,41
Probability Density (adaptive),spread,1137,34
Probability Density (adaptive),spread,1138,48
Probability Density (adaptive),spread,1139,48
Probability Density (adaptive),spread,1140,62
Probability Density (adaptive),spread,1141,42
Probability Density (adaptive),spread,1142,34
Probability Density (adaptive),spread,1143,57
Probability Density (adaptive),spread,1144,47
Probability Density (adaptive),spread,1145,64
Probability Density (adaptive),spread,1146,48
Probability Density (adaptive),spread,1147,40
Probability Density (adaptive),spread,1148,30
Probability Density (adaptive),spread,1149,37
Probability Density (adaptive),spread,1150,41
Probability Density (adaptive),spread,1151,43
Probability Density (adaptive),spread,1152,39
Probability Density (adaptive),spread,1153,58
Probability Density (adaptive),spread,1154,42
Probability Density (adaptive),spread,1155,53
Probability Density (adaptive),spread,1156,37
Probability Density (adaptive),spread,1157,54
Probability Density (adaptive),spread,1158,50
Probability Density (adaptive),spread,1159,42
Probability Density (adaptive),spread,1160,46
Probability Density (adaptive),spread,1161,64
Probability Density (adaptive),spread,1162,49
Probability Density (adaptive),spread,1163,45
Probability Density (adaptive),spread,1164,44
Probability Density (adaptive),spread,1165,33
Probability Density (adaptive),spread,1166,51
Probability Density (adaptive),spread,1167,34
Probability Density (adaptive),spread,1168,44
Probability Density (adaptive),spread,1169,45
Probability Density (adaptive),spread,1170,44
Probability Density (adaptive),spread,1171,41
Probability Density (adaptive),spread,1172,34
Probability Density (adaptive),spread,1173,63
Probability Density (adaptive),spread,1174,42
Probability Density (adaptive),spread,1175,42
Probability Density (adaptive),spread,1176,54
Probability Density (adaptive),spread,1177,51
Probability Density (adaptive),spread,1178,45
Probability Density (adaptive),spread,1179,58
Probability Density (adaptive),spread,1180,53
Probability Density (adaptive),spread,1181,40
Probability Density (adaptive),spread,1182,39
Probability Density (adaptive),spread,1183,44
Probability Density (adaptive),spread,1184,47
Probability Density (adaptive),spread,1185,55
Probability Density (adaptive),spread,1186,45
Probability Density (adaptive),spread,1187,35
Probability Density (adaptive),spread,1188,43
Probability Density (adaptive),spread,1189,50
Probability Density (adaptive),spread,1190,43
Probability Density (adaptive),spread,1191,38
Probability Density (adaptive),spread,1192,50
Probability Density (adaptive),spread,1193,44
Probability Density (adaptive),spread,1194,37
Probability Density (adaptive),spread,1195,41
Probability Density (adaptive),spread,1196,33
Probability Density (adaptive),spread,1197,53
Probability Density (adaptive),spread,1198,35
Probability Density (adaptive),spread,1199,42
Probability Density (adaptive),spread,1200,32
Probability Density (adaptive),spread,1201,39
Probability Density (adaptive),spread,1202,41
Probability Density (adaptive),spread,1203,50
Probability Density (adaptive),spread,1204,36
Probability Density (adaptive),spread,1205,44
Probability Density (adaptive),spread,1206,45
Probability Density (adaptive),spread,1207,42
Probability Density (adaptive),spread,1208,59
Probability Density (adaptive),spread,1209,34
Probability Density (adaptive),spread,1210,35
Probability Density (adaptive),spread,1211,62
Probability Density (adaptive),spread,1212,43
Probability Density (adaptive),spread,1213,47
Probability Density (adaptive),spread,1214,28
Probability Density (adaptive),spread,1215,50
Probability Density (adaptive),spread,1216,39
Probability Density (adaptive),spread,1217,52
Probability Density (adaptive),spread,1218,47
Probability Density (adaptive),spread,1219,42
Probability Density (adaptive),spread,1220,34
Probability Density (adaptive),spread,1221,54
Probability Density (adaptive),spread,1222,39
Probability Density (adaptive),spread,1223,38
Probability Density (adaptive),spread,1224,54
Probability Density (adaptive),spread,1225,49
Probability Density (adaptive),spread,1226,52
Probability Density (adaptive),spread,1227,30
Probability Density (adaptive),spread,1228,49
Probability Density (adaptive),spread,1229,52
Probability Density (adaptive),spread,1230,47
Probability Density (adaptive),spread,1231,31
Probability Density (adaptive),spread,1232,43
Probability Density (adaptive),spread,1233,35
Probability Density (adaptive),spread,1234,49
Probability Density (adaptive),spread,1235,29
Probability Density (adaptive),spread,1236,27
Probability Density (adaptive),spread,1237,32
Probability Density (adaptive),spread,1238,54
Probability Density (adaptive),spread,1239,39
Probability Density (adaptive),spread,1240,42
Probability Density (adaptive),spread,1241,55
Probability Density (adaptive),spread,1242,36
Probability Density (adaptive),spread,1243,33
Probability Density (adaptive),spread,1244,42
Probability Density (adaptive),spread,1245,47
Probability Density (adaptive),spread,1246,35
Probability Density (adaptive),spread,1247,44
Probability Density (adaptive),spread,1248,44
Probability Density (adaptive),spread,1249,45
Probability Density (adaptive),spread,1250,54
Probability Density (adaptive),spread,1251,42
Probability Density (adaptive),spread,1252,39
Probability Density (adaptive),spread,1253,35
Probability Density (adaptive),spread,1254,41
Probability Density (adaptive),spread,1255,42
Probability Density (adaptive),spread,1256,46
Probability Density (adaptive),spread,1257,34
Probability Density (adaptive),spread,1258,52
Probability Density (adaptive),spread,1259,36
Probability Density (adaptive),spread,1260,53
Probability Density (adaptive),spread,1261,35
Probability Density (adaptive),spread,1262,39
Probability Density (adaptive),spread,1263,39
Probability Density (adaptive),spread,1264,45
Probability Density (adaptive),spread,1265,58
Probability Density (adaptive),spread,1266,41
Probability Density (adaptive),spread,1267,42
Probability Density (adaptive),spread,1268,52
Probability Density (adaptive),spread,1269,40
Probability Density (adaptive),spread,1270,48
Probability Density (adaptive),spread,1271,44
Probability Density (adaptive),spread,1272,41
Probability Density (adaptive),spread,1273,43
Probability Density (adaptive),spread,1274,45
Probability Density (adaptive),spread,1275,48
Probability Density (adaptive),spread,1276,42
Probability Density (adaptive),spread,1277,64
Probability Density (adaptive),spread,1278,43
Probability Density (adaptive),spread,1279,42
Probability Density (adaptive),spread,1280,68
Probability Density (adaptive),spread,1281,44
Probability Density (adaptive),spread,1282,41
Probability Density (adaptive),spread,1283,34
Probability Density (adaptive),spread,1284,51
Probability Density (adaptive),spread,1285,48
Probability Density (adaptive),spread,1286,44
Probability Density (adaptive),spread,1287,43
Probability Density (adaptive),spread,1288,61
Probability Density (adaptive),spread,1289,45
Probability Density (adaptive),spread,1290,46
Probability Density (adaptive),spread,1291,31
Probability Density (adaptive),spread,1292,46
Probability Density (adaptive),spread,1293,39
Probability Density (adaptive),spread,1294,35
Probability Density (adaptive),spread,1295,59
Probability Density (adaptive),spread,1296,42
Probability Density (adaptive),spread,1297,49
Probability Density (adaptive),spread,1298,43
Probability Density (adaptive),spread,1299,35
Probability Density (adaptive),spread,1300,50
Probability Density (adaptive),spread,1301,52
Probability Density (adaptive),spread,1302,35
Probability Density (adaptive),spread,1303,50
Probability Density (adaptive),spread,1304,44
Probability Density (adaptive),spread,1305,66
Probability Density (adaptive),spread,1306,37
Probability Density (adaptive),spread,1307,41
Probability Density (adaptive),spread,1308,37
Probability Density (adaptive),spread,1309,34
Probability Density (adaptive),spread,1310,44
Probability Density (adaptive),spread,1311,57
Probability Density (adaptive),spread,1312,41
Probability Density (adaptive),spread,1313,31
Probability Density (adaptive),spread,1314,41
Probability Density (adaptive),spread,1315,39
Probability Density (adaptive),spread,1316,42
Probability Density (adaptive),spread,1317,37
Probability Density (adaptive),spread,1318,46
Probability Density (adaptive),spread,1319,36
Probability Density (adaptive),spread,1320,41
Probability Density (adaptive),spread,1321,62
Probability Density (adaptive),spread,1322,42
Probability Density (adaptive),spread,1323,39
Probability Density (adaptive),spread,1324,45
Probability Density (adaptive),spread,1325,56
Probability Density (adaptive),spread,1326,58
Probability Density (adaptive),spread,1327,42
Probability Density (adaptive),spread,1328,38
Probability Density (adaptive),spread,1329,34
Probability Density (adaptive),spread,1330,49
Probability Density (adaptive),spread,1331,47
Probability Density (adaptive),spread,1332,33
Probability Density (adaptive),spread,1333,48
Probability Density (adaptive),spread,1334,35
Probability Density (adaptive),spread,1335,36
Probability Density (adaptive),spread,1336,35
Probability Density (adaptive),spread,1337,30
Probability Density (adaptive),spread,1338,48
Probability Density (adaptive),spread,1339,53
Probability Density (adaptive),spread,1340,49
Probability Density (adaptive),spread,1341,38
Probability Density (adaptive),spread,1342,42
Probability Density (adaptive),spread,1343,45
Probability Density (adaptive),spread,1344,58
Probability Density (adaptive),spread,1345,39
Probability Density (adaptive),spread,1346,52
Probability Density (adaptive),spread,1347,58
Probability Density (adaptive),spread,1348,41
Probability Density (adaptive),spread,1349,52
Probability Density (adaptive),spread,1350,53
Probability Density (adaptive),spread,1351,54
Probability Density (adaptive),spread,1352,38
Probability Density (adaptive),spread,1353,40
Probability Density (adaptive),spread,1354,48
Probability Density (adaptive),spread,1355,46
Probability Density (adaptive),spread,1356,42
Probability Density (adaptive),spread,1357,34
Probability Density (adaptive),spread,1358,40
Probability Density (adaptive),spread,1359,55
Probability Density (adaptive),spread,1360,47
Probability Density (adaptive),spread,1361,30
Probability Density (adaptive),spread,1362,49
Probability Density (adaptive),spread,1363,50
Probability Density (adaptive),spread,1364,52
Probability Density (adaptive),spread,1365,37
Probability Density (adaptive),spread,1366,50
Probability Density (adaptive),spread,1367,42
Probability Density (adaptive),spread,1368,34
Probability Density (adaptive),spread,1369,38
Probability Density (adaptive),spread,1370,45
Probability Density (adaptive),spread,1371,57
Probability Density (adaptive),spread,1372,42
Probability Density (adaptive),spread,1373,53
Probability Density (adaptive),spread,1374,42
Probability Density (adaptive),spread,1375,55
Probability Density (adaptive),spread,1376,40
Probability Density (adaptive),spread,1377,42
Probability Density (adaptive),spread,1378,40
Probability Density (adaptive),spread,1379,55
Probability Density (adaptive),spread,1380,48
Probability Density (adaptive),spread,1381,46
Probability Density (adaptive),spread,1382,58
Probability Density (adaptive),spread,1383,43
Probability Density (adaptive),spread,1384,51
Probability Density (adaptive),spread,1385,50
Probability Density (adaptive),spread,1386,45
Probability Density (adaptive),spread,1387,39
Probability Density (adaptive),spread,1388,38
Probability Density (adaptive),spread,1389,51
Probability Density (adaptive),spread,1390,44
Probability Density (adaptive),spread,1391,43
Probability Density (adaptive),spread,1392,53
Probability Density (adaptive),spread,1393,37
Probability Density (adaptive),spread,1394,41
Probability Density (adaptive),spread,1395,44
Probability Density (adaptive),spread,1396,44
Probability Density (adaptive),spread,1397,49
Probability Density (adaptive),spread,1398,41
Probability Density (adaptive),spread,1399,54
Probability Density (adaptive),spread,1400,38
Probability Density (adaptive),spread,1401,47
Probability Density (adaptive),spread,1402,36
Probability Density (adaptive),spread,1403,43
Probability Density (adaptive),spread,1404,61
Probability Density (adaptive),spread,1405,52
Probability Density (adaptive),spread,1406,42
Probability Density (adaptive),spread,1407,66
Probability Density (adaptive),spread,1408,38
Probability Density (adaptive),spread,1409,40
Probability Density (adaptive),spread,1410,35
Probability Density (adaptive),spread,1411,62
Probability Density (adaptive),spread,1412,41
Probability Density (adaptive),spread,1413,40
Probability Density (adaptive),spread,1414,43
Probability Density (adaptive),spread,1415,50
Probability Density (adaptive),spread,1416,44
Probability Density (adaptive),spread,1417,48
Probability Density (adaptive),spread,1418,44
Probability Density (adaptive),spread,1419,49
Probability Density (adaptive),spread,1420,52
Probability Density (adaptive),spread,1421,46
Probability Density (adaptive),spread,1422,43
Probability Density (adaptive),spread,1423,32
Probability Density (adaptive),spread,1424,44
Probability Density (adaptive),spread,1425,39
Probability Density (adaptive),spread,1426,43
Probability Density (adaptive),spread,1427,60
Probability Density (adaptive),spread,1428,51
Probability Density (adaptive),spread,1429,40
Probability Density (adaptive),spread,1430,58
Probability Density (adaptive),spread,1431,43
Probability Density (adaptive),spread,1432,40
Probability Density (adaptive),spread,1433,49
Probability Density (adaptive),spread,1434,55
Probability Density (adaptive),spread,1435,34
Probability Density (adaptive),spread,1436,59
Probability Density (adaptive),spread,1437,37
Probability Density (adaptive),spread,1438,46
Probability Density (adaptive),spread,1439,39
Probability Density (adaptive),spread,1440,37
Probability Density (adaptive),spread,1441,38
Probability Density (adaptive),spread,1442,49
Probability Density (adaptive),spread,1443,48
Probability Density (adaptive),spread,1444,38
Probability Density (adaptive),spread,1445,35
Probability Density (adaptive),spread,1446,37
Probability Density (adaptive),spread,1447,51
Probability Density (adaptive),spread,1448,49
Probability Density (adaptive),spread,1449,37
Probability Density (adaptive),spread,1450,39
Probability Density (adaptive),spread,1451,43
Probability Density (adaptive),spread,1452,47
Probability Density (adaptive),spread,1453,41
Probability Density (adaptive),spread,1454,36
Probability Density (adaptive),spread,1455,35
Probability Density (adaptive),spread,1456,44
Probability Density (adaptive),spread,1457,43
Probability Density (adaptive),spread,1458,51
Probability Density (adaptive),spread,1459,47
Probability Density (adaptive),spread,1460,47
Probability Density (adaptive),spread,1461,41
Probability Density (adaptive),spread,1462,38
Probability Density (adaptive),spread,1463,43
Probability Density (adaptive),spread,1464,48
Probability Density (adaptive),spread,1465,46
Probability Density (adaptive),spread,1466,64
Probability Density (adaptive),spread,1467,68
Probability Density (adaptive),spread,1468,35
Probability Density (adaptive),spread,1469,59
Probability Density (adaptive),spread,1470,53
Probability Density (adaptive),spread,1471,44
Probability Density (adaptive),spread,1472,39
Probability Density (adaptive),spread,1473,56
Probability Density (adaptive),spread,1474,52
Probability Density (adaptive),spread,1475,38
Probability Density (adaptive),spread,1476,58
Probability Density (adaptive),spread,1477,50
Probability Density (adaptive),spread,1478,35
Probability Density (adaptive),spread,1479,53
Probability Density (adaptive),spread,1480,36
Probability Density (adaptive),spread,1481,50
Probability Density (adaptive),spread,1482,37
Probability Density (adaptive),spread,1483,39
Probability Density (adaptive),spread,1484,33
Probability Density (adaptive),spread,1485,43
Probability Density (adaptive),spread,1486,45
Probability Density (adaptive),spread,1487,42
Probability Density (adaptive),spread,1488,57
Probability Density (adaptive),spread,1489,42
Probability Density (adaptive),spread,1490,49
Probability Density (adaptive),spread,1491,48
Probability Density (adaptive),spread,1492,37
Probability Density (adaptive),spread,1493,49
Probability Density (adaptive),spread,1494,38
Probability Density (adaptive),spread,1495,46
Probability Density (adaptive),spread,1496,38
Probability Density (adaptive),spread,1497,49
Probability Density (adaptive),spread,1498,30
Probability Density (adaptive),spread,1499,52
