strategy,placement,game,shots
Random,random,0,94
Random,random,1,88
Random,random,2,96
Random,random,3,98
Random,random,4,98
Random,random,5,100
Random,random,6,87
Random,random,7,98
Random,random,8,99
Random,random,9,93
Random,random,10,99
Random,random,11,94
Random,random,12,90
Random,random,13,100
Random,random,14,92
Random,random,15,100
Random,random,16,97
Random,random,17,97
Random,random,18,94
Random,random,19,92
Random,random,20,100
Random,random,21,97
Random,random,22,96
Random,random,23,99
Random,random,24,98
Random,random,25,90
Random,random,26,99
Random,random,27,100
Random,random,28,97
Random,random,29,95
Random,random,30,98
Random,random,31,97
Random,random,32,97
Random,random,33,84
Random,random,34,93
Random,random,35,94
Random,random,36,94
Random,random,37,100
Random,random,38,87
Random,random,39,100
Random,random,40,98
Random,random,41,98
Random,random,42,92
Random,random,43,98
Random,random,44,94
Random,random,45,95
Random,random,46,100
Random,random,47,100
Random,random,48,85
Random,random,49,100
Random,random,50,100
Random,random,51,98
Random,random,52,91
Random,random,53,97
Random,random,54,97
Random,random,55,90
Random,random,56,88
Random,random,57,97
Random,random,58,100
Random,random,59,96
Random,random,60,100
Random,random,61,99
Random,random,62,97
Random,random,63,99
Random,random,64,100
Random,random,65,100
Random,random,66,100
Random,random,67,96
Random,random,68,93
Random,random,69,93
Random,random,70,97
Random,random,71,98
Random,random,72,90
Random,random,73,98
Random,random,74,93
Random,random,75,83
Random,random,76,82
Random,random,77,100
Random,random,78,96
Random,random,79,98
Random,random,80,94
Random,random,81,98
Random,random,82,91
Random,random,83,96
Random,random,84,99
Random,random,85,100
Random,random,86,90
Random,random,87,93
Random,random,88,93
Random,random,89,99
Random,random,90,90
Random,random,91,93
Random,random,92,98
Random,random,93,98
Random,random,94,100
Random,random,95,96
Random,random,96,93
Random,random,97,95
Random,random,98,98
Random,random,99,90
Random,random,100,99
Random,random,101,89
Random,random,102,96
Random,random,103,88
Random,random,104,99
Random,random,105,90
Random,random,106,96
Random,random,107,91
Random,random,108,98
Random,random,109,90
Random,random,110,86
Random,random,111,91
Random,random,112,91
Random,random,113,95
Random,random,114,100
Random,random,115,88
Random,random,116,100
Random,random,117,99
Random,random,118,95
Random,random,119,94
Random,random,120,93
Random,random,121,95
Random,random,122,99
Random,random,123,92
Random,random,124,100
Random,random,125,98
Random,random,126,94
Random,random,127,99
Random,random,128,99
Random,random,129,100
Random,random,130,99
Random,random,131,96
Random,random,132,95
Random,random,133,87
Random,random,134,95
Random,random,135,90
Random,random,136,87
Random,random,137,82
Random,random,138,99
Random,random,139,99
Random,random,140,98
Random,random,141,90
Random,random,142,94
Random,random,143,100
Random,random,144,98
Random,random,145,95
Random,random,146,94
Random,random,147,99
Random,random,148,100
Random,random,149,99
Random,random,150,97
Random,random,151,98
Random,random,152,100
Random,random,153,90
Random,random,154,87
Random,random,155,97
Random,random,156,100
Random,random,157,92
Random,random,158,97
Random,random,159,100
Random,random,160,97
Random,random,161,91
Random,random,162,98
Random,random,163,90
Random,random,164,100
Random,random,165,95
Random,random,166,97
Random,random,167,92
Random,random,168,97
Random,random,169,98
Random,random,170,99
Random,random,171,99
Random,random,172,98
Random,random,173,88
Random,random,174,96
Random,random,175,87
Random,random,176,94
Random,random,177,96
Random,random,178,94
Random,random,179,97
Random,random,180,94
Random,random,181,100
Random,random,182,92
Random,random,183,93
Random,random,184,89
Random,random,185,99
Random,random,186,85
Random,random,187,98
Random,random,188,98
Random,random,189,98
Random,random,190,98
Random,random,191,100
Random,random,192,85
Random,random,193,100
Random,random,194,75
Random,random,195,100
Random,random,196,94
Random,random,197,100
Random,random,198,76
Random,random,199,100
Random,random,200,89
Random,random,201,92
Random,random,202,99
Random,random,203,93
Random,random,204,95
Random,random,205,96
Random,random,206,94
Random,random,207,98
Random,random,208,100
Random,random,209,96
Random,random,210,98
Random,random,211,100
Random,random,212,97
Random,random,213,88
Random,random,214,96
Random,random,215,99
Random,random,216,100
Random,random,217,97
Random,random,218,100
Random,random,219,92
Random,random,220,94
Random,random,221,95
Random,random,222,84
Random,random,223,99
Random,random,224,98
Random,random,225,94
Random,random,226,99
Random,random,227,98
Random,random,228,93
Random,random,229,99
Random,random,230,99
Random,random,231,99
Random,random,232,97
Random,random,233,98
Random,random,234,95
Random,random,235,98
Random,random,236,95
Random,random,237,96
Random,random,238,95
Random,random,239,95
Random,random,240,97
Random,random,241,96
Random,random,242,87
Random,random,243,86
Random,random,244,93
Random,random,245,88
Random,random,246,97
Random,random,247,99
Random,random,248,100
Random,random,249,86
Random,random,250,83
Random,random,251,100
Random,random,252,99
Random,random,253,100
Random,random,254,98
Random,random,255,96
Random,random,256,97
Random,random,257,98
Random,random,258,97
Random,random,259,87
Random,random,260,91
Random,random,261,98
Random,random,262,97
Random,random,263,98
Random,random,264,100
Random,random,265,91
Random,random,266,93
Random,random,267,100
Random,random,268,97
Random,random,269,91
Random,random,270,91
Random,random,271,98
Random,random,272,72
Random,random,273,98
Random,random,274,96
Random,random,275,97
Random,random,276,98
Random,random,277,100
Random,random,278,86
Random,random,279,97
Random,random,280,92
Random,random,281,99
Random,random,282,99
Random,random,283,100
Random,random,284,99
Random,random,285,94
Random,random,286,98
Random,random,287,94
Random,random,288,97
Random,random,289,95
Random,random,290,99
Random,random,291,92
Random,random,292,94
Random,random,293,94
Random,random,294,96
Random,random,295,87
Random,random,296,95
Random,random,297,89
Random,random,298,93
Random,random,299,100
Random,random,300,100
Random,random,301,98
Random,random,302,98
Random,random,303,99
Random,random,304,99
Random,random,305,96
Random,random,306,96
Random,random,307,100
Random,random,308,100
Random,random,309,99
Random,random,310,100
Random,random,311,94
Random,random,312,96
Random,random,313,86
Random,random,314,100
Random,random,315,97
Random,random,316,85
Random,random,317,96
Random,random,318,89
Random,random,319,99
Random,random,320,97
Random,random,321,99
Random,random,322,90
Random,random,323,92
Random,random,324,95
Random,random,325,94
Random,random,326,99
Random,random,327,100
Random,random,328,94
Random,random,329,99
Random,random,330,100
Random,random,331,97
Random,random,332,98
Random,random,333,95
Random,random,334,91
Random,random,335,97
Random,random,336,90
Random,random,337,92
Random,random,338,100
Random,random,339,83
Random,random,340,92
Random,random,341,96
Random,random,342,100
Random,random,343,89
Random,random,344,98
Random,random,345,90
Random,random,346,100
Random,random,347,90
Random,random,348,98
Random,random,349,93
Random,random,350,94
Random,random,351,99
Random,random,352,98
Random,random,353,98
Random,random,354,100
Random,random,355,90
Random,random,356,96
Random,random,357,97
Random,random,358,100
Random,random,359,98
Random,random,360,92
Random,random,361,98
Random,random,362,91
Random,random,363,98
Random,random,364,99
Random,random,365,100
Random,random,366,98
Random,random,367,100
Random,random,368,92
Random,random,369,91
Random,random,370,96
Random,random,371,98
Random,random,372,98
Random,random,373,100
Random,random,374,98
Random,random,375,91
Random,random,376,82
Random,random,377,94
Random,random,378,98
Random,random,379,100
Random,random,380,100
Random,random,381,91
Random,random,382,97
Random,random,383,97
Random,random,384,99
Random,random,385,98
Random,random,386,94
Random,random,387,98
Random,random,388,98
Random,random,389,81
Random,random,390,99
Random,random,391,95
Random,random,392,94
Random,random,393,98
Random,random,394,92
Random,random,395,96
Random,random,396,99
Random,random,397,97
Random,random,398,97
Random,random,399,98
Random,random,400,100
Random,random,401,91
Random,random,402,92
Random,random,403,96
Random,random,404,99
Random,random,405,99
Random,random,406,98
Random,random,407,99
Random,random,408,95
Random,random,409,92
Random,random,410,100
Random,random,411,91
Random,random,412,94
Random,random,413,100
Random,random,414,98
Random,random,415,97
Random,random,416,89
Random,random,417,100
Random,random,418,100
Random,random,419,93
Random,random,420,100
Random,random,421,96
Random,random,422,95
Random,random,423,94
Random,random,424,98
Random,random,425,100
Random,random,426,98
Random,random,427,97
Random,random,428,96
Random,random,429,98
Random,random,430,93
Random,random,431,82
Random,random,432,100
Random,random,433,94
Random,random,434,95
Random,random,435,94
Random,random,436,93
Random,random,437,96
Random,random,438,97
Random,random,439,100
Random,random,440,96
Random,random,441,98
Random,random,442,100
Random,random,443,99
Random,random,444,97
Random,random,445,100
Random,random,446,99
Random,random,447,100
Random,random,448,92
Random,random,449,100
Random,random,450,94
Random,random,451,100
Random,random,452,94
Random,random,453,96
Random,random,454,98
Random,random,455,87
Random,random,456,100
Random,random,457,94
Random,random,458,97
Random,random,459,79
Random,random,460,99
Random,random,461,92
Random,random,462,92
Random,random,463,94
Random,random,464,82
Random,random,465,100
Random,random,466,82
Random,random,467,97
Random,random,468,95
Random,random,469,100
Random,random,470,100
Random,random,471,98
Random,random,472,95
Random,random,473,99
Random,random,474,95
Random,random,475,98
Random,random,476,98
Random,random,477,88
Random,random,478,91
Random,random,479,95
Random,random,480,93
Random,random,481,94
Random,random,482,99
Random,random,483,98
Random,random,484,94
Random,random,485,99
Random,random,486,89
Random,random,487,94
Random,random,488,93
Random,random,489,98
Random,random,490,100
Random,random,491,96
Random,random,492,99
Random,random,493,98
Random,random,494,99
Random,random,495,94
Random,random,496,94
Random,random,497,100
Random,random,498,95
Random,random,499,96
Random,random,500,98
Random,random,501,85
Random,random,502,100
Random,random,503,97
Random,random,504,92
Random,random,505,93
Random,random,506,98
Random,random,507,99
Random,random,508,90
Random,random,509,98
Random,random,510,92
Random,random,511,97
Random,random,512,99
Random,random,513,100
Random,random,514,96
Random,random,515,98
Random,random,516,98
Random,random,517,98
Random,random,518,98
Random,random,519,95
Random,random,520,88
Random,random,521,95
Random,random,522,85
Random,random,523,100
Random,random,524,97
Random,random,525,91
Random,random,526,98
Random,random,527,93
Random,random,528,98
Random,random,529,95
Random,random,530,96
Random,random,531,92
Random,random,532,96
Random,random,533,98
Random,random,534,93
Random,random,535,95
Random,random,536,98
Random,random,537,100
Random,random,538,96
Random,random,539,100
Random,random,540,87
Random,random,541,98
Random,random,542,100
Random,random,543,99
Random,random,544,97
Random,random,545,100
Random,random,546,100
Random,random,547,97
Random,random,548,99
Random,random,549,89
Random,random,550,94
Random,random,551,97
Random,random,552,91
Random,random,553,94
Random,random,554,86
Random,random,555,99
Random,random,556,99
Random,random,557,100
Random,random,558,88
Random,random,559,100
Random,random,560,90
Random,random,561,99
Random,random,562,91
Random,random,563,99
Random,random,564,81
Random,random,565,91
Random,random,566,93
Random,random,567,98
Random,random,568,92
Random,random,569,87
Random,random,570,99
Random,random,571,90
Random,random,572,93
Random,random,573,95
Random,random,574,99
Random,random,575,94
Random,random,576,95
Random,random,577,90
Random,random,578,93
Random,random,579,93
Random,random,580,100
Random,random,581,82
Random,random,582,100
Random,random,583,99
Random,random,584,84
Random,random,585,99
Random,random,586,91
Random,random,587,100
Random,random,588,90
Random,random,589,94
Random,random,590,90
Random,random,591,92
Random,random,592,99
Random,random,593,98
Random,random,594,85
Random,random,595,97
Random,random,596,90
Random,random,597,98
Random,random,598,90
Random,random,599,96
Random,random,600,94
Random,random,601,92
Random,random,602,96
Random,random,603,94
Random,random,604,91
Random,random,605,94
Random,random,606,97
Random,random,607,96
Random,random,608,97
Random,random,609,95
Random,random,610,90
Random,random,611,98
Random,random,612,100
Random,random,613,74
Random,random,614,97
Random,random,615,93
Random,random,616,92
Random,random,617,100
Random,random,618,95
Random,random,619,93
Random,random,620,99
Random,random,621,97
Random,random,622,99
Random,random,623,99
Random,random,624,99
Random,random,625,97
Random,random,626,78
Random,random,627,78
Random,random,628,91
Random,random,629,96
Random,random,630,77
Random,random,631,85
Random,random,632,99
Random,random,633,94
Random,random,634,96
Random,random,635,97
Random,random,636,97
Random,random,637,96
Random,random,638,99
Random,random,639,100
Random,random,640,94
Random,random,641,97
Random,random,642,97
Random,random,643,88
Random,random,644,99
Random,random,645,94
Random,random,646,97
Random,random,647,96
Random,random,648,89
Random,random,649,94
Random,random,650,99
Random,random,651,98
Random,random,652,98
Random,random,653,95
Random,random,654,100
Random,random,655,94
Random,random,656,89
Random,random,657,98
Random,random,658,98
Random,random,659,100
Random,random,660,96
Random,random,661,98
Random,random,662,95
Random,random,663,96
Random,random,664,90
Random,random,665,100
Random,random,666,99
Random,random,667,99
Random,random,668,95
Random,random,669,98
Random,random,670,98
Random,random,671,87
Random,random,672,91
Random,random,673,100
Random,random,674,95
Random,random,675,100
Random,random,676,95
Random,random,677,98
Random,random,678,90
Random,random,679,90
Random,random,680,96
Random,random,681,100
Random,random,682,100
Random,random,683,97
Random,random,684,96
Random,random,685,100
Random,random,686,93
Random,random,687,97
Random,random,688,97
Random,random,689,95
Random,random,690,99
Random,random,691,100
Random,random,692,87
Random,random,693,99
Random,random,694,96
Random,random,695,100
Random,random,696,100
Random,random,697,92
Random,random,698,83
Random,random,699,97
Random,random,700,90
Random,random,701,97
Random,random,702,100
Random,random,703,97
Random,random,704,95
Random,random,705,87
Random,random,706,100
Random,random,707,96
Random,random,708,98
Random,random,709,100
Random,random,710,86
Random,random,711,91
Random,random,712,98
Random,random,713,96
Random,random,714,91
Random,random,715,96
Random,random,716,89
Random,random,717,85
Random,random,718,93
Random,random,719,98
Random,random,720,89
Random,random,721,91
Random,random,722,96
Random,random,723,97
Random,random,724,97
Random,random,725,98
Random,random,726,90
Random,random,727,92
Random,random,728,93
Random,random,729,99
Random,random,730,100
Random,random,731,99
Random,random,732,97
Random,random,733,94
Random,random,734,77
Random,random,735,99
Random,random,736,96
Random,random,737,92
Random,random,738,99
Random,random,739,100
Random,random,740,98
Random,random,741,100
Random,random,742,88
Random,random,743,93
Random,random,744,94
Random,random,745,97
Random,random,746,97
Random,random,747,97
Random,random,748,96
Random,random,749,100
Random,random,750,93
Random,random,751,92
Random,random,752,95
Random,random,753,98
Random,random,754,98
Random,random,755,99
Random,random,756,96
Random,random,757,97
Random,random,758,98
Random,random,759,97
Random,random,760,98
Random,random,761,100
Random,random,762,100
Random,random,763,94
Random,random,764,90
Random,random,765,100
Random,random,766,90
Random,random,767,99
Random,random,768,100
Random,random,769,94
Random,random,770,99
Random,random,771,90
Random,random,772,98
Random,random,773,99
Random,random,774,96
Random,random,775,96
Random,random,776,99
Random,random,777,92
Random,random,778,95
Random,random,779,87
Random,random,780,92
Random,random,781,87
Random,random,782,100
Random,random,783,100
Random,random,784,99
Random,random,785,98
Random,random,786,97
Random,random,787,97
Random,random,788,97
Random,random,789,89
Random,random,790,100
Random,random,791,88
Random,random,792,92
Random,random,793,95
Random,random,794,99
Random,random,795,97
Random,random,796,95
Random,random,797,87
Random,random,798,91
Random,random,799,99
Random,random,800,76
Random,random,801,98
Random,random,802,99
Random,random,803,95
Random,random,804,84
Random,random,805,91
Random,random,806,100
Random,random,807,92
Random,random,808,100
Random,random,809,94
Random,random,810,96
Random,random,811,96
Random,random,812,88
Random,random,813,98
Random,random,814,98
Random,random,815,97
Random,random,816,100
Random,random,817,92
Random,random,818,98
Random,random,819,93
Random,random,820,92
Random,random,821,94
Random,random,822,100
Random,random,823,99
Random,random,824,99
Random,random,825,94
Random,random,826,99
Random,random,827,86
Random,random,828,84
Random,random,829,89
Random,random,830,85
Random,random,831,95
Random,random,832,95
Random,random,833,97
Random,random,834,100
Random,random,835,99
Random,random,836,92
Random,random,837,88
Random,random,838,82
Random,random,839,91
Random,random,840,93
Random,random,841,97
Random,random,842,89
Random,random,843,100
Random,random,844,90
Random,random,845,97
Random,random,846,100
Random,random,847,100
Random,random,848,98
Random,random,849,92
Random,random,850,86
Random,random,851,91
Random,random,852,92
Random,random,853,83
Random,random,854,94
Random,random,855,97
Random,random,856,100
Random,random,857,89
Random,random,858,81
Random,random,859,99
Random,random,860,99
Random,random,861,98
Random,random,862,90
Random,random,863,97
Random,random,864,100
Random,random,865,97
Random,random,866,98
Random,random,867,75
Random,random,868,90
Random,random,869,98
Random,random,870,92
Random,random,871,96
Random,random,872,96
Random,random,873,97
Random,random,874,86
Random,random,875,100
Random,random,876,98
Random,random,877,93
Random,random,878,99
Random,random,879,97
Random,random,880,100
Random,random,881,99
Random,random,882,93
Random,random,883,97
Random,random,884,97
Random,random,885,97
Random,random,886,96
Random,random,887,95
Random,random,888,99
Random,random,889,92
Random,random,890,100
Random,random,891,98
Random,random,892,81
Random,random,893,88
Random,random,894,93
Random,random,895,100
Random,random,896,99
Random,random,897,100
Random,random,898,100
Random,random,899,100
Random,random,900,100
Random,random,901,91
Random,random,902,98
Random,random,903,99
Random,random,904,94
Random,random,905,92
Random,random,906,100
Random,random,907,99
Random,random,908,94
Random,random,909,99
Random,random,910,91
Random,random,911,96
Random,random,912,100
Random,random,913,97
Random,random,914,99
Random,random,915,97
Random,random,916,100
Random,random,917,94
Random,random,918,100
Random,random,919,97
Random,random,920,100
Random,random,921,96
Random,random,922,90
Random,random,923,96
Random,random,924,95
Random,random,925,97
Random,random,926,96
Random,random,927,99
Random,random,928,97
Random,random,929,97
Random,random,930,99
Random,random,931,98
Random,random,932,96
Random,random,933,98
Random,random,934,98
Random,random,935,81
Random,random,936,92
Random,random,937,96
Random,random,938,96
Random,random,939,98
Random,random,940,100
Random,random,941,96
Random,random,942,91
Random,random,943,95
Random,random,944,100
Random,random,945,95
Random,random,946,88
Random,random,947,95
Random,random,948,91
Random,random,949,94
Random,random,950,99
Random,random,951,86
Random,random,952,89
Random,random,953,100
Random,random,954,100
Random,random,955,100
Random,random,956,83
Random,random,957,100
Random,random,958,95
Random,random,959,98
Random,random,960,89
Random,random,961,100
Random,random,962,100
Random,random,963,80
Random,random,964,76
Random,random,965,95
Random,random,966,100
Random,random,967,100
Random,random,968,91
Random,random,969,88
Random,random,970,100
Random,random,971,99
Random,random,972,84
Random,random,973,99
Random,random,974,96
Random,random,975,91
Random,random,976,92
Random,random,977,100
Random,random,978,88
Random,random,979,93
Random,random,980,99
Random,random,981,82
Random,random,982,100
Random,random,983,90
Random,random,984,96
Random,random,985,91
Random,random,986,88
Random,random,987,99
Random,random,988,100
Random,random,989,93
Random,random,990,98
Random,random,991,94
Random,random,992,99
Random,random,993,98
Random,random,994,100
Random,random,995,100
Random,random,996,91
Random,random,997,95
Random,random,998,99
Random,random,999,85
Random,random,1000,93
Random,random,1001,94
Random,random,1002,94
Random,random,1003,94
Random,random,1004,97
Random,random,1005,95
Random,random,1006,88
Random,random,1007,83
Random,random,1008,94
Random,random,1009,99
Random,random,1010,97
Random,random,1011,100
Random,random,1012,88
Random,random,1013,94
Random,random,1014,100
Random,random,1015,83
Random,random,1016,98
Random,random,1017,99
Random,random,1018,97
Random,random,1019,92
Random,random,1020,99
Random,random,1021,91
Random,random,1022,98
Random,random,1023,100
Random,random,1024,99
Random,random,1025,98
Random,random,1026,94
Random,random,1027,94
Random,random,1028,100
Random,random,1029,83
Random,random,1030,97
Random,random,1031,99
Random,random,1032,98
Random,random,1033,99
Random,random,1034,97
Random,random,1035,91
Random,random,1036,93
Random,random,1037,93
Random,random,1038,99
Random,random,1039,99
Random,random,1040,94
Random,random,1041,90
Random,random,1042,100
Random,random,1043,96
Random,random,1044,100
Random,random,1045,100
Random,random,1046,83
Random,random,1047,84
Random,random,1048,96
Random,random,1049,90
Random,random,1050,100
Random,random,1051,100
Random,random,1052,87
Random,random,1053,100
Random,random,1054,98
Random,random,1055,95
Random,random,1056,98
Random,random,1057,87
Random,random,1058,88
Random,random,1059,77
Random,random,1060,96
Random,random,1061,82
Random,random,1062,100
Random,random,1063,93
Random,random,1064,97
Random,random,1065,98
Random,random,1066,95
Random,random,1067,84
Random,random,1068,93
Random,random,1069,97
Random,random,1070,83
Random,random,1071,86
Random,random,1072,95
Random,random,1073,96
Random,random,1074,100
Random,random,1075,77
Random,random,1076,92
Random,random,1077,97
Random,random,1078,85
Random,random,1079,91
Random,random,1080,100
Random,random,1081,89
Random,random,1082,96
Random,random,1083,94
Random,random,1084,96
Random,random,1085,93
Random,random,1086,97
Random,random,1087,91
Random,random,1088,100
Random,random,1089,98
Random,random,1090,90
Random,random,1091,100
Random,random,1092,99
Random,random,1093,97
Random,random,1094,99
Random,random,1095,100
Random,random,1096,95
Random,random,1097,95
Random,random,1098,98
Random,random,1099,99
Random,random,1100,99
Random,random,1101,93
Random,random,1102,99
Random,random,1103,98
Random,random,1104,97
Random,random,1105,99
Random,random,1106,97
Random,random,1107,93
Random,random,1108,99
Random,random,1109,100
Random,random,1110,92
Random,random,1111,99
Random,random,1112,78
Random,random,1113,99
Random,random,1114,97
Random,random,1115,96
Random,random,1116,93
Random,random,1117,100
Random,random,1118,100
Random,random,1119,82
Random,random,1120,99
Random,random,1121,100
Random,random,1122,89
Random,random,1123,92
Random,random,1124,95
Random,random,1125,97
Random,random,1126,94
Random,random,1127,100
Random,random,1128,99
Random,random,1129,91
Random,random,1130,100
Random,random,1131,100
Random,random,1132,99
Random,random,1133,91
Random,random,1134,97
Random,random,1135,98
Random,random,1136,91
Random,random,1137,92
Random,random,1138,95
Random,random,1139,96
Random,random,1140,98
Random,random,1141,84
Random,random,1142,89
Random,random,1143,90
Random,random,1144,99
Random,random,1145,99
Random,random,1146,98
Random,random,1147,100
Random,random,1148,100
Random,random,1149,99
Random,random,1150,93
Random,random,1151,92
Random,random,1152,92
Random,random,1153,93
Random,random,1154,99
Random,random,1155,100
Random,random,1156,90
Random,random,1157,100
Random,random,1158,95
Random,random,1159,99
Random,random,1160,93
Random,random,1161,98
Random,random,1162,95
Random,random,1163,96
Random,random,1164,99
Random,random,1165,87
Random,random,1166,95
Random,random,1167,98
Random,random,1168,99
Random,random,1169,97
Random,random,1170,94
Random,random,1171,99
Random,random,1172,91
Random,random,1173,89
Random,random,1174,100
Random,random,1175,99
Random,random,1176,98
Random,random,1177,100
Random,random,1178,97
Random,random,1179,96
Random,random,1180,90
Random,random,1181,100
Random,random,1182,98
Random,random,1183,85
Random,random,1184,99
Random,random,1185,100
Random,random,1186,100
Random,random,1187,99
Random,random,1188,94
Random,random,1189,99
Random,random,1190,100
Random,random,1191,93
Random,random,1192,83
Random,random,1193,99
Random,random,1194,99
Random,random,1195,95
Random,random,1196,89
Random,random,1197,94
Random,random,1198,88
Random,random,1199,99
Random,random,1200,100
Random,random,1201,97
Random,random,1202,100
Random,random,1203,100
Random,random,1204,100
Random,random,1205,87
Random,random,1206,99
Random,random,1207,98
Random,random,1208,100
Random,random,1209,98
Random,random,1210,97
Random,random,1211,88
Random,random,1212,95
Random,random,1213,99
Random,random,1214,100
Random,random,1215,86
Random,random,1216,98
Random,random,1217,90
Random,random,1218,86
Random,random,1219,98
Random,random,1220,97
Random,random,1221,100
Random,random,1222,98
Random,random,1223,100
Random,random,1224,91
Random,random,1225,92
Random,random,1226,99
Random,random,1227,86
Random,random,1228,98
Random,random,1229,98
Random,random,1230,85
Random,random,1231,95
Random,random,1232,99
Random,random,1233,90
Random,random,1234,96
Random,random,1235,98
Random,random,1236,100
Random,random,1237,96
Random,random,1238,99
Random,random,1239,98
Random,random,1240,97
Random,random,1241,96
Random,random,1242,94
Random,random,1243,80
Random,random,1244,87
Random,random,1245,100
Random,random,1246,94
Random,random,1247,94
Random,random,1248,93
Random,random,1249,100
Random,random,1250,88
Random,random,1251,97
Random,random,1252,92
Random,random,1253,94
Random,random,1254,94
Random,random,1255,100
Random,random,1256,88
Random,random,1257,97
Random,random,1258,77
Random,random,1259,97
Random,random,1260,93
Random,random,1261,100
Random,random,1262,93
Random,random,1263,90
Random,random,1264,98
Random,random,1265,100
Random,random,1266,97
Random,random,1267,99
Random,random,1268,93
Random,random,1269,94
Random,random,1270,98
Random,random,1271,91
Random,random,1272,96
Random,random,1273,98
Random,random,1274,100
Random,random,1275,98
Random,random,1276,98
Random,random,1277,100
Random,random,1278,95
Random,random,1279,81
Random,random,1280,98
Random,random,1281,100
Random,random,1282,96
Random,random,1283,92
Random,random,1284,100
Random,random,1285,95
Random,random,1286,80
Random,random,1287,99
Random,random,1288,93
Random,random,1289,99
Random,random,1290,97
Random,random,1291,99
Random,random,1292,97
Random,random,1293,100
Random,random,1294,96
Random,random,1295,99
Random,random,1296,100
Random,random,1297,100
Random,random,1298,90
Random,random,1299,90
Random,random,1300,92
Random,random,1301,93
Random,random,1302,99
Random,random,1303,99
Random,random,1304,99
Random,random,1305,100
Random,random,1306,95
Random,random,1307,98
Random,random,1308,96
Random,random,1309,94
Random,random,1310,100
Random,random,1311,100
Random,random,1312,100
Random,random,1313,98
Random,random,1314,91
Random,random,1315,99
Random,random,1316,88
Random,random,1317,99
Random,random,1318,98
Random,random,1319,98
Random,random,1320,99
Random,random,1321,97
Random,random,1322,97
Random,random,1323,84
Random,random,1324,87
Random,random,1325,95
Random,random,1326,92
Random,random,1327,86
Random,random,1328,96
Random,random,1329,94
Random,random,1330,94
Random,random,1331,99
Random,random,1332,98
Random,random,1333,79
Random,random,1334,100
Random,random,1335,94
Random,random,1336,93
Random,random,1337,92
Random,random,1338,99
Random,random,1339,100
Random,random,1340,97
Random,random,1341,95
Random,random,1342,100
Random,random,1343,100
Random,random,1344,98
Random,random,1345,92
Random,random,1346,96
Random,random,1347,91
Random,random,1348,83
Random,random,1349,100
Random,random,1350,99
Random,random,1351,85
Random,random,1352,91
Random,random,1353,98
Random,random,1354,100
Random,random,1355,96
Random,random,1356,92
Random,random,1357,100
Random,random,1358,100
Random,random,1359,90
Random,random,1360,100
Random,random,1361,99
Random,random,1362,93
Random,random,1363,98
Random,random,1364,94
Random,random,1365,95
Random,random,1366,96
Random,random,1367,95
Random,random,1368,99
Random,random,1369,97
Random,random,1370,82
Random,random,1371,100
Random,random,1372,96
Random,random,1373,97
Random,random,1374,100
Random,random,1375,91
Random,random,1376,95
Random,random,1377,100
Random,random,1378,89
Random,random,1379,99
Random,random,1380,90
Random,random,1381,98
Random,random,1382,98
Random,random,1383,89
Random,random,1384,87
Random,random,1385,97
Random,random,1386,100
Random,random,1387,73
Random,random,1388,100
Random,random,1389,92
Random,random,1390,100
Random,random,1391,97
Random,random,1392,93
Random,random,1393,98
Random,random,1394,80
Random,random,1395,87
Random,random,1396,99
Random,random,1397,99
Random,random,1398,98
Random,random,1399,95
Random,random,1400,97
Random,random,1401,95
Random,random,1402,92
Random,random,1403,97
Random,random,1404,88
Random,random,1405,96
Random,random,1406,96
Random,random,1407,96
Random,random,1408,100
Random,random,1409,97
Random,random,1410,100
Random,random,1411,99
Random,random,1412,91
Random,random,1413,85
Random,random,1414,99
Random,random,1415,96
Random,random,1416,100
Random,random,1417,99
Random,random,1418,100
Random,random,1419,97
Random,random,1420,78
Random,random,1421,99
Random,random,1422,93
Random,random,1423,94
Random,random,1424,96
Random,random,1425,91
Random,random,1426,97
Random,random,1427,99
Random,random,1428,96
Random,random,1429,99
Random,random,1430,100
Random,random,1431,90
Random,random,1432,100
Random,random,1433,90
Random,random,1434,95
Random,random,1435,99
Random,random,1436,98
Random,random,1437,89
Random,random,1438,99
Random,random,1439,100
Random,random,1440,88
Random,random,1441,99
Random,random,1442,99
Random,random,1443,100
Random,random,1444,100
Random,random,1445,100
Random,random,1446,100
Random,random,1447,100
Random,random,1448,97
Random,random,1449,80
Random,random,1450,98
Random,random,1451,94
Random,random,1452,91
Random,random,1453,97
Random,random,1454,100
Random,random,1455,100
Random,random,1456,92
Random,random,1457,96
Random,random,1458,86
Random,random,1459,100
Random,random,1460,94
Random,random,1461,100
Random,random,1462,98
Random,random,1463,98
Random,random,1464,83
Random,random,1465,99
Random,random,1466,99
Random,random,1467,99
Random,random,1468,99
Random,random,1469,67
Random,random,1470,91
Random,random,1471,92
Random,random,1472,93
Random,random,1473,100
Random,random,1474,100
Random,random,1475,89
Random,random,1476,94
Random,random,1477,100
Random,random,1478,94
Random,random,1479,100
Random,random,1480,99
Random,random,1481,93
Random,random,1482,98
Random,random,1483,91
Random,random,1484,95
Random,random,1485,76
Random,random,1486,100
Random,random,1487,92
Random,random,1488,95
Random,random,1489,87
Random,random,1490,90
Random,random,1491,90
Random,random,1492,94
Random,random,1493,95
Random,random,1494,97
Random,random,1495,80
Random,random,1496,98
Random,random,1497,99
Random,random,1498,100
Random,random,1499,99
Random,random,1500,100
Random,random,1501,91
Random,random,1502,100
Random,random,1503,100
Random,random,1504,87
Random,random,1505,90
Random,random,1506,90
Random,random,1507,96
Random,random,1508,96
Random,random,1509,96
Random,random,1510,95
Random,random,1511,94
Random,random,1512,99
Random,random,1513,100
Random,random,1514,93
Random,random,1515,96
Random,random,1516,95
Random,random,1517,100
Random,random,1518,99
Random,random,1519,82
Random,random,1520,97
Random,random,1521,97
Random,random,1522,93
Random,random,1523,99
Random,random,1524,96
Random,random,1525,100
Random,random,1526,93
Random,random,1527,97
Random,random,1528,100
Random,random,1529,95
Random,random,1530,99
Random,random,1531,94
Random,random,1532,89
Random,random,1533,98
Random,random,1534,79
Random,random,1535,95
Random,random,1536,100
Random,random,1537,100
Random,random,1538,100
Random,random,1539,87
Random,random,1540,95
Random,random,1541,95
Random,random,1542,96
Random,random,1543,94
Random,random,1544,99
Random,random,1545,89
Random,random,1546,89
Random,random,1547,99
Random,random,1548,99
Random,random,1549,100
Random,random,1550,97
Random,random,1551,99
Random,random,1552,100
Random,random,1553,100
Random,random,1554,98
Random,random,1555,100
Random,random,1556,100
Random,random,1557,98
Random,random,1558,93
Random,random,1559,96
Random,random,1560,98
Random,random,1561,99
Random,random,1562,89
Random,random,1563,100
Random,random,1564,99
Random,random,1565,98
Random,random,1566,100
Random,random,1567,100
Random,random,1568,97
Random,random,1569,94
Random,random,1570,92
Random,random,1571,87
Random,random,1572,99
Random,random,1573,99
Random,random,1574,97
Random,random,1575,100
Random,random,1576,97
Random,random,1577,100
Random,random,1578,100
Random,random,1579,91
Random,random,1580,99
Random,random,1581,95
Random,random,1582,84
Random,random,1583,99
Random,random,1584,99
Random,random,1585,96
Random,random,1586,95
Random,random,1587,96
Random,random,1588,80
Random,random,1589,88
Random,random,1590,98
Random,random,1591,99
Random,random,1592,82
Random,random,1593,92
Random,random,1594,92
Random,random,1595,96
Random,random,1596,69
Random,random,1597,99
Random,random,1598,95
Random,random,1599,90
Random,random,1600,99
Random,random,1601,88
Random,random,1602,96
Random,random,1603,97
Random,random,1604,94
Random,random,1605,98
Random,random,1606,98
Random,random,1607,96
Random,random,1608,97
Random,random,1609,98
Random,random,1610,98
Random,random,1611,98
Random,random,1612,100
Random,random,1613,98
Random,random,1614,100
Random,random,1615,95
Random,random,1616,100
Random,random,1617,95
Random,random,1618,99
Random,random,1619,86
Random,random,1620,93
Random,random,1621,97
Random,random,1622,94
Random,random,1623,100
Random,random,1624,99
Random,random,1625,100
Random,random,1626,93
Random,random,1627,99
Random,random,1628,94
Random,random,1629,89
Random,random,1630,100
Random,random,1631,97
Random,random,1632,97
Random,random,1633,93
Random,random,1634,88
Random,random,1635,91
Random,random,1636,94
Random,random,1637,99
Random,random,1638,90
Random,random,1639,95
Random,random,1640,90
Random,random,1641,99
Random,random,1642,99
Random,random,1643,96
Random,random,1644,98
Random,random,1645,94
Random,random,1646,94
Random,random,1647,94
Random,random,1648,93
Random,random,1649,99
Random,random,1650,100
Random,random,1651,93
Random,random,1652,99
Random,random,1653,96
Random,random,1654,100
Random,random,1655,94
Random,random,1656,100
Random,random,1657,93
Random,random,1658,92
Random,random,1659,97
Random,random,1660,97
Random,random,1661,99
Random,random,1662,98
Random,random,1663,99
Random,random,1664,92
Random,random,1665,99
Random,random,1666,96
Random,random,1667,99
Random,random,1668,97
Random,random,1669,96
Random,random,1670,98
Random,random,1671,89
Random,random,1672,95
Random,random,1673,96
Random,random,1674,83
Random,random,1675,96
Random,random,1676,95
Random,random,1677,97
Random,random,1678,93
Random,random,1679,94
Random,random,1680,92
Random,random,1681,99
Random,random,1682,97
Random,random,1683,95
Random,random,1684,98
Random,random,1685,99
Random,random,1686,82
Random,random,1687,96
Random,random,1688,89
Random,random,1689,97
Random,random,1690,100
Random,random,1691,92
Random,random,1692,97
Random,random,1693,81
Random,random,1694,97
Random,random,1695,92
Random,random,1696,90
Random,random,1697,100
Random,random,1698,89
Random,random,1699,100
Random,random,1700,91
Random,random,1701,100
Random,random,1702,91
Random,random,1703,100
Random,random,1704,88
Random,random,1705,87
Random,random,1706,98
Random,random,1707,80
Random,random,1708,79
Random,random,1709,94
Random,random,1710,100
Random,random,1711,95
Random,random,1712,95
Random,random,1713,98
Random,random,1714,93
Random,random,1715,99
Random,random,1716,99
Random,random,1717,100
Random,random,1718,97
Random,random,1719,100
Random,random,1720,78
Random,random,1721,94
Random,random,1722,91
Random,random,1723,98
Random,random,1724,98
Random,random,1725,93
Random,random,1726,99
Random,random,1727,97
Random,random,1728,93
Random,random,1729,95
Random,random,1730,99
Random,random,1731,100
Random,random,1732,80
Random,random,1733,92
Random,random,1734,99
Random,random,1735,100
Random,random,1736,96
Random,random,1737,99
Random,random,1738,97
Random,random,1739,100
Random,random,1740,99
Random,random,1741,96
Random,random,1742,91
Random,random,1743,96
Random,random,1744,98
Random,random,1745,100
Random,random,1746,99
Random,random,1747,98
Random,random,1748,90
Random,random,1749,100
Random,random,1750,99
Random,random,1751,75
Random,random,1752,97
Random,random,1753,98
Random,random,1754,95
Random,random,1755,100
Random,random,1756,90
Random,random,1757,91
Random,random,1758,81
Random,random,1759,98
Random,random,1760,91
Random,random,1761,91
Random,random,1762,96
Random,random,1763,96
Random,random,1764,100
Random,random,1765,89
Random,random,1766,97
Random,random,1767,100
Random,random,1768,99
Random,random,1769,92
Random,random,1770,100
Random,random,1771,99
Random,random,1772,99
Random,random,1773,95
Random,random,1774,100
Random,random,1775,95
Random,random,1776,98
Random,random,1777,85
Random,random,1778,92
Random,random,1779,98
Random,random,1780,91
Random,random,1781,90
Random,random,1782,97
Random,random,1783,88
Random,random,1784,100
Random,random,1785,92
Random,random,1786,99
Random,random,1787,98
Random,random,1788,99
Random,random,1789,98
Random,random,1790,98
Random,random,1791,95
Random,random,1792,98
Random,random,1793,89
Random,random,1794,85
Random,random,1795,92
Random,random,1796,94
Random,random,1797,100
Random,random,1798,80
Random,random,1799,98
Random,random,1800,95
Random,random,1801,95
Random,random,1802,94
Random,random,1803,93
Random,random,1804,96
Random,random,1805,95
Random,random,1806,95
Random,random,1807,92
Random,random,1808,97
Random,random,1809,88
Random,random,1810,97
Random,random,1811,98
Random,random,1812,97
Random,random,1813,99
Random,random,1814,97
Random,random,1815,99
Random,random,1816,97
Random,random,1817,87
Random,random,1818,93
Random,random,1819,95
Random,random,1820,100
Random,random,1821,100
Random,random,1822,88
Random,random,1823,96
Random,random,1824,98
Random,random,1825,90
Random,random,1826,97
Random,random,1827,89
Random,random,1828,97
Random,random,1829,96
Random,random,1830,94
Random,random,1831,83
Random,random,1832,89
Random,random,1833,98
Random,random,1834,97
Random,random,1835,95
Random,random,1836,95
Random,random,1837,91
Random,random,1838,100
Random,random,1839,100
Random,random,1840,100
Random,random,1841,100
Random,random,1842,94
Random,random,1843,96
Random,random,1844,100
Random,random,1845,100
Random,random,1846,97
Random,random,1847,100
Random,random,1848,94
Random,random,1849,96
Random,random,1850,93
Random,random,1851,90
Random,random,1852,100
Random,random,1853,96
Random,random,1854,98
Random,random,1855,84
Random,random,1856,98
Random,random,1857,99
Random,random,1858,86
Random,random,1859,99
Random,random,1860,95
Random,random,1861,100
Random,random,1862,98
Random,random,1863,97
Random,random,1864,100
Random,random,1865,98
Random,random,1866,100
Random,random,1867,97
Random,random,1868,100
Random,random,1869,96
Random,random,1870,94
Random,random,1871,93
Random,random,1872,97
Random,random,1873,100
Random,random,1874,99
Random,random,1875,100
Random,random,1876,98
Random,random,1877,96
Random,random,1878,98
Random,random,1879,93
Random,random,1880,94
Random,random,1881,89
Random,random,1882,83
Random,random,1883,96
Random,random,1884,85
Random,random,1885,94
Random,random,1886,97
Random,random,1887,91
Random,random,1888,82
Random,random,1889,100
Random,random,1890,99
Random,random,1891,82
Random,random,1892,87
Random,random,1893,82
Random,random,1894,100
Random,random,1895,77
Random,random,1896,97
Random,random,1897,99
Random,random,1898,97
Random,random,1899,98
Random,random,1900,95
Random,random,1901,98
Random,random,1902,96
Random,random,1903,91
Random,random,1904,93
Random,random,1905,97
Random,random,1906,98
Random,random,1907,99
Random,random,1908,96
Random,random,1909,96
Random,random,1910,95
Random,random,1911,96
Random,random,1912,98
Random,random,1913,95
Random,random,1914,99
Random,random,1915,90
Random,random,1916,90
Random,random,1917,85
Random,random,1918,96
Random,random,1919,86
Random,random,1920,86
Random,random,1921,91
Random,random,1922,100
Random,random,1923,99
Random,random,1924,95
Random,random,1925,97
Random,random,1926,89
Random,random,1927,100
Random,random,1928,99
Random,random,1929,100
Random,random,1930,98
Random,random,1931,90
Random,random,1932,96
Random,random,1933,99
Random,random,1934,93
Random,random,1935,97
Random,random,1936,97
Random,random,1937,100
Random,random,1938,99
Random,random,1939,97
Random,random,1940,92
Random,random,1941,99
Random,random,1942,98
Random,random,1943,89
Random,random,1944,86
Random,random,1945,100
Random,random,1946,95
Random,random,1947,100
Random,random,1948,100
Random,random,1949,98
Random,random,1950,81
Random,random,1951,92
Random,random,1952,99
Random,random,1953,95
Random,random,1954,95
Random,random,1955,100
Random,random,1956,92
Random,random,1957,98
Random,random,1958,96
Random,random,1959,97
Random,random,1960,100
Random,random,1961,100
Random,random,1962,82
Random,random,1963,99
Random,random,1964,88
Random,random,1965,96
Random,random,1966,94
Random,random,1967,93
Random,random,1968,99
Random,random,1969,100
Random,random,1970,98
Random,random,1971,99
Random,random,1972,95
Random,random,1973,99
Random,random,1974,96
Random,random,1975,94
Random,random,1976,98
Random,random,1977,97
Random,random,1978,90
Random,random,1979,97
Random,random,1980,100
Random,random,1981,97
Random,random,1982,88
Random,random,1983,93
Random,random,1984,86
Random,random,1985,91
Random,random,1986,98
Random,random,1987,96
Random,random,1988,98
Random,random,1989,99
Random,random,1990,100
Random,random,1991,83
Random,random,1992,94
Random,random,1993,99
Random,random,1994,99
Random,random,1995,96
Random,random,1996,98
Random,random,1997,92
Random,random,1998,99
Random,random,1999,95
Random,random,2000,100
Random,random,2001,99
Random,random,2002,99
Random,random,2003,99
Random,random,2004,97
Random,random,2005,99
Random,random,2006,100
Random,random,2007,81
Random,random,2008,99
Random,random,2009,79
Random,random,2010,99
Random,random,2011,98
Random,random,2012,94
Random,random,2013,94
Random,random,2014,99
Random,random,2015,100
Random,random,2016,96
Random,random,2017,83
Random,random,2018,89
Random,random,2019,99
Random,random,2020,95
Random,random,2021,98
Random,random,2022,97
Random,random,2023,91
Random,random,2024,95
Random,random,2025,92
Random,random,2026,96
Random,random,2027,99
Random,random,2028,98
Random,random,2029,97
Random,random,2030,99
Random,random,2031,100
Random,random,2032,92
Random,random,2033,99
Random,random,2034,100
Random,random,2035,98
Random,random,2036,88
Random,random,2037,100
Random,random,2038,98
Random,random,2039,90
Random,random,2040,82
Random,random,2041,100
Random,random,2042,95
Random,random,2043,88
Random,random,2044,95
Random,random,2045,94
Random,random,2046,98
Random,random,2047,91
Random,random,2048,100
Random,random,2049,98
Random,random,2050,98
Random,random,2051,96
Random,random,2052,88
Random,random,2053,91
Random,random,2054,99
Random,random,2055,77
Random,random,2056,90
Random,random,2057,92
Random,random,2058,100
Random,random,2059,92
Random,random,2060,96
Random,random,2061,99
Random,random,2062,95
Random,random,2063,100
Random,random,2064,86
Random,random,2065,94
Random,random,2066,96
Random,random,2067,100
Random,random,2068,97
Random,random,2069,100
Random,random,2070,100
Random,random,2071,77
Random,random,2072,99
Random,random,2073,100
Random,random,2074,100
Random,random,2075,98
Random,random,2076,100
Random,random,2077,99
Random,random,2078,100
Random,random,2079,97
Random,random,2080,94
Random,random,2081,93
Random,random,2082,88
Random,random,2083,92
Random,random,2084,100
Random,random,2085,91
Random,random,2086,99
Random,random,2087,98
Random,random,2088,91
Random,random,2089,98
Random,random,2090,93
Random,random,2091,92
Random,random,2092,96
Random,random,2093,98
Random,random,2094,100
Random,random,2095,95
Random,random,2096,99
Random,random,2097,97
Random,random,2098,86
Random,random,2099,92
Random,random,2100,97
Random,random,2101,93
Random,random,2102,100
Random,random,2103,97
Random,random,2104,99
Random,random,2105,96
Random,random,2106,92
Random,random,2107,98
Random,random,2108,97
Random,random,2109,90
Random,random,2110,93
Random,random,2111,100
Random,random,2112,91
Random,random,2113,100
Random,random,2114,88
Random,random,2115,98
Random,random,2116,98
Random,random,2117,85
Random,random,2118,99
Random,random,2119,99
Random,random,2120,86
Random,random,2121,100
Random,random,2122,100
Random,random,2123,99
Random,random,2124,100
Random,random,2125,99
Random,random,2126,97
Random,random,2127,99
Random,random,2128,96
Random,random,2129,100
Random,random,2130,96
Random,random,2131,98
Random,random,2132,99
Random,random,2133,94
Random,random,2134,95
Random,random,2135,96
Random,random,2136,97
Random,random,2137,87
Random,random,2138,97
Random,random,2139,97
Random,random,2140,98
Random,random,2141,98
Random,random,2142,91
Random,random,2143,100
Random,random,2144,93
Random,random,2145,91
Random,random,2146,98
Random,random,2147,86
Random,random,2148,95
Random,random,2149,99
Random,random,2150,81
Random,random,2151,97
Random,random,2152,98
Random,random,2153,96
Random,random,2154,97
Random,random,2155,99
Random,random,2156,86
Random,random,2157,98
Random,random,2158,100
Random,random,2159,95
Random,random,2160,86
Random,random,2161,99
Random,random,2162,100
Random,random,2163,95
Random,random,2164,73
Random,random,2165,95
Random,random,2166,89
Random,random,2167,91
Random,random,2168,96
Random,random,2169,98
Random,random,2170,97
Random,random,2171,91
Random,random,2172,99
Random,random,2173,99
Random,random,2174,99
Random,random,2175,98
Random,random,2176,100
Random,random,2177,99
Random,random,2178,99
Random,random,2179,92
Random,random,2180,98
Random,random,2181,97
Random,random,2182,97
Random,random,2183,90
Random,random,2184,98
Random,random,2185,100
Random,random,2186,98
Random,random,2187,99
Random,random,2188,99
Random,random,2189,97
Random,random,2190,97
Random,random,2191,97
Random,random,2192,99
Random,random,2193,96
Random,random,2194,84
Random,random,2195,97
Random,random,2196,94
Random,random,2197,100
Random,random,2198,97
Random,random,2199,93
Random,random,2200,97
Random,random,2201,95
Random,random,2202,93
Random,random,2203,95
Random,random,2204,100
Random,random,2205,93
Random,random,2206,100
Random,random,2207,97
Random,random,2208,96
Random,random,2209,98
Random,random,2210,99
Random,random,2211,94
Random,random,2212,96
Random,random,2213,98
Random,random,2214,99
Random,random,2215,99
Random,random,2216,91
Random,random,2217,100
Random,random,2218,96
Random,random,2219,90
Random,random,2220,84
Random,random,2221,99
Random,random,2222,88
Random,random,2223,89
Random,random,2224,100
Random,random,2225,93
Random,random,2226,93
Random,random,2227,100
Random,random,2228,94
Random,random,2229,96
Random,random,2230,77
Random,random,2231,94
Random,random,2232,98
Random,random,2233,96
Random,random,2234,99
Random,random,2235,98
Random,random,2236,97
Random,random,2237,93
Random,random,2238,94
Random,random,2239,97
Random,random,2240,96
Random,random,2241,91
Random,random,2242,99
Random,random,2243,97
Random,random,2244,92
Random,random,2245,97
Random,random,2246,98
Random,random,2247,99
Random,random,2248,91
Random,random,2249,98
Random,random,2250,98
Random,random,2251,98
Random,random,2252,99
Random,random,2253,96
Random,random,2254,97
Random,random,2255,96
Random,random,2256,81
Random,random,2257,97
Random,random,2258,87
Random,random,2259,96
Random,random,2260,91
Random,random,2261,95
Random,random,2262,83
Random,random,2263,99
Random,random,2264,95
Random,random,2265,99
Random,random,2266,97
Random,random,2267,93
Random,random,2268,100
Random,random,2269,100
Random,random,2270,98
Random,random,2271,100
Random,random,2272,100
Random,random,2273,99
Random,random,2274,89
Random,random,2275,96
Random,random,2276,98
Random,random,2277,86
Random,random,2278,100
Random,random,2279,98
Random,random,2280,88
Random,random,2281,97
Random,random,2282,99
Random,random,2283,94
Random,random,2284,91
Random,random,2285,100
Random,random,2286,100
Random,random,2287,100
Random,random,2288,100
Random,random,2289,99
Random,random,2290,93
Random,random,2291,99
Random,random,2292,88
Random,random,2293,98
Random,random,2294,94
Random,random,2295,99
Random,random,2296,93
Random,random,2297,97
Random,random,2298,90
Random,random,2299,97
Random,random,2300,95
Random,random,2301,96
Random,random,2302,86
Random,random,2303,98
Random,random,2304,98
Random,random,2305,100
Random,random,2306,98
Random,random,2307,98
Random,random,2308,95
Random,random,2309,97
Random,random,2310,100
Random,random,2311,100
Random,random,2312,99
Random,random,2313,98
Random,random,2314,97
Random,random,2315,94
Random,random,2316,93
Random,random,2317,95
Random,random,2318,99
Random,random,2319,89
Random,random,2320,95
Random,random,2321,89
Random,random,2322,98
Random,random,2323,98
Random,random,2324,100
Random,random,2325,97
Random,random,2326,96
Random,random,2327,99
Random,random,2328,98
Random,random,2329,100
Random,random,2330,95
Random,random,2331,99
Random,random,2332,100
Random,random,2333,96
Random,random,2334,94
Random,random,2335,97
Random,random,2336,96
Random,random,2337,98
Random,random,2338,97
Random,random,2339,100
Random,random,2340,84
Random,random,2341,100
Random,random,2342,96
Random,random,2343,98
Random,random,2344,95
Random,random,2345,100
Random,random,2346,100
Random,random,2347,90
Random,random,2348,90
Random,random,2349,93
Random,random,2350,96
Random,random,2351,79
Random,random,2352,100
Random,random,2353,95
Random,random,2354,95
Random,random,2355,99
Random,random,2356,99
Random,random,2357,89
Random,random,2358,98
Random,random,2359,99
Random,random,2360,90
Random,random,2361,92
Random,random,2362,98
Random,random,2363,96
Random,random,2364,98
Random,random,2365,95
Random,random,2366,100
Random,random,2367,96
Random,random,2368,94
Random,random,2369,98
Random,random,2370,99
Random,random,2371,100
Random,random,2372,93
Random,random,2373,93
Random,random,2374,98
Random,random,2375,86
Random,random,2376,100
Random,random,2377,99
Random,random,2378,90
Random,random,2379,97
Random,random,2380,94
Random,random,2381,93
Random,random,2382,87
Random,random,2383,88
Random,random,2384,99
Random,random,2385,93
Random,random,2386,97
Random,random,2387,99
Random,random,2388,100
Random,random,2389,99
Random,random,2390,99
Random,random,2391,97
Random,random,2392,98
Random,random,2393,92
Random,random,2394,95
Random,random,2395,95
Random,random,2396,96
Random,random,2397,83
Random,random,2398,99
Random,random,2399,99
Random,random,2400,99
Random,random,2401,91
Random,random,2402,99
Random,random,2403,94
Random,random,2404,97
Random,random,2405,100
Random,random,2406,99
Random,random,2407,90
Random,random,2408,99
Random,random,2409,99
Random,random,2410,100
Random,random,2411,99
Random,random,2412,82
Random,random,2413,92
Random,random,2414,99
Random,random,2415,97
Random,random,2416,96
Random,random,2417,92
Random,random,2418,100
Random,random,2419,98
Random,random,2420,91
Random,random,2421,100
Random,random,2422,100
Random,random,2423,99
Random,random,2424,97
Random,random,2425,75
Random,random,2426,91
Random,random,2427,96
Random,random,2428,96
Random,random,2429,92
Random,random,2430,92
Random,random,2431,89
Random,random,2432,99
Random,random,2433,96
Random,random,2434,94
Random,random,2435,99
Random,random,2436,93
Random,random,2437,94
Random,random,2438,87
Random,random,2439,97
Random,random,2440,97
Random,random,2441,93
Random,random,2442,99
Random,random,2443,99
Random,random,2444,92
Random,random,2445,85
Random,random,2446,86
Random,random,2447,93
Random,random,2448,91
Random,random,2449,89
Random,random,2450,97
Random,random,2451,96
Random,random,2452,79
Random,random,2453,100
Random,random,2454,99
Random,random,2455,94
Random,random,2456,97
Random,random,2457,99
Random,random,2458,98
Random,random,2459,96
Random,random,2460,98
Random,random,2461,100
Random,random,2462,92
Random,random,2463,99
Random,random,2464,89
Random,random,2465,100
Random,random,2466,97
Random,random,2467,98
Random,random,2468,98
Random,random,2469,98
Random,random,2470,86
Random,random,2471,100
Random,random,2472,100
Random,random,2473,99
Random,random,2474,92
Random,random,2475,99
Random,random,2476,96
Random,random,2477,100
Random,random,2478,90
Random,random,2479,98
Random,random,2480,90
Random,random,2481,98
Random,random,2482,97
Random,random,2483,93
Random,random,2484,100
Random,random,2485,96
Random,random,2486,98
Random,random,2487,93
Random,random,2488,94
Random,random,2489,95
Random,random,2490,96
Random,random,2491,100
Random,random,2492,97
Random,random,2493,98
Random,random,2494,91
Random,random,2495,100
Random,random,2496,81
Random,random,2497,100
Random,random,2498,93
Random,random,2499,88
Random,random,2500,84
Random,random,2501,98
Random,random,2502,98
Random,random,2503,98
Random,random,2504,92
Random,random,2505,95
Random,random,2506,100
Random,random,2507,100
Random,random,2508,98
Random,random,2509,89
Random,random,2510,97
Random,random,2511,90
Random,random,2512,87
Random,random,2513,98
Random,random,2514,100
Random,random,2515,98
Random,random,2516,87
Random,random,2517,98
Random,random,2518,97
Random,random,2519,95
Random,random,2520,95
Random,random,2521,95
Random,random,2522,100
Random,random,2523,82
Random,random,2524,98
Random,random,2525,97
Random,random,2526,95
Random,random,2527,100
Random,random,2528,100
Random,random,2529,96
Random,random,2530,98
Random,random,2531,90
Random,random,2532,85
Random,random,2533,92
Random,random,2534,86
Random,random,2535,90
Random,random,2536,99
Random,random,2537,100
Random,random,2538,90
Random,random,2539,92
Random,random,2540,70
Random,random,2541,99
Random,random,2542,97
Random,random,2543,89
Random,random,2544,100
Random,random,2545,100
Random,random,2546,78
Random,random,2547,100
Random,random,2548,97
Random,random,2549,96
Random,random,2550,96
Random,random,2551,93
Random,random,2552,92
Random,random,2553,98
Random,random,2554,92
Random,random,2555,97
Random,random,2556,91
Random,random,2557,97
Random,random,2558,83
Random,random,2559,94
Random,random,2560,97
Random,random,2561,92
Random,random,2562,100
Random,random,2563,94
Random,random,2564,86
Random,random,2565,99
Random,random,2566,99
Random,random,2567,95
Random,random,2568,95
Random,random,2569,94
Random,random,2570,93
Random,random,2571,92
Random,random,2572,100
Random,random,2573,87
Random,random,2574,98
Random,random,2575,91
Random,random,2576,95
Random,random,2577,100
Random,random,2578,97
Random,random,2579,97
Random,random,2580,96
Random,random,2581,98
Random,random,2582,96
Random,random,2583,87
Random,random,2584,98
Random,random,2585,70
Random,random,2586,95
Random,random,2587,82
Random,random,2588,89
Random,random,2589,98
Random,random,2590,91
Random,random,2591,99
Random,random,2592,93
Random,random,2593,100
Random,random,2594,99
Random,random,2595,97
Random,random,2596,97
Random,random,2597,97
Random,random,2598,93
Random,random,2599,86
Random,random,2600,78
Random,random,2601,99
Random,random,2602,100
Random,random,2603,100
Random,random,2604,90
Random,random,2605,96
Random,random,2606,95
Random,random,2607,91
Random,random,2608,96
Random,random,2609,100
Random,random,2610,91
Random,random,2611,99
Random,random,2612,99
Random,random,2613,93
Random,random,2614,96
Random,random,2615,98
Random,random,2616,98
Random,random,2617,99
Random,random,2618,96
Random,random,2619,94
Random,random,2620,100
Random,random,2621,98
Random,random,2622,98
Random,random,2623,93
Random,random,2624,86
Random,random,2625,99
Random,random,2626,100
Random,random,2627,99
Random,random,2628,98
Random,random,2629,96
Random,random,2630,99
Random,random,2631,96
Random,random,2632,99
Random,random,2633,100
Random,random,2634,100
Random,random,2635,100
Random,random,2636,100
Random,random,2637,97
Random,random,2638,99
Random,random,2639,97
Random,random,2640,100
Random,random,2641,82
Random,random,2642,95
Random,random,2643,92
Random,random,2644,98
Random,random,2645,100
Random,random,2646,100
Random,random,2647,100
Random,random,2648,94
Random,random,2649,95
Random,random,2650,95
Random,random,2651,99
Random,random,2652,100
Random,random,2653,97
Random,random,2654,92
Random,random,2655,98
Random,random,2656,96
Random,random,2657,99
Random,random,2658,87
Random,random,2659,99
Random,random,2660,96
Random,random,2661,100
Random,random,2662,97
Random,random,2663,100
Random,random,2664,92
Random,random,2665,92
Random,random,2666,98
Random,random,2667,94
Random,random,2668,95
Random,random,2669,100
Random,random,2670,96
Random,random,2671,100
Random,random,2672,98
Random,random,2673,97
Random,random,2674,97
Random,random,2675,97
Random,random,2676,97
Random,random,2677,99
Random,random,2678,98
Random,random,2679,95
Random,random,2680,96
Random,random,2681,97
Random,random,2682,96
Random,random,2683,99
Random,random,2684,100
Random,random,2685,89
Random,random,2686,89
Random,random,2687,96
Random,random,2688,99
Random,random,2689,99
Random,random,2690,98
Random,random,2691,98
Random,random,2692,95
Random,random,2693,99
Random,random,2694,95
Random,random,2695,97
Random,random,2696,99
Random,random,2697,84
Random,random,2698,99
Random,random,2699,96
Random,random,2700,98
Random,random,2701,90
Random,random,2702,97
Random,random,2703,92
Random,random,2704,95
Random,random,2705,93
Random,random,2706,98
Random,random,2707,100
Random,random,2708,96
Random,random,2709,97
Random,random,2710,96
Random,random,2711,93
Random,random,2712,99
Random,random,2713,99
Random,random,2714,96
Random,random,2715,95
Random,random,2716,88
Random,random,2717,97
Random,random,2718,89
Random,random,2719,96
Random,random,2720,100
Random,random,2721,100
Random,random,2722,95
Random,random,2723,100
Random,random,2724,99
Random,random,2725,92
Random,random,2726,92
Random,random,2727,100
Random,random,2728,98
Random,random,2729,99
Random,random,2730,98
Random,random,2731,100
Random,random,2732,100
Random,random,2733,77
Random,random,2734,99
Random,random,2735,89
Random,random,2736,99
Random,random,2737,96
Random,random,2738,98
Random,random,2739,90
Random,random,2740,93
Random,random,2741,98
Random,random,2742,98
Random,random,2743,88
Random,random,2744,87
Random,random,2745,90
Random,random,2746,100
Random,random,2747,90
Random,random,2748,97
Random,random,2749,96
Random,random,2750,96
Random,random,2751,94
Random,random,2752,88
Random,random,2753,97
Random,random,2754,95
Random,random,2755,98
Random,random,2756,97
Random,random,2757,98
Random,random,2758,96
Random,random,2759,99
Random,random,2760,100
Random,random,2761,98
Random,random,2762,100
Random,random,2763,99
Random,random,2764,95
Random,random,2765,94
Random,random,2766,100
Random,random,2767,92
Random,random,2768,93
Random,random,2769,90
Random,random,2770,97
Random,random,2771,99
Random,random,2772,89
Random,random,2773,97
Random,random,2774,95
Random,random,2775,100
Random,random,2776,100
Random,random,2777,95
Random,random,2778,91
Random,random,2779,99
Random,random,2780,93
Random,random,2781,100
Random,random,2782,84
Random,random,2783,97
Random,random,2784,94
Random,random,2785,90
Random,random,2786,82
Random,random,2787,93
Random,random,2788,100
Random,random,2789,97
Random,random,2790,99
Random,random,2791,97
Random,random,2792,100
Random,random,2793,98
Random,random,2794,96
Random,random,2795,100
Random,random,2796,95
Random,random,2797,100
Random,random,2798,97
Random,random,2799,99
Random,random,2800,98
Random,random,2801,100
Random,random,2802,90
Random,random,2803,97
Random,random,2804,90
Random,random,2805,100
Random,random,2806,88
Random,random,2807,87
Random,random,2808,92
Random,random,2809,98
Random,random,2810,100
Random,random,2811,97
Random,random,2812,89
Random,random,2813,99
Random,random,2814,70
Random,random,2815,89
Random,random,2816,100
Random,random,2817,95
Random,random,2818,100
Random,random,2819,98
Random,random,2820,100
Random,random,2821,99
Random,random,2822,91
Random,random,2823,94
Random,random,2824,92
Random,random,2825,100
Random,random,2826,100
Random,random,2827,99
Random,random,2828,92
Random,random,2829,90
Random,random,2830,93
Random,random,2831,96
Random,random,2832,100
Random,random,2833,95
Random,random,2834,99
Random,random,2835,97
Random,random,2836,97
Random,random,2837,96
Random,random,2838,100
Random,random,2839,89
Random,random,2840,94
Random,random,2841,86
Random,random,2842,100
Random,random,2843,100
Random,random,2844,98
Random,random,2845,95
Random,random,2846,92
Random,random,2847,100
Random,random,2848,80
Random,random,2849,97
Random,random,2850,97
Random,random,2851,91
Random,random,2852,97
Random,random,2853,94
Random,random,2854,99
Random,random,2855,100
Random,random,2856,97
Random,random,2857,90
Random,random,2858,100
Random,random,2859,99
Random,random,2860,100
Random,random,2861,99
Random,random,2862,94
Random,random,2863,85
Random,random,2864,89
Random,random,2865,97
Random,random,2866,99
Random,random,2867,87
Random,random,2868,98
Random,random,2869,93
Random,random,2870,99
Random,random,2871,96
Random,random,2872,98
Random,random,2873,100
Random,random,2874,96
Random,random,2875,97
Random,random,2876,98
Random,random,2877,100
Random,random,2878,96
Random,random,2879,100
Random,random,2880,97
Random,random,2881,98
Random,random,2882,98
Random,random,2883,94
Random,random,2884,86
Random,random,2885,93
Random,random,2886,95
Random,random,2887,97
Random,random,2888,88
Random,random,2889,100
Random,random,2890,99
Random,random,2891,98
Random,random,2892,95
Random,random,2893,88
Random,random,2894,98
Random,random,2895,96
Random,random,2896,92
Random,random,2897,75
Random,random,2898,96
Random,random,2899,87
Random,random,2900,69
Random,random,2901,99
Random,random,2902,94
Random,random,2903,100
Random,random,2904,91
Random,random,2905,100
Random,random,2906,93
Random,random,2907,99
Random,random,2908,94
Random,random,2909,99
Random,random,2910,91
Random,random,2911,100
Random,random,2912,91
Random,random,2913,93
Random,random,2914,93
Random,random,2915,100
Random,random,2916,96
Random,random,2917,100
Random,random,2918,99
Random,random,2919,98
Random,random,2920,98
Random,random,2921,91
Random,random,2922,98
Random,random,2923,99
Random,random,2924,98
Random,random,2925,99
Random,random,2926,91
Random,random,2927,99
Random,random,2928,100
Random,random,2929,99
Random,random,2930,99
Random,random,2931,100
Random,random,2932,97
Random,random,2933,97
Random,random,2934,92
Random,random,2935,95
Random,random,2936,100
Random,random,2937,94
Random,random,2938,97
Random,random,2939,98
Random,random,2940,87
Random,random,2941,95
Random,random,2942,99
Random,random,2943,100
Random,random,2944,95
Random,random,2945,98
Random,random,2946,100
Random,random,2947,100
Random,random,2948,98
Random,random,2949,96
Random,random,2950,99
Random,random,2951,100
Random,random,2952,92
Random,random,2953,100
Random,random,2954,100
Random,random,2955,73
Random,random,2956,96
Random,random,2957,99
Random,random,2958,92
Random,random,2959,96
Random,random,2960,96
Random,random,2961,88
Random,random,2962,95
Random,random,2963,94
Random,random,2964,100
Random,random,2965,97
Random,random,2966,90
Random,random,2967,94
Random,random,2968,100
Random,random,2969,97
Random,random,2970,96
Random,random,2971,100
Random,random,2972,100
Random,random,2973,99
Random,random,2974,98
Random,random,2975,94
Random,random,2976,100
Random,random,2977,99
Random,random,2978,100
Random,random,2979,91
Random,random,2980,88
Random,random,2981,100
Random,random,2982,95
Random,random,2983,91
Random,random,2984,99
Random,random,2985,99
Random,random,2986,89
Random,random,2987,100
Random,random,2988,96
Random,random,2989,100
Random,random,2990,99
Random,random,2991,100
Random,random,2992,93
Random,random,2993,99
Random,random,2994,93
Random,random,2995,95
Random,random,2996,100
Random,random,2997,85
Random,random,2998,88
Random,random,2999,97
Hunt & Target,random,0,56
Hunt & Target,random,1,63
Hunt & Target,random,2,49
Hunt & Target,random,3,43
Hunt & Target,random,4,73
Hunt & Target,random,5,65
Hunt & Target,random,6,59
Hunt & Target,random,7,48
Hunt & Target,random,8,86
Hunt & Target,random,9,71
Hunt & Target,random,10,57
Hunt & Target,random,11,70
Hunt & Target,random,12,81
Hunt & Target,random,13,59
Hunt & Target,random,14,53
Hunt & Target,random,15,73
Hunt & Target,random,16,59
Hunt & Target,random,17,94
Hunt & Target,random,18,70
Hunt & Target,random,19,39
Hunt & Target,random,20,85
Hunt & Target,random,21,96
Hunt & Target,random,22,52
Hunt & Target,random,23,75
Hunt & Target,random,24,53
Hunt & Target,random,25,72
Hunt & Target,random,26,48
Hunt & Target,random,27,47
Hunt & Target,random,28,66
Hunt & Target,random,29,91
Hunt & Target,random,30,62
Hunt & Target,random,31,75
Hunt & Target,random,32,53
Hunt & Target,random,33,41
Hunt & Target,random,34,79
Hunt & Target,random,35,41
Hunt & Target,random,36,67
Hunt & Target,random,37,84
Hunt & Target,random,38,57
Hunt & Target,random,39,38
Hunt & Target,random,40,45
Hunt & Target,random,41,65
Hunt & Target,random,42,75
Hunt & Target,random,43,56
Hunt & Target,random,44,46
Hunt & Target,random,45,78
Hunt & Target,random,46,47
Hunt & Target,random,47,79
Hunt & Target,random,48,50
Hunt & Target,random,49,57
Hunt & Target,random,50,43
Hunt & Target,random,51,53
Hunt & Target,random,52,61
Hunt & Target,random,53,59
Hunt & Target,random,54,61
Hunt & Target,random,55,68
Hunt & Target,random,56,79
Hunt & Target,random,57,55
Hunt & Target,random,58,70
Hunt & Target,random,59,76
Hunt & Target,random,60,63
Hunt & Target,random,61,70
Hunt & Target,random,62,64
Hunt & Target,random,63,30
Hunt & Target,random,64,52
Hunt & Target,random,65,45
Hunt & Target,random,66,59
Hunt & Target,random,67,48
Hunt & Target,random,68,71
Hunt & Target,random,69,65
Hunt & Target,random,70,50
Hunt & Target,random,71,52
Hunt & Target,random,72,72
Hunt & Target,random,73,45
Hunt & Target,random,74,47
Hunt & Target,random,75,59
Hunt & Target,random,76,48
Hunt & Target,random,77,61
Hunt & Target,random,78,69
Hunt & Target,random,79,50
Hunt & Target,random,80,51
Hunt & Target,random,81,93
Hunt & Target,random,82,57
Hunt & Target,random,83,60
Hunt & Target,random,84,87
Hunt & Target,random,85,49
Hunt & Target,random,86,73
Hunt & Target,random,87,78
Hunt & Target,random,88,36
Hunt & Target,random,89,70
Hunt & Target,random,90,94
Hunt & Target,random,91,42
Hunt & Target,random,92,55
Hunt & Target,random,93,73
Hunt & Target,random,94,38
Hunt & Target,random,95,81
Hunt & Target,random,96,80
Hunt & Target,random,97,56
Hunt & Target,random,98,60
Hunt & Target,random,99,58
Hunt & Target,random,100,69
Hunt & Target,random,101,90
Hunt & Target,random,102,54
Hunt & Target,random,103,60
Hunt & Target,random,104,93
Hunt & Target,random,105,69
Hunt & Target,random,106,41
Hunt & Target,random,107,50
Hunt & Target,random,108,50
Hunt & Target,random,109,67
Hunt & Target,random,110,50
Hunt & Target,random,111,73
Hunt & Target,random,112,73
Hunt & Target,random,113,83
Hunt & Target,random,114,50
Hunt & Target,random,115,61
Hunt & Target,random,116,49
Hunt & Target,random,117,90
Hunt & Target,random,118,69
Hunt & Target,random,119,34
Hunt & Target,random,120,80
Hunt & Target,random,121,57
Hunt & Target,random,122,49
Hunt & Target,random,123,42
Hunt & Target,random,124,71
Hunt & Target,random,125,65
Hunt & Target,random,126,52
Hunt & Target,random,127,59
Hunt & Target,random,128,85
Hunt & Target,random,129,52
Hunt & Target,random,130,70
Hunt & Target,random,131,61
Hunt & Target,random,132,60
Hunt & Target,random,133,53
Hunt & Target,random,134,80
Hunt & Target,random,135,62
Hunt & Target,random,136,47
Hunt & Target,random,137,61
Hunt & Target,random,138,73
Hunt & Target,random,139,39
Hunt & Target,random,140,58
Hunt & Target,random,141,85
Hunt & Target,random,142,52
Hunt & Target,random,143,61
Hunt & Target,random,144,83
Hunt & Target,random,145,44
Hunt & Target,random,146,67
Hunt & Target,random,147,70
Hunt & Target,random,148,78
Hunt & Target,random,149,60
Hunt & Target,random,150,55
Hunt & Target,random,151,74
Hunt & Target,random,152,55
Hunt & Target,random,153,67
Hunt & Target,random,154,39
Hunt & Target,random,155,65
Hunt & Target,random,156,43
Hunt & Target,random,157,53
Hunt & Target,random,158,64
Hunt & Target,random,159,91
Hunt & Target,random,160,42
Hunt & Target,random,161,61
Hunt & Target,random,162,84
Hunt & Target,random,163,69
Hunt & Target,random,164,48
Hunt & Target,random,165,69
Hunt & Target,random,166,51
Hunt & Target,random,167,40
Hunt & Target,random,168,49
Hunt & Target,random,169,77
Hunt & Target,random,170,54
Hunt & Target,random,171,64
Hunt & Target,random,172,47
Hunt & Target,random,173,41
Hunt & Target,random,174,73
Hunt & Target,random,175,61
Hunt & Target,random,176,48
Hunt & Target,random,177,69
Hunt & Target,random,178,67
Hunt & Target,random,179,82
Hunt & Target,random,180,56
Hunt & Target,random,181,65
Hunt & Target,random,182,52
Hunt & Target,random,183,73
Hunt & Target,random,184,58
Hunt & Target,random,185,54
Hunt & Target,random,186,58
Hunt & Target,random,187,57
Hunt & Target,random,188,91
Hunt & Target,random,189,61
Hunt & Target,random,190,54
Hunt & Target,random,191,53
Hunt & Target,random,192,58
Hunt & Target,random,193,80
Hunt & Target,random,194,45
Hunt & Target,random,195,56
Hunt & Target,random,196,67
Hunt & Target,random,197,77
Hunt & Target,random,198,51
Hunt & Target,random,199,60
Hunt & Target,random,200,52
Hunt & Target,random,201,66
Hunt & Target,random,202,69
Hunt & Target,random,203,41
Hunt & Target,random,204,53
Hunt & Target,random,205,53
Hunt & Target,random,206,53
Hunt & Target,random,207,77
Hunt & Target,random,208,68
Hunt & Target,random,209,71
Hunt & Target,random,210,33
Hunt & Target,random,211,69
Hunt & Target,random,212,88
Hunt & Target,random,213,61
Hunt & Target,random,214,78
Hunt & Target,random,215,57
Hunt & Target,random,216,93
Hunt & Target,random,217,50
Hunt & Target,random,218,65
Hunt & Target,random,219,75
Hunt & Target,random,220,37
Hunt & Target,random,221,80
Hunt & Target,random,222,71
Hunt & Target,random,223,71
Hunt & Target,random,224,95
Hunt & Target,random,225,57
Hunt & Target,random,226,58
Hunt & Target,random,227,92
Hunt & Target,random,228,42
Hunt & Target,random,229,85
Hunt & Target,random,230,80
Hunt & Target,random,231,64
Hunt & Target,random,232,85
Hunt & Target,random,233,54
Hunt & Target,random,234,66
Hunt & Target,random,235,72
Hunt & Target,random,236,58
Hunt & Target,random,237,61
Hunt & Target,random,238,76
Hunt & Target,random,239,58
Hunt & Target,random,240,51
Hunt & Target,random,241,66
Hunt & Target,random,242,63
Hunt & Target,random,243,53
Hunt & Target,random,244,62
Hunt & Target,random,245,55
Hunt & Target,random,246,31
Hunt & Target,random,247,57
Hunt & Target,random,248,61
Hunt & Target,random,249,59
Hunt & Target,random,250,69
Hunt & Target,random,251,61
Hunt & Target,random,252,69
Hunt & Target,random,253,47
Hunt & Target,random,254,71
Hunt & Target,random,255,66
Hunt & Target,random,256,37
Hunt & Target,random,257,81
Hunt & Target,random,258,63
Hunt & Target,random,259,54
Hunt & Target,random,260,56
Hunt & Target,random,261,53
Hunt & Target,random,262,58
Hunt & Target,random,263,71
Hunt & Target,random,264,55
Hunt & Target,random,265,57
Hunt & Target,random,266,42
Hunt & Target,random,267,47
Hunt & Target,random,268,38
Hunt & Target,random,269,50
Hunt & Target,random,270,47
Hunt & Target,random,271,72
Hunt & Target,random,272,42
Hunt & Target,random,273,43
Hunt & Target,random,274,53
Hunt & Target,random,275,36
Hunt & Target,random,276,51
Hunt & Target,random,277,69
Hunt & Target,random,278,42
Hunt & Target,random,279,63
Hunt & Target,random,280,92
Hunt & Target,random,281,74
Hunt & Target,random,282,96
Hunt & Target,random,283,47
Hunt & Target,random,284,79
Hunt & Target,random,285,84
Hunt & Target,random,286,48
Hunt & Target,random,287,74
Hunt & Target,random,288,67
Hunt & Target,random,289,54
Hunt & Target,random,290,48
Hunt & Target,random,291,66
Hunt & Target,random,292,44
Hunt & Target,random,293,61
Hunt & Target,random,294,59
Hunt & Target,random,295,53
Hunt & Target,random,296,62
Hunt & Target,random,297,75
Hunt & Target,random,298,44
Hunt & Target,random,299,78
Hunt & Target,random,300,52
Hunt & Target,random,301,71
Hunt & Target,random,302,46
Hunt & Target,random,303,76
Hunt & Target,random,304,56
Hunt & Target,random,305,44
Hunt & Target,random,306,80
Hunt & Target,random,307,74
Hunt & Target,random,308,71
Hunt & Target,random,309,73
Hunt & Target,random,310,31
Hunt & Target,random,311,69
Hunt & Target,random,312,57
Hunt & Target,random,313,53
Hunt & Target,random,314,40
Hunt & Target,random,315,72
Hunt & Target,random,316,80
Hunt & Target,random,317,68
Hunt & Target,random,318,82
Hunt & Target,random,319,65
Hunt & Target,random,320,61
Hunt & Target,random,321,84
Hunt & Target,random,322,37
Hunt & Target,random,323,81
Hunt & Target,random,324,47
Hunt & Target,random,325,67
Hunt & Target,random,326,78
Hunt & Target,random,327,71
Hunt & Target,random,328,51
Hunt & Target,random,329,85
Hunt & Target,random,330,59
Hunt & Target,random,331,64
Hunt & Target,random,332,70
Hunt & Target,random,333,72
Hunt & Target,random,334,42
Hunt & Target,random,335,64
Hunt & Target,random,336,84
Hunt & Target,random,337,47
Hunt & Target,random,338,67
Hunt & Target,random,339,51
Hunt & Target,random,340,58
Hunt & Target,random,341,69
Hunt & Target,random,342,76
Hunt & Target,random,343,36
Hunt & Target,random,344,73
Hunt & Target,random,345,86
Hunt & Target,random,346,49
Hunt & Target,random,347,43
Hunt & Target,random,348,47
Hunt & Target,random,349,52
Hunt & Target,random,350,98
Hunt & Target,random,351,62
Hunt & Target,random,352,91
Hunt & Target,random,353,61
Hunt & Target,random,354,42
Hunt & Target,random,355,70
Hunt & Target,random,356,54
Hunt & Target,random,357,55
Hunt & Target,random,358,46
Hunt & Target,random,359,77
Hunt & Target,random,360,61
Hunt & Target,random,361,66
Hunt & Target,random,362,57
Hunt & Target,random,363,77
Hunt & Target,random,364,45
Hunt & Target,random,365,76
Hunt & Target,random,366,46
Hunt & Target,random,367,84
Hunt & Target,random,368,47
Hunt & Target,random,369,46
Hunt & Target,random,370,62
Hunt & Target,random,371,43
Hunt & Target,random,372,60
Hunt & Target,random,373,47
Hunt & Target,random,374,69
Hunt & Target,random,375,50
Hunt & Target,random,376,64
Hunt & Target,random,377,37
Hunt & Target,random,378,72
Hunt & Target,random,379,60
Hunt & Target,random,380,61
Hunt & Target,random,381,60
Hunt & Target,random,382,50
Hunt & Target,random,383,43
Hunt & Target,random,384,62
Hunt & Target,random,385,85
Hunt & Target,random,386,41
Hunt & Target,random,387,71
Hunt & Target,random,388,65
Hunt & Target,random,389,50
Hunt & Target,random,390,54
Hunt & Target,random,391,43
Hunt & Target,random,392,55
Hunt & Target,random,393,81
Hunt & Target,random,394,79
Hunt & Target,random,395,86
Hunt & Target,random,396,63
Hunt & Target,random,397,80
Hunt & Target,random,398,47
Hunt & Target,random,399,57
Hunt & Target,random,400,58
Hunt & Target,random,401,65
Hunt & Target,random,402,26
Hunt & Target,random,403,75
Hunt & Target,random,404,74
Hunt & Target,random,405,57
Hunt & Target,random,406,52
Hunt & Target,random,407,52
Hunt & Target,random,408,67
Hunt & Target,random,409,66
Hunt & Target,random,410,72
Hunt & Target,random,411,55
Hunt & Target,random,412,50
Hunt & Target,random,413,72
Hunt & Target,random,414,51
Hunt & Target,random,415,43
Hunt & Target,random,416,37
Hunt & Target,random,417,50
Hunt & Target,random,418,55
Hunt & Target,random,419,70
Hunt & Target,random,420,47
Hunt & Target,random,421,72
Hunt & Target,random,422,88
Hunt & Target,random,423,66
Hunt & Target,random,424,81
Hunt & Target,random,425,74
Hunt & Target,random,426,40
Hunt & Target,random,427,64
Hunt & Target,random,428,78
Hunt & Target,random,429,73
Hunt & Target,random,430,62
Hunt & Target,random,431,73
Hunt & Target,random,432,59
Hunt & Target,random,433,61
Hunt & Target,random,434,66
Hunt & Target,random,435,46
Hunt & Target,random,436,68
Hunt & Target,random,437,50
Hunt & Target,random,438,60
Hunt & Target,random,439,37
Hunt & Target,random,440,74
Hunt & Target,random,441,81
Hunt & Target,random,442,67
Hunt & Target,random,443,69
Hunt & Target,random,444,54
Hunt & Target,random,445,59
Hunt & Target,random,446,91
Hunt & Target,random,447,38
Hunt & Target,random,448,65
Hunt & Target,random,449,57
Hunt & Target,random,450,61
Hunt & Target,random,451,60
Hunt & Target,random,452,87
Hunt & Target,random,453,65
Hunt & Target,random,454,80
Hunt & Target,random,455,71
Hunt & Target,random,456,62
Hunt & Target,random,457,54
Hunt & Target,random,458,64
Hunt & Target,random,459,52
Hunt & Target,random,460,80
Hunt & Target,random,461,35
Hunt & Target,random,462,69
Hunt & Target,random,463,72
Hunt & Target,random,464,59
Hunt & Target,random,465,80
Hunt & Target,random,466,56
Hunt & Target,random,467,45
Hunt & Target,random,468,59
Hunt & Target,random,469,58
Hunt & Target,random,470,94
Hunt & Target,random,471,47
Hunt & Target,random,472,40
Hunt & Target,random,473,65
Hunt & Target,random,474,62
Hunt & Target,random,475,80
Hunt & Target,random,476,65
Hunt & Target,random,477,66
Hunt & Target,random,478,71
Hunt & Target,random,479,49
Hunt & Target,random,480,51
Hunt & Target,random,481,57
Hunt & Target,random,482,54
Hunt & Target,random,483,49
Hunt & Target,random,484,77
Hunt & Target,random,485,39
Hunt & Target,random,486,58
Hunt & Target,random,487,77
Hunt & Target,random,488,45
Hunt & Target,random,489,53
Hunt & Target,random,490,53
Hunt & Target,random,491,69
Hunt & Target,random,492,68
Hunt & Target,random,493,62
Hunt & Target,random,494,46
Hunt & Target,random,495,66
Hunt & Target,random,496,55
Hunt & Target,random,497,46
Hunt & Target,random,498,39
Hunt & Target,random,499,48
Hunt & Target,random,500,52
Hunt & Target,random,501,80
Hunt & Target,random,502,57
Hunt & Target,random,503,78
Hunt & Target,random,504,51
Hunt & Target,random,505,63
Hunt & Target,random,506,58
Hunt & Target,random,507,57
Hunt & Target,random,508,33
Hunt & Target,random,509,47
Hunt & Target,random,510,57
Hunt & Target,random,511,81
Hunt & Target,random,512,53
Hunt & Target,random,513,82
Hunt & Target,random,514,48
Hunt & Target,random,515,67
Hunt & Target,random,516,34
Hunt & Target,random,517,57
Hunt & Target,random,518,62
Hunt & Target,random,519,59
Hunt & Target,random,520,67
Hunt & Target,random,521,84
Hunt & Target,random,522,84
Hunt & Target,random,523,61
Hunt & Target,random,524,81
Hunt & Target,random,525,66
Hunt & Target,random,526,82
Hunt & Target,random,527,74
Hunt & Target,random,528,74
Hunt & Target,random,529,81
Hunt & Target,random,530,68
Hunt & Target,random,531,44
Hunt & Target,random,532,95
Hunt & Target,random,533,46
Hunt & Target,random,534,65
Hunt & Target,random,535,67
Hunt & Target,random,536,60
Hunt & Target,random,537,46
Hunt & Target,random,538,66
Hunt & Target,random,539,53
Hunt & Target,random,540,27
Hunt & Target,random,541,42
Hunt & Target,random,542,53
Hunt & Target,random,543,55
Hunt & Target,random,544,62
Hunt & Target,random,545,76
Hunt & Target,random,546,78
Hunt & Target,random,547,60
Hunt & Target,random,548,50
Hunt & Target,random,549,54
Hunt & Target,random,550,61
Hunt & Target,random,551,81
Hunt & Target,random,552,59
Hunt & Target,random,553,52
Hunt & Target,random,554,72
Hunt & Target,random,555,72
Hunt & Target,random,556,68
Hunt & Target,random,557,54
Hunt & Target,random,558,54
Hunt & Target,random,559,64
Hunt & Target,random,560,54
Hunt & Target,random,561,81
Hunt & Target,random,562,63
Hunt & Target,random,563,79
Hunt & Target,random,564,81
Hunt & Target,random,565,54
Hunt & Target,random,566,53
Hunt & Target,random,567,79
Hunt & Target,random,568,55
Hunt & Target,random,569,38
Hunt & Target,random,570,65
Hunt & Target,random,571,62
Hunt & Target,random,572,63
Hunt & Target,random,573,74
Hunt & Target,random,574,75
Hunt & Target,random,575,77
Hunt & Target,random,576,49
Hunt & Target,random,577,69
Hunt & Target,random,578,55
Hunt & Target,random,579,70
Hunt & Target,random,580,58
Hunt & Target,random,581,71
Hunt & Target,random,582,35
Hunt & Target,random,583,55
Hunt & Target,random,584,37
Hunt & Target,random,585,57
Hunt & Target,random,586,90
Hunt & Target,random,587,74
Hunt & Target,random,588,73
Hunt & Target,random,589,49
Hunt & Target,random,590,83
Hunt & Target,random,591,76
Hunt & Target,random,592,39
Hunt & Target,random,593,56
Hunt & Target,random,594,46
Hunt & Target,random,595,68
Hunt & Target,random,596,73
Hunt & Target,random,597,70
Hunt & Target,random,598,63
Hunt & Target,random,599,48
Hunt & Target,random,600,92
Hunt & Target,random,601,59
Hunt & Target,random,602,75
Hunt & Target,random,603,69
Hunt & Target,random,604,61
Hunt & Target,random,605,37
Hunt & Target,random,606,96
Hunt & Target,random,607,58
Hunt & Target,random,608,67
Hunt & Target,random,609,55
Hunt & Target,random,610,56
Hunt & Target,random,611,82
Hunt & Target,random,612,79
Hunt & Target,random,613,62
Hunt & Target,random,614,59
Hunt & Target,random,615,80
Hunt & Target,random,616,55
Hunt & Target,random,617,66
Hunt & Target,random,618,90
Hunt & Target,random,619,52
Hunt & Target,random,620,62
Hunt & Target,random,621,49
Hunt & Target,random,622,66
Hunt & Target,random,623,56
Hunt & Target,random,624,60
Hunt & Target,random,625,64
Hunt & Target,random,626,66
Hunt & Target,random,627,68
Hunt & Target,random,628,67
Hunt & Target,random,629,73
Hunt & Target,random,630,53
Hunt & Target,random,631,59
Hunt & Target,random,632,75
Hunt & Target,random,633,60
Hunt & Target,random,634,39
Hunt & Target,random,635,59
Hunt & Target,random,636,62
Hunt & Target,random,637,73
Hunt & Target,random,638,70
Hunt & Target,random,639,73
Hunt & Target,random,640,59
Hunt & Target,random,641,46
Hunt & Target,random,642,67
Hunt & Target,random,643,77
Hunt & Target,random,644,78
Hunt & Target,random,645,61
Hunt & Target,random,646,80
Hunt & Target,random,647,81
Hunt & Target,random,648,63
Hunt & Target,random,649,70
Hunt & Target,random,650,67
Hunt & Target,random,651,56
Hunt & Target,random,652,85
Hunt & Target,random,653,85
Hunt & Target,random,654,61
Hunt & Target,random,655,73
Hunt & Target,random,656,62
Hunt & Target,random,657,63
Hunt & Target,random,658,84
Hunt & Target,random,659,71
Hunt & Target,random,660,50
Hunt & Target,random,661,58
Hunt & Target,random,662,62
Hunt & Target,random,663,50
Hunt & Target,random,664,48
Hunt & Target,random,665,66
Hunt & Target,random,666,83
Hunt & Target,random,667,41
Hunt & Target,random,668,68
Hunt & Target,random,669,66
Hunt & Target,random,670,80
Hunt & Target,random,671,48
Hunt & Target,random,672,85
Hunt & Target,random,673,51
Hunt & Target,random,674,42
Hunt & Target,random,675,66
Hunt & Target,random,676,57
Hunt & Target,random,677,39
Hunt & Target,random,678,46
Hunt & Target,random,679,58
Hunt & Target,random,680,58
Hunt & Target,random,681,63
Hunt & Target,random,682,85
Hunt & Target,random,683,46
Hunt & Target,random,684,89
Hunt & Target,random,685,74
Hunt & Target,random,686,49
Hunt & Target,random,687,64
Hunt & Target,random,688,65
Hunt & Target,random,689,79
Hunt & Target,random,690,86
Hunt & Target,random,691,38
Hunt & Target,random,692,34
Hunt & Target,random,693,44
Hunt & Target,random,694,66
Hunt & Target,random,695,53
Hunt & Target,random,696,67
Hunt & Target,random,697,74
Hunt & Target,random,698,58
Hunt & Target,random,699,55
Hunt & Target,random,700,49
Hunt & Target,random,701,70
Hunt & Target,random,702,46
Hunt & Target,random,703,74
Hunt & Target,random,704,60
Hunt & Target,random,705,59
Hunt & Target,random,706,45
Hunt & Target,random,707,52
Hunt & Target,random,708,51
Hunt & Target,random,709,57
Hunt & Target,random,710,63
Hunt & Target,random,711,61
Hunt & Target,random,712,66
Hunt & Target,random,713,79
Hunt & Target,random,714,59
Hunt & Target,random,715,85
Hunt & Target,random,716,54
Hunt & Target,random,717,60
Hunt & Target,random,718,55
Hunt & Target,random,719,74
Hunt & Target,random,720,58
Hunt & Target,random,721,69
Hunt & Target,random,722,37
Hunt & Target,random,723,63
Hunt & Target,random,724,54
Hunt & Target,random,725,62
Hunt & Target,random,726,49
Hunt & Target,random,727,77
Hunt & Target,random,728,72
Hunt & Target,random,729,61
Hunt & Target,random,730,46
Hunt & Target,random,731,95
Hunt & Target,random,732,66
Hunt & Target,random,733,81
Hunt & Target,random,734,63
Hunt & Target,random,735,75
Hunt & Target,random,736,55
Hunt & Target,random,737,55
Hunt & Target,random,738,77
Hunt & Target,random,739,49
Hunt & Target,random,740,50
Hunt & Target,random,741,92
Hunt & Target,random,742,42
Hunt & Target,random,743,46
Hunt & Target,random,744,61
Hunt & Target,random,745,84
Hunt & Target,random,746,64
Hunt & Target,random,747,65
Hunt & Target,random,748,63
Hunt & Target,random,749,56
Hunt & Target,random,750,86
Hunt & Target,random,751,60
Hunt & Target,random,752,81
Hunt & Target,random,753,50
Hunt & Target,random,754,62
Hunt & Target,random,755,81
Hunt & Target,random,756,68
Hunt & Target,random,757,75
Hunt & Target,random,758,60
Hunt & Target,random,759,59
Hunt & Target,random,760,57
Hunt & Target,random,761,60
Hunt & Target,random,762,40
Hunt & Target,random,763,53
Hunt & Target,random,764,44
Hunt & Target,random,765,46
Hunt & Target,random,766,44
Hunt & Target,random,767,62
Hunt & Target,random,768,66
Hunt & Target,random,769,67
Hunt & Target,random,770,66
Hunt & Target,random,771,65
Hunt & Target,random,772,49
Hunt & Target,random,773,69
Hunt & Target,random,774,69
Hunt & Target,random,775,74
Hunt & Target,random,776,39
Hunt & Target,random,777,51
Hunt & Target,random,778,44
Hunt & Target,random,779,56
Hunt & Target,random,780,59
Hunt & Target,random,781,58
Hunt & Target,random,782,77
Hunt & Target,random,783,52
Hunt & Target,random,784,74
Hunt & Target,random,785,87
Hunt & Target,random,786,91
Hunt & Target,random,787,69
Hunt & Target,random,788,55
Hunt & Target,random,789,80
Hunt & Target,random,790,60
Hunt & Target,random,791,67
Hunt & Target,random,792,56
Hunt & Target,random,793,52
Hunt & Target,random,794,47
Hunt & Target,random,795,76
Hunt & Target,random,796,62
Hunt & Target,random,797,39
Hunt & Target,random,798,55
Hunt & Target,random,799,64
Hunt & Target,random,800,56
Hunt & Target,random,801,74
Hunt & Target,random,802,60
Hunt & Target,random,803,76
Hunt & Target,random,804,43
Hunt & Target,random,805,94
Hunt & Target,random,806,55
Hunt & Target,random,807,51
Hunt & Target,random,808,65
Hunt & Target,random,809,60
Hunt & Target,random,810,43
Hunt & Target,random,811,40
Hunt & Target,random,812,67
Hunt & Target,random,813,75
Hunt & Target,random,814,38
Hunt & Target,random,815,46
Hunt & Target,random,816,62
Hunt & Target,random,817,53
Hunt & Target,random,818,55
Hunt & Target,random,819,49
Hunt & Target,random,820,79
Hunt & Target,random,821,51
Hunt & Target,random,822,63
Hunt & Target,random,823,60
Hunt & Target,random,824,46
Hunt & Target,random,825,71
Hunt & Target,random,826,59
Hunt & Target,random,827,61
Hunt & Target,random,828,68
Hunt & Target,random,829,39
Hunt & Target,random,830,51
Hunt & Target,random,831,64
Hunt & Target,random,832,53
Hunt & Target,random,833,81
Hunt & Target,random,834,76
Hunt & Target,random,835,60
Hunt & Target,random,836,70
Hunt & Target,random,837,38
Hunt & Target,random,838,62
Hunt & Target,random,839,57
Hunt & Target,random,840,54
Hunt & Target,random,841,65
Hunt & Target,random,842,78
Hunt & Target,random,843,88
Hunt & Target,random,844,60
Hunt & Target,random,845,81
Hunt & Target,random,846,45
Hunt & Target,random,847,84
Hunt & Target,random,848,32
Hunt & Target,random,849,52
Hunt & Target,random,850,51
Hunt & Target,random,851,54
Hunt & Target,random,852,70
Hunt & Target,random,853,52
Hunt & Target,random,854,76
Hunt & Target,random,855,38
Hunt & Target,random,856,84
Hunt & Target,random,857,45
Hunt & Target,random,858,48
Hunt & Target,random,859,62
Hunt & Target,random,860,77
Hunt & Target,random,861,69
Hunt & Target,random,862,53
Hunt & Target,random,863,77
Hunt & Target,random,864,80
Hunt & Target,random,865,66
Hunt & Target,random,866,85
Hunt & Target,random,867,50
Hunt & Target,random,868,45
Hunt & Target,random,869,76
Hunt & Target,random,870,63
Hunt & Target,random,871,82
Hunt & Target,random,872,67
Hunt & Target,random,873,59
Hunt & Target,random,874,53
Hunt & Target,random,875,93
Hunt & Target,random,876,42
Hunt & Target,random,877,54
Hunt & Target,random,878,78
Hunt & Target,random,879,40
Hunt & Target,random,880,63
Hunt & Target,random,881,53
Hunt & Target,random,882,58
Hunt & Target,random,883,59
Hunt & Target,random,884,84
Hunt & Target,random,885,78
Hunt & Target,random,886,80
Hunt & Target,random,887,55
Hunt & Target,random,888,54
Hunt & Target,random,889,56
Hunt & Target,random,890,65
Hunt & Target,random,891,77
Hunt & Target,random,892,44
Hunt & Target,random,893,39
Hunt & Target,random,894,40
Hunt & Target,random,895,54
Hunt & Target,random,896,79
Hunt & Target,random,897,83
Hunt & Target,random,898,81
Hunt & Target,random,899,60
Hunt & Target,random,900,68
Hunt & Target,random,901,56
Hunt & Target,random,902,33
Hunt & Target,random,903,50
Hunt & Target,random,904,60
Hunt & Target,random,905,54
Hunt & Target,random,906,58
Hunt & Target,random,907,79
Hunt & Target,random,908,62
Hunt & Target,random,909,78
Hunt & Target,random,910,53
Hunt & Target,random,911,60
Hunt & Target,random,912,71
Hunt & Target,random,913,51
Hunt & Target,random,914,53
Hunt & Target,random,915,86
Hunt & Target,random,916,57
Hunt & Target,random,917,65
Hunt & Target,random,918,72
Hunt & Target,random,919,78
Hunt & Target,random,920,53
Hunt & Target,random,921,42
Hunt & Target,random,922,32
Hunt & Target,random,923,83
Hunt & Target,random,924,63
Hunt & Target,random,925,87
Hunt & Target,random,926,60
Hunt & Target,random,927,65
Hunt & Target,random,928,91
Hunt & Target,random,929,58
Hunt & Target,random,930,74
Hunt & Target,random,931,80
Hunt & Target,random,932,67
Hunt & Target,random,933,33
Hunt & Target,random,934,90
Hunt & Target,random,935,72
Hunt & Target,random,936,63
Hunt & Target,random,937,47
Hunt & Target,random,938,77
Hunt & Target,random,939,77
Hunt & Target,random,940,84
Hunt & Target,random,941,78
Hunt & Target,random,942,80
Hunt & Target,random,943,85
Hunt & Target,random,944,65
Hunt & Target,random,945,37
Hunt & Target,random,946,58
Hunt & Target,random,947,53
Hunt & Target,random,948,32
Hunt & Target,random,949,67
Hunt & Target,random,950,51
Hunt & Target,random,951,69
Hunt & Target,random,952,68
Hunt & Target,random,953,65
Hunt & Target,random,954,87
Hunt & Target,random,955,67
Hunt & Target,random,956,82
Hunt & Target,random,957,72
Hunt & Target,random,958,58
Hunt & Target,random,959,65
Hunt & Target,random,960,65
Hunt & Target,random,961,63
Hunt & Target,random,962,85
Hunt & Target,random,963,51
Hunt & Target,random,964,55
Hunt & Target,random,965,40
Hunt & Target,random,966,52
Hunt & Target,random,967,94
Hunt & Target,random,968,48
Hunt & Target,random,969,79
Hunt & Target,random,970,74
Hunt & Target,random,971,46
Hunt & Target,random,972,52
Hunt & Target,random,973,70
Hunt & Target,random,974,76
Hunt & Target,random,975,77
Hunt & Target,random,976,65
Hunt & Target,random,977,55
Hunt & Target,random,978,62
Hunt & Target,random,979,49
Hunt & Target,random,980,64
Hunt & Target,random,981,81
Hunt & Target,random,982,78
Hunt & Target,random,983,66
Hunt & Target,random,984,52
Hunt & Target,random,985,54
Hunt & Target,random,986,49
Hunt & Target,random,987,96
Hunt & Target,random,988,56
Hunt & Target,random,989,72
Hunt & Target,random,990,60
Hunt & Target,random,991,44
Hunt & Target,random,992,71
Hunt & Target,random,993,78
Hunt & Target,random,994,51
Hunt & Target,random,995,66
Hunt & Target,random,996,78
Hunt & Target,random,997,44
Hunt & Target,random,998,59
Hunt & Target,random,999,54
Hunt & Target,random,1000,65
Hunt & Target,random,1001,80
Hunt & Target,random,1002,74
Hunt & Target,random,1003,72
Hunt & Target,random,1004,48
Hunt & Target,random,1005,61
Hunt & Target,random,1006,64
Hunt & Target,random,1007,73
Hunt & Target,random,1008,45
Hunt & Target,random,1009,89
Hunt & Target,random,1010,78
Hunt & Target,random,1011,61
Hunt & Target,random,1012,57
Hunt & Target,random,1013,60
Hunt & Target,random,1014,79
Hunt & Target,random,1015,64
Hunt & Target,random,1016,44
Hunt & Target,random,1017,48
Hunt & Target,random,1018,65
Hunt & Target,random,1019,35
Hunt & Target,random,1020,75
Hunt & Target,random,1021,72
Hunt & Target,random,1022,52
Hunt & Target,random,1023,79
Hunt & Target,random,1024,50
Hunt & Target,random,1025,87
Hunt & Target,random,1026,64
Hunt & Target,random,1027,71
Hunt & Target,random,1028,62
Hunt & Target,random,1029,56
Hunt & Target,random,1030,62
Hunt & Target,random,1031,53
Hunt & Target,random,1032,51
Hunt & Target,random,1033,60
Hunt & Target,random,1034,92
Hunt & Target,random,1035,52
Hunt & Target,random,1036,67
Hunt & Target,random,1037,60
Hunt & Target,random,1038,76
Hunt & Target,random,1039,58
Hunt & Target,random,1040,62
Hunt & Target,random,1041,68
Hunt & Target,random,1042,58
Hunt & Target,random,1043,52
Hunt & Target,random,1044,63
Hunt & Target,random,1045,65
Hunt & Target,random,1046,60
Hunt & Target,random,1047,49
Hunt & Target,random,1048,56
Hunt & Target,random,1049,52
Hunt & Target,random,1050,40
Hunt & Target,random,1051,79
Hunt & Target,random,1052,57
Hunt & Target,random,1053,53
Hunt & Target,random,1054,61
Hunt & Target,random,1055,62
Hunt & Target,random,1056,83
Hunt & Target,random,1057,72
Hunt & Target,random,1058,52
Hunt & Target,random,1059,56
Hunt & Target,random,1060,79
Hunt & Target,random,1061,60
Hunt & Target,random,1062,62
Hunt & Target,random,1063,58
Hunt & Target,random,1064,44
Hunt & Target,random,1065,86
Hunt & Target,random,1066,49
Hunt & Target,random,1067,74
Hunt & Target,random,1068,71
Hunt & Target,random,1069,81
Hunt & Target,random,1070,61
Hunt & Target,random,1071,56
Hunt & Target,random,1072,57
Hunt & Target,random,1073,71
Hunt & Target,random,1074,85
Hunt & Target,random,1075,79
Hunt & Target,random,1076,79
Hunt & Target,random,1077,75
Hunt & Target,random,1078,47
Hunt & Target,random,1079,63
Hunt & Target,random,1080,62
Hunt & Target,random,1081,49
Hunt & Target,random,1082,63
Hunt & Target,random,1083,67
Hunt & Target,random,1084,87
Hunt & Target,random,1085,51
Hunt & Target,random,1086,66
Hunt & Target,random,1087,56
Hunt & Target,random,1088,70
Hunt & Target,random,1089,46
Hunt & Target,random,1090,80
Hunt & Target,random,1091,54
Hunt & Target,random,1092,78
Hunt & Target,random,1093,78
Hunt & Target,random,1094,94
Hunt & Target,random,1095,78
Hunt & Target,random,1096,66
Hunt & Target,random,1097,51
Hunt & Target,random,1098,50
Hunt & Target,random,1099,40
Hunt & Target,random,1100,66
Hunt & Target,random,1101,72
Hunt & Target,random,1102,72
Hunt & Target,random,1103,74
Hunt & Target,random,1104,79
Hunt & Target,random,1105,66
Hunt & Target,random,1106,62
Hunt & Target,random,1107,43
Hunt & Target,random,1108,73
Hunt & Target,random,1109,72
Hunt & Target,random,1110,63
Hunt & Target,random,1111,76
Hunt & Target,random,1112,64
Hunt & Target,random,1113,75
Hunt & Target,random,1114,57
Hunt & Target,random,1115,78
Hunt & Target,random,1116,48
Hunt & Target,random,1117,40
Hunt & Target,random,1118,88
Hunt & Target,random,1119,67
Hunt & Target,random,1120,56
Hunt & Target,random,1121,84
Hunt & Target,random,1122,63
Hunt & Target,random,1123,50
Hunt & Target,random,1124,40
Hunt & Target,random,1125,86
Hunt & Target,random,1126,71
Hunt & Target,random,1127,72
Hunt & Target,random,1128,55
Hunt & Target,random,1129,50
Hunt & Target,random,1130,55
Hunt & Target,random,1131,74
Hunt & Target,random,1132,81
Hunt & Target,random,1133,59
Hunt & Target,random,1134,47
Hunt & Target,random,1135,70
Hunt & Target,random,1136,61
Hunt & Target,random,1137,61
Hunt & Target,random,1138,63
Hunt & Target,random,1139,49
Hunt & Target,random,1140,57
Hunt & Target,random,1141,46
Hunt & Target,random,1142,63
Hunt & Target,random,1143,69
Hunt & Target,random,1144,82
Hunt & Target,random,1145,72
Hunt & Target,random,1146,67
Hunt & Target,random,1147,62
Hunt & Target,random,1148,61
Hunt & Target,random,1149,52
Hunt & Target,random,1150,69
Hunt & Target,random,1151,68
Hunt & Target,random,1152,53
Hunt & Target,random,1153,63
Hunt & Target,random,1154,64
Hunt & Target,random,1155,70
Hunt & Target,random,1156,67
Hunt & Target,random,1157,82
Hunt & Target,random,1158,55
Hunt & Target,random,1159,76
Hunt & Target,random,1160,46
Hunt & Target,random,1161,63
Hunt & Target,random,1162,91
Hunt & Target,random,1163,40
Hunt & Target,random,1164,62
Hunt & Target,random,1165,48
Hunt & Target,random,1166,48
Hunt & Target,random,1167,56
Hunt & Target,random,1168,57
Hunt & Target,random,1169,59
Hunt & Target,random,1170,49
Hunt & Target,random,1171,50
Hunt & Target,random,1172,80
Hunt & Target,random,1173,67
Hunt & Target,random,1174,82
Hunt & Target,random,1175,88
Hunt & Target,random,1176,80
Hunt & Target,random,1177,47
Hunt & Target,random,1178,61
Hunt & Target,random,1179,76
Hunt & Target,random,1180,78
Hunt & Target,random,1181,51
Hunt & Target,random,1182,55
Hunt & Target,random,1183,46
Hunt & Target,random,1184,71
Hunt & Target,random,1185,83
Hunt & Target,random,1186,88
Hunt & Target,random,1187,54
Hunt & Target,random,1188,60
Hunt & Target,random,1189,60
Hunt & Target,random,1190,48
Hunt & Target,random,1191,75
Hunt & Target,random,1192,65
Hunt & Target,random,1193,47
Hunt & Target,random,1194,66
Hunt & Target,random,1195,60
Hunt & Target,random,1196,54
Hunt & Target,random,1197,64
Hunt & Target,random,1198,71
Hunt & Target,random,1199,77
Hunt & Target,random,1200,86
Hunt & Target,random,1201,60
Hunt & Target,random,1202,59
Hunt & Target,random,1203,65
Hunt & Target,random,1204,66
Hunt & Target,random,1205,47
Hunt & Target,random,1206,68
Hunt & Target,random,1207,48
Hunt & Target,random,1208,81
Hunt & Target,random,1209,62
Hunt & Target,random,1210,73
Hunt & Target,random,1211,64
Hunt & Target,random,1212,59
Hunt & Target,random,1213,72
Hunt & Target,random,1214,85
Hunt & Target,random,1215,52
Hunt & Target,random,1216,38
Hunt & Target,random,1217,73
Hunt & Target,random,1218,60
Hunt & Target,random,1219,59
Hunt & Target,random,1220,40
Hunt & Target,random,1221,59
Hunt & Target,random,1222,71
Hunt & Target,random,1223,65
Hunt & Target,random,1224,72
Hunt & Target,random,1225,60
Hunt & Target,random,1226,63
Hunt & Target,random,1227,51
Hunt & Target,random,1228,89
Hunt & Target,random,1229,72
Hunt & Target,random,1230,67
Hunt & Target,random,1231,84
Hunt & Target,random,1232,33
Hunt & Target,random,1233,41
Hunt & Target,random,1234,46
Hunt & Target,random,1235,50
Hunt & Target,random,1236,42
Hunt & Target,random,1237,37
Hunt & Target,random,1238,75
Hunt & Target,random,1239,49
Hunt & Target,random,1240,62
Hunt & Target,random,1241,76
Hunt & Target,random,1242,78
Hunt & Target,random,1243,29
Hunt & Target,random,1244,68
Hunt & Target,random,1245,50
Hunt & Target,random,1246,45
Hunt & Target,random,1247,73
Hunt & Target,random,1248,81
Hunt & Target,random,1249,67
Hunt & Target,random,1250,41
Hunt & Target,random,1251,59
Hunt & Target,random,1252,44
Hunt & Target,random,1253,79
Hunt & Target,random,1254,53
Hunt & Target,random,1255,74
Hunt & Target,random,1256,45
Hunt & Target,random,1257,64
Hunt & Target,random,1258,84
Hunt & Target,random,1259,64
Hunt & Target,random,1260,50
Hunt & Target,random,1261,72
Hunt & Target,random,1262,67
Hunt & Target,random,1263,57
Hunt & Target,random,1264,49
Hunt & Target,random,1265,60
Hunt & Target,random,1266,76
Hunt & Target,random,1267,58
Hunt & Target,random,1268,76
Hunt & Target,random,1269,84
Hunt & Target,random,1270,68
Hunt & Target,random,1271,56
Hunt & Target,random,1272,66
Hunt & Target,random,1273,47
Hunt & Target,random,1274,66
Hunt & Target,random,1275,41
Hunt & Target,random,1276,60
Hunt & Target,random,1277,69
Hunt & Target,random,1278,76
Hunt & Target,random,1279,63
Hunt & Target,random,1280,86
Hunt & Target,random,1281,68
Hunt & Target,random,1282,44
Hunt & Target,random,1283,75
Hunt & Target,random,1284,65
Hunt & Target,random,1285,52
Hunt & Target,random,1286,63
Hunt & Target,random,1287,49
Hunt & Target,random,1288,49
Hunt & Target,random,1289,80
Hunt & Target,random,1290,35
Hunt & Target,random,1291,76
Hunt & Target,random,1292,76
Hunt & Target,random,1293,62
Hunt & Target,random,1294,72
Hunt & Target,random,1295,58
Hunt & Target,random,1296,68
Hunt & Target,random,1297,83
Hunt & Target,random,1298,64
Hunt & Target,random,1299,62
Hunt & Target,random,1300,72
Hunt & Target,random,1301,35
Hunt & Target,random,1302,63
Hunt & Target,random,1303,56
Hunt & Target,random,1304,90
Hunt & Target,random,1305,59
Hunt & Target,random,1306,79
Hunt & Target,random,1307,61
Hunt & Target,random,1308,90
Hunt & Target,random,1309,35
Hunt & Target,random,1310,62
Hunt & Target,random,1311,66
Hunt & Target,random,1312,57
Hunt & Target,random,1313,87
Hunt & Target,random,1314,49
Hunt & Target,random,1315,70
Hunt & Target,random,1316,48
Hunt & Target,random,1317,92
Hunt & Target,random,1318,52
Hunt & Target,random,1319,70
Hunt & Target,random,1320,59
Hunt & Target,random,1321,96
Hunt & Target,random,1322,66
Hunt & Target,random,1323,50
Hunt & Target,random,1324,62
Hunt & Target,random,1325,58
Hunt & Target,random,1326,51
Hunt & Target,random,1327,74
Hunt & Target,random,1328,49
Hunt & Target,random,1329,65
Hunt & Target,random,1330,45
Hunt & Target,random,1331,50
Hunt & Target,random,1332,65
Hunt & Target,random,1333,61
Hunt & Target,random,1334,60
Hunt & Target,random,1335,49
Hunt & Target,random,1336,70
Hunt & Target,random,1337,53
Hunt & Target,random,1338,76
Hunt & Target,random,1339,68
Hunt & Target,random,1340,75
Hunt & Target,random,1341,72
Hunt & Target,random,1342,57
Hunt & Target,random,1343,65
Hunt & Target,random,1344,51
Hunt & Target,random,1345,56
Hunt & Target,random,1346,72
Hunt & Target,random,1347,60
Hunt & Target,random,1348,43
Hunt & Target,random,1349,72
Hunt & Target,random,1350,78
Hunt & Target,random,1351,70
Hunt & Target,random,1352,64
Hunt & Target,random,1353,68
Hunt & Target,random,1354,42
Hunt & Target,random,1355,69
Hunt & Target,random,1356,76
Hunt & Target,random,1357,66
Hunt & Target,random,1358,50
Hunt & Target,random,1359,78
Hunt & Target,random,1360,57
Hunt & Target,random,1361,52
Hunt & Target,random,1362,97
Hunt & Target,random,1363,68
Hunt & Target,random,1364,83
Hunt & Target,random,1365,31
Hunt & Target,random,1366,57
Hunt & Target,random,1367,67
Hunt & Target,random,1368,56
Hunt & Target,random,1369,47
Hunt & Target,random,1370,46
Hunt & Target,random,1371,55
Hunt & Target,random,1372,53
Hunt & Target,random,1373,46
Hunt & Target,random,1374,55
Hunt & Target,random,1375,48
Hunt & Target,random,1376,46
Hunt & Target,random,1377,85
Hunt & Target,random,1378,51
Hunt & Target,random,1379,70
Hunt & Target,random,1380,66
Hunt & Target,random,1381,59
Hunt & Target,random,1382,60
Hunt & Target,random,1383,56
Hunt & Target,random,1384,75
Hunt & Target,random,1385,39
Hunt & Target,random,1386,63
Hunt & Target,random,1387,56
Hunt & Target,random,1388,78
Hunt & Target,random,1389,55
Hunt & Target,random,1390,60
Hunt & Target,random,1391,55
Hunt & Target,random,1392,50
Hunt & Target,random,1393,90
Hunt & Target,random,1394,46
Hunt & Target,random,1395,85
Hunt & Target,random,1396,69
Hunt & Target,random,1397,56
Hunt & Target,random,1398,62
Hunt & Target,random,1399,96
Hunt & Target,random,1400,71
Hunt & Target,random,1401,89
Hunt & Target,random,1402,82
Hunt & Target,random,1403,59
Hunt & Target,random,1404,62
Hunt & Target,random,1405,67
Hunt & Target,random,1406,67
Hunt & Target,random,1407,60
Hunt & Target,random,1408,58
Hunt & Target,random,1409,61
Hunt & Target,random,1410,74
Hunt & Target,random,1411,58
Hunt & Target,random,1412,68
Hunt & Target,random,1413,70
Hunt & Target,random,1414,78
Hunt & Target,random,1415,76
Hunt & Target,random,1416,63
Hunt & Target,random,1417,79
Hunt & Target,random,1418,57
Hunt & Target,random,1419,53
Hunt & Target,random,1420,47
Hunt & Target,random,1421,70
Hunt & Target,random,1422,48
Hunt & Target,random,1423,74
Hunt & Target,random,1424,61
Hunt & Target,random,1425,82
Hunt & Target,random,1426,63
Hunt & Target,random,1427,58
Hunt & Target,random,1428,55
Hunt & Target,random,1429,84
Hunt & Target,random,1430,63
Hunt & Target,random,1431,67
Hunt & Target,random,1432,49
Hunt & Target,random,1433,49
Hunt & Target,random,1434,65
Hunt & Target,random,1435,61
Hunt & Target,random,1436,70
Hunt & Target,random,1437,43
Hunt & Target,random,1438,57
Hunt & Target,random,1439,45
Hunt & Target,random,1440,47
Hunt & Target,random,1441,74
Hunt & Target,random,1442,81
Hunt & Target,random,1443,46
Hunt & Target,random,1444,78
Hunt & Target,random,1445,50
Hunt & Target,random,1446,46
Hunt & Target,random,1447,57
Hunt & Target,random,1448,57
Hunt & Target,random,1449,59
Hunt & Target,random,1450,31
Hunt & Target,random,1451,70
Hunt & Target,random,1452,75
Hunt & Target,random,1453,85
Hunt & Target,random,1454,55
Hunt & Target,random,1455,54
Hunt & Target,random,1456,46
Hunt & Target,random,1457,79
Hunt & Target,random,1458,69
Hunt & Target,random,1459,53
Hunt & Target,random,1460,59
Hunt & Target,random,1461,49
Hunt & Target,random,1462,45
Hunt & Target,random,1463,61
Hunt & Target,random,1464,44
Hunt & Target,random,1465,73
Hunt & Target,random,1466,97
Hunt & Target,random,1467,54
Hunt & Target,random,1468,58
Hunt & Target,random,1469,44
Hunt & Target,random,1470,51
Hunt & Target,random,1471,32
Hunt & Target,random,1472,73
Hunt & Target,random,1473,37
Hunt & Target,random,1474,58
Hunt & Target,random,1475,79
Hunt & Target,random,1476,38
Hunt & Target,random,1477,62
Hunt & Target,random,1478,63
Hunt & Target,random,1479,50
Hunt & Target,random,1480,72
Hunt & Target,random,1481,71
Hunt & Target,random,1482,63
Hunt & Target,random,1483,63
Hunt & Target,random,1484,86
Hunt & Target,random,1485,52
Hunt & Target,random,1486,90
Hunt & Target,random,1487,56
Hunt & Target,random,1488,75
Hunt & Target,random,1489,53
Hunt & Target,random,1490,77
Hunt & Target,random,1491,49
Hunt & Target,random,1492,64
Hunt & Target,random,1493,61
Hunt & Target,random,1494,57
Hunt & Target,random,1495,38
Hunt & Target,random,1496,66
Hunt & Target,random,1497,56
Hunt & Target,random,1498,80
Hunt & Target,random,1499,77
Hunt & Target,random,1500,47
Hunt & Target,random,1501,56
Hunt & Target,random,1502,69
Hunt & Target,random,1503,57
Hunt & Target,random,1504,37
Hunt & Target,random,1505,79
Hunt & Target,random,1506,57
Hunt & Target,random,1507,52
Hunt & Target,random,1508,80
Hunt & Target,random,1509,57
Hunt & Target,random,1510,64
Hunt & Target,random,1511,54
Hunt & Target,random,1512,44
Hunt & Target,random,1513,52
Hunt & Target,random,1514,51
Hunt & Target,random,1515,63
Hunt & Target,random,1516,67
Hunt & Target,random,1517,63
Hunt & Target,random,1518,57
Hunt & Target,random,1519,74
Hunt & Target,random,1520,94
Hunt & Target,random,1521,48
Hunt & Target,random,1522,94
Hunt & Target,random,1523,51
Hunt & Target,random,1524,53
Hunt & Target,random,1525,63
Hunt & Target,random,1526,83
Hunt & Target,random,1527,71
Hunt & Target,random,1528,54
Hunt & Target,random,1529,87
Hunt & Target,random,1530,41
Hunt & Target,random,1531,59
Hunt & Target,random,1532,60
Hunt & Target,random,1533,41
Hunt & Target,random,1534,61
Hunt & Target,random,1535,30
Hunt & Target,random,1536,47
Hunt & Target,random,1537,60
Hunt & Target,random,1538,64
Hunt & Target,random,1539,37
Hunt & Target,random,1540,59
Hunt & Target,random,1541,49
Hunt & Target,random,1542,49
Hunt & Target,random,1543,86
Hunt & Target,random,1544,53
Hunt & Target,random,1545,72
Hunt & Target,random,1546,52
Hunt & Target,random,1547,57
Hunt & Target,random,1548,43
Hunt & Target,random,1549,99
Hunt & Target,random,1550,58
Hunt & Target,random,1551,65
Hunt & Target,random,1552,88
Hunt & Target,random,1553,51
Hunt & Target,random,1554,68
Hunt & Target,random,1555,62
Hunt & Target,random,1556,84
Hunt & Target,random,1557,38
Hunt & Target,random,1558,56
Hunt & Target,random,1559,56
Hunt & Target,random,1560,58
Hunt & Target,random,1561,60
Hunt & Target,random,1562,58
Hunt & Target,random,1563,54
Hunt & Target,random,1564,78
Hunt & Target,random,1565,79
Hunt & Target,random,1566,41
Hunt & Target,random,1567,75
Hunt & Target,random,1568,68
Hunt & Target,random,1569,61
Hunt & Target,random,1570,38
Hunt & Target,random,1571,67
Hunt & Target,random,1572,80
Hunt & Target,random,1573,73
Hunt & Target,random,1574,51
Hunt & Target,random,1575,49
Hunt & Target,random,1576,86
Hunt & Target,random,1577,64
Hunt & Target,random,1578,61
Hunt & Target,random,1579,68
Hunt & Target,random,1580,68
Hunt & Target,random,1581,62
Hunt & Target,random,1582,44
Hunt & Target,random,1583,66
Hunt & Target,random,1584,57
Hunt & Target,random,1585,45
Hunt & Target,random,1586,41
Hunt & Target,random,1587,89
Hunt & Target,random,1588,42
Hunt & Target,random,1589,46
Hunt & Target,random,1590,52
Hunt & Target,random,1591,56
Hunt & Target,random,1592,43
Hunt & Target,random,1593,59
Hunt & Target,random,1594,69
Hunt & Target,random,1595,70
Hunt & Target,random,1596,58
Hunt & Target,random,1597,63
Hunt & Target,random,1598,83
Hunt & Target,random,1599,55
Hunt & Target,random,1600,64
Hunt & Target,random,1601,69
Hunt & Target,random,1602,48
Hunt & Target,random,1603,69
Hunt & Target,random,1604,64
Hunt & Target,random,1605,45
Hunt & Target,random,1606,83
Hunt & Target,random,1607,61
Hunt & Target,random,1608,59
Hunt & Target,random,1609,50
Hunt & Target,random,1610,53
Hunt & Target,random,1611,51
Hunt & Target,random,1612,57
Hunt & Target,random,1613,57
Hunt & Target,random,1614,54
Hunt & Target,random,1615,65
Hunt & Target,random,1616,79
Hunt & Target,random,1617,94
Hunt & Target,random,1618,49
Hunt & Target,random,1619,67
Hunt & Target,random,1620,68
Hunt & Target,random,1621,83
Hunt & Target,random,1622,52
Hunt & Target,random,1623,61
Hunt & Target,random,1624,72
Hunt & Target,random,1625,62
Hunt & Target,random,1626,75
Hunt & Target,random,1627,74
Hunt & Target,random,1628,44
Hunt & Target,random,1629,70
Hunt & Target,random,1630,56
Hunt & Target,random,1631,64
Hunt & Target,random,1632,63
Hunt & Target,random,1633,65
Hunt & Target,random,1634,52
Hunt & Target,random,1635,69
Hunt & Target,random,1636,65
Hunt & Target,random,1637,33
Hunt & Target,random,1638,66
Hunt & Target,random,1639,77
Hunt & Target,random,1640,47
Hunt & Target,random,1641,69
Hunt & Target,random,1642,74
Hunt & Target,random,1643,76
Hunt & Target,random,1644,75
Hunt & Target,random,1645,44
Hunt & Target,random,1646,69
Hunt & Target,random,1647,58
Hunt & Target,random,1648,52
Hunt & Target,random,1649,70
Hunt & Target,random,1650,94
Hunt & Target,random,1651,62
Hunt & Target,random,1652,82
Hunt & Target,random,1653,83
Hunt & Target,random,1654,52
Hunt & Target,random,1655,85
Hunt & Target,random,1656,66
Hunt & Target,random,1657,59
Hunt & Target,random,1658,71
Hunt & Target,random,1659,81
Hunt & Target,random,1660,66
Hunt & Target,random,1661,49
Hunt & Target,random,1662,70
Hunt & Target,random,1663,46
Hunt & Target,random,1664,45
Hunt & Target,random,1665,69
Hunt & Target,random,1666,70
Hunt & Target,random,1667,66
Hunt & Target,random,1668,66
Hunt & Target,random,1669,59
Hunt & Target,random,1670,59
Hunt & Target,random,1671,46
Hunt & Target,random,1672,52
Hunt & Target,random,1673,82
Hunt & Target,random,1674,76
Hunt & Target,random,1675,68
Hunt & Target,random,1676,86
Hunt & Target,random,1677,56
Hunt & Target,random,1678,65
Hunt & Target,random,1679,59
Hunt & Target,random,1680,61
Hunt & Target,random,1681,77
Hunt & Target,random,1682,70
Hunt & Target,random,1683,38
Hunt & Target,random,1684,55
Hunt & Target,random,1685,59
Hunt & Target,random,1686,56
Hunt & Target,random,1687,88
Hunt & Target,random,1688,82
Hunt & Target,random,1689,81
Hunt & Target,random,1690,43
Hunt & Target,random,1691,56
Hunt & Target,random,1692,72
Hunt & Target,random,1693,46
Hunt & Target,random,1694,65
Hunt & Target,random,1695,54
Hunt & Target,random,1696,59
Hunt & Target,random,1697,75
Hunt & Target,random,1698,59
Hunt & Target,random,1699,62
Hunt & Target,random,1700,61
Hunt & Target,random,1701,46
Hunt & Target,random,1702,73
Hunt & Target,random,1703,64
Hunt & Target,random,1704,66
Hunt & Target,random,1705,42
Hunt & Target,random,1706,87
Hunt & Target,random,1707,66
Hunt & Target,random,1708,85
Hunt & Target,random,1709,72
Hunt & Target,random,1710,70
Hunt & Target,random,1711,88
Hunt & Target,random,1712,54
Hunt & Target,random,1713,43
Hunt & Target,random,1714,47
Hunt & Target,random,1715,58
Hunt & Target,random,1716,78
Hunt & Target,random,1717,55
Hunt & Target,random,1718,53
Hunt & Target,random,1719,51
Hunt & Target,random,1720,29
Hunt & Target,random,1721,81
Hunt & Target,random,1722,73
Hunt & Target,random,1723,92
Hunt & Target,random,1724,64
Hunt & Target,random,1725,65
Hunt & Target,random,1726,63
Hunt & Target,random,1727,53
Hunt & Target,random,1728,77
Hunt & Target,random,1729,70
Hunt & Target,random,1730,46
Hunt & Target,random,1731,65
Hunt & Target,random,1732,41
Hunt & Target,random,1733,66
Hunt & Target,random,1734,81
Hunt & Target,random,1735,69
Hunt & Target,random,1736,48
Hunt & Target,random,1737,38
Hunt & Target,random,1738,64
Hunt & Target,random,1739,50
Hunt & Target,random,1740,80
Hunt & Target,random,1741,46
Hunt & Target,random,1742,31
Hunt & Target,random,1743,81
Hunt & Target,random,1744,92
Hunt & Target,random,1745,46
Hunt & Target,random,1746,50
Hunt & Target,random,1747,64
Hunt & Target,random,1748,41
Hunt & Target,random,1749,83
Hunt & Target,random,1750,46
Hunt & Target,random,1751,52
Hunt & Target,random,1752,69
Hunt & Target,random,1753,91
Hunt & Target,random,1754,36
Hunt & Target,random,1755,57
Hunt & Target,random,1756,76
Hunt & Target,random,1757,70
Hunt & Target,random,1758,72
Hunt & Target,random,1759,52
Hunt & Target,random,1760,60
Hunt & Target,random,1761,44
Hunt & Target,random,1762,54
Hunt & Target,random,1763,59
Hunt & Target,random,1764,53
Hunt & Target,random,1765,48
Hunt & Target,random,1766,54
Hunt & Target,random,1767,70
Hunt & Target,random,1768,64
Hunt & Target,random,1769,81
Hunt & Target,random,1770,57
Hunt & Target,random,1771,70
Hunt & Target,random,1772,57
Hunt & Target,random,1773,55
Hunt & Target,random,1774,70
Hunt & Target,random,1775,60
Hunt & Target,random,1776,82
Hunt & Target,random,1777,66
Hunt & Target,random,1778,42
Hunt & Target,random,1779,85
Hunt & Target,random,1780,67
Hunt & Target,random,1781,56
Hunt & Target,random,1782,55
Hunt & Target,random,1783,70
Hunt & Target,random,1784,80
Hunt & Target,random,1785,48
Hunt & Target,random,1786,72
Hunt & Target,random,1787,60
Hunt & Target,random,1788,38
Hunt & Target,random,1789,60
Hunt & Target,random,1790,80
Hunt & Target,random,1791,75
Hunt & Target,random,1792,57
Hunt & Target,random,1793,61
Hunt & Target,random,1794,51
Hunt & Target,random,1795,92
Hunt & Target,random,1796,61
Hunt & Target,random,1797,58
Hunt & Target,random,1798,53
Hunt & Target,random,1799,84
Hunt & Target,random,1800,58
Hunt & Target,random,1801,59
Hunt & Target,random,1802,67
Hunt & Target,random,1803,60
Hunt & Target,random,1804,57
Hunt & Target,random,1805,59
Hunt & Target,random,1806,69
Hunt & Target,random,1807,77
Hunt & Target,random,1808,57
Hunt & Target,random,1809,48
Hunt & Target,random,1810,62
Hunt & Target,random,1811,69
Hunt & Target,random,1812,85
Hunt & Target,random,1813,74
Hunt & Target,random,1814,71
Hunt & Target,random,1815,76
Hunt & Target,random,1816,70
Hunt & Target,random,1817,80
Hunt & Target,random,1818,60
Hunt & Target,random,1819,72
Hunt & Target,random,1820,54
Hunt & Target,random,1821,53
Hunt & Target,random,1822,64
Hunt & Target,random,1823,85
Hunt & Target,random,1824,48
Hunt & Target,random,1825,48
Hunt & Target,random,1826,45
Hunt & Target,random,1827,53
Hunt & Target,random,1828,50
Hunt & Target,random,1829,40
Hunt & Target,random,1830,68
Hunt & Target,random,1831,53
Hunt & Target,random,1832,58
Hunt & Target,random,1833,70
Hunt & Target,random,1834,55
Hunt & Target,random,1835,53
Hunt & Target,random,1836,72
Hunt & Target,random,1837,49
Hunt & Target,random,1838,65
Hunt & Target,random,1839,41
Hunt & Target,random,1840,49
Hunt & Target,random,1841,36
Hunt & Target,random,1842,62
Hunt & Target,random,1843,48
Hunt & Target,random,1844,57
Hunt & Target,random,1845,77
Hunt & Target,random,1846,72
Hunt & Target,random,1847,48
Hunt & Target,random,1848,83
Hunt & Target,random,1849,65
Hunt & Target,random,1850,75
Hunt & Target,random,1851,64
Hunt & Target,random,1852,91
Hunt & Target,random,1853,75
Hunt & Target,random,1854,79
Hunt & Target,random,1855,81
Hunt & Target,random,1856,72
Hunt & Target,random,1857,70
Hunt & Target,random,1858,77
Hunt & Target,random,1859,67
Hunt & Target,random,1860,57
Hunt & Target,random,1861,86
Hunt & Target,random,1862,61
Hunt & Target,random,1863,55
Hunt & Target,random,1864,70
Hunt & Target,random,1865,90
Hunt & Target,random,1866,63
Hunt & Target,random,1867,39
Hunt & Target,random,1868,59
Hunt & Target,random,1869,57
Hunt & Target,random,1870,59
Hunt & Target,random,1871,39
Hunt & Target,random,1872,58
Hunt & Target,random,1873,75
Hunt & Target,random,1874,69
Hunt & Target,random,1875,43
Hunt & Target,random,1876,87
Hunt & Target,random,1877,61
Hunt & Target,random,1878,52
Hunt & Target,random,1879,75
Hunt & Target,random,1880,71
Hunt & Target,random,1881,63
Hunt & Target,random,1882,51
Hunt & Target,random,1883,62
Hunt & Target,random,1884,54
Hunt & Target,random,1885,50
Hunt & Target,random,1886,63
Hunt & Target,random,1887,62
Hunt & Target,random,1888,30
Hunt & Target,random,1889,48
Hunt & Target,random,1890,54
Hunt & Target,random,1891,72
Hunt & Target,random,1892,48
Hunt & Target,random,1893,67
Hunt & Target,random,1894,48
Hunt & Target,random,1895,69
Hunt & Target,random,1896,70
Hunt & Target,random,1897,65
Hunt & Target,random,1898,60
Hunt & Target,random,1899,93
Hunt & Target,random,1900,46
Hunt & Target,random,1901,73
Hunt & Target,random,1902,43
Hunt & Target,random,1903,81
Hunt & Target,random,1904,75
Hunt & Target,random,1905,53
Hunt & Target,random,1906,53
Hunt & Target,random,1907,61
Hunt & Target,random,1908,44
Hunt & Target,random,1909,46
Hunt & Target,random,1910,36
Hunt & Target,random,1911,66
Hunt & Target,random,1912,75
Hunt & Target,random,1913,73
Hunt & Target,random,1914,56
Hunt & Target,random,1915,49
Hunt & Target,random,1916,50
Hunt & Target,random,1917,61
Hunt & Target,random,1918,42
Hunt & Target,random,1919,54
Hunt & Target,random,1920,67
Hunt & Target,random,1921,52
Hunt & Target,random,1922,61
Hunt & Target,random,1923,62
Hunt & Target,random,1924,86
Hunt & Target,random,1925,56
Hunt & Target,random,1926,69
Hunt & Target,random,1927,44
Hunt & Target,random,1928,66
Hunt & Target,random,1929,37
Hunt & Target,random,1930,69
Hunt & Target,random,1931,72
Hunt & Target,random,1932,37
Hunt & Target,random,1933,57
Hunt & Target,random,1934,57
Hunt & Target,random,1935,79
Hunt & Target,random,1936,58
Hunt & Target,random,1937,87
Hunt & Target,random,1938,71
Hunt & Target,random,1939,67
Hunt & Target,random,1940,49
Hunt & Target,random,1941,58
Hunt & Target,random,1942,85
Hunt & Target,random,1943,81
Hunt & Target,random,1944,82
Hunt & Target,random,1945,41
Hunt & Target,random,1946,50
Hunt & Target,random,1947,52
Hunt & Target,random,1948,64
Hunt & Target,random,1949,60
Hunt & Target,random,1950,68
Hunt & Target,random,1951,65
Hunt & Target,random,1952,83
Hunt & Target,random,1953,51
Hunt & Target,random,1954,71
Hunt & Target,random,1955,69
Hunt & Target,random,1956,67
Hunt & Target,random,1957,55
Hunt & Target,random,1958,84
Hunt & Target,random,1959,87
Hunt & Target,random,1960,54
Hunt & Target,random,1961,64
Hunt & Target,random,1962,67
Hunt & Target,random,1963,48
Hunt & Target,random,1964,79
Hunt & Target,random,1965,69
Hunt & Target,random,1966,56
Hunt & Target,random,1967,70
Hunt & Target,random,1968,89
Hunt & Target,random,1969,67
Hunt & Target,random,1970,77
Hunt & Target,random,1971,78
Hunt & Target,random,1972,80
Hunt & Target,random,1973,53
Hunt & Target,random,1974,89
Hunt & Target,random,1975,86
Hunt & Target,random,1976,70
Hunt & Target,random,1977,72
Hunt & Target,random,1978,68
Hunt & Target,random,1979,65
Hunt & Target,random,1980,56
Hunt & Target,random,1981,87
Hunt & Target,random,1982,62
Hunt & Target,random,1983,68
Hunt & Target,random,1984,59
Hunt & Target,random,1985,46
Hunt & Target,random,1986,58
Hunt & Target,random,1987,80
Hunt & Target,random,1988,53
Hunt & Target,random,1989,49
Hunt & Target,random,1990,83
Hunt & Target,random,1991,53
Hunt & Target,random,1992,86
Hunt & Target,random,1993,67
Hunt & Target,random,1994,47
Hunt & Target,random,1995,86
Hunt & Target,random,1996,59
Hunt & Target,random,1997,54
Hunt & Target,random,1998,72
Hunt & Target,random,1999,51
Hunt & Target,random,2000,56
Hunt & Target,random,2001,55
Hunt & Target,random,2002,54
Hunt & Target,random,2003,80
Hunt & Target,random,2004,69
Hunt & Target,random,2005,54
Hunt & Target,random,2006,75
Hunt & Target,random,2007,50
Hunt & Target,random,2008,69
Hunt & Target,random,2009,66
Hunt & Target,random,2010,63
Hunt & Target,random,2011,54
Hunt & Target,random,2012,64
Hunt & Target,random,2013,89
Hunt & Target,random,2014,58
Hunt & Target,random,2015,68
Hunt & Target,random,2016,85
Hunt & Target,random,2017,73
Hunt & Target,random,2018,45
Hunt & Target,random,2019,73
Hunt & Target,random,2020,62
Hunt & Target,random,2021,51
Hunt & Target,random,2022,68
Hunt & Target,random,2023,79
Hunt & Target,random,2024,57
Hunt & Target,random,2025,44
Hunt & Target,random,2026,59
Hunt & Target,random,2027,73
Hunt & Target,random,2028,41
Hunt & Target,random,2029,61
Hunt & Target,random,2030,87
Hunt & Target,random,2031,73
Hunt & Target,random,2032,56
Hunt & Target,random,2033,76
Hunt & Target,random,2034,49
Hunt & Target,random,2035,66
Hunt & Target,random,2036,67
Hunt & Target,random,2037,74
Hunt & Target,random,2038,93
Hunt & Target,random,2039,72
Hunt & Target,random,2040,95
Hunt & Target,random,2041,90
Hunt & Target,random,2042,84
Hunt & Target,random,2043,82
Hunt & Target,random,2044,55
Hunt & Target,random,2045,45
Hunt & Target,random,2046,35
Hunt & Target,random,2047,55
Hunt & Target,random,2048,44
Hunt & Target,random,2049,61
Hunt & Target,random,2050,72
Hunt & Target,random,2051,75
Hunt & Target,random,2052,46
Hunt & Target,random,2053,80
Hunt & Target,random,2054,74
Hunt & Target,random,2055,52
Hunt & Target,random,2056,82
Hunt & Target,random,2057,68
Hunt & Target,random,2058,37
Hunt & Target,random,2059,53
Hunt & Target,random,2060,72
Hunt & Target,random,2061,50
Hunt & Target,random,2062,60
Hunt & Target,random,2063,77
Hunt & Target,random,2064,76
Hunt & Target,random,2065,58
Hunt & Target,random,2066,53
Hunt & Target,random,2067,72
Hunt & Target,random,2068,43
Hunt & Target,random,2069,90
Hunt & Target,random,2070,37
Hunt & Target,random,2071,42
Hunt & Target,random,2072,89
Hunt & Target,random,2073,68
Hunt & Target,random,2074,74
Hunt & Target,random,2075,56
Hunt & Target,random,2076,90
Hunt & Target,random,2077,55
Hunt & Target,random,2078,50
Hunt & Target,random,2079,43
Hunt & Target,random,2080,49
Hunt & Target,random,2081,55
Hunt & Target,random,2082,74
Hunt & Target,random,2083,66
Hunt & Target,random,2084,62
Hunt & Target,random,2085,46
Hunt & Target,random,2086,50
Hunt & Target,random,2087,64
Hunt & Target,random,2088,54
Hunt & Target,random,2089,65
Hunt & Target,random,2090,76
Hunt & Target,random,2091,59
Hunt & Target,random,2092,55
Hunt & Target,random,2093,52
Hunt & Target,random,2094,76
Hunt & Target,random,2095,50
Hunt & Target,random,2096,79
Hunt & Target,random,2097,79
Hunt & Target,random,2098,72
Hunt & Target,random,2099,64
Hunt & Target,random,2100,64
Hunt & Target,random,2101,74
Hunt & Target,random,2102,49
Hunt & Target,random,2103,58
Hunt & Target,random,2104,62
Hunt & Target,random,2105,80
Hunt & Target,random,2106,43
Hunt & Target,random,2107,84
Hunt & Target,random,2108,74
Hunt & Target,random,2109,44
Hunt & Target,random,2110,45
Hunt & Target,random,2111,52
Hunt & Target,random,2112,73
Hunt & Target,random,2113,42
Hunt & Target,random,2114,74
Hunt & Target,random,2115,67
Hunt & Target,random,2116,70
Hunt & Target,random,2117,31
Hunt & Target,random,2118,39
Hunt & Target,random,2119,68
Hunt & Target,random,2120,65
Hunt & Target,random,2121,35
Hunt & Target,random,2122,56
Hunt & Target,random,2123,33
Hunt & Target,random,2124,85
Hunt & Target,random,2125,65
Hunt & Target,random,2126,49
Hunt & Target,random,2127,62
Hunt & Target,random,2128,43
Hunt & Target,random,2129,81
Hunt & Target,random,2130,50
Hunt & Target,random,2131,86
Hunt & Target,random,2132,77
Hunt & Target,random,2133,51
Hunt & Target,random,2134,63
Hunt & Target,random,2135,58
Hunt & Target,random,2136,62
Hunt & Target,random,2137,74
Hunt & Target,random,2138,64
Hunt & Target,random,2139,45
Hunt & Target,random,2140,48
Hunt & Target,random,2141,65
Hunt & Target,random,2142,61
Hunt & Target,random,2143,60
Hunt & Target,random,2144,69
Hunt & Target,random,2145,49
Hunt & Target,random,2146,55
Hunt & Target,random,2147,77
Hunt & Target,random,2148,38
Hunt & Target,random,2149,45
Hunt & Target,random,2150,45
Hunt & Target,random,2151,63
Hunt & Target,random,2152,82
Hunt & Target,random,2153,72
Hunt & Target,random,2154,64
Hunt & Target,random,2155,75
Hunt & Target,random,2156,48
Hunt & Target,random,2157,44
Hunt & Target,random,2158,44
Hunt & Target,random,2159,77
Hunt & Target,random,2160,61
Hunt & Target,random,2161,60
Hunt & Target,random,2162,70
Hunt & Target,random,2163,42
Hunt & Target,random,2164,47
Hunt & Target,random,2165,45
Hunt & Target,random,2166,34
Hunt & Target,random,2167,51
Hunt & Target,random,2168,57
Hunt & Target,random,2169,59
Hunt & Target,random,2170,51
Hunt & Target,random,2171,81
Hunt & Target,random,2172,90
Hunt & Target,random,2173,71
Hunt & Target,random,2174,75
Hunt & Target,random,2175,58
Hunt & Target,random,2176,76
Hunt & Target,random,2177,31
Hunt & Target,random,2178,43
Hunt & Target,random,2179,76
Hunt & Target,random,2180,70
Hunt & Target,random,2181,74
Hunt & Target,random,2182,91
Hunt & Target,random,2183,26
Hunt & Target,random,2184,74
Hunt & Target,random,2185,70
Hunt & Target,random,2186,65
Hunt & Target,random,2187,66
Hunt & Target,random,2188,48
Hunt & Target,random,2189,80
Hunt & Target,random,2190,91
Hunt & Target,random,2191,53
Hunt & Target,random,2192,72
Hunt & Target,random,2193,77
Hunt & Target,random,2194,43
Hunt & Target,random,2195,75
Hunt & Target,random,2196,53
Hunt & Target,random,2197,55
Hunt & Target,random,2198,70
Hunt & Target,random,2199,72
Hunt & Target,random,2200,86
Hunt & Target,random,2201,46
Hunt & Target,random,2202,50
Hunt & Target,random,2203,59
Hunt & Target,random,2204,56
Hunt & Target,random,2205,64
Hunt & Target,random,2206,57
Hunt & Target,random,2207,88
Hunt & Target,random,2208,62
Hunt & Target,random,2209,49
Hunt & Target,random,2210,88
Hunt & Target,random,2211,72
Hunt & Target,random,2212,56
Hunt & Target,random,2213,92
Hunt & Target,random,2214,53
Hunt & Target,random,2215,43
Hunt & Target,random,2216,74
Hunt & Target,random,2217,33
Hunt & Target,random,2218,67
Hunt & Target,random,2219,56
Hunt & Target,random,2220,78
Hunt & Target,random,2221,68
Hunt & Target,random,2222,69
Hunt & Target,random,2223,38
Hunt & Target,random,2224,85
Hunt & Target,random,2225,70
Hunt & Target,random,2226,61
Hunt & Target,random,2227,88
Hunt & Target,random,2228,63
Hunt & Target,random,2229,69
Hunt & Target,random,2230,57
Hunt & Target,random,2231,78
Hunt & Target,random,2232,58
Hunt & Target,random,2233,57
Hunt & Target,random,2234,63
Hunt & Target,random,2235,66
Hunt & Target,random,2236,70
Hunt & Target,random,2237,75
Hunt & Target,random,2238,69
Hunt & Target,random,2239,74
Hunt & Target,random,2240,55
Hunt & Target,random,2241,62
Hunt & Target,random,2242,83
Hunt & Target,random,2243,31
Hunt & Target,random,2244,62
Hunt & Target,random,2245,54
Hunt & Target,random,2246,56
Hunt & Target,random,2247,62
Hunt & Target,random,2248,50
Hunt & Target,random,2249,64
Hunt & Target,random,2250,79
Hunt & Target,random,2251,51
Hunt & Target,random,2252,54
Hunt & Target,random,2253,84
Hunt & Target,random,2254,51
Hunt & Target,random,2255,81
Hunt & Target,random,2256,82
Hunt & Target,random,2257,62
Hunt & Target,random,2258,60
Hunt & Target,random,2259,69
Hunt & Target,random,2260,57
Hunt & Target,random,2261,59
Hunt & Target,random,2262,52
Hunt & Target,random,2263,66
Hunt & Target,random,2264,57
Hunt & Target,random,2265,44
Hunt & Target,random,2266,76
Hunt & Target,random,2267,61
Hunt & Target,random,2268,65
Hunt & Target,random,2269,62
Hunt & Target,random,2270,60
Hunt & Target,random,2271,52
Hunt & Target,random,2272,65
Hunt & Target,random,2273,74
Hunt & Target,random,2274,79
Hunt & Target,random,2275,97
Hunt & Target,random,2276,30
Hunt & Target,random,2277,77
Hunt & Target,random,2278,79
Hunt & Target,random,2279,62
Hunt & Target,random,2280,66
Hunt & Target,random,2281,58
Hunt & Target,random,2282,61
Hunt & Target,random,2283,63
Hunt & Target,random,2284,64
Hunt & Target,random,2285,57
Hunt & Target,random,2286,70
Hunt & Target,random,2287,85
Hunt & Target,random,2288,73
Hunt & Target,random,2289,82
Hunt & Target,random,2290,51
Hunt & Target,random,2291,46
Hunt & Target,random,2292,83
Hunt & Target,random,2293,82
Hunt & Target,random,2294,65
Hunt & Target,random,2295,96
Hunt & Target,random,2296,35
Hunt & Target,random,2297,80
Hunt & Target,random,2298,55
Hunt & Target,random,2299,71
Hunt & Target,random,2300,85
Hunt & Target,random,2301,73
Hunt & Target,random,2302,66
Hunt & Target,random,2303,76
Hunt & Target,random,2304,50
Hunt & Target,random,2305,67
Hunt & Target,random,2306,35
Hunt & Target,random,2307,86
Hunt & Target,random,2308,51
Hunt & Target,random,2309,75
Hunt & Target,random,2310,59
Hunt & Target,random,2311,69
Hunt & Target,random,2312,56
Hunt & Target,random,2313,53
Hunt & Target,random,2314,52
Hunt & Target,random,2315,69
Hunt & Target,random,2316,82
Hunt & Target,random,2317,73
Hunt & Target,random,2318,45
Hunt & Target,random,2319,57
Hunt & Target,random,2320,53
Hunt & Target,random,2321,77
Hunt & Target,random,2322,58
Hunt & Target,random,2323,58
Hunt & Target,random,2324,84
Hunt & Target,random,2325,49
Hunt & Target,random,2326,65
Hunt & Target,random,2327,50
Hunt & Target,random,2328,43
Hunt & Target,random,2329,61
Hunt & Target,random,2330,75
Hunt & Target,random,2331,57
Hunt & Target,random,2332,51
Hunt & Target,random,2333,73
Hunt & Target,random,2334,60
Hunt & Target,random,2335,76
Hunt & Target,random,2336,71
Hunt & Target,random,2337,68
Hunt & Target,random,2338,63
Hunt & Target,random,2339,65
Hunt & Target,random,2340,70
Hunt & Target,random,2341,67
Hunt & Target,random,2342,65
Hunt & Target,random,2343,35
Hunt & Target,random,2344,79
Hunt & Target,random,2345,83
Hunt & Target,random,2346,83
Hunt & Target,random,2347,61
Hunt & Target,random,2348,69
Hunt & Target,random,2349,63
Hunt & Target,random,2350,43
Hunt & Target,random,2351,66
Hunt & Target,random,2352,38
Hunt & Target,random,2353,38
Hunt & Target,random,2354,35
Hunt & Target,random,2355,40
Hunt & Target,random,2356,54
Hunt & Target,random,2357,71
Hunt & Target,random,2358,45
Hunt & Target,random,2359,68
Hunt & Target,random,2360,34
Hunt & Target,random,2361,55
Hunt & Target,random,2362,38
Hunt & Target,random,2363,36
Hunt & Target,random,2364,85
Hunt & Target,random,2365,35
Hunt & Target,random,2366,78
Hunt & Target,random,2367,83
Hunt & Target,random,2368,41
Hunt & Target,random,2369,42
Hunt & Target,random,2370,42
Hunt & Target,random,2371,55
Hunt & Target,random,2372,54
Hunt & Target,random,2373,67
Hunt & Target,random,2374,66
Hunt & Target,random,2375,57
Hunt & Target,random,2376,48
Hunt & Target,random,2377,50
Hunt & Target,random,2378,48
Hunt & Target,random,2379,70
Hunt & Target,random,2380,54
Hunt & Target,random,2381,82
Hunt & Target,random,2382,56
Hunt & Target,random,2383,78
Hunt & Target,random,2384,53
Hunt & Target,random,2385,68
Hunt & Target,random,2386,76
Hunt & Target,random,2387,52
Hunt & Target,random,2388,52
Hunt & Target,random,2389,52
Hunt & Target,random,2390,74
Hunt & Target,random,2391,47
Hunt & Target,random,2392,47
Hunt & Target,random,2393,51
Hunt & Target,random,2394,64
Hunt & Target,random,2395,41
Hunt & Target,random,2396,58
Hunt & Target,random,2397,78
Hunt & Target,random,2398,67
Hunt & Target,random,2399,81
Hunt & Target,random,2400,54
Hunt & Target,random,2401,58
Hunt & Target,random,2402,69
Hunt & Target,random,2403,48
Hunt & Target,random,2404,64
Hunt & Target,random,2405,57
Hunt & Target,random,2406,69
Hunt & Target,random,2407,49
Hunt & Target,random,2408,72
Hunt & Target,random,2409,72
Hunt & Target,random,2410,58
Hunt & Target,random,2411,90
Hunt & Target,random,2412,33
Hunt & Target,random,2413,89
Hunt & Target,random,2414,51
Hunt & Target,random,2415,64
Hunt & Target,random,2416,51
Hunt & Target,random,2417,82
Hunt & Target,random,2418,60
Hunt & Target,random,2419,39
Hunt & Target,random,2420,82
Hunt & Target,random,2421,88
Hunt & Target,random,2422,34
Hunt & Target,random,2423,47
Hunt & Target,random,2424,49
Hunt & Target,random,2425,68
Hunt & Target,random,2426,69
Hunt & Target,random,2427,72
Hunt & Target,random,2428,77
Hunt & Target,random,2429,65
Hunt & Target,random,2430,91
Hunt & Target,random,2431,62
Hunt & Target,random,2432,77
Hunt & Target,random,2433,58
Hunt & Target,random,2434,55
Hunt & Target,random,2435,74
Hunt & Target,random,2436,59
Hunt & Target,random,2437,53
Hunt & Target,random,2438,89
Hunt & Target,random,2439,80
Hunt & Target,random,2440,74
Hunt & Target,random,2441,68
Hunt & Target,random,2442,65
Hunt & Target,random,2443,75
Hunt & Target,random,2444,85
Hunt & Target,random,2445,57
Hunt & Target,random,2446,58
Hunt & Target,random,2447,92
Hunt & Target,random,2448,64
Hunt & Target,random,2449,55
Hunt & Target,random,2450,46
Hunt & Target,random,2451,66
Hunt & Target,random,2452,58
Hunt & Target,random,2453,40
Hunt & Target,random,2454,55
Hunt & Target,random,2455,82
Hunt & Target,random,2456,65
Hunt & Target,random,2457,42
Hunt & Target,random,2458,67
Hunt & Target,random,2459,46
Hunt & Target,random,2460,75
Hunt & Target,random,2461,44
Hunt & Target,random,2462,68
Hunt & Target,random,2463,64
Hunt & Target,random,2464,65
Hunt & Target,random,2465,52
Hunt & Target,random,2466,59
Hunt & Target,random,2467,45
Hunt & Target,random,2468,59
Hunt & Target,random,2469,93
Hunt & Target,random,2470,69
Hunt & Target,random,2471,38
Hunt & Target,random,2472,64
Hunt & Target,random,2473,50
Hunt & Target,random,2474,67
Hunt & Target,random,2475,65
Hunt & Target,random,2476,62
Hunt & Target,random,2477,75
Hunt & Target,random,2478,41
Hunt & Target,random,2479,50
Hunt & Target,random,2480,70
Hunt & Target,random,2481,75
Hunt & Target,random,2482,41
Hunt & Target,random,2483,72
Hunt & Target,random,2484,63
Hunt & Target,random,2485,67
Hunt & Target,random,2486,64
Hunt & Target,random,2487,69
Hunt & Target,random,2488,59
Hunt & Target,random,2489,91
Hunt & Target,random,2490,55
Hunt & Target,random,2491,66
Hunt & Target,random,2492,64
Hunt & Target,random,2493,56
Hunt & Target,random,2494,50
Hunt & Target,random,2495,61
Hunt & Target,random,2496,79
Hunt & Target,random,2497,39
Hunt & Target,random,2498,65
Hunt & Target,random,2499,65
Hunt & Target,random,2500,61
Hunt & Target,random,2501,84
Hunt & Target,random,2502,43
Hunt & Target,random,2503,85
Hunt & Target,random,2504,64
Hunt & Target,random,2505,40
Hunt & Target,random,2506,64
Hunt & Target,random,2507,54
Hunt & Target,random,2508,53
Hunt & Target,random,2509,63
Hunt & Target,random,2510,48
Hunt & Target,random,2511,69
Hunt & Target,random,2512,78
Hunt & Target,random,2513,69
Hunt & Target,random,2514,77
Hunt & Target,random,2515,81
Hunt & Target,random,2516,40
Hunt & Target,random,2517,64
Hunt & Target,random,2518,61
Hunt & Target,random,2519,42
Hunt & Target,random,2520,52
Hunt & Target,random,2521,69
Hunt & Target,random,2522,68
Hunt & Target,random,2523,87
Hunt & Target,random,2524,75
Hunt & Target,random,2525,72
Hunt & Target,random,2526,50
Hunt & Target,random,2527,48
Hunt & Target,random,2528,77
Hunt & Target,random,2529,60
Hunt & Target,random,2530,41
Hunt & Target,random,2531,75
Hunt & Target,random,2532,61
Hunt & Target,random,2533,54
Hunt & Target,random,2534,77
Hunt & Target,random,2535,84
Hunt & Target,random,2536,75
Hunt & Target,random,2537,70
Hunt & Target,random,2538,45
Hunt & Target,random,2539,66
Hunt & Target,random,2540,69
Hunt & Target,random,2541,77
Hunt & Target,random,2542,55
Hunt & Target,random,2543,60
Hunt & Target,random,2544,80
Hunt & Target,random,2545,73
Hunt & Target,random,2546,53
Hunt & Target,random,2547,68
Hunt & Target,random,2548,41
Hunt & Target,random,2549,33
Hunt & Target,random,2550,64
Hunt & Target,random,2551,52
Hunt & Target,random,2552,78
Hunt & Target,random,2553,64
Hunt & Target,random,2554,67
Hunt & Target,random,2555,72
Hunt & Target,random,2556,68
Hunt & Target,random,2557,76
Hunt & Target,random,2558,58
Hunt & Target,random,2559,67
Hunt & Target,random,2560,50
Hunt & Target,random,2561,60
Hunt & Target,random,2562,40
Hunt & Target,random,2563,62
Hunt & Target,random,2564,51
Hunt & Target,random,2565,89
Hunt & Target,random,2566,87
Hunt & Target,random,2567,55
Hunt & Target,random,2568,86
Hunt & Target,random,2569,84
Hunt & Target,random,2570,51
Hunt & Target,random,2571,32
Hunt & Target,random,2572,79
Hunt & Target,random,2573,57
Hunt & Target,random,2574,55
Hunt & Target,random,2575,60
Hunt & Target,random,2576,63
Hunt & Target,random,2577,64
Hunt & Target,random,2578,56
Hunt & Target,random,2579,69
Hunt & Target,random,2580,66
Hunt & Target,random,2581,75
Hunt & Target,random,2582,41
Hunt & Target,random,2583,66
Hunt & Target,random,2584,46
Hunt & Target,random,2585,64
Hunt & Target,random,2586,52
Hunt & Target,random,2587,67
Hunt & Target,random,2588,75
Hunt & Target,random,2589,49
Hunt & Target,random,2590,58
Hunt & Target,random,2591,83
Hunt & Target,random,2592,50
Hunt & Target,random,2593,77
Hunt & Target,random,2594,69
Hunt & Target,random,2595,59
Hunt & Target,random,2596,80
Hunt & Target,random,2597,48
Hunt & Target,random,2598,77
Hunt & Target,random,2599,59
Hunt & Target,random,2600,57
Hunt & Target,random,2601,52
Hunt & Target,random,2602,43
Hunt & Target,random,2603,72
Hunt & Target,random,2604,52
Hunt & Target,random,2605,96
Hunt & Target,random,2606,68
Hunt & Target,random,2607,69
Hunt & Target,random,2608,85
Hunt & Target,random,2609,89
Hunt & Target,random,2610,70
Hunt & Target,random,2611,47
Hunt & Target,random,2612,86
Hunt & Target,random,2613,39
Hunt & Target,random,2614,46
Hunt & Target,random,2615,65
Hunt & Target,random,2616,55
Hunt & Target,random,2617,72
Hunt & Target,random,2618,45
Hunt & Target,random,2619,48
Hunt & Target,random,2620,82
Hunt & Target,random,2621,86
Hunt & Target,random,2622,65
Hunt & Target,random,2623,81
Hunt & Target,random,2624,31
Hunt & Target,random,2625,53
Hunt & Target,random,2626,72
Hunt & Target,random,2627,77
Hunt & Target,random,2628,67
Hunt & Target,random,2629,63
Hunt & Target,random,2630,52
Hunt & Target,random,2631,44
Hunt & Target,random,2632,51
Hunt & Target,random,2633,71
Hunt & Target,random,2634,34
Hunt & Target,random,2635,85
Hunt & Target,random,2636,65
Hunt & Target,random,2637,58
Hunt & Target,random,2638,55
Hunt & Target,random,2639,78
Hunt & Target,random,2640,93
Hunt & Target,random,2641,64
Hunt & Target,random,2642,47
Hunt & Target,random,2643,59
Hunt & Target,random,2644,77
Hunt & Target,random,2645,60
Hunt & Target,random,2646,49
Hunt & Target,random,2647,63
Hunt & Target,random,2648,37
Hunt & Target,random,2649,56
Hunt & Target,random,2650,59
Hunt & Target,random,2651,79
Hunt & Target,random,2652,59
Hunt & Target,random,2653,76
Hunt & Target,random,2654,66
Hunt & Target,random,2655,60
Hunt & Target,random,2656,55
Hunt & Target,random,2657,58
Hunt & Target,random,2658,67
Hunt & Target,random,2659,47
Hunt & Target,random,2660,44
Hunt & Target,random,2661,52
Hunt & Target,random,2662,60
Hunt & Target,random,2663,42
Hunt & Target,random,2664,93
Hunt & Target,random,2665,68
Hunt & Target,random,2666,48
Hunt & Target,random,2667,62
Hunt & Target,random,2668,55
Hunt & Target,random,2669,70
Hunt & Target,random,2670,89
Hunt & Target,random,2671,66
Hunt & Target,random,2672,53
Hunt & Target,random,2673,55
Hunt & Target,random,2674,64
Hunt & Target,random,2675,90
Hunt & Target,random,2676,65
Hunt & Target,random,2677,78
Hunt & Target,random,2678,56
Hunt & Target,random,2679,57
Hunt & Target,random,2680,69
Hunt & Target,random,2681,87
Hunt & Target,random,2682,77
Hunt & Target,random,2683,48
Hunt & Target,random,2684,48
Hunt & Target,random,2685,73
Hunt & Target,random,2686,62
Hunt & Target,random,2687,35
Hunt & Target,random,2688,58
Hunt & Target,random,2689,61
Hunt & Target,random,2690,80
Hunt & Target,random,2691,87
Hunt & Target,random,2692,76
Hunt & Target,random,2693,89
Hunt & Target,random,2694,56
Hunt & Target,random,2695,73
Hunt & Target,random,2696,75
Hunt & Target,random,2697,65
Hunt & Target,random,2698,57
Hunt & Target,random,2699,48
Hunt & Target,random,2700,57
Hunt & Target,random,2701,44
Hunt & Target,random,2702,83
Hunt & Target,random,2703,49
Hunt & Target,random,2704,71
Hunt & Target,random,2705,58
Hunt & Target,random,2706,67
Hunt & Target,random,2707,57
Hunt & Target,random,2708,62
Hunt & Target,random,2709,56
Hunt & Target,random,2710,74
Hunt & Target,random,2711,54
Hunt & Target,random,2712,48
Hunt & Target,random,2713,57
Hunt & Target,random,2714,78
Hunt & Target,random,2715,76
Hunt & Target,random,2716,45
Hunt & Target,random,2717,60
Hunt & Target,random,2718,73
Hunt & Target,random,2719,78
Hunt & Target,random,2720,99
Hunt & Target,random,2721,53
Hunt & Target,random,2722,57
Hunt & Target,random,2723,86
Hunt & Target,random,2724,52
Hunt & Target,random,2725,50
Hunt & Target,random,2726,49
Hunt & Target,random,2727,75
Hunt & Target,random,2728,60
Hunt & Target,random,2729,69
Hunt & Target,random,2730,73
Hunt & Target,random,2731,59
Hunt & Target,random,2732,70
Hunt & Target,random,2733,68
Hunt & Target,random,2734,54
Hunt & Target,random,2735,82
Hunt & Target,random,2736,72
Hunt & Target,random,2737,63
Hunt & Target,random,2738,59
Hunt & Target,random,2739,50
Hunt & Target,random,2740,83
Hunt & Target,random,2741,72
Hunt & Target,random,2742,71
Hunt & Target,random,2743,67
Hunt & Target,random,2744,73
Hunt & Target,random,2745,59
Hunt & Target,random,2746,49
Hunt & Target,random,2747,67
Hunt & Target,random,2748,39
Hunt & Target,random,2749,64
Hunt & Target,random,2750,70
Hunt & Target,random,2751,48
Hunt & Target,random,2752,79
Hunt & Target,random,2753,57
Hunt & Target,random,2754,66
Hunt & Target,random,2755,67
Hunt & Target,random,2756,62
Hunt & Target,random,2757,82
Hunt & Target,random,2758,68
Hunt & Target,random,2759,72
Hunt & Target,random,2760,44
Hunt & Target,random,2761,38
Hunt & Target,random,2762,58
Hunt & Target,random,2763,78
Hunt & Target,random,2764,74
Hunt & Target,random,2765,69
Hunt & Target,random,2766,61
Hunt & Target,random,2767,59
Hunt & Target,random,2768,96
Hunt & Target,random,2769,60
Hunt & Target,random,2770,48
Hunt & Target,random,2771,65
Hunt & Target,random,2772,67
Hunt & Target,random,2773,60
Hunt & Target,random,2774,33
Hunt & Target,random,2775,58
Hunt & Target,random,2776,58
Hunt & Target,random,2777,73
Hunt & Target,random,2778,58
Hunt & Target,random,2779,59
Hunt & Target,random,2780,69
Hunt & Target,random,2781,76
Hunt & Target,random,2782,42
Hunt & Target,random,2783,49
Hunt & Target,random,2784,55
Hunt & Target,random,2785,51
Hunt & Target,random,2786,59
Hunt & Target,random,2787,58
Hunt & Target,random,2788,78
Hunt & Target,random,2789,60
Hunt & Target,random,2790,52
Hunt & Target,random,2791,81
Hunt & Target,random,2792,62
Hunt & Target,random,2793,80
Hunt & Target,random,2794,45
Hunt & Target,random,2795,38
Hunt & Target,random,2796,62
Hunt & Target,random,2797,38
Hunt & Target,random,2798,61
Hunt & Target,random,2799,59
Hunt & Target,random,2800,58
Hunt & Target,random,2801,58
Hunt & Target,random,2802,70
Hunt & Target,random,2803,74
Hunt & Target,random,2804,59
Hunt & Target,random,2805,50
Hunt & Target,random,2806,82
Hunt & Target,random,2807,49
Hunt & Target,random,2808,73
Hunt & Target,random,2809,54
Hunt & Target,random,2810,72
Hunt & Target,random,2811,59
Hunt & Target,random,2812,54
Hunt & Target,random,2813,58
Hunt & Target,random,2814,79
Hunt & Target,random,2815,66
Hunt & Target,random,2816,50
Hunt & Target,random,2817,94
Hunt & Target,random,2818,79
Hunt & Target,random,2819,78
Hunt & Target,random,2820,57
Hunt & Target,random,2821,75
Hunt & Target,random,2822,44
Hunt & Target,random,2823,53
Hunt & Target,random,2824,72
Hunt & Target,random,2825,55
Hunt & Target,random,2826,93
Hunt & Target,random,2827,76
Hunt & Target,random,2828,60
Hunt & Target,random,2829,56
Hunt & Target,random,2830,53
Hunt & Target,random,2831,54
Hunt & Target,random,2832,50
Hunt & Target,random,2833,54
Hunt & Target,random,2834,60
Hunt & Target,random,2835,48
Hunt & Target,random,2836,52
Hunt & Target,random,2837,47
Hunt & Target,random,2838,92
Hunt & Target,random,2839,71
Hunt & Target,random,2840,92
Hunt & Target,random,2841,78
Hunt & Target,random,2842,36
Hunt & Target,random,2843,55
Hunt & Target,random,2844,45
Hunt & Target,random,2845,58
Hunt & Target,random,2846,53
Hunt & Target,random,2847,69
Hunt & Target,random,2848,57
Hunt & Target,random,2849,58
Hunt & Target,random,2850,39
Hunt & Target,random,2851,64
Hunt & Target,random,2852,82
Hunt & Target,random,2853,73
Hunt & Target,random,2854,68
Hunt & Target,random,2855,53
Hunt & Target,random,2856,61
Hunt & Target,random,2857,74
Hunt & Target,random,2858,65
Hunt & Target,random,2859,53
Hunt & Target,random,2860,73
Hunt & Target,random,2861,42
Hunt & Target,random,2862,45
Hunt & Target,random,2863,53
Hunt & Target,random,2864,72
Hunt & Target,random,2865,67
Hunt & Target,random,2866,59
Hunt & Target,random,2867,61
Hunt & Target,random,2868,60
Hunt & Target,random,2869,48
Hunt & Target,random,2870,78
Hunt & Target,random,2871,67
Hunt & Target,random,2872,56
Hunt & Target,random,2873,57
Hunt & Target,random,2874,60
Hunt & Target,random,2875,45
Hunt & Target,random,2876,60
Hunt & Target,random,2877,56
Hunt & Target,random,2878,67
Hunt & Target,random,2879,59
Hunt & Target,random,2880,64
Hunt & Target,random,2881,59
Hunt & Target,random,2882,66
Hunt & Target,random,2883,49
Hunt & Target,random,2884,67
Hunt & Target,random,2885,95
Hunt & Target,random,2886,47
Hunt & Target,random,2887,56
Hunt & Target,random,2888,48
Hunt & Target,random,2889,60
Hunt & Target,random,2890,78
Hunt & Target,random,2891,52
Hunt & Target,random,2892,49
Hunt & Target,random,2893,66
Hunt & Target,random,2894,84
Hunt & Target,random,2895,38
Hunt & Target,random,2896,63
Hunt & Target,random,2897,40
Hunt & Target,random,2898,56
Hunt & Target,random,2899,79
Hunt & Target,random,2900,78
Hunt & Target,random,2901,54
Hunt & Target,random,2902,43
Hunt & Target,random,2903,74
Hunt & Target,random,2904,82
Hunt & Target,random,2905,66
Hunt & Target,random,2906,50
Hunt & Target,random,2907,54
Hunt & Target,random,2908,60
Hunt & Target,random,2909,63
Hunt & Target,random,2910,86
Hunt & Target,random,2911,87
Hunt & Target,random,2912,74
Hunt & Target,random,2913,43
Hunt & Target,random,2914,84
Hunt & Target,random,2915,66
Hunt & Target,random,2916,60
Hunt & Target,random,2917,63
Hunt & Target,random,2918,86
Hunt & Target,random,2919,78
Hunt & Target,random,2920,38
Hunt & Target,random,2921,50
Hunt & Target,random,2922,50
Hunt & Target,random,2923,50
Hunt & Target,random,2924,65
Hunt & Target,random,2925,52
Hunt & Target,random,2926,44
Hunt & Target,random,2927,66
Hunt & Target,random,2928,61
Hunt & Target,random,2929,53
Hunt & Target,random,2930,53
Hunt & Target,random,2931,68
Hunt & Target,random,2932,53
Hunt & Target,random,2933,43
Hunt & Target,random,2934,60
Hunt & Target,random,2935,67
Hunt & Target,random,2936,72
Hunt & Target,random,2937,75
Hunt & Target,random,2938,49
Hunt & Target,random,2939,57
Hunt & Target,random,2940,59
Hunt & Target,random,2941,57
Hunt & Target,random,2942,52
Hunt & Target,random,2943,47
Hunt & Target,random,2944,46
Hunt & Target,random,2945,64
Hunt & Target,random,2946,56
Hunt & Target,random,2947,71
Hunt & Target,random,2948,84
Hunt & Target,random,2949,98
Hunt & Target,random,2950,73
Hunt & Target,random,2951,63
Hunt & Target,random,2952,81
Hunt & Target,random,2953,59
Hunt & Target,random,2954,54
Hunt & Target,random,2955,35
Hunt & Target,random,2956,54
Hunt & Target,random,2957,56
Hunt & Target,random,2958,55
Hunt & Target,random,2959,70
Hunt & Target,random,2960,41
Hunt & Target,random,2961,56
Hunt & Target,random,2962,48
Hunt & Target,random,2963,51
Hunt & Target,random,2964,39
Hunt & Target,random,2965,76
Hunt & Target,random,2966,64
Hunt & Target,random,2967,62
Hunt & Target,random,2968,75
Hunt & Target,random,2969,69
Hunt & Target,random,2970,76
Hunt & Target,random,2971,55
Hunt & Target,random,2972,55
Hunt & Target,random,2973,52
Hunt & Target,random,2974,56
Hunt & Target,random,2975,61
Hunt & Target,random,2976,68
Hunt & Target,random,2977,56
Hunt & Target,random,2978,77
Hunt & Target,random,2979,66
Hunt & Target,random,2980,56
Hunt & Target,random,2981,61
Hunt & Target,random,2982,49
Hunt & Target,random,2983,84
Hunt & Target,random,2984,63
Hunt & Target,random,2985,77
Hunt & Target,random,2986,78
Hunt & Target,random,2987,75
Hunt & Target,random,2988,71
Hunt & Target,random,2989,49
Hunt & Target,random,2990,62
Hunt & Target,random,2991,45
Hunt & Target,random,2992,62
Hunt & Target,random,2993,68
Hunt & Target,random,2994,56
Hunt & Target,random,2995,67
Hunt & Target,random,2996,50
Hunt & Target,random,2997,51
Hunt & Target,random,2998,66
Hunt & Target,random,2999,58
Hunt & Target + Parity,random,0,52
Hunt & Target + Parity,random,1,59
Hunt & Target + Parity,random,2,44
Hunt & Target + Parity,random,3,48
Hunt & Target + Parity,random,4,50
Hunt & Target + Parity,random,5,52
Hunt & Target + Parity,random,6,59
Hunt & Target + Parity,random,7,63
Hunt & Target + Parity,random,8,58
Hunt & Target + Parity,random,9,62
Hunt & Target + Parity,random,10,49
Hunt & Target + Parity,random,11,43
Hunt & Target + Parity,random,12,45
Hunt & Target + Parity,random,13,43
Hunt & Target + Parity,random,14,50
Hunt & Target + Parity,random,15,59
Hunt & Target + Parity,random,16,62
Hunt & Target + Parity,random,17,51
Hunt & Target + Parity,random,18,48
Hunt & Target + Parity,random,19,57
Hunt & Target + Parity,random,20,69
Hunt & Target + Parity,random,21,52
Hunt & Target + Parity,random,22,44
Hunt & Target + Parity,random,23,42
Hunt & Target + Parity,random,24,61
Hunt & Target + Parity,random,25,57
Hunt & Target + Parity,random,26,50
Hunt & Target + Parity,random,27,52
Hunt & Target + Parity,random,28,44
Hunt & Target + Parity,random,29,61
Hunt & Target + Parity,random,30,45
Hunt & Target + Parity,random,31,50
Hunt & Target + Parity,random,32,61
Hunt & Target + Parity,random,33,45
Hunt & Target + Parity,random,34,63
Hunt & Target + Parity,random,35,55
Hunt & Target + Parity,random,36,56
Hunt & Target + Parity,random,37,55
Hunt & Target + Parity,random,38,42
Hunt & Target + Parity,random,39,33
Hunt & Target + Parity,random,40,68
Hunt & Target + Parity,random,41,50
Hunt & Target + Parity,random,42,57
Hunt & Target + Parity,random,43,45
Hunt & Target + Parity,random,44,43
Hunt & Target + Parity,random,45,57
Hunt & Target + Parity,random,46,49
Hunt & Target + Parity,random,47,58
Hunt & Target + Parity,random,48,51
Hunt & Target + Parity,random,49,41
Hunt & Target + Parity,random,50,65
Hunt & Target + Parity,random,51,56
Hunt & Target + Parity,random,52,61
Hunt & Target + Parity,random,53,56
Hunt & Target + Parity,random,54,40
Hunt & Target + Parity,random,55,60
Hunt & Target + Parity,random,56,38
Hunt & Target + Parity,random,57,66
Hunt & Target + Parity,random,58,49
Hunt & Target + Parity,random,59,52
Hunt & Target + Parity,random,60,60
Hunt & Target + Parity,random,61,69
Hunt & Target + Parity,random,62,39
Hunt & Target + Parity,random,63,30
Hunt & Target + Parity,random,64,66
Hunt & Target + Parity,random,65,41
Hunt & Target + Parity,random,66,59
Hunt & Target + Parity,random,67,50
Hunt & Target + Parity,random,68,71
Hunt & Target + Parity,random,69,64
Hunt & Target + Parity,random,70,60
Hunt & Target + Parity,random,71,58
Hunt & Target + Parity,random,72,58
Hunt & Target + Parity,random,73,54
Hunt & Target + Parity,random,74,40
Hunt & Target + Parity,random,75,52
Hunt & Target + Parity,random,76,58
Hunt & Target + Parity,random,77,66
Hunt & Target + Parity,random,78,53
Hunt & Target + Parity,random,79,53
Hunt & Target + Parity,random,80,51
Hunt & Target + Parity,random,81,54
Hunt & Target + Parity,random,82,55
Hunt & Target + Parity,random,83,70
Hunt & Target + Parity,random,84,61
Hunt & Target + Parity,random,85,51
Hunt & Target + Parity,random,86,39
Hunt & Target + Parity,random,87,64
Hunt & Target + Parity,random,88,55
Hunt & Target + Parity,random,89,53
Hunt & Target + Parity,random,90,62
Hunt & Target + Parity,random,91,40
Hunt & Target + Parity,random,92,62
Hunt & Target + Parity,random,93,55
Hunt & Target + Parity,random,94,33
Hunt & Target + Parity,random,95,44
Hunt & Target + Parity,random,96,63
Hunt & Target + Parity,random,97,62
Hunt & Target + Parity,random,98,59
Hunt & Target + Parity,random,99,40
Hunt & Target + Parity,random,100,56
Hunt & Target + Parity,random,101,61
Hunt & Target + Parity,random,102,66
Hunt & Target + Parity,random,103,58
Hunt & Target + Parity,random,104,48
Hunt & Target + Parity,random,105,57
Hunt & Target + Parity,random,106,41
Hunt & Target + Parity,random,107,51
Hunt & Target + Parity,random,108,63
Hunt & Target + Parity,random,109,65
Hunt & Target + Parity,random,110,47
Hunt & Target + Parity,random,111,50
Hunt & Target + Parity,random,112,58
Hunt & Target + Parity,random,113,63
Hunt & Target + Parity,random,114,50
Hunt & Target + Parity,random,115,61
Hunt & Target + Parity,random,116,56
Hunt & Target + Parity,random,117,60
Hunt & Target + Parity,random,118,61
Hunt & Target + Parity,random,119,62
Hunt & Target + Parity,random,120,60
Hunt & Target + Parity,random,121,62
Hunt & Target + Parity,random,122,37
Hunt & Target + Parity,random,123,58
Hunt & Target + Parity,random,124,64
Hunt & Target + Parity,random,125,55
Hunt & Target + Parity,random,126,53
Hunt & Target + Parity,random,127,64
Hunt & Target + Parity,random,128,45
Hunt & Target + Parity,random,129,72
Hunt & Target + Parity,random,130,39
Hunt & Target + Parity,random,131,45
Hunt & Target + Parity,random,132,58
Hunt & Target + Parity,random,133,49
Hunt & Target + Parity,random,134,60
Hunt & Target + Parity,random,135,58
Hunt & Target + Parity,random,136,75
Hunt & Target + Parity,random,137,65
Hunt & Target + Parity,random,138,57
Hunt & Target + Parity,random,139,49
Hunt & Target + Parity,random,140,57
Hunt & Target + Parity,random,141,59
Hunt & Target + Parity,random,142,69
Hunt & Target + Parity,random,143,51
Hunt & Target + Parity,random,144,60
Hunt & Target + Parity,random,145,47
Hunt & Target + Parity,random,146,53
Hunt & Target + Parity,random,147,46
Hunt & Target + Parity,random,148,49
Hunt & Target + Parity,random,149,63
Hunt & Target + Parity,random,150,42
Hunt & Target + Parity,random,151,51
Hunt & Target + Parity,random,152,60
Hunt & Target + Parity,random,153,66
Hunt & Target + Parity,random,154,61
Hunt & Target + Parity,random,155,52
Hunt & Target + Parity,random,156,56
Hunt & Target + Parity,random,157,55
Hunt & Target + Parity,random,158,67
Hunt & Target + Parity,random,159,64
Hunt & Target + Parity,random,160,52
Hunt & Target + Parity,random,161,61
Hunt & Target + Parity,random,162,59
Hunt & Target + Parity,random,163,38
Hunt & Target + Parity,random,164,49
Hunt & Target + Parity,random,165,55
Hunt & Target + Parity,random,166,57
Hunt & Target + Parity,random,167,49
Hunt & Target + Parity,random,168,56
Hunt & Target + Parity,random,169,65
Hunt & Target + Parity,random,170,60
Hunt & Target + Parity,random,171,65
Hunt & Target + Parity,random,172,57
Hunt & Target + Parity,random,173,59
Hunt & Target + Parity,random,174,61
Hunt & Target + Parity,random,175,59
Hunt & Target + Parity,random,176,59
Hunt & Target + Parity,random,177,48
Hunt & Target + Parity,random,178,47
Hunt & Target + Parity,random,179,63
Hunt & Target + Parity,random,180,51
Hunt & Target + Parity,random,181,48
Hunt & Target + Parity,random,182,55
Hunt & Target + Parity,random,183,43
Hunt & Target + Parity,random,184,57
Hunt & Target + Parity,random,185,56
Hunt & Target + Parity,random,186,33
Hunt & Target + Parity,random,187,55
Hunt & Target + Parity,random,188,59
Hunt & Target + Parity,random,189,69
Hunt & Target + Parity,random,190,36
Hunt & Target + Parity,random,191,49
Hunt & Target + Parity,random,192,47
Hunt & Target + Parity,random,193,54
Hunt & Target + Parity,random,194,43
Hunt & Target + Parity,random,195,71
Hunt & Target + Parity,random,196,61
Hunt & Target + Parity,random,197,69
Hunt & Target + Parity,random,198,58
Hunt & Target + Parity,random,199,50
Hunt & Target + Parity,random,200,37
Hunt & Target + Parity,random,201,54
Hunt & Target + Parity,random,202,55
Hunt & Target + Parity,random,203,42
Hunt & Target + Parity,random,204,53
Hunt & Target + Parity,random,205,54
Hunt & Target + Parity,random,206,53
Hunt & Target + Parity,random,207,52
Hunt & Target + Parity,random,208,58
Hunt & Target + Parity,random,209,62
Hunt & Target + Parity,random,210,51
Hunt & Target + Parity,random,211,53
Hunt & Target + Parity,random,212,58
Hunt & Target + Parity,random,213,52
Hunt & Target + Parity,random,214,60
Hunt & Target + Parity,random,215,54
Hunt & Target + Parity,random,216,48
Hunt & Target + Parity,random,217,54
Hunt & Target + Parity,random,218,59
Hunt & Target + Parity,random,219,50
Hunt & Target + Parity,random,220,55
Hunt & Target + Parity,random,221,42
Hunt & Target + Parity,random,222,57
Hunt & Target + Parity,random,223,46
Hunt & Target + Parity,random,224,40
Hunt & Target + Parity,random,225,63
Hunt & Target + Parity,random,226,58
Hunt & Target + Parity,random,227,66
Hunt & Target + Parity,random,228,43
Hunt & Target + Parity,random,229,62
Hunt & Target + Parity,random,230,56
Hunt & Target + Parity,random,231,65
Hunt & Target + Parity,random,232,52
Hunt & Target + Parity,random,233,55
Hunt & Target + Parity,random,234,59
Hunt & Target + Parity,random,235,58
Hunt & Target + Parity,random,236,51
Hunt & Target + Parity,random,237,47
Hunt & Target + Parity,random,238,65
Hunt & Target + Parity,random,239,53
Hunt & Target + Parity,random,240,53
Hunt & Target + Parity,random,241,59
Hunt & Target + Parity,random,242,66
Hunt & Target + Parity,random,243,60
Hunt & Target + Parity,random,244,59
Hunt & Target + Parity,random,245,53
Hunt & Target + Parity,random,246,47
Hunt & Target + Parity,random,247,38
Hunt & Target + Parity,random,248,55
Hunt & Target + Parity,random,249,57
Hunt & Target + Parity,random,250,56
Hunt & Target + Parity,random,251,52
Hunt & Target + Parity,random,252,62
Hunt & Target + Parity,random,253,44
Hunt & Target + Parity,random,254,52
Hunt & Target + Parity,random,255,59
Hunt & Target + Parity,random,256,51
Hunt & Target + Parity,random,257,57
Hunt & Target + Parity,random,258,67
Hunt & Target + Parity,random,259,66
Hunt & Target + Parity,random,260,44
Hunt & Target + Parity,random,261,62
Hunt & Target + Parity,random,262,47
Hunt & Target + Parity,random,263,66
Hunt & Target + Parity,random,264,61
Hunt & Target + Parity,random,265,60
Hunt & Target + Parity,random,266,61
Hunt & Target + Parity,random,267,44
Hunt & Target + Parity,random,268,53
Hunt & Target + Parity,random,269,57
Hunt & Target + Parity,random,270,35
Hunt & Target + Parity,random,271,67
Hunt & Target + Parity,random,272,48
Hunt & Target + Parity,random,273,56
Hunt & Target + Parity,random,274,43
Hunt & Target + Parity,random,275,45
Hunt & Target + Parity,random,276,52
Hunt & Target + Parity,random,277,46
Hunt & Target + Parity,random,278,40
Hunt & Target + Parity,random,279,50
Hunt & Target + Parity,random,280,62
Hunt & Target + Parity,random,281,65
Hunt & Target + Parity,random,282,56
Hunt & Target + Parity,random,283,66
Hunt & Target + Parity,random,284,49
Hunt & Target + Parity,random,285,61
Hunt & Target + Parity,random,286,59
Hunt & Target + Parity,random,287,60
Hunt & Target + Parity,random,288,70
Hunt & Target + Parity,random,289,55
Hunt & Target + Parity,random,290,58
Hunt & Target + Parity,random,291,54
Hunt & Target + Parity,random,292,46
Hunt & Target + Parity,random,293,42
Hunt & Target + Parity,random,294,51
Hunt & Target + Parity,random,295,47
Hunt & Target + Parity,random,296,63
Hunt & Target + Parity,random,297,38
Hunt & Target + Parity,random,298,62
Hunt & Target + Parity,random,299,46
Hunt & Target + Parity,random,300,57
Hunt & Target + Parity,random,301,50
Hunt & Target + Parity,random,302,71
Hunt & Target + Parity,random,303,52
Hunt & Target + Parity,random,304,47
Hunt & Target + Parity,random,305,43
Hunt & Target + Parity,random,306,65
Hunt & Target + Parity,random,307,48
Hunt & Target + Parity,random,308,61
Hunt & Target + Parity,random,309,54
Hunt & Target + Parity,random,310,31
Hunt & Target + Parity,random,311,55
Hunt & Target + Parity,random,312,48
Hunt & Target + Parity,random,313,54
Hunt & Target + Parity,random,314,59
Hunt & Target + Parity,random,315,48
Hunt & Target + Parity,random,316,60
Hunt & Target + Parity,random,317,62
Hunt & Target + Parity,random,318,70
Hunt & Target + Parity,random,319,43
Hunt & Target + Parity,random,320,42
Hunt & Target + Parity,random,321,65
Hunt & Target + Parity,random,322,41
Hunt & Target + Parity,random,323,55
Hunt & Target + Parity,random,324,50
Hunt & Target + Parity,random,325,65
Hunt & Target + Parity,random,326,65
Hunt & Target + Parity,random,327,60
Hunt & Target + Parity,random,328,37
Hunt & Target + Parity,random,329,52
Hunt & Target + Parity,random,330,61
Hunt & Target + Parity,random,331,74
Hunt & Target + Parity,random,332,52
Hunt & Target + Parity,random,333,56
Hunt & Target + Parity,random,334,42
Hunt & Target + Parity,random,335,71
Hunt & Target + Parity,random,336,60
Hunt & Target + Parity,random,337,49
Hunt & Target + Parity,random,338,53
Hunt & Target + Parity,random,339,49
Hunt & Target + Parity,random,340,57
Hunt & Target + Parity,random,341,59
Hunt & Target + Parity,random,342,71
Hunt & Target + Parity,random,343,36
Hunt & Target + Parity,random,344,66
Hunt & Target + Parity,random,345,59
Hunt & Target + Parity,random,346,56
Hunt & Target + Parity,random,347,58
Hunt & Target + Parity,random,348,48
Hunt & Target + Parity,random,349,68
Hunt & Target + Parity,random,350,52
Hunt & Target + Parity,random,351,49
Hunt & Target + Parity,random,352,51
Hunt & Target + Parity,random,353,55
Hunt & Target + Parity,random,354,49
Hunt & Target + Parity,random,355,65
Hunt & Target + Parity,random,356,59
Hunt & Target + Parity,random,357,50
Hunt & Target + Parity,random,358,48
Hunt & Target + Parity,random,359,55
Hunt & Target + Parity,random,360,61
Hunt & Target + Parity,random,361,58
Hunt & Target + Parity,random,362,40
Hunt & Target + Parity,random,363,58
Hunt & Target + Parity,random,364,41
Hunt & Target + Parity,random,365,39
Hunt & Target + Parity,random,366,65
Hunt & Target + Parity,random,367,43
Hunt & Target + Parity,random,368,63
Hunt & Target + Parity,random,369,54
Hunt & Target + Parity,random,370,42
Hunt & Target + Parity,random,371,53
Hunt & Target + Parity,random,372,61
Hunt & Target + Parity,random,373,31
Hunt & Target + Parity,random,374,49
Hunt & Target + Parity,random,375,50
Hunt & Target + Parity,random,376,67
Hunt & Target + Parity,random,377,46
Hunt & Target + Parity,random,378,50
Hunt & Target + Parity,random,379,50
Hunt & Target + Parity,random,380,47
Hunt & Target + Parity,random,381,66
Hunt & Target + Parity,random,382,62
Hunt & Target + Parity,random,383,38
Hunt & Target + Parity,random,384,40
Hunt & Target + Parity,random,385,65
Hunt & Target + Parity,random,386,55
Hunt & Target + Parity,random,387,43
Hunt & Target + Parity,random,388,48
Hunt & Target + Parity,random,389,49
Hunt & Target + Parity,random,390,52
Hunt & Target + Parity,random,391,51
Hunt & Target + Parity,random,392,52
Hunt & Target + Parity,random,393,65
Hunt & Target + Parity,random,394,49
Hunt & Target + Parity,random,395,59
Hunt & Target + Parity,random,396,68
Hunt & Target + Parity,random,397,51
Hunt & Target + Parity,random,398,45
Hunt & Target + Parity,random,399,66
Hunt & Target + Parity,random,400,60
Hunt & Target + Parity,random,401,63
Hunt & Target + Parity,random,402,59
Hunt & Target + Parity,random,403,52
Hunt & Target + Parity,random,404,71
Hunt & Target + Parity,random,405,66
Hunt & Target + Parity,random,406,70
Hunt & Target + Parity,random,407,45
Hunt & Target + Parity,random,408,49
Hunt & Target + Parity,random,409,60
Hunt & Target + Parity,random,410,59
Hunt & Target + Parity,random,411,43
Hunt & Target + Parity,random,412,62
Hunt & Target + Parity,random,413,57
Hunt & Target + Parity,random,414,51
Hunt & Target + Parity,random,415,54
Hunt & Target + Parity,random,416,67
Hunt & Target + Parity,random,417,59
Hunt & Target + Parity,random,418,69
Hunt & Target + Parity,random,419,72
Hunt & Target + Parity,random,420,66
Hunt & Target + Parity,random,421,65
Hunt & Target + Parity,random,422,51
Hunt & Target + Parity,random,423,56
Hunt & Target + Parity,random,424,37
Hunt & Target + Parity,random,425,62
Hunt & Target + Parity,random,426,58
Hunt & Target + Parity,random,427,59
Hunt & Target + Parity,random,428,61
Hunt & Target + Parity,random,429,60
Hunt & Target + Parity,random,430,51
Hunt & Target + Parity,random,431,58
Hunt & Target + Parity,random,432,40
Hunt & Target + Parity,random,433,45
Hunt & Target + Parity,random,434,48
Hunt & Target + Parity,random,435,64
Hunt & Target + Parity,random,436,61
Hunt & Target + Parity,random,437,48
Hunt & Target + Parity,random,438,46
Hunt & Target + Parity,random,439,63
Hunt & Target + Parity,random,440,60
Hunt & Target + Parity,random,441,60
Hunt & Target + Parity,random,442,63
Hunt & Target + Parity,random,443,45
Hunt & Target + Parity,random,444,56
Hunt & Target + Parity,random,445,60
Hunt & Target + Parity,random,446,67
Hunt & Target + Parity,random,447,33
Hunt & Target + Parity,random,448,39
Hunt & Target + Parity,random,449,70
Hunt & Target + Parity,random,450,58
Hunt & Target + Parity,random,451,60
Hunt & Target + Parity,random,452,60
Hunt & Target + Parity,random,453,50
Hunt & Target + Parity,random,454,67
Hunt & Target + Parity,random,455,46
Hunt & Target + Parity,random,456,56
Hunt & Target + Parity,random,457,56
Hunt & Target + Parity,random,458,64
Hunt & Target + Parity,random,459,57
Hunt & Target + Parity,random,460,58
Hunt & Target + Parity,random,461,36
Hunt & Target + Parity,random,462,63
Hunt & Target + Parity,random,463,62
Hunt & Target + Parity,random,464,66
Hunt & Target + Parity,random,465,52
Hunt & Target + Parity,random,466,59
Hunt & Target + Parity,random,467,46
Hunt & Target + Parity,random,468,74
Hunt & Target + Parity,random,469,43
Hunt & Target + Parity,random,470,64
Hunt & Target + Parity,random,471,68
Hunt & Target + Parity,random,472,54
Hunt & Target + Parity,random,473,64
Hunt & Target + Parity,random,474,50
Hunt & Target + Parity,random,475,54
Hunt & Target + Parity,random,476,60
Hunt & Target + Parity,random,477,59
Hunt & Target + Parity,random,478,54
Hunt & Target + Parity,random,479,62
Hunt & Target + Parity,random,480,54
Hunt & Target + Parity,random,481,46
Hunt & Target + Parity,random,482,61
Hunt & Target + Parity,random,483,62
Hunt & Target + Parity,random,484,51
Hunt & Target + Parity,random,485,45
Hunt & Target + Parity,random,486,65
Hunt & Target + Parity,random,487,57
Hunt & Target + Parity,random,488,65
Hunt & Target + Parity,random,489,43
Hunt & Target + Parity,random,490,58
Hunt & Target + Parity,random,491,64
Hunt & Target + Parity,random,492,54
Hunt & Target + Parity,random,493,29
Hunt & Target + Parity,random,494,58
Hunt & Target + Parity,random,495,62
Hunt & Target + Parity,random,496,61
Hunt & Target + Parity,random,497,54
Hunt & Target + Parity,random,498,61
Hunt & Target + Parity,random,499,40
Hunt & Target + Parity,random,500,58
Hunt & Target + Parity,random,501,55
Hunt & Target + Parity,random,502,51
Hunt & Target + Parity,random,503,48
Hunt & Target + Parity,random,504,50
Hunt & Target + Parity,random,505,67
Hunt & Target + Parity,random,506,53
Hunt & Target + Parity,random,507,62
Hunt & Target + Parity,random,508,52
Hunt & Target + Parity,random,509,67
Hunt & Target + Parity,random,510,35
Hunt & Target + Parity,random,511,57
Hunt & Target + Parity,random,512,46
Hunt & Target + Parity,random,513,64
Hunt & Target + Parity,random,514,47
Hunt & Target + Parity,random,515,50
Hunt & Target + Parity,random,516,63
Hunt & Target + Parity,random,517,64
Hunt & Target + Parity,random,518,57
Hunt & Target + Parity,random,519,59
Hunt & Target + Parity,random,520,61
Hunt & Target + Parity,random,521,44
Hunt & Target + Parity,random,522,43
Hunt & Target + Parity,random,523,59
Hunt & Target + Parity,random,524,60
Hunt & Target + Parity,random,525,35
Hunt & Target + Parity,random,526,55
Hunt & Target + Parity,random,527,58
Hunt & Target + Parity,random,528,58
Hunt & Target + Parity,random,529,42
Hunt & Target + Parity,random,530,48
Hunt & Target + Parity,random,531,55
Hunt & Target + Parity,random,532,67
Hunt & Target + Parity,random,533,50
Hunt & Target + Parity,random,534,64
Hunt & Target + Parity,random,535,45
Hunt & Target + Parity,random,536,40
Hunt & Target + Parity,random,537,63
Hunt & Target + Parity,random,538,66
Hunt & Target + Parity,random,539,46
Hunt & Target + Parity,random,540,41
Hunt & Target + Parity,random,541,68
Hunt & Target + Parity,random,542,57
Hunt & Target + Parity,random,543,55
Hunt & Target + Parity,random,544,66
Hunt & Target + Parity,random,545,67
Hunt & Target + Parity,random,546,60
Hunt & Target + Parity,random,547,64
Hunt & Target + Parity,random,548,54
Hunt & Target + Parity,random,549,48
Hunt & Target + Parity,random,550,61
Hunt & Target + Parity,random,551,48
Hunt & Target + Parity,random,552,48
Hunt & Target + Parity,random,553,55
Hunt & Target + Parity,random,554,50
Hunt & Target + Parity,random,555,45
Hunt & Target + Parity,random,556,47
Hunt & Target + Parity,random,557,61
Hunt & Target + Parity,random,558,41
Hunt & Target + Parity,random,559,50
Hunt & Target + Parity,random,560,48
Hunt & Target + Parity,random,561,60
Hunt & Target + Parity,random,562,33
Hunt & Target + Parity,random,563,45
Hunt & Target + Parity,random,564,59
Hunt & Target + Parity,random,565,33
Hunt & Target + Parity,random,566,57
Hunt & Target + Parity,random,567,61
Hunt & Target + Parity,random,568,57
Hunt & Target + Parity,random,569,37
Hunt & Target + Parity,random,570,64
Hunt & Target + Parity,random,571,66
Hunt & Target + Parity,random,572,49
Hunt & Target + Parity,random,573,64
Hunt & Target + Parity,random,574,51
Hunt & Target + Parity,random,575,74
Hunt & Target + Parity,random,576,69
Hunt & Target + Parity,random,577,62
Hunt & Target + Parity,random,578,44
Hunt & Target + Parity,random,579,64
Hunt & Target + Parity,random,580,58
Hunt & Target + Parity,random,581,37
Hunt & Target + Parity,random,582,54
Hunt & Target + Parity,random,583,44
Hunt & Target + Parity,random,584,63
Hunt & Target + Parity,random,585,75
Hunt & Target + Parity,random,586,50
Hunt & Target + Parity,random,587,73
Hunt & Target + Parity,random,588,61
Hunt & Target + Parity,random,589,55
Hunt & Target + Parity,random,590,68
Hunt & Target + Parity,random,591,49
Hunt & Target + Parity,random,592,39
Hunt & Target + Parity,random,593,64
Hunt & Target + Parity,random,594,57
Hunt & Target + Parity,random,595,48
Hunt & Target + Parity,random,596,71
Hunt & Target + Parity,random,597,62
Hunt & Target + Parity,random,598,60
Hunt & Target + Parity,random,599,43
Hunt & Target + Parity,random,600,64
Hunt & Target + Parity,random,601,68
Hunt & Target + Parity,random,602,67
Hunt & Target + Parity,random,603,72
Hunt & Target + Parity,random,604,47
Hunt & Target + Parity,random,605,51
Hunt & Target + Parity,random,606,56
Hunt & Target + Parity,random,607,59
Hunt & Target + Parity,random,608,65
Hunt & Target + Parity,random,609,50
Hunt & Target + Parity,random,610,64
Hunt & Target + Parity,random,611,51
Hunt & Target + Parity,random,612,50
Hunt & Target + Parity,random,613,44
Hunt & Target + Parity,random,614,68
Hunt & Target + Parity,random,615,59
Hunt & Target + Parity,random,616,59
Hunt & Target + Parity,random,617,51
Hunt & Target + Parity,random,618,61
Hunt & Target + Parity,random,619,34
Hunt & Target + Parity,random,620,42
Hunt & Target + Parity,random,621,47
Hunt & Target + Parity,random,622,32
Hunt & Target + Parity,random,623,67
Hunt & Target + Parity,random,624,61
Hunt & Target + Parity,random,625,57
Hunt & Target + Parity,random,626,43
Hunt & Target + Parity,random,627,51
Hunt & Target + Parity,random,628,53
Hunt & Target + Parity,random,629,70
Hunt & Target + Parity,random,630,52
Hunt & Target + Parity,random,631,37
Hunt & Target + Parity,random,632,59
Hunt & Target + Parity,random,633,57
Hunt & Target + Parity,random,634,55
Hunt & Target + Parity,random,635,61
Hunt & Target + Parity,random,636,58
Hunt & Target + Parity,random,637,36
Hunt & Target + Parity,random,638,51
Hunt & Target + Parity,random,639,62
Hunt & Target + Parity,random,640,63
Hunt & Target + Parity,random,641,41
Hunt & Target + Parity,random,642,58
Hunt & Target + Parity,random,643,53
Hunt & Target + Parity,random,644,63
Hunt & Target + Parity,random,645,61
Hunt & Target + Parity,random,646,45
Hunt & Target + Parity,random,647,59
Hunt & Target + Parity,random,648,50
Hunt & Target + Parity,random,649,61
Hunt & Target + Parity,random,650,48
Hunt & Target + Parity,random,651,66
Hunt & Target + Parity,random,652,59
Hunt & Target + Parity,random,653,49
Hunt & Target + Parity,random,654,56
Hunt & Target + Parity,random,655,64
Hunt & Target + Parity,random,656,63
Hunt & Target + Parity,random,657,57
Hunt & Target + Parity,random,658,56
Hunt & Target + Parity,random,659,63
Hunt & Target + Parity,random,660,50
Hunt & Target + Parity,random,661,51
Hunt & Target + Parity,random,662,44
Hunt & Target + Parity,random,663,44
Hunt & Target + Parity,random,664,48
Hunt & Target + Parity,random,665,66
Hunt & Target + Parity,random,666,64
Hunt & Target + Parity,random,667,70
Hunt & Target + Parity,random,668,51
Hunt & Target + Parity,random,669,62
Hunt & Target + Parity,random,670,55
Hunt & Target + Parity,random,671,50
Hunt & Target + Parity,random,672,55
Hunt & Target + Parity,random,673,44
Hunt & Target + Parity,random,674,57
Hunt & Target + Parity,random,675,54
Hunt & Target + Parity,random,676,53
Hunt & Target + Parity,random,677,61
Hunt & Target + Parity,random,678,55
Hunt & Target + Parity,random,679,63
Hunt & Target + Parity,random,680,52
Hunt & Target + Parity,random,681,53
Hunt & Target + Parity,random,682,52
Hunt & Target + Parity,random,683,53
Hunt & Target + Parity,random,684,55
Hunt & Target + Parity,random,685,52
Hunt & Target + Parity,random,686,48
Hunt & Target + Parity,random,687,52
Hunt & Target + Parity,random,688,47
Hunt & Target + Parity,random,689,62
Hunt & Target + Parity,random,690,49
Hunt & Target + Parity,random,691,51
Hunt & Target + Parity,random,692,49
Hunt & Target + Parity,random,693,63
Hunt & Target + Parity,random,694,36
Hunt & Target + Parity,random,695,58
Hunt & Target + Parity,random,696,54
Hunt & Target + Parity,random,697,56
Hunt & Target + Parity,random,698,66
Hunt & Target + Parity,random,699,44
Hunt & Target + Parity,random,700,57
Hunt & Target + Parity,random,701,58
Hunt & Target + Parity,random,702,46
Hunt & Target + Parity,random,703,58
Hunt & Target + Parity,random,704,45
Hunt & Target + Parity,random,705,60
Hunt & Target + Parity,random,706,38
Hunt & Target + Parity,random,707,48
Hunt & Target + Parity,random,708,65
Hunt & Target + Parity,random,709,53
Hunt & Target + Parity,random,710,53
Hunt & Target + Parity,random,711,64
Hunt & Target + Parity,random,712,61
Hunt & Target + Parity,random,713,66
Hunt & Target + Parity,random,714,51
Hunt & Target + Parity,random,715,44
Hunt & Target + Parity,random,716,50
Hunt & Target + Parity,random,717,63
Hunt & Target + Parity,random,718,52
Hunt & Target + Parity,random,719,66
Hunt & Target + Parity,random,720,47
Hunt & Target + Parity,random,721,57
Hunt & Target + Parity,random,722,39
Hunt & Target + Parity,random,723,50
Hunt & Target + Parity,random,724,60
Hunt & Target + Parity,random,725,64
Hunt & Target + Parity,random,726,48
Hunt & Target + Parity,random,727,35
Hunt & Target + Parity,random,728,41
Hunt & Target + Parity,random,729,35
Hunt & Target + Parity,random,730,62
Hunt & Target + Parity,random,731,63
Hunt & Target + Parity,random,732,49
Hunt & Target + Parity,random,733,68
Hunt & Target + Parity,random,734,50
Hunt & Target + Parity,random,735,65
Hunt & Target + Parity,random,736,55
Hunt & Target + Parity,random,737,62
Hunt & Target + Parity,random,738,59
Hunt & Target + Parity,random,739,53
Hunt & Target + Parity,random,740,51
Hunt & Target + Parity,random,741,68
Hunt & Target + Parity,random,742,81
Hunt & Target + Parity,random,743,50
Hunt & Target + Parity,random,744,56
Hunt & Target + Parity,random,745,63
Hunt & Target + Parity,random,746,61
Hunt & Target + Parity,random,747,56
Hunt & Target + Parity,random,748,62
Hunt & Target + Parity,random,749,42
Hunt & Target + Parity,random,750,48
Hunt & Target + Parity,random,751,46
Hunt & Target + Parity,random,752,61
Hunt & Target + Parity,random,753,58
Hunt & Target + Parity,random,754,52
Hunt & Target + Parity,random,755,68
Hunt & Target + Parity,random,756,56
Hunt & Target + Parity,random,757,66
Hunt & Target + Parity,random,758,68
Hunt & Target + Parity,random,759,51
Hunt & Target + Parity,random,760,56
Hunt & Target + Parity,random,761,66
Hunt & Target + Parity,random,762,57
Hunt & Target + Parity,random,763,45
Hunt & Target + Parity,random,764,39
Hunt & Target + Parity,random,765,46
Hunt & Target + Parity,random,766,71
Hunt & Target + Parity,random,767,57
Hunt & Target + Parity,random,768,49
Hunt & Target + Parity,random,769,51
Hunt & Target + Parity,random,770,61
Hunt & Target + Parity,random,771,48
Hunt & Target + Parity,random,772,51
Hunt & Target + Parity,random,773,56
Hunt & Target + Parity,random,774,64
Hunt & Target + Parity,random,775,66
Hunt & Target + Parity,random,776,44
Hunt & Target + Parity,random,777,61
Hunt & Target + Parity,random,778,67
Hunt & Target + Parity,random,779,55
Hunt & Target + Parity,random,780,47
Hunt & Target + Parity,random,781,58
Hunt & Target + Parity,random,782,46
Hunt & Target + Parity,random,783,44
Hunt & Target + Parity,random,784,61
Hunt & Target + Parity,random,785,47
Hunt & Target + Parity,random,786,61
Hunt & Target + Parity,random,787,65
Hunt & Target + Parity,random,788,58
Hunt & Target + Parity,random,789,63
Hunt & Target + Parity,random,790,50
Hunt & Target + Parity,random,791,63
Hunt & Target + Parity,random,792,40
Hunt & Target + Parity,random,793,53
Hunt & Target + Parity,random,794,55
Hunt & Target + Parity,random,795,59
Hunt & Target + Parity,random,796,71
Hunt & Target + Parity,random,797,46
Hunt & Target + Parity,random,798,61
Hunt & Target + Parity,random,799,60
Hunt & Target + Parity,random,800,65
Hunt & Target + Parity,random,801,57
Hunt & Target + Parity,random,802,50
Hunt & Target + Parity,random,803,40
Hunt & Target + Parity,random,804,63
Hunt & Target + Parity,random,805,37
Hunt & Target + Parity,random,806,45
Hunt & Target + Parity,random,807,64
Hunt & Target + Parity,random,808,54
Hunt & Target + Parity,random,809,43
Hunt & Target + Parity,random,810,51
Hunt & Target + Parity,random,811,47
Hunt & Target + Parity,random,812,54
Hunt & Target + Parity,random,813,56
Hunt & Target + Parity,random,814,52
Hunt & Target + Parity,random,815,46
Hunt & Target + Parity,random,816,50
Hunt & Target + Parity,random,817,64
Hunt & Target + Parity,random,818,50
Hunt & Target + Parity,random,819,60
Hunt & Target + Parity,random,820,65
Hunt & Target + Parity,random,821,62
Hunt & Target + Parity,random,822,62
Hunt & Target + Parity,random,823,60
Hunt & Target + Parity,random,824,64
Hunt & Target + Parity,random,825,52
Hunt & Target + Parity,random,826,57
Hunt & Target + Parity,random,827,68
Hunt & Target + Parity,random,828,65
Hunt & Target + Parity,random,829,39
Hunt & Target + Parity,random,830,60
Hunt & Target + Parity,random,831,62
Hunt & Target + Parity,random,832,65
Hunt & Target + Parity,random,833,63
Hunt & Target + Parity,random,834,58
Hunt & Target + Parity,random,835,58
Hunt & Target + Parity,random,836,47
Hunt & Target + Parity,random,837,53
Hunt & Target + Parity,random,838,52
Hunt & Target + Parity,random,839,54
Hunt & Target + Parity,random,840,52
Hunt & Target + Parity,random,841,75
Hunt & Target + Parity,random,842,46
Hunt & Target + Parity,random,843,55
Hunt & Target + Parity,random,844,54
Hunt & Target + Parity,random,845,57
Hunt & Target + Parity,random,846,59
Hunt & Target + Parity,random,847,54
Hunt & Target + Parity,random,848,62
Hunt & Target + Parity,random,849,50
Hunt & Target + Parity,random,850,49
Hunt & Target + Parity,random,851,36
Hunt & Target + Parity,random,852,46
Hunt & Target + Parity,random,853,47
Hunt & Target + Parity,random,854,42
Hunt & Target + Parity,random,855,52
Hunt & Target + Parity,random,856,54
Hunt & Target + Parity,random,857,49
Hunt & Target + Parity,random,858,44
Hunt & Target + Parity,random,859,53
Hunt & Target + Parity,random,860,54
Hunt & Target + Parity,random,861,64
Hunt & Target + Parity,random,862,51
Hunt & Target + Parity,random,863,54
Hunt & Target + Parity,random,864,57
Hunt & Target + Parity,random,865,63
Hunt & Target + Parity,random,866,64
Hunt & Target + Parity,random,867,32
Hunt & Target + Parity,random,868,49
Hunt & Target + Parity,random,869,52
Hunt & Target + Parity,random,870,60
Hunt & Target + Parity,random,871,67
Hunt & Target + Parity,random,872,48
Hunt & Target + Parity,random,873,57
Hunt & Target + Parity,random,874,54
Hunt & Target + Parity,random,875,67
Hunt & Target + Parity,random,876,40
Hunt & Target + Parity,random,877,49
Hunt & Target + Parity,random,878,52
Hunt & Target + Parity,random,879,65
Hunt & Target + Parity,random,880,46
Hunt & Target + Parity,random,881,58
Hunt & Target + Parity,random,882,47
Hunt & Target + Parity,random,883,64
Hunt & Target + Parity,random,884,65
Hunt & Target + Parity,random,885,58
Hunt & Target + Parity,random,886,46
Hunt & Target + Parity,random,887,33
Hunt & Target + Parity,random,888,52
Hunt & Target + Parity,random,889,62
Hunt & Target + Parity,random,890,64
Hunt & Target + Parity,random,891,56
Hunt & Target + Parity,random,892,59
Hunt & Target + Parity,random,893,32
Hunt & Target + Parity,random,894,44
Hunt & Target + Parity,random,895,45
Hunt & Target + Parity,random,896,57
Hunt & Target + Parity,random,897,53
Hunt & Target + Parity,random,898,56
Hunt & Target + Parity,random,899,63
Hunt & Target + Parity,random,900,60
Hunt & Target + Parity,random,901,49
Hunt & Target + Parity,random,902,34
Hunt & Target + Parity,random,903,57
Hunt & Target + Parity,random,904,52
Hunt & Target + Parity,random,905,56
Hunt & Target + Parity,random,906,62
Hunt & Target + Parity,random,907,53
Hunt & Target + Parity,random,908,47
Hunt & Target + Parity,random,909,37
Hunt & Target + Parity,random,910,48
Hunt & Target + Parity,random,911,48
Hunt & Target + Parity,random,912,59
Hunt & Target + Parity,random,913,63
Hunt & Target + Parity,random,914,57
Hunt & Target + Parity,random,915,47
Hunt & Target + Parity,random,916,58
Hunt & Target + Parity,random,917,49
Hunt & Target + Parity,random,918,49
Hunt & Target + Parity,random,919,63
Hunt & Target + Parity,random,920,45
Hunt & Target + Parity,random,921,69
Hunt & Target + Parity,random,922,34
Hunt & Target + Parity,random,923,54
Hunt & Target + Parity,random,924,61
Hunt & Target + Parity,random,925,56
Hunt & Target + Parity,random,926,63
Hunt & Target + Parity,random,927,55
Hunt & Target + Parity,random,928,68
Hunt & Target + Parity,random,929,59
Hunt & Target + Parity,random,930,55
Hunt & Target + Parity,random,931,64
Hunt & Target + Parity,random,932,73
Hunt & Target + Parity,random,933,49
Hunt & Target + Parity,random,934,55
Hunt & Target + Parity,random,935,65
Hunt & Target + Parity,random,936,75
Hunt & Target + Parity,random,937,59
Hunt & Target + Parity,random,938,65
Hunt & Target + Parity,random,939,64
Hunt & Target + Parity,random,940,54
Hunt & Target + Parity,random,941,62
Hunt & Target + Parity,random,942,64
Hunt & Target + Parity,random,943,46
Hunt & Target + Parity,random,944,54
Hunt & Target + Parity,random,945,36
Hunt & Target + Parity,random,946,56
Hunt & Target + Parity,random,947,46
Hunt & Target + Parity,random,948,44
Hunt & Target + Parity,random,949,63
Hunt & Target + Parity,random,950,58
Hunt & Target + Parity,random,951,61
Hunt & Target + Parity,random,952,54
Hunt & Target + Parity,random,953,62
Hunt & Target + Parity,random,954,48
Hunt & Target + Parity,random,955,66
Hunt & Target + Parity,random,956,75
Hunt & Target + Parity,random,957,56
Hunt & Target + Parity,random,958,49
Hunt & Target + Parity,random,959,47
Hunt & Target + Parity,random,960,65
Hunt & Target + Parity,random,961,57
Hunt & Target + Parity,random,962,62
Hunt & Target + Parity,random,963,48
Hunt & Target + Parity,random,964,65
Hunt & Target + Parity,random,965,55
Hunt & Target + Parity,random,966,64
Hunt & Target + Parity,random,967,57
Hunt & Target + Parity,random,968,59
Hunt & Target + Parity,random,969,56
Hunt & Target + Parity,random,970,59
Hunt & Target + Parity,random,971,48
Hunt & Target + Parity,random,972,38
Hunt & Target + Parity,random,973,49
Hunt & Target + Parity,random,974,61
Hunt & Target + Parity,random,975,56
Hunt & Target + Parity,random,976,52
Hunt & Target + Parity,random,977,46
Hunt & Target + Parity,random,978,64
Hunt & Target + Parity,random,979,43
Hunt & Target + Parity,random,980,50
Hunt & Target + Parity,random,981,56
Hunt & Target + Parity,random,982,67
Hunt & Target + Parity,random,983,62
Hunt & Target + Parity,random,984,47
Hunt & Target + Parity,random,985,51
Hunt & Target + Parity,random,986,55
Hunt & Target + Parity,random,987,59
Hunt & Target + Parity,random,988,60
Hunt & Target + Parity,random,989,48
Hunt & Target + Parity,random,990,54
Hunt & Target + Parity,random,991,48
Hunt & Target + Parity,random,992,49
Hunt & Target + Parity,random,993,55
Hunt & Target + Parity,random,994,63
Hunt & Target + Parity,random,995,50
Hunt & Target + Parity,random,996,52
Hunt & Target + Parity,random,997,55
Hunt & Target + Parity,random,998,71
Hunt & Target + Parity,random,999,51
Hunt & Target + Parity,random,1000,60
Hunt & Target + Parity,random,1001,67
Hunt & Target + Parity,random,1002,60
Hunt & Target + Parity,random,1003,49
Hunt & Target + Parity,random,1004,42
Hunt & Target + Parity,random,1005,62
Hunt & Target + Parity,random,1006,51
Hunt & Target + Parity,random,1007,52
Hunt & Target + Parity,random,1008,59
Hunt & Target + Parity,random,1009,64
Hunt & Target + Parity,random,1010,70
Hunt & Target + Parity,random,1011,58
Hunt & Target + Parity,random,1012,64
Hunt & Target + Parity,random,1013,59
Hunt & Target + Parity,random,1014,62
Hunt & Target + Parity,random,1015,49
Hunt & Target + Parity,random,1016,67
Hunt & Target + Parity,random,1017,54
Hunt & Target + Parity,random,1018,51
Hunt & Target + Parity,random,1019,54
Hunt & Target + Parity,random,1020,62
Hunt & Target + Parity,random,1021,43
Hunt & Target + Parity,random,1022,52
Hunt & Target + Parity,random,1023,45
Hunt & Target + Parity,random,1024,53
Hunt & Target + Parity,random,1025,61
Hunt & Target + Parity,random,1026,46
Hunt & Target + Parity,random,1027,35
Hunt & Target + Parity,random,1028,61
Hunt & Target + Parity,random,1029,46
Hunt & Target + Parity,random,1030,43
Hunt & Target + Parity,random,1031,45
Hunt & Target + Parity,random,1032,56
Hunt & Target + Parity,random,1033,56
Hunt & Target + Parity,random,1034,44
Hunt & Target + Parity,random,1035,49
Hunt & Target + Parity,random,1036,60
Hunt & Target + Parity,random,1037,63
Hunt & Target + Parity,random,1038,61
Hunt & Target + Parity,random,1039,59
Hunt & Target + Parity,random,1040,47
Hunt & Target + Parity,random,1041,69
Hunt & Target + Parity,random,1042,57
Hunt & Target + Parity,random,1043,53
Hunt & Target + Parity,random,1044,63
Hunt & Target + Parity,random,1045,56
Hunt & Target + Parity,random,1046,48
Hunt & Target + Parity,random,1047,52
Hunt & Target + Parity,random,1048,43
Hunt & Target + Parity,random,1049,43
Hunt & Target + Parity,random,1050,44
Hunt & Target + Parity,random,1051,61
Hunt & Target + Parity,random,1052,49
Hunt & Target + Parity,random,1053,56
Hunt & Target + Parity,random,1054,61
Hunt & Target + Parity,random,1055,47
Hunt & Target + Parity,random,1056,65
Hunt & Target + Parity,random,1057,52
Hunt & Target + Parity,random,1058,60
Hunt & Target + Parity,random,1059,54
Hunt & Target + Parity,random,1060,54
Hunt & Target + Parity,random,1061,59
Hunt & Target + Parity,random,1062,54
Hunt & Target + Parity,random,1063,44
Hunt & Target + Parity,random,1064,62
Hunt & Target + Parity,random,1065,68
Hunt & Target + Parity,random,1066,66
Hunt & Target + Parity,random,1067,49
Hunt & Target + Parity,random,1068,65
Hunt & Target + Parity,random,1069,56
Hunt & Target + Parity,random,1070,60
Hunt & Target + Parity,random,1071,48
Hunt & Target + Parity,random,1072,58
Hunt & Target + Parity,random,1073,55
Hunt & Target + Parity,random,1074,57
Hunt & Target + Parity,random,1075,61
Hunt & Target + Parity,random,1076,55
Hunt & Target + Parity,random,1077,35
Hunt & Target + Parity,random,1078,45
Hunt & Target + Parity,random,1079,55
Hunt & Target + Parity,random,1080,62
Hunt & Target + Parity,random,1081,48
Hunt & Target + Parity,random,1082,38
Hunt & Target + Parity,random,1083,60
Hunt & Target + Parity,random,1084,45
Hunt & Target + Parity,random,1085,65
Hunt & Target + Parity,random,1086,48
Hunt & Target + Parity,random,1087,55
Hunt & Target + Parity,random,1088,39
Hunt & Target + Parity,random,1089,51
Hunt & Target + Parity,random,1090,50
Hunt & Target + Parity,random,1091,61
Hunt & Target + Parity,random,1092,66
Hunt & Target + Parity,random,1093,57
Hunt & Target + Parity,random,1094,49
Hunt & Target + Parity,random,1095,69
Hunt & Target + Parity,random,1096,62
Hunt & Target + Parity,random,1097,71
Hunt & Target + Parity,random,1098,54
Hunt & Target + Parity,random,1099,43
Hunt & Target + Parity,random,1100,44
Hunt & Target + Parity,random,1101,70
Hunt & Target + Parity,random,1102,54
Hunt & Target + Parity,random,1103,45
Hunt & Target + Parity,random,1104,63
Hunt & Target + Parity,random,1105,59
Hunt & Target + Parity,random,1106,49
Hunt & Target + Parity,random,1107,39
Hunt & Target + Parity,random,1108,70
Hunt & Target + Parity,random,1109,62
Hunt & Target + Parity,random,1110,66
Hunt & Target + Parity,random,1111,69
Hunt & Target + Parity,random,1112,51
Hunt & Target + Parity,random,1113,43
Hunt & Target + Parity,random,1114,62
Hunt & Target + Parity,random,1115,59
Hunt & Target + Parity,random,1116,56
Hunt & Target + Parity,random,1117,63
Hunt & Target + Parity,random,1118,70
Hunt & Target + Parity,random,1119,53
Hunt & Target + Parity,random,1120,45
Hunt & Target + Parity,random,1121,38
Hunt & Target + Parity,random,1122,44
Hunt & Target + Parity,random,1123,37
Hunt & Target + Parity,random,1124,54
Hunt & Target + Parity,random,1125,46
Hunt & Target + Parity,random,1126,43
Hunt & Target + Parity,random,1127,57
Hunt & Target + Parity,random,1128,39
Hunt & Target + Parity,random,1129,44
Hunt & Target + Parity,random,1130,61
Hunt & Target + Parity,random,1131,63
Hunt & Target + Parity,random,1132,55
Hunt & Target + Parity,random,1133,65
Hunt & Target + Parity,random,1134,39
Hunt & Target + Parity,random,1135,54
Hunt & Target + Parity,random,1136,60
Hunt & Target + Parity,random,1137,35
Hunt & Target + Parity,random,1138,45
Hunt & Target + Parity,random,1139,60
Hunt & Target + Parity,random,1140,60
Hunt & Target + Parity,random,1141,43
Hunt & Target + Parity,random,1142,69
Hunt & Target + Parity,random,1143,50
Hunt & Target + Parity,random,1144,66
Hunt & Target + Parity,random,1145,61
Hunt & Target + Parity,random,1146,39
Hunt & Target + Parity,random,1147,56
Hunt & Target + Parity,random,1148,61
Hunt & Target + Parity,random,1149,49
Hunt & Target + Parity,random,1150,52
Hunt & Target + Parity,random,1151,61
Hunt & Target + Parity,random,1152,49
Hunt & Target + Parity,random,1153,43
Hunt & Target + Parity,random,1154,42
Hunt & Target + Parity,random,1155,55
Hunt & Target + Parity,random,1156,61
Hunt & Target + Parity,random,1157,51
Hunt & Target + Parity,random,1158,48
Hunt & Target + Parity,random,1159,62
Hunt & Target + Parity,random,1160,45
Hunt & Target + Parity,random,1161,39
Hunt & Target + Parity,random,1162,51
Hunt & Target + Parity,random,1163,61
Hunt & Target + Parity,random,1164,63
Hunt & Target + Parity,random,1165,48
Hunt & Target + Parity,random,1166,66
Hunt & Target + Parity,random,1167,63
Hunt & Target + Parity,random,1168,68
Hunt & Target + Parity,random,1169,53
Hunt & Target + Parity,random,1170,53
Hunt & Target + Parity,random,1171,50
Hunt & Target + Parity,random,1172,51
Hunt & Target + Parity,random,1173,48
Hunt & Target + Parity,random,1174,76
Hunt & Target + Parity,random,1175,52
Hunt & Target + Parity,random,1176,61
Hunt & Target + Parity,random,1177,64
Hunt & Target + Parity,random,1178,52
Hunt & Target + Parity,random,1179,52
Hunt & Target + Parity,random,1180,47
Hunt & Target + Parity,random,1181,51
Hunt & Target + Parity,random,1182,47
Hunt & Target + Parity,random,1183,58
Hunt & Target + Parity,random,1184,53
Hunt & Target + Parity,random,1185,54
Hunt & Target + Parity,random,1186,65
Hunt & Target + Parity,random,1187,53
Hunt & Target + Parity,random,1188,59
Hunt & Target + Parity,random,1189,67
Hunt & Target + Parity,random,1190,54
Hunt & Target + Parity,random,1191,60
Hunt & Target + Parity,random,1192,46
Hunt & Target + Parity,random,1193,49
Hunt & Target + Parity,random,1194,53
Hunt & Target + Parity,random,1195,49
Hunt & Target + Parity,random,1196,40
Hunt & Target + Parity,random,1197,43
Hunt & Target + Parity,random,1198,59
Hunt & Target + Parity,random,1199,53
Hunt & Target + Parity,random,1200,69
Hunt & Target + Parity,random,1201,59
Hunt & Target + Parity,random,1202,53
Hunt & Target + Parity,random,1203,38
Hunt & Target + Parity,random,1204,57
Hunt & Target + Parity,random,1205,48
Hunt & Target + Parity,random,1206,50
Hunt & Target + Parity,random,1207,52
Hunt & Target + Parity,random,1208,61
Hunt & Target + Parity,random,1209,49
Hunt & Target + Parity,random,1210,61
Hunt & Target + Parity,random,1211,64
Hunt & Target + Parity,random,1212,51
Hunt & Target + Parity,random,1213,44
Hunt & Target + Parity,random,1214,52
Hunt & Target + Parity,random,1215,58
Hunt & Target + Parity,random,1216,58
Hunt & Target + Parity,random,1217,63
Hunt & Target + Parity,random,1218,50
Hunt & Target + Parity,random,1219,48
Hunt & Target + Parity,random,1220,40
Hunt & Target + Parity,random,1221,56
Hunt & Target + Parity,random,1222,39
Hunt & Target + Parity,random,1223,52
Hunt & Target + Parity,random,1224,58
Hunt & Target + Parity,random,1225,63
Hunt & Target + Parity,random,1226,56
Hunt & Target + Parity,random,1227,67
Hunt & Target + Parity,random,1228,42
Hunt & Target + Parity,random,1229,29
Hunt & Target + Parity,random,1230,41
Hunt & Target + Parity,random,1231,57
Hunt & Target + Parity,random,1232,56
Hunt & Target + Parity,random,1233,40
Hunt & Target + Parity,random,1234,62
Hunt & Target + Parity,random,1235,61
Hunt & Target + Parity,random,1236,39
Hunt & Target + Parity,random,1237,57
Hunt & Target + Parity,random,1238,65
Hunt & Target + Parity,random,1239,49
Hunt & Target + Parity,random,1240,52
Hunt & Target + Parity,random,1241,59
Hunt & Target + Parity,random,1242,53
Hunt & Target + Parity,random,1243,29
Hunt & Target + Parity,random,1244,66
Hunt & Target + Parity,random,1245,46
Hunt & Target + Parity,random,1246,64
Hunt & Target + Parity,random,1247,66
Hunt & Target + Parity,random,1248,66
Hunt & Target + Parity,random,1249,68
Hunt & Target + Parity,random,1250,41
Hunt & Target + Parity,random,1251,55
Hunt & Target + Parity,random,1252,54
Hunt & Target + Parity,random,1253,61
Hunt & Target + Parity,random,1254,67
Hunt & Target + Parity,random,1255,64
Hunt & Target + Parity,random,1256,59
Hunt & Target + Parity,random,1257,70
Hunt & Target + Parity,random,1258,66
Hunt & Target + Parity,random,1259,63
Hunt & Target + Parity,random,1260,58
Hunt & Target + Parity,random,1261,55
Hunt & Target + Parity,random,1262,59
Hunt & Target + Parity,random,1263,50
Hunt & Target + Parity,random,1264,60
Hunt & Target + Parity,random,1265,73
Hunt & Target + Parity,random,1266,53
Hunt & Target + Parity,random,1267,57
Hunt & Target + Parity,random,1268,62
Hunt & Target + Parity,random,1269,41
Hunt & Target + Parity,random,1270,43
Hunt & Target + Parity,random,1271,62
Hunt & Target + Parity,random,1272,42
Hunt & Target + Parity,random,1273,51
Hunt & Target + Parity,random,1274,67
Hunt & Target + Parity,random,1275,44
Hunt & Target + Parity,random,1276,63
Hunt & Target + Parity,random,1277,55
Hunt & Target + Parity,random,1278,64
Hunt & Target + Parity,random,1279,53
Hunt & Target + Parity,random,1280,53
Hunt & Target + Parity,random,1281,54
Hunt & Target + Parity,random,1282,36
Hunt & Target + Parity,random,1283,51
Hunt & Target + Parity,random,1284,64
Hunt & Target + Parity,random,1285,50
Hunt & Target + Parity,random,1286,53
Hunt & Target + Parity,random,1287,49
Hunt & Target + Parity,random,1288,60
Hunt & Target + Parity,random,1289,55
Hunt & Target + Parity,random,1290,47
Hunt & Target + Parity,random,1291,48
Hunt & Target + Parity,random,1292,65
Hunt & Target + Parity,random,1293,69
Hunt & Target + Parity,random,1294,51
Hunt & Target + Parity,random,1295,50
Hunt & Target + Parity,random,1296,62
Hunt & Target + Parity,random,1297,58
Hunt & Target + Parity,random,1298,53
Hunt & Target + Parity,random,1299,59
Hunt & Target + Parity,random,1300,58
Hunt & Target + Parity,random,1301,57
Hunt & Target + Parity,random,1302,59
Hunt & Target + Parity,random,1303,47
Hunt & Target + Parity,random,1304,57
Hunt & Target + Parity,random,1305,60
Hunt & Target + Parity,random,1306,42
Hunt & Target + Parity,random,1307,59
Hunt & Target + Parity,random,1308,65
Hunt & Target + Parity,random,1309,37
Hunt & Target + Parity,random,1310,41
Hunt & Target + Parity,random,1311,54
Hunt & Target + Parity,random,1312,59
Hunt & Target + Parity,random,1313,50
Hunt & Target + Parity,random,1314,48
Hunt & Target + Parity,random,1315,48
Hunt & Target + Parity,random,1316,37
Hunt & Target + Parity,random,1317,61
Hunt & Target + Parity,random,1318,70
Hunt & Target + Parity,random,1319,53
Hunt & Target + Parity,random,1320,43
Hunt & Target + Parity,random,1321,59
Hunt & Target + Parity,random,1322,52
Hunt & Target + Parity,random,1323,34
Hunt & Target + Parity,random,1324,42
Hunt & Target + Parity,random,1325,63
Hunt & Target + Parity,random,1326,59
Hunt & Target + Parity,random,1327,53
Hunt & Target + Parity,random,1328,64
Hunt & Target + Parity,random,1329,55
Hunt & Target + Parity,random,1330,41
Hunt & Target + Parity,random,1331,57
Hunt & Target + Parity,random,1332,55
Hunt & Target + Parity,random,1333,55
Hunt & Target + Parity,random,1334,58
Hunt & Target + Parity,random,1335,46
Hunt & Target + Parity,random,1336,55
Hunt & Target + Parity,random,1337,48
Hunt & Target + Parity,random,1338,34
Hunt & Target + Parity,random,1339,49
Hunt & Target + Parity,random,1340,48
Hunt & Target + Parity,random,1341,62
Hunt & Target + Parity,random,1342,57
Hunt & Target + Parity,random,1343,66
Hunt & Target + Parity,random,1344,54
Hunt & Target + Parity,random,1345,61
Hunt & Target + Parity,random,1346,59
Hunt & Target + Parity,random,1347,43
Hunt & Target + Parity,random,1348,36
Hunt & Target + Parity,random,1349,54
Hunt & Target + Parity,random,1350,55
Hunt & Target + Parity,random,1351,66
Hunt & Target + Parity,random,1352,66
Hunt & Target + Parity,random,1353,58
Hunt & Target + Parity,random,1354,54
Hunt & Target + Parity,random,1355,57
Hunt & Target + Parity,random,1356,54
Hunt & Target + Parity,random,1357,48
Hunt & Target + Parity,random,1358,60
Hunt & Target + Parity,random,1359,64
Hunt & Target + Parity,random,1360,48
Hunt & Target + Parity,random,1361,53
Hunt & Target + Parity,random,1362,69
Hunt & Target + Parity,random,1363,60
Hunt & Target + Parity,random,1364,64
Hunt & Target + Parity,random,1365,55
Hunt & Target + Parity,random,1366,65
Hunt & Target + Parity,random,1367,59
Hunt & Target + Parity,random,1368,62
Hunt & Target + Parity,random,1369,60
Hunt & Target + Parity,random,1370,67
Hunt & Target + Parity,random,1371,56
Hunt & Target + Parity,random,1372,56
Hunt & Target + Parity,random,1373,61
Hunt & Target + Parity,random,1374,67
Hunt & Target + Parity,random,1375,47
Hunt & Target + Parity,random,1376,43
Hunt & Target + Parity,random,1377,62
Hunt & Target + Parity,random,1378,66
Hunt & Target + Parity,random,1379,64
Hunt & Target + Parity,random,1380,55
Hunt & Target + Parity,random,1381,57
Hunt & Target + Parity,random,1382,64
Hunt & Target + Parity,random,1383,52
Hunt & Target + Parity,random,1384,54
Hunt & Target + Parity,random,1385,54
Hunt & Target + Parity,random,1386,43
Hunt & Target + Parity,random,1387,57
Hunt & Target + Parity,random,1388,53
Hunt & Target + Parity,random,1389,44
Hunt & Target + Parity,random,1390,36
Hunt & Target + Parity,random,1391,61
Hunt & Target + Parity,random,1392,69
Hunt & Target + Parity,random,1393,67
Hunt & Target + Parity,random,1394,50
Hunt & Target + Parity,random,1395,56
Hunt & Target + Parity,random,1396,73
Hunt & Target + Parity,random,1397,54
Hunt & Target + Parity,random,1398,61
Hunt & Target + Parity,random,1399,49
Hunt & Target + Parity,random,1400,58
Hunt & Target + Parity,random,1401,41
Hunt & Target + Parity,random,1402,55
Hunt & Target + Parity,random,1403,53
Hunt & Target + Parity,random,1404,53
Hunt & Target + Parity,random,1405,61
Hunt & Target + Parity,random,1406,58
Hunt & Target + Parity,random,1407,60
Hunt & Target + Parity,random,1408,48
Hunt & Target + Parity,random,1409,46
Hunt & Target + Parity,random,1410,48
Hunt & Target + Parity,random,1411,38
Hunt & Target + Parity,random,1412,62
Hunt & Target + Parity,random,1413,48
Hunt & Target + Parity,random,1414,30
Hunt & Target + Parity,random,1415,44
Hunt & Target + Parity,random,1416,50
Hunt & Target + Parity,random,1417,61
Hunt & Target + Parity,random,1418,55
Hunt & Target + Parity,random,1419,62
Hunt & Target + Parity,random,1420,52
Hunt & Target + Parity,random,1421,54
Hunt & Target + Parity,random,1422,50
Hunt & Target + Parity,random,1423,57
Hunt & Target + Parity,random,1424,53
Hunt & Target + Parity,random,1425,60
Hunt & Target + Parity,random,1426,62
Hunt & Target + Parity,random,1427,58
Hunt & Target + Parity,random,1428,50
Hunt & Target + Parity,random,1429,61
Hunt & Target + Parity,random,1430,55
Hunt & Target + Parity,random,1431,60
Hunt & Target + Parity,random,1432,48
Hunt & Target + Parity,random,1433,41
Hunt & Target + Parity,random,1434,54
Hunt & Target + Parity,random,1435,49
Hunt & Target + Parity,random,1436,38
Hunt & Target + Parity,random,1437,41
Hunt & Target + Parity,random,1438,56
Hunt & Target + Parity,random,1439,45
Hunt & Target + Parity,random,1440,45
Hunt & Target + Parity,random,1441,61
Hunt & Target + Parity,random,1442,64
Hunt & Target + Parity,random,1443,36
Hunt & Target + Parity,random,1444,49
Hunt & Target + Parity,random,1445,46
Hunt & Target + Parity,random,1446,73
Hunt & Target + Parity,random,1447,60
Hunt & Target + Parity,random,1448,45
Hunt & Target + Parity,random,1449,75
Hunt & Target + Parity,random,1450,46
Hunt & Target + Parity,random,1451,49
Hunt & Target + Parity,random,1452,51
Hunt & Target + Parity,random,1453,54
Hunt & Target + Parity,random,1454,57
Hunt & Target + Parity,random,1455,62
Hunt & Target + Parity,random,1456,51
Hunt & Target + Parity,random,1457,53
Hunt & Target + Parity,random,1458,56
Hunt & Target + Parity,random,1459,70
Hunt & Target + Parity,random,1460,74
Hunt & Target + Parity,random,1461,62
Hunt & Target + Parity,random,1462,57
Hunt & Target + Parity,random,1463,66
Hunt & Target + Parity,random,1464,58
Hunt & Target + Parity,random,1465,51
Hunt & Target + Parity,random,1466,62
Hunt & Target + Parity,random,1467,53
Hunt & Target + Parity,random,1468,50
Hunt & Target + Parity,random,1469,52
Hunt & Target + Parity,random,1470,59
Hunt & Target + Parity,random,1471,49
Hunt & Target + Parity,random,1472,58
Hunt & Target + Parity,random,1473,48
Hunt & Target + Parity,random,1474,47
Hunt & Target + Parity,random,1475,64
Hunt & Target + Parity,random,1476,38
Hunt & Target + Parity,random,1477,57
Hunt & Target + Parity,random,1478,59
Hunt & Target + Parity,random,1479,45
Hunt & Target + Parity,random,1480,45
Hunt & Target + Parity,random,1481,59
Hunt & Target + Parity,random,1482,64
Hunt & Target + Parity,random,1483,53
Hunt & Target + Parity,random,1484,55
Hunt & Target + Parity,random,1485,62
Hunt & Target + Parity,random,1486,50
Hunt & Target + Parity,random,1487,45
Hunt & Target + Parity,random,1488,62
Hunt & Target + Parity,random,1489,72
Hunt & Target + Parity,random,1490,61
Hunt & Target + Parity,random,1491,49
Hunt & Target + Parity,random,1492,51
Hunt & Target + Parity,random,1493,65
Hunt & Target + Parity,random,1494,58
Hunt & Target + Parity,random,1495,47
Hunt & Target + Parity,random,1496,44
Hunt & Target + Parity,random,1497,58
Hunt & Target + Parity,random,1498,56
Hunt & Target + Parity,random,1499,52
Hunt & Target + Parity,random,1500,57
Hunt & Target + Parity,random,1501,37
Hunt & Target + Parity,random,1502,49
Hunt & Target + Parity,random,1503,57
Hunt & Target + Parity,random,1504,58
Hunt & Target + Parity,random,1505,57
Hunt & Target + Parity,random,1506,65
Hunt & Target + Parity,random,1507,49
Hunt & Target + Parity,random,1508,38
Hunt & Target + Parity,random,1509,62
Hunt & Target + Parity,random,1510,36
Hunt & Target + Parity,random,1511,41
Hunt & Target + Parity,random,1512,62
Hunt & Target + Parity,random,1513,55
Hunt & Target + Parity,random,1514,57
Hunt & Target + Parity,random,1515,61
Hunt & Target + Parity,random,1516,59
Hunt & Target + Parity,random,1517,60
Hunt & Target + Parity,random,1518,55
Hunt & Target + Parity,random,1519,57
Hunt & Target + Parity,random,1520,48
Hunt & Target + Parity,random,1521,57
Hunt & Target + Parity,random,1522,49
Hunt & Target + Parity,random,1523,47
Hunt & Target + Parity,random,1524,45
Hunt & Target + Parity,random,1525,56
Hunt & Target + Parity,random,1526,43
Hunt & Target + Parity,random,1527,55
Hunt & Target + Parity,random,1528,59
Hunt & Target + Parity,random,1529,61
Hunt & Target + Parity,random,1530,53
Hunt & Target + Parity,random,1531,51
Hunt & Target + Parity,random,1532,49
Hunt & Target + Parity,random,1533,48
Hunt & Target + Parity,random,1534,66
Hunt & Target + Parity,random,1535,30
Hunt & Target + Parity,random,1536,57
Hunt & Target + Parity,random,1537,42
Hunt & Target + Parity,random,1538,54
Hunt & Target + Parity,random,1539,54
Hunt & Target + Parity,random,1540,37
Hunt & Target + Parity,random,1541,36
Hunt & Target + Parity,random,1542,34
Hunt & Target + Parity,random,1543,58
Hunt & Target + Parity,random,1544,53
Hunt & Target + Parity,random,1545,49
Hunt & Target + Parity,random,1546,58
Hunt & Target + Parity,random,1547,55
Hunt & Target + Parity,random,1548,65
Hunt & Target + Parity,random,1549,47
Hunt & Target + Parity,random,1550,57
Hunt & Target + Parity,random,1551,56
Hunt & Target + Parity,random,1552,62
Hunt & Target + Parity,random,1553,43
Hunt & Target + Parity,random,1554,62
Hunt & Target + Parity,random,1555,53
Hunt & Target + Parity,random,1556,47
Hunt & Target + Parity,random,1557,40
Hunt & Target + Parity,random,1558,43
Hunt & Target + Parity,random,1559,59
Hunt & Target + Parity,random,1560,47
Hunt & Target + Parity,random,1561,61
Hunt & Target + Parity,random,1562,58
Hunt & Target + Parity,random,1563,57
Hunt & Target + Parity,random,1564,45
Hunt & Target + Parity,random,1565,56
Hunt & Target + Parity,random,1566,61
Hunt & Target + Parity,random,1567,54
Hunt & Target + Parity,random,1568,56
Hunt & Target + Parity,random,1569,55
Hunt & Target + Parity,random,1570,45
Hunt & Target + Parity,random,1571,62
Hunt & Target + Parity,random,1572,54
Hunt & Target + Parity,random,1573,47
Hunt & Target + Parity,random,1574,47
Hunt & Target + Parity,random,1575,49
Hunt & Target + Parity,random,1576,37
Hunt & Target + Parity,random,1577,56
Hunt & Target + Parity,random,1578,65
Hunt & Target + Parity,random,1579,52
Hunt & Target + Parity,random,1580,51
Hunt & Target + Parity,random,1581,64
Hunt & Target + Parity,random,1582,53
Hunt & Target + Parity,random,1583,64
Hunt & Target + Parity,random,1584,59
Hunt & Target + Parity,random,1585,49
Hunt & Target + Parity,random,1586,60
Hunt & Target + Parity,random,1587,59
Hunt & Target + Parity,random,1588,54
Hunt & Target + Parity,random,1589,48
Hunt & Target + Parity,random,1590,51
Hunt & Target + Parity,random,1591,61
Hunt & Target + Parity,random,1592,47
Hunt & Target + Parity,random,1593,53
Hunt & Target + Parity,random,1594,52
Hunt & Target + Parity,random,1595,59
Hunt & Target + Parity,random,1596,55
Hunt & Target + Parity,random,1597,44
Hunt & Target + Parity,random,1598,63
Hunt & Target + Parity,random,1599,48
Hunt & Target + Parity,random,1600,47
Hunt & Target + Parity,random,1601,57
Hunt & Target + Parity,random,1602,71
Hunt & Target + Parity,random,1603,62
Hunt & Target + Parity,random,1604,48
Hunt & Target + Parity,random,1605,37
Hunt & Target + Parity,random,1606,61
Hunt & Target + Parity,random,1607,52
Hunt & Target + Parity,random,1608,65
Hunt & Target + Parity,random,1609,47
Hunt & Target + Parity,random,1610,63
Hunt & Target + Parity,random,1611,52
Hunt & Target + Parity,random,1612,48
Hunt & Target + Parity,random,1613,51
Hunt & Target + Parity,random,1614,36
Hunt & Target + Parity,random,1615,38
Hunt & Target + Parity,random,1616,67
Hunt & Target + Parity,random,1617,64
Hunt & Target + Parity,random,1618,66
Hunt & Target + Parity,random,1619,62
Hunt & Target + Parity,random,1620,61
Hunt & Target + Parity,random,1621,55
Hunt & Target + Parity,random,1622,41
Hunt & Target + Parity,random,1623,61
Hunt & Target + Parity,random,1624,48
Hunt & Target + Parity,random,1625,69
Hunt & Target + Parity,random,1626,69
Hunt & Target + Parity,random,1627,63
Hunt & Target + Parity,random,1628,57
Hunt & Target + Parity,random,1629,55
Hunt & Target + Parity,random,1630,58
Hunt & Target + Parity,random,1631,44
Hunt & Target + Parity,random,1632,56
Hunt & Target + Parity,random,1633,67
Hunt & Target + Parity,random,1634,46
Hunt & Target + Parity,random,1635,50
Hunt & Target + Parity,random,1636,47
Hunt & Target + Parity,random,1637,34
Hunt & Target + Parity,random,1638,37
Hunt & Target + Parity,random,1639,50
Hunt & Target + Parity,random,1640,61
Hunt & Target + Parity,random,1641,60
Hunt & Target + Parity,random,1642,62
Hunt & Target + Parity,random,1643,46
Hunt & Target + Parity,random,1644,55
Hunt & Target + Parity,random,1645,51
Hunt & Target + Parity,random,1646,58
Hunt & Target + Parity,random,1647,50
Hunt & Target + Parity,random,1648,68
Hunt & Target + Parity,random,1649,62
Hunt & Target + Parity,random,1650,60
Hunt & Target + Parity,random,1651,65
Hunt & Target + Parity,random,1652,45
Hunt & Target + Parity,random,1653,54
Hunt & Target + Parity,random,1654,49
Hunt & Target + Parity,random,1655,46
Hunt & Target + Parity,random,1656,42
Hunt & Target + Parity,random,1657,48
Hunt & Target + Parity,random,1658,50
Hunt & Target + Parity,random,1659,55
Hunt & Target + Parity,random,1660,41
Hunt & Target + Parity,random,1661,57
Hunt & Target + Parity,random,1662,62
Hunt & Target + Parity,random,1663,56
Hunt & Target + Parity,random,1664,56
Hunt & Target + Parity,random,1665,38
Hunt & Target + Parity,random,1666,58
Hunt & Target + Parity,random,1667,63
Hunt & Target + Parity,random,1668,64
Hunt & Target + Parity,random,1669,34
Hunt & Target + Parity,random,1670,42
Hunt & Target + Parity,random,1671,66
Hunt & Target + Parity,random,1672,58
Hunt & Target + Parity,random,1673,56
Hunt & Target + Parity,random,1674,58
Hunt & Target + Parity,random,1675,49
Hunt & Target + Parity,random,1676,64
Hunt & Target + Parity,random,1677,52
Hunt & Target + Parity,random,1678,66
Hunt & Target + Parity,random,1679,71
Hunt & Target + Parity,random,1680,52
Hunt & Target + Parity,random,1681,56
Hunt & Target + Parity,random,1682,53
Hunt & Target + Parity,random,1683,46
Hunt & Target + Parity,random,1684,56
Hunt & Target + Parity,random,1685,54
Hunt & Target + Parity,random,1686,47
Hunt & Target + Parity,random,1687,60
Hunt & Target + Parity,random,1688,49
Hunt & Target + Parity,random,1689,50
Hunt & Target + Parity,random,1690,44
Hunt & Target + Parity,random,1691,37
Hunt & Target + Parity,random,1692,53
Hunt & Target + Parity,random,1693,61
Hunt & Target + Parity,random,1694,66
Hunt & Target + Parity,random,1695,53
Hunt & Target + Parity,random,1696,54
Hunt & Target + Parity,random,1697,56
Hunt & Target + Parity,random,1698,55
Hunt & Target + Parity,random,1699,68
Hunt & Target + Parity,random,1700,60
Hunt & Target + Parity,random,1701,66
Hunt & Target + Parity,random,1702,74
Hunt & Target + Parity,random,1703,60
Hunt & Target + Parity,random,1704,62
Hunt & Target + Parity,random,1705,33
Hunt & Target + Parity,random,1706,59
Hunt & Target + Parity,random,1707,36
Hunt & Target + Parity,random,1708,48
Hunt & Target + Parity,random,1709,55
Hunt & Target + Parity,random,1710,58
Hunt & Target + Parity,random,1711,34
Hunt & Target + Parity,random,1712,53
Hunt & Target + Parity,random,1713,60
Hunt & Target + Parity,random,1714,65
Hunt & Target + Parity,random,1715,64
Hunt & Target + Parity,random,1716,62
Hunt & Target + Parity,random,1717,64
Hunt & Target + Parity,random,1718,60
Hunt & Target + Parity,random,1719,56
Hunt & Target + Parity,random,1720,43
Hunt & Target + Parity,random,1721,60
Hunt & Target + Parity,random,1722,65
Hunt & Target + Parity,random,1723,59
Hunt & Target + Parity,random,1724,53
Hunt & Target + Parity,random,1725,62
Hunt & Target + Parity,random,1726,40
Hunt & Target + Parity,random,1727,53
Hunt & Target + Parity,random,1728,43
Hunt & Target + Parity,random,1729,66
Hunt & Target + Parity,random,1730,54
Hunt & Target + Parity,random,1731,57
Hunt & Target + Parity,random,1732,45
Hunt & Target + Parity,random,1733,59
Hunt & Target + Parity,random,1734,71
Hunt & Target + Parity,random,1735,56
Hunt & Target + Parity,random,1736,55
Hunt & Target + Parity,random,1737,41
Hunt & Target + Parity,random,1738,58
Hunt & Target + Parity,random,1739,65
Hunt & Target + Parity,random,1740,52
Hunt & Target + Parity,random,1741,54
Hunt & Target + Parity,random,1742,64
Hunt & Target + Parity,random,1743,56
Hunt & Target + Parity,random,1744,61
Hunt & Target + Parity,random,1745,69
Hunt & Target + Parity,random,1746,49
Hunt & Target + Parity,random,1747,63
Hunt & Target + Parity,random,1748,45
Hunt & Target + Parity,random,1749,49
Hunt & Target + Parity,random,1750,51
Hunt & Target + Parity,random,1751,34
Hunt & Target + Parity,random,1752,56
Hunt & Target + Parity,random,1753,43
Hunt & Target + Parity,random,1754,57
Hunt & Target + Parity,random,1755,37
Hunt & Target + Parity,random,1756,63
Hunt & Target + Parity,random,1757,40
Hunt & Target + Parity,random,1758,60
Hunt & Target + Parity,random,1759,65
Hunt & Target + Parity,random,1760,74
Hunt & Target + Parity,random,1761,46
Hunt & Target + Parity,random,1762,50
Hunt & Target + Parity,random,1763,47
Hunt & Target + Parity,random,1764,47
Hunt & Target + Parity,random,1765,53
Hunt & Target + Parity,random,1766,53
Hunt & Target + Parity,random,1767,69
Hunt & Target + Parity,random,1768,62
Hunt & Target + Parity,random,1769,49
Hunt & Target + Parity,random,1770,64
Hunt & Target + Parity,random,1771,44
Hunt & Target + Parity,random,1772,52
Hunt & Target + Parity,random,1773,55
Hunt & Target + Parity,random,1774,62
Hunt & Target + Parity,random,1775,48
Hunt & Target + Parity,random,1776,45
Hunt & Target + Parity,random,1777,63
Hunt & Target + Parity,random,1778,60
Hunt & Target + Parity,random,1779,61
Hunt & Target + Parity,random,1780,58
Hunt & Target + Parity,random,1781,66
Hunt & Target + Parity,random,1782,57
Hunt & Target + Parity,random,1783,55
Hunt & Target + Parity,random,1784,62
Hunt & Target + Parity,random,1785,51
Hunt & Target + Parity,random,1786,50
Hunt & Target + Parity,random,1787,53
Hunt & Target + Parity,random,1788,38
Hunt & Target + Parity,random,1789,61
Hunt & Target + Parity,random,1790,56
Hunt & Target + Parity,random,1791,63
Hunt & Target + Parity,random,1792,49
Hunt & Target + Parity,random,1793,44
Hunt & Target + Parity,random,1794,63
Hunt & Target + Parity,random,1795,54
Hunt & Target + Parity,random,1796,59
Hunt & Target + Parity,random,1797,58
Hunt & Target + Parity,random,1798,46
Hunt & Target + Parity,random,1799,47
Hunt & Target + Parity,random,1800,46
Hunt & Target + Parity,random,1801,57
Hunt & Target + Parity,random,1802,63
Hunt & Target + Parity,random,1803,41
Hunt & Target + Parity,random,1804,47
Hunt & Target + Parity,random,1805,29
Hunt & Target + Parity,random,1806,68
Hunt & Target + Parity,random,1807,67
Hunt & Target + Parity,random,1808,49
Hunt & Target + Parity,random,1809,52
Hunt & Target + Parity,random,1810,57
Hunt & Target + Parity,random,1811,63
Hunt & Target + Parity,random,1812,58
Hunt & Target + Parity,random,1813,51
Hunt & Target + Parity,random,1814,60
Hunt & Target + Parity,random,1815,56
Hunt & Target + Parity,random,1816,49
Hunt & Target + Parity,random,1817,57
Hunt & Target + Parity,random,1818,61
Hunt & Target + Parity,random,1819,54
Hunt & Target + Parity,random,1820,59
Hunt & Target + Parity,random,1821,49
Hunt & Target + Parity,random,1822,50
Hunt & Target + Parity,random,1823,64
Hunt & Target + Parity,random,1824,57
Hunt & Target + Parity,random,1825,59
Hunt & Target + Parity,random,1826,64
Hunt & Target + Parity,random,1827,52
Hunt & Target + Parity,random,1828,48
Hunt & Target + Parity,random,1829,51
Hunt & Target + Parity,random,1830,48
Hunt & Target + Parity,random,1831,65
Hunt & Target + Parity,random,1832,37
Hunt & Target + Parity,random,1833,58
Hunt & Target + Parity,random,1834,71
Hunt & Target + Parity,random,1835,56
Hunt & Target + Parity,random,1836,58
Hunt & Target + Parity,random,1837,59
Hunt & Target + Parity,random,1838,58
Hunt & Target + Parity,random,1839,39
Hunt & Target + Parity,random,1840,55
Hunt & Target + Parity,random,1841,46
Hunt & Target + Parity,random,1842,45
Hunt & Target + Parity,random,1843,57
Hunt & Target + Parity,random,1844,57
Hunt & Target + Parity,random,1845,39
Hunt & Target + Parity,random,1846,47
Hunt & Target + Parity,random,1847,48
Hunt & Target + Parity,random,1848,63
Hunt & Target + Parity,random,1849,61
Hunt & Target + Parity,random,1850,55
Hunt & Target + Parity,random,1851,68
Hunt & Target + Parity,random,1852,67
Hunt & Target + Parity,random,1853,81
Hunt & Target + Parity,random,1854,54
Hunt & Target + Parity,random,1855,50
Hunt & Target + Parity,random,1856,67
Hunt & Target + Parity,random,1857,50
Hunt & Target + Parity,random,1858,64
Hunt & Target + Parity,random,1859,72
Hunt & Target + Parity,random,1860,57
Hunt & Target + Parity,random,1861,46
Hunt & Target + Parity,random,1862,45
Hunt & Target + Parity,random,1863,46
Hunt & Target + Parity,random,1864,55
Hunt & Target + Parity,random,1865,63
Hunt & Target + Parity,random,1866,52
Hunt & Target + Parity,random,1867,49
Hunt & Target + Parity,random,1868,66
Hunt & Target + Parity,random,1869,42
Hunt & Target + Parity,random,1870,69
Hunt & Target + Parity,random,1871,51
Hunt & Target + Parity,random,1872,42
Hunt & Target + Parity,random,1873,55
Hunt & Target + Parity,random,1874,48
Hunt & Target + Parity,random,1875,65
Hunt & Target + Parity,random,1876,61
Hunt & Target + Parity,random,1877,63
Hunt & Target + Parity,random,1878,50
Hunt & Target + Parity,random,1879,63
Hunt & Target + Parity,random,1880,49
Hunt & Target + Parity,random,1881,60
Hunt & Target + Parity,random,1882,59
Hunt & Target + Parity,random,1883,62
Hunt & Target + Parity,random,1884,59
Hunt & Target + Parity,random,1885,63
Hunt & Target + Parity,random,1886,44
Hunt & Target + Parity,random,1887,59
Hunt & Target + Parity,random,1888,57
Hunt & Target + Parity,random,1889,45
Hunt & Target + Parity,random,1890,49
Hunt & Target + Parity,random,1891,58
Hunt & Target + Parity,random,1892,48
Hunt & Target + Parity,random,1893,64
Hunt & Target + Parity,random,1894,45
Hunt & Target + Parity,random,1895,49
Hunt & Target + Parity,random,1896,64
Hunt & Target + Parity,random,1897,59
Hunt & Target + Parity,random,1898,59
Hunt & Target + Parity,random,1899,60
Hunt & Target + Parity,random,1900,38
Hunt & Target + Parity,random,1901,72
Hunt & Target + Parity,random,1902,33
Hunt & Target + Parity,random,1903,33
Hunt & Target + Parity,random,1904,46
Hunt & Target + Parity,random,1905,54
Hunt & Target + Parity,random,1906,45
Hunt & Target + Parity,random,1907,58
Hunt & Target + Parity,random,1908,63
Hunt & Target + Parity,random,1909,64
Hunt & Target + Parity,random,1910,48
Hunt & Target + Parity,random,1911,55
Hunt & Target + Parity,random,1912,59
Hunt & Target + Parity,random,1913,53
Hunt & Target + Parity,random,1914,66
Hunt & Target + Parity,random,1915,43
Hunt & Target + Parity,random,1916,51
Hunt & Target + Parity,random,1917,55
Hunt & Target + Parity,random,1918,51
Hunt & Target + Parity,random,1919,42
Hunt & Target + Parity,random,1920,59
Hunt & Target + Parity,random,1921,60
Hunt & Target + Parity,random,1922,46
Hunt & Target + Parity,random,1923,61
Hunt & Target + Parity,random,1924,56
Hunt & Target + Parity,random,1925,43
Hunt & Target + Parity,random,1926,65
Hunt & Target + Parity,random,1927,52
Hunt & Target + Parity,random,1928,56
Hunt & Target + Parity,random,1929,66
Hunt & Target + Parity,random,1930,69
Hunt & Target + Parity,random,1931,55
Hunt & Target + Parity,random,1932,33
Hunt & Target + Parity,random,1933,57
Hunt & Target + Parity,random,1934,58
Hunt & Target + Parity,random,1935,56
Hunt & Target + Parity,random,1936,63
Hunt & Target + Parity,random,1937,57
Hunt & Target + Parity,random,1938,61
Hunt & Target + Parity,random,1939,52
Hunt & Target + Parity,random,1940,50
Hunt & Target + Parity,random,1941,44
Hunt & Target + Parity,random,1942,58
Hunt & Target + Parity,random,1943,65
Hunt & Target + Parity,random,1944,61
Hunt & Target + Parity,random,1945,65
Hunt & Target + Parity,random,1946,53
Hunt & Target + Parity,random,1947,50
Hunt & Target + Parity,random,1948,71
Hunt & Target + Parity,random,1949,69
Hunt & Target + Parity,random,1950,59
Hunt & Target + Parity,random,1951,63
Hunt & Target + Parity,random,1952,49
Hunt & Target + Parity,random,1953,61
Hunt & Target + Parity,random,1954,62
Hunt & Target + Parity,random,1955,59
Hunt & Target + Parity,random,1956,37
Hunt & Target + Parity,random,1957,54
Hunt & Target + Parity,random,1958,62
Hunt & Target + Parity,random,1959,62
Hunt & Target + Parity,random,1960,53
Hunt & Target + Parity,random,1961,58
Hunt & Target + Parity,random,1962,45
Hunt & Target + Parity,random,1963,49
Hunt & Target + Parity,random,1964,52
Hunt & Target + Parity,random,1965,63
Hunt & Target + Parity,random,1966,61
Hunt & Target + Parity,random,1967,59
Hunt & Target + Parity,random,1968,50
Hunt & Target + Parity,random,1969,52
Hunt & Target + Parity,random,1970,56
Hunt & Target + Parity,random,1971,57
Hunt & Target + Parity,random,1972,52
Hunt & Target + Parity,random,1973,69
Hunt & Target + Parity,random,1974,50
Hunt & Target + Parity,random,1975,51
Hunt & Target + Parity,random,1976,71
Hunt & Target + Parity,random,1977,44
Hunt & Target + Parity,random,1978,56
Hunt & Target + Parity,random,1979,65
Hunt & Target + Parity,random,1980,59
Hunt & Target + Parity,random,1981,59
Hunt & Target + Parity,random,1982,60
Hunt & Target + Parity,random,1983,63
Hunt & Target + Parity,random,1984,54
Hunt & Target + Parity,random,1985,56
Hunt & Target + Parity,random,1986,47
Hunt & Target + Parity,random,1987,70
Hunt & Target + Parity,random,1988,45
Hunt & Target + Parity,random,1989,58
Hunt & Target + Parity,random,1990,59
Hunt & Target + Parity,random,1991,39
Hunt & Target + Parity,random,1992,54
Hunt & Target + Parity,random,1993,64
Hunt & Target + Parity,random,1994,54
Hunt & Target + Parity,random,1995,59
Hunt & Target + Parity,random,1996,73
Hunt & Target + Parity,random,1997,42
Hunt & Target + Parity,random,1998,61
Hunt & Target + Parity,random,1999,62
Hunt & Target + Parity,random,2000,45
Hunt & Target + Parity,random,2001,46
Hunt & Target + Parity,random,2002,52
Hunt & Target + Parity,random,2003,44
Hunt & Target + Parity,random,2004,59
Hunt & Target + Parity,random,2005,40
Hunt & Target + Parity,random,2006,62
Hunt & Target + Parity,random,2007,63
Hunt & Target + Parity,random,2008,58
Hunt & Target + Parity,random,2009,55
Hunt & Target + Parity,random,2010,53
Hunt & Target + Parity,random,2011,53
Hunt & Target + Parity,random,2012,50
Hunt & Target + Parity,random,2013,43
Hunt & Target + Parity,random,2014,47
Hunt & Target + Parity,random,2015,58
Hunt & Target + Parity,random,2016,55
Hunt & Target + Parity,random,2017,39
Hunt & Target + Parity,random,2018,49
Hunt & Target + Parity,random,2019,61
Hunt & Target + Parity,random,2020,50
Hunt & Target + Parity,random,2021,51
Hunt & Target + Parity,random,2022,57
Hunt & Target + Parity,random,2023,63
Hunt & Target + Parity,random,2024,49
Hunt & Target + Parity,random,2025,54
Hunt & Target + Parity,random,2026,45
Hunt & Target + Parity,random,2027,60
Hunt & Target + Parity,random,2028,52
Hunt & Target + Parity,random,2029,32
Hunt & Target + Parity,random,2030,55
Hunt & Target + Parity,random,2031,54
Hunt & Target + Parity,random,2032,58
Hunt & Target + Parity,random,2033,60
Hunt & Target + Parity,random,2034,43
Hunt & Target + Parity,random,2035,70
Hunt & Target + Parity,random,2036,65
Hunt & Target + Parity,random,2037,49
Hunt & Target + Parity,random,2038,52
Hunt & Target + Parity,random,2039,54
Hunt & Target + Parity,random,2040,56
Hunt & Target + Parity,random,2041,39
Hunt & Target + Parity,random,2042,54
Hunt & Target + Parity,random,2043,60
Hunt & Target + Parity,random,2044,46
Hunt & Target + Parity,random,2045,44
Hunt & Target + Parity,random,2046,46
Hunt & Target + Parity,random,2047,35
Hunt & Target + Parity,random,2048,47
Hunt & Target + Parity,random,2049,50
Hunt & Target + Parity,random,2050,63
Hunt & Target + Parity,random,2051,57
Hunt & Target + Parity,random,2052,48
Hunt & Target + Parity,random,2053,44
Hunt & Target + Parity,random,2054,49
Hunt & Target + Parity,random,2055,50
Hunt & Target + Parity,random,2056,48
Hunt & Target + Parity,random,2057,49
Hunt & Target + Parity,random,2058,57
Hunt & Target + Parity,random,2059,60
Hunt & Target + Parity,random,2060,57
Hunt & Target + Parity,random,2061,63
Hunt & Target + Parity,random,2062,41
Hunt & Target + Parity,random,2063,50
Hunt & Target + Parity,random,2064,58
Hunt & Target + Parity,random,2065,43
Hunt & Target + Parity,random,2066,60
Hunt & Target + Parity,random,2067,63
Hunt & Target + Parity,random,2068,47
Hunt & Target + Parity,random,2069,64
Hunt & Target + Parity,random,2070,61
Hunt & Target + Parity,random,2071,63
Hunt & Target + Parity,random,2072,54
Hunt & Target + Parity,random,2073,55
Hunt & Target + Parity,random,2074,52
Hunt & Target + Parity,random,2075,48
Hunt & Target + Parity,random,2076,61
Hunt & Target + Parity,random,2077,61
Hunt & Target + Parity,random,2078,48
Hunt & Target + Parity,random,2079,59
Hunt & Target + Parity,random,2080,57
Hunt & Target + Parity,random,2081,51
Hunt & Target + Parity,random,2082,67
Hunt & Target + Parity,random,2083,62
Hunt & Target + Parity,random,2084,41
Hunt & Target + Parity,random,2085,54
Hunt & Target + Parity,random,2086,50
Hunt & Target + Parity,random,2087,56
Hunt & Target + Parity,random,2088,40
Hunt & Target + Parity,random,2089,48
Hunt & Target + Parity,random,2090,52
Hunt & Target + Parity,random,2091,54
Hunt & Target + Parity,random,2092,55
Hunt & Target + Parity,random,2093,73
Hunt & Target + Parity,random,2094,51
Hunt & Target + Parity,random,2095,63
Hunt & Target + Parity,random,2096,48
Hunt & Target + Parity,random,2097,54
Hunt & Target + Parity,random,2098,68
Hunt & Target + Parity,random,2099,49
Hunt & Target + Parity,random,2100,48
Hunt & Target + Parity,random,2101,58
Hunt & Target + Parity,random,2102,59
Hunt & Target + Parity,random,2103,54
Hunt & Target + Parity,random,2104,45
Hunt & Target + Parity,random,2105,48
Hunt & Target + Parity,random,2106,42
Hunt & Target + Parity,random,2107,56
Hunt & Target + Parity,random,2108,44
Hunt & Target + Parity,random,2109,31
Hunt & Target + Parity,random,2110,61
Hunt & Target + Parity,random,2111,61
Hunt & Target + Parity,random,2112,61
Hunt & Target + Parity,random,2113,58
Hunt & Target + Parity,random,2114,55
Hunt & Target + Parity,random,2115,59
Hunt & Target + Parity,random,2116,65
Hunt & Target + Parity,random,2117,32
Hunt & Target + Parity,random,2118,43
Hunt & Target + Parity,random,2119,58
Hunt & Target + Parity,random,2120,53
Hunt & Target + Parity,random,2121,54
Hunt & Target + Parity,random,2122,55
Hunt & Target + Parity,random,2123,55
Hunt & Target + Parity,random,2124,47
Hunt & Target + Parity,random,2125,62
Hunt & Target + Parity,random,2126,55
Hunt & Target + Parity,random,2127,61
Hunt & Target + Parity,random,2128,63
Hunt & Target + Parity,random,2129,57
Hunt & Target + Parity,random,2130,63
Hunt & Target + Parity,random,2131,49
Hunt & Target + Parity,random,2132,59
Hunt & Target + Parity,random,2133,55
Hunt & Target + Parity,random,2134,65
Hunt & Target + Parity,random,2135,59
Hunt & Target + Parity,random,2136,59
Hunt & Target + Parity,random,2137,65
Hunt & Target + Parity,random,2138,40
Hunt & Target + Parity,random,2139,66
Hunt & Target + Parity,random,2140,49
Hunt & Target + Parity,random,2141,57
Hunt & Target + Parity,random,2142,46
Hunt & Target + Parity,random,2143,64
Hunt & Target + Parity,random,2144,65
Hunt & Target + Parity,random,2145,55
Hunt & Target + Parity,random,2146,48
Hunt & Target + Parity,random,2147,65
Hunt & Target + Parity,random,2148,51
Hunt & Target + Parity,random,2149,55
Hunt & Target + Parity,random,2150,39
Hunt & Target + Parity,random,2151,57
Hunt & Target + Parity,random,2152,47
Hunt & Target + Parity,random,2153,66
Hunt & Target + Parity,random,2154,50
Hunt & Target + Parity,random,2155,44
Hunt & Target + Parity,random,2156,63
Hunt & Target + Parity,random,2157,68
Hunt & Target + Parity,random,2158,50
Hunt & Target + Parity,random,2159,58
Hunt & Target + Parity,random,2160,61
Hunt & Target + Parity,random,2161,51
Hunt & Target + Parity,random,2162,61
Hunt & Target + Parity,random,2163,41
Hunt & Target + Parity,random,2164,61
Hunt & Target + Parity,random,2165,58
Hunt & Target + Parity,random,2166,45
Hunt & Target + Parity,random,2167,59
Hunt & Target + Parity,random,2168,57
Hunt & Target + Parity,random,2169,63
Hunt & Target + Parity,random,2170,64
Hunt & Target + Parity,random,2171,63
Hunt & Target + Parity,random,2172,55
Hunt & Target + Parity,random,2173,52
Hunt & Target + Parity,random,2174,58
Hunt & Target + Parity,random,2175,58
Hunt & Target + Parity,random,2176,70
Hunt & Target + Parity,random,2177,61
Hunt & Target + Parity,random,2178,56
Hunt & Target + Parity,random,2179,51
Hunt & Target + Parity,random,2180,55
Hunt & Target + Parity,random,2181,56
Hunt & Target + Parity,random,2182,64
Hunt & Target + Parity,random,2183,51
Hunt & Target + Parity,random,2184,65
Hunt & Target + Parity,random,2185,56
Hunt & Target + Parity,random,2186,59
Hunt & Target + Parity,random,2187,38
Hunt & Target + Parity,random,2188,69
Hunt & Target + Parity,random,2189,59
Hunt & Target + Parity,random,2190,71
Hunt & Target + Parity,random,2191,47
Hunt & Target + Parity,random,2192,40
Hunt & Target + Parity,random,2193,59
Hunt & Target + Parity,random,2194,39
Hunt & Target + Parity,random,2195,70
Hunt & Target + Parity,random,2196,51
Hunt & Target + Parity,random,2197,57
Hunt & Target + Parity,random,2198,62
Hunt & Target + Parity,random,2199,51
Hunt & Target + Parity,random,2200,53
Hunt & Target + Parity,random,2201,56
Hunt & Target + Parity,random,2202,66
Hunt & Target + Parity,random,2203,56
Hunt & Target + Parity,random,2204,44
Hunt & Target + Parity,random,2205,42
Hunt & Target + Parity,random,2206,40
Hunt & Target + Parity,random,2207,55
Hunt & Target + Parity,random,2208,54
Hunt & Target + Parity,random,2209,57
Hunt & Target + Parity,random,2210,46
Hunt & Target + Parity,random,2211,65
Hunt & Target + Parity,random,2212,50
Hunt & Target + Parity,random,2213,68
Hunt & Target + Parity,random,2214,44
Hunt & Target + Parity,random,2215,41
Hunt & Target + Parity,random,2216,64
Hunt & Target + Parity,random,2217,39
Hunt & Target + Parity,random,2218,57
Hunt & Target + Parity,random,2219,44
Hunt & Target + Parity,random,2220,63
Hunt & Target + Parity,random,2221,59
Hunt & Target + Parity,random,2222,69
Hunt & Target + Parity,random,2223,57
Hunt & Target + Parity,random,2224,68
Hunt & Target + Parity,random,2225,46
Hunt & Target + Parity,random,2226,55
Hunt & Target + Parity,random,2227,49
Hunt & Target + Parity,random,2228,57
Hunt & Target + Parity,random,2229,61
Hunt & Target + Parity,random,2230,43
Hunt & Target + Parity,random,2231,56
Hunt & Target + Parity,random,2232,44
Hunt & Target + Parity,random,2233,63
Hunt & Target + Parity,random,2234,57
Hunt & Target + Parity,random,2235,64
Hunt & Target + Parity,random,2236,40
Hunt & Target + Parity,random,2237,42
Hunt & Target + Parity,random,2238,54
Hunt & Target + Parity,random,2239,53
Hunt & Target + Parity,random,2240,63
Hunt & Target + Parity,random,2241,56
Hunt & Target + Parity,random,2242,59
Hunt & Target + Parity,random,2243,43
Hunt & Target + Parity,random,2244,73
Hunt & Target + Parity,random,2245,63
Hunt & Target + Parity,random,2246,51
Hunt & Target + Parity,random,2247,61
Hunt & Target + Parity,random,2248,51
Hunt & Target + Parity,random,2249,46
Hunt & Target + Parity,random,2250,67
Hunt & Target + Parity,random,2251,53
Hunt & Target + Parity,random,2252,63
Hunt & Target + Parity,random,2253,47
Hunt & Target + Parity,random,2254,57
Hunt & Target + Parity,random,2255,62
Hunt & Target + Parity,random,2256,53
Hunt & Target + Parity,random,2257,53
Hunt & Target + Parity,random,2258,49
Hunt & Target + Parity,random,2259,50
Hunt & Target + Parity,random,2260,49
Hunt & Target + Parity,random,2261,52
Hunt & Target + Parity,random,2262,50
Hunt & Target + Parity,random,2263,55
Hunt & Target + Parity,random,2264,62
Hunt & Target + Parity,random,2265,57
Hunt & Target + Parity,random,2266,67
Hunt & Target + Parity,random,2267,57
Hunt & Target + Parity,random,2268,52
Hunt & Target + Parity,random,2269,43
Hunt & Target + Parity,random,2270,65
Hunt & Target + Parity,random,2271,61
Hunt & Target + Parity,random,2272,39
Hunt & Target + Parity,random,2273,52
Hunt & Target + Parity,random,2274,48
Hunt & Target + Parity,random,2275,71
Hunt & Target + Parity,random,2276,44
Hunt & Target + Parity,random,2277,64
Hunt & Target + Parity,random,2278,51
Hunt & Target + Parity,random,2279,51
Hunt & Target + Parity,random,2280,66
Hunt & Target + Parity,random,2281,45
Hunt & Target + Parity,random,2282,43
Hunt & Target + Parity,random,2283,64
Hunt & Target + Parity,random,2284,60
Hunt & Target + Parity,random,2285,52
Hunt & Target + Parity,random,2286,43
Hunt & Target + Parity,random,2287,66
Hunt & Target + Parity,random,2288,64
Hunt & Target + Parity,random,2289,71
Hunt & Target + Parity,random,2290,49
Hunt & Target + Parity,random,2291,40
Hunt & Target + Parity,random,2292,55
Hunt & Target + Parity,random,2293,58
Hunt & Target + Parity,random,2294,61
Hunt & Target + Parity,random,2295,55
Hunt & Target + Parity,random,2296,31
Hunt & Target + Parity,random,2297,76
Hunt & Target + Parity,random,2298,51
Hunt & Target + Parity,random,2299,73
Hunt & Target + Parity,random,2300,59
Hunt & Target + Parity,random,2301,57
Hunt & Target + Parity,random,2302,57
Hunt & Target + Parity,random,2303,63
Hunt & Target + Parity,random,2304,56
Hunt & Target + Parity,random,2305,53
Hunt & Target + Parity,random,2306,50
Hunt & Target + Parity,random,2307,62
Hunt & Target + Parity,random,2308,51
Hunt & Target + Parity,random,2309,66
Hunt & Target + Parity,random,2310,70
Hunt & Target + Parity,random,2311,60
Hunt & Target + Parity,random,2312,55
Hunt & Target + Parity,random,2313,51
Hunt & Target + Parity,random,2314,60
Hunt & Target + Parity,random,2315,50
Hunt & Target + Parity,random,2316,47
Hunt & Target + Parity,random,2317,59
Hunt & Target + Parity,random,2318,71
Hunt & Target + Parity,random,2319,65
Hunt & Target + Parity,random,2320,27
Hunt & Target + Parity,random,2321,31
Hunt & Target + Parity,random,2322,65
Hunt & Target + Parity,random,2323,57
Hunt & Target + Parity,random,2324,58
Hunt & Target + Parity,random,2325,53
Hunt & Target + Parity,random,2326,49
Hunt & Target + Parity,random,2327,37
Hunt & Target + Parity,random,2328,50
Hunt & Target + Parity,random,2329,60
Hunt & Target + Parity,random,2330,34
Hunt & Target + Parity,random,2331,63
Hunt & Target + Parity,random,2332,66
Hunt & Target + Parity,random,2333,73
Hunt & Target + Parity,random,2334,51
Hunt & Target + Parity,random,2335,59
Hunt & Target + Parity,random,2336,53
Hunt & Target + Parity,random,2337,57
Hunt & Target + Parity,random,2338,53
Hunt & Target + Parity,random,2339,55
Hunt & Target + Parity,random,2340,64
Hunt & Target + Parity,random,2341,46
Hunt & Target + Parity,random,2342,44
Hunt & Target + Parity,random,2343,54
Hunt & Target + Parity,random,2344,57
Hunt & Target + Parity,random,2345,56
Hunt & Target + Parity,random,2346,47
Hunt & Target + Parity,random,2347,60
Hunt & Target + Parity,random,2348,61
Hunt & Target + Parity,random,2349,48
Hunt & Target + Parity,random,2350,62
Hunt & Target + Parity,random,2351,66
Hunt & Target + Parity,random,2352,52
Hunt & Target + Parity,random,2353,39
Hunt & Target + Parity,random,2354,49
Hunt & Target + Parity,random,2355,52
Hunt & Target + Parity,random,2356,44
Hunt & Target + Parity,random,2357,58
Hunt & Target + Parity,random,2358,54
Hunt & Target + Parity,random,2359,58
Hunt & Target + Parity,random,2360,42
Hunt & Target + Parity,random,2361,57
Hunt & Target + Parity,random,2362,46
Hunt & Target + Parity,random,2363,47
Hunt & Target + Parity,random,2364,64
Hunt & Target + Parity,random,2365,40
Hunt & Target + Parity,random,2366,67
Hunt & Target + Parity,random,2367,68
Hunt & Target + Parity,random,2368,29
Hunt & Target + Parity,random,2369,51
Hunt & Target + Parity,random,2370,41
Hunt & Target + Parity,random,2371,53
Hunt & Target + Parity,random,2372,52
Hunt & Target + Parity,random,2373,47
Hunt & Target + Parity,random,2374,36
Hunt & Target + Parity,random,2375,67
Hunt & Target + Parity,random,2376,54
Hunt & Target + Parity,random,2377,68
Hunt & Target + Parity,random,2378,56
Hunt & Target + Parity,random,2379,53
Hunt & Target + Parity,random,2380,54
Hunt & Target + Parity,random,2381,53
Hunt & Target + Parity,random,2382,53
Hunt & Target + Parity,random,2383,62
Hunt & Target + Parity,random,2384,56
Hunt & Target + Parity,random,2385,56
Hunt & Target + Parity,random,2386,56
Hunt & Target + Parity,random,2387,50
Hunt & Target + Parity,random,2388,79
Hunt & Target + Parity,random,2389,59
Hunt & Target + Parity,random,2390,54
Hunt & Target + Parity,random,2391,57
Hunt & Target + Parity,random,2392,44
Hunt & Target + Parity,random,2393,58
Hunt & Target + Parity,random,2394,62
Hunt & Target + Parity,random,2395,49
Hunt & Target + Parity,random,2396,59
Hunt & Target + Parity,random,2397,44
Hunt & Target + Parity,random,2398,36
Hunt & Target + Parity,random,2399,63
Hunt & Target + Parity,random,2400,41
Hunt & Target + Parity,random,2401,62
Hunt & Target + Parity,random,2402,56
Hunt & Target + Parity,random,2403,59
Hunt & Target + Parity,random,2404,48
Hunt & Target + Parity,random,2405,53
Hunt & Target + Parity,random,2406,49
Hunt & Target + Parity,random,2407,49
Hunt & Target + Parity,random,2408,59
Hunt & Target + Parity,random,2409,42
Hunt & Target + Parity,random,2410,55
Hunt & Target + Parity,random,2411,56
Hunt & Target + Parity,random,2412,53
Hunt & Target + Parity,random,2413,64
Hunt & Target + Parity,random,2414,61
Hunt & Target + Parity,random,2415,66
Hunt & Target + Parity,random,2416,59
Hunt & Target + Parity,random,2417,59
Hunt & Target + Parity,random,2418,52
Hunt & Target + Parity,random,2419,35
Hunt & Target + Parity,random,2420,61
Hunt & Target + Parity,random,2421,66
Hunt & Target + Parity,random,2422,42
Hunt & Target + Parity,random,2423,52
Hunt & Target + Parity,random,2424,59
Hunt & Target + Parity,random,2425,59
Hunt & Target + Parity,random,2426,73
Hunt & Target + Parity,random,2427,57
Hunt & Target + Parity,random,2428,61
Hunt & Target + Parity,random,2429,52
Hunt & Target + Parity,random,2430,57
Hunt & Target + Parity,random,2431,62
Hunt & Target + Parity,random,2432,54
Hunt & Target + Parity,random,2433,57
Hunt & Target + Parity,random,2434,51
Hunt & Target + Parity,random,2435,43
Hunt & Target + Parity,random,2436,49
Hunt & Target + Parity,random,2437,36
Hunt & Target + Parity,random,2438,71
Hunt & Target + Parity,random,2439,64
Hunt & Target + Parity,random,2440,48
Hunt & Target + Parity,random,2441,54
Hunt & Target + Parity,random,2442,48
Hunt & Target + Parity,random,2443,55
Hunt & Target + Parity,random,2444,46
Hunt & Target + Parity,random,2445,69
Hunt & Target + Parity,random,2446,66
Hunt & Target + Parity,random,2447,65
Hunt & Target + Parity,random,2448,67
Hunt & Target + Parity,random,2449,40
Hunt & Target + Parity,random,2450,59
Hunt & Target + Parity,random,2451,59
Hunt & Target + Parity,random,2452,53
Hunt & Target + Parity,random,2453,32
Hunt & Target + Parity,random,2454,44
Hunt & Target + Parity,random,2455,69
Hunt & Target + Parity,random,2456,44
Hunt & Target + Parity,random,2457,54
Hunt & Target + Parity,random,2458,61
Hunt & Target + Parity,random,2459,54
Hunt & Target + Parity,random,2460,60
Hunt & Target + Parity,random,2461,37
Hunt & Target + Parity,random,2462,57
Hunt & Target + Parity,random,2463,62
Hunt & Target + Parity,random,2464,62
Hunt & Target + Parity,random,2465,66
Hunt & Target + Parity,random,2466,49
Hunt & Target + Parity,random,2467,50
Hunt & Target + Parity,random,2468,44
Hunt & Target + Parity,random,2469,40
Hunt & Target + Parity,random,2470,64
Hunt & Target + Parity,random,2471,39
Hunt & Target + Parity,random,2472,48
Hunt & Target + Parity,random,2473,51
Hunt & Target + Parity,random,2474,45
Hunt & Target + Parity,random,2475,46
Hunt & Target + Parity,random,2476,70
Hunt & Target + Parity,random,2477,51
Hunt & Target + Parity,random,2478,41
Hunt & Target + Parity,random,2479,44
Hunt & Target + Parity,random,2480,55
Hunt & Target + Parity,random,2481,62
Hunt & Target + Parity,random,2482,65
Hunt & Target + Parity,random,2483,66
Hunt & Target + Parity,random,2484,64
Hunt & Target + Parity,random,2485,62
Hunt & Target + Parity,random,2486,47
Hunt & Target + Parity,random,2487,58
Hunt & Target + Parity,random,2488,56
Hunt & Target + Parity,random,2489,63
Hunt & Target + Parity,random,2490,52
Hunt & Target + Parity,random,2491,54
Hunt & Target + Parity,random,2492,63
Hunt & Target + Parity,random,2493,59
Hunt & Target + Parity,random,2494,46
Hunt & Target + Parity,random,2495,66
Hunt & Target + Parity,random,2496,57
Hunt & Target + Parity,random,2497,59
Hunt & Target + Parity,random,2498,67
Hunt & Target + Parity,random,2499,59
Hunt & Target + Parity,random,2500,52
Hunt & Target + Parity,random,2501,52
Hunt & Target + Parity,random,2502,65
Hunt & Target + Parity,random,2503,54
Hunt & Target + Parity,random,2504,66
Hunt & Target + Parity,random,2505,61
Hunt & Target + Parity,random,2506,57
Hunt & Target + Parity,random,2507,45
Hunt & Target + Parity,random,2508,61
Hunt & Target + Parity,random,2509,53
Hunt & Target + Parity,random,2510,52
Hunt & Target + Parity,random,2511,48
Hunt & Target + Parity,random,2512,52
Hunt & Target + Parity,random,2513,59
Hunt & Target + Parity,random,2514,62
Hunt & Target + Parity,random,2515,59
Hunt & Target + Parity,random,2516,59
Hunt & Target + Parity,random,2517,61
Hunt & Target + Parity,random,2518,58
Hunt & Target + Parity,random,2519,59
Hunt & Target + Parity,random,2520,62
Hunt & Target + Parity,random,2521,60
Hunt & Target + Parity,random,2522,67
Hunt & Target + Parity,random,2523,48
Hunt & Target + Parity,random,2524,66
Hunt & Target + Parity,random,2525,64
Hunt & Target + Parity,random,2526,40
Hunt & Target + Parity,random,2527,41
Hunt & Target + Parity,random,2528,60
Hunt & Target + Parity,random,2529,53
Hunt & Target + Parity,random,2530,47
Hunt & Target + Parity,random,2531,65
Hunt & Target + Parity,random,2532,49
Hunt & Target + Parity,random,2533,49
Hunt & Target + Parity,random,2534,50
Hunt & Target + Parity,random,2535,71
Hunt & Target + Parity,random,2536,60
Hunt & Target + Parity,random,2537,61
Hunt & Target + Parity,random,2538,42
Hunt & Target + Parity,random,2539,49
Hunt & Target + Parity,random,2540,40
Hunt & Target + Parity,random,2541,62
Hunt & Target + Parity,random,2542,62
Hunt & Target + Parity,random,2543,38
Hunt & Target + Parity,random,2544,65
Hunt & Target + Parity,random,2545,44
Hunt & Target + Parity,random,2546,54
Hunt & Target + Parity,random,2547,53
Hunt & Target + Parity,random,2548,56
Hunt & Target + Parity,random,2549,33
Hunt & Target + Parity,random,2550,57
Hunt & Target + Parity,random,2551,67
Hunt & Target + Parity,random,2552,55
Hunt & Target + Parity,random,2553,58
Hunt & Target + Parity,random,2554,51
Hunt & Target + Parity,random,2555,56
Hunt & Target + Parity,random,2556,55
Hunt & Target + Parity,random,2557,56
Hunt & Target + Parity,random,2558,49
Hunt & Target + Parity,random,2559,57
Hunt & Target + Parity,random,2560,56
Hunt & Target + Parity,random,2561,59
Hunt & Target + Parity,random,2562,53
Hunt & Target + Parity,random,2563,58
Hunt & Target + Parity,random,2564,63
Hunt & Target + Parity,random,2565,41
Hunt & Target + Parity,random,2566,55
Hunt & Target + Parity,random,2567,58
Hunt & Target + Parity,random,2568,67
Hunt & Target + Parity,random,2569,56
Hunt & Target + Parity,random,2570,40
Hunt & Target + Parity,random,2571,32
Hunt & Target + Parity,random,2572,50
Hunt & Target + Parity,random,2573,59
Hunt & Target + Parity,random,2574,58
Hunt & Target + Parity,random,2575,37
Hunt & Target + Parity,random,2576,48
Hunt & Target + Parity,random,2577,65
Hunt & Target + Parity,random,2578,39
Hunt & Target + Parity,random,2579,49
Hunt & Target + Parity,random,2580,65
Hunt & Target + Parity,random,2581,61
Hunt & Target + Parity,random,2582,75
Hunt & Target + Parity,random,2583,64
Hunt & Target + Parity,random,2584,61
Hunt & Target + Parity,random,2585,53
Hunt & Target + Parity,random,2586,58
Hunt & Target + Parity,random,2587,65
Hunt & Target + Parity,random,2588,69
Hunt & Target + Parity,random,2589,41
Hunt & Target + Parity,random,2590,63
Hunt & Target + Parity,random,2591,56
Hunt & Target + Parity,random,2592,49
Hunt & Target + Parity,random,2593,39
Hunt & Target + Parity,random,2594,51
Hunt & Target + Parity,random,2595,50
Hunt & Target + Parity,random,2596,48
Hunt & Target + Parity,random,2597,66
Hunt & Target + Parity,random,2598,59
Hunt & Target + Parity,random,2599,53
Hunt & Target + Parity,random,2600,56
Hunt & Target + Parity,random,2601,69
Hunt & Target + Parity,random,2602,49
Hunt & Target + Parity,random,2603,78
Hunt & Target + Parity,random,2604,58
Hunt & Target + Parity,random,2605,65
Hunt & Target + Parity,random,2606,65
Hunt & Target + Parity,random,2607,63
Hunt & Target + Parity,random,2608,50
Hunt & Target + Parity,random,2609,68
Hunt & Target + Parity,random,2610,51
Hunt & Target + Parity,random,2611,59
Hunt & Target + Parity,random,2612,62
Hunt & Target + Parity,random,2613,50
Hunt & Target + Parity,random,2614,51
Hunt & Target + Parity,random,2615,46
Hunt & Target + Parity,random,2616,52
Hunt & Target + Parity,random,2617,62
Hunt & Target + Parity,random,2618,60
Hunt & Target + Parity,random,2619,33
Hunt & Target + Parity,random,2620,43
Hunt & Target + Parity,random,2621,51
Hunt & Target + Parity,random,2622,61
Hunt & Target + Parity,random,2623,57
Hunt & Target + Parity,random,2624,37
Hunt & Target + Parity,random,2625,64
Hunt & Target + Parity,random,2626,59
Hunt & Target + Parity,random,2627,41
Hunt & Target + Parity,random,2628,53
Hunt & Target + Parity,random,2629,55
Hunt & Target + Parity,random,2630,57
Hunt & Target + Parity,random,2631,42
Hunt & Target + Parity,random,2632,61
Hunt & Target + Parity,random,2633,62
Hunt & Target + Parity,random,2634,62
Hunt & Target + Parity,random,2635,54
Hunt & Target + Parity,random,2636,56
Hunt & Target + Parity,random,2637,67
Hunt & Target + Parity,random,2638,63
Hunt & Target + Parity,random,2639,66
Hunt & Target + Parity,random,2640,54
Hunt & Target + Parity,random,2641,62
Hunt & Target + Parity,random,2642,57
Hunt & Target + Parity,random,2643,59
Hunt & Target + Parity,random,2644,59
Hunt & Target + Parity,random,2645,60
Hunt & Target + Parity,random,2646,59
Hunt & Target + Parity,random,2647,58
Hunt & Target + Parity,random,2648,49
Hunt & Target + Parity,random,2649,60
Hunt & Target + Parity,random,2650,59
Hunt & Target + Parity,random,2651,59
Hunt & Target + Parity,random,2652,65
Hunt & Target + Parity,random,2653,58
Hunt & Target + Parity,random,2654,64
Hunt & Target + Parity,random,2655,52
Hunt & Target + Parity,random,2656,51
Hunt & Target + Parity,random,2657,43
Hunt & Target + Parity,random,2658,57
Hunt & Target + Parity,random,2659,42
Hunt & Target + Parity,random,2660,42
Hunt & Target + Parity,random,2661,70
Hunt & Target + Parity,random,2662,55
Hunt & Target + Parity,random,2663,58
Hunt & Target + Parity,random,2664,60
Hunt & Target + Parity,random,2665,60
Hunt & Target + Parity,random,2666,48
Hunt & Target + Parity,random,2667,62
Hunt & Target + Parity,random,2668,52
Hunt & Target + Parity,random,2669,44
Hunt & Target + Parity,random,2670,57
Hunt & Target + Parity,random,2671,64
Hunt & Target + Parity,random,2672,54
Hunt & Target + Parity,random,2673,64
Hunt & Target + Parity,random,2674,45
Hunt & Target + Parity,random,2675,58
Hunt & Target + Parity,random,2676,57
Hunt & Target + Parity,random,2677,55
Hunt & Target + Parity,random,2678,66
Hunt & Target + Parity,random,2679,51
Hunt & Target + Parity,random,2680,57
Hunt & Target + Parity,random,2681,66
Hunt & Target + Parity,random,2682,57
Hunt & Target + Parity,random,2683,67
Hunt & Target + Parity,random,2684,45
Hunt & Target + Parity,random,2685,49
Hunt & Target + Parity,random,2686,57
Hunt & Target + Parity,random,2687,54
Hunt & Target + Parity,random,2688,55
Hunt & Target + Parity,random,2689,51
Hunt & Target + Parity,random,2690,44
Hunt & Target + Parity,random,2691,59
Hunt & Target + Parity,random,2692,61
Hunt & Target + Parity,random,2693,55
Hunt & Target + Parity,random,2694,47
Hunt & Target + Parity,random,2695,54
Hunt & Target + Parity,random,2696,64
Hunt & Target + Parity,random,2697,41
Hunt & Target + Parity,random,2698,53
Hunt & Target + Parity,random,2699,47
Hunt & Target + Parity,random,2700,57
Hunt & Target + Parity,random,2701,59
Hunt & Target + Parity,random,2702,73
Hunt & Target + Parity,random,2703,63
Hunt & Target + Parity,random,2704,62
Hunt & Target + Parity,random,2705,41
Hunt & Target + Parity,random,2706,66
Hunt & Target + Parity,random,2707,54
Hunt & Target + Parity,random,2708,60
Hunt & Target + Parity,random,2709,59
Hunt & Target + Parity,random,2710,64
Hunt & Target + Parity,random,2711,49
Hunt & Target + Parity,random,2712,54
Hunt & Target + Parity,random,2713,33
Hunt & Target + Parity,random,2714,67
Hunt & Target + Parity,random,2715,43
Hunt & Target + Parity,random,2716,33
Hunt & Target + Parity,random,2717,54
Hunt & Target + Parity,random,2718,55
Hunt & Target + Parity,random,2719,58
Hunt & Target + Parity,random,2720,54
Hunt & Target + Parity,random,2721,58
Hunt & Target + Parity,random,2722,50
Hunt & Target + Parity,random,2723,51
Hunt & Target + Parity,random,2724,49
Hunt & Target + Parity,random,2725,46
Hunt & Target + Parity,random,2726,61
Hunt & Target + Parity,random,2727,60
Hunt & Target + Parity,random,2728,64
Hunt & Target + Parity,random,2729,65
Hunt & Target + Parity,random,2730,56
Hunt & Target + Parity,random,2731,35
Hunt & Target + Parity,random,2732,50
Hunt & Target + Parity,random,2733,44
Hunt & Target + Parity,random,2734,37
Hunt & Target + Parity,random,2735,64
Hunt & Target + Parity,random,2736,50
Hunt & Target + Parity,random,2737,59
Hunt & Target + Parity,random,2738,51
Hunt & Target + Parity,random,2739,67
Hunt & Target + Parity,random,2740,50
Hunt & Target + Parity,random,2741,62
Hunt & Target + Parity,random,2742,48
Hunt & Target + Parity,random,2743,44
Hunt & Target + Parity,random,2744,54
Hunt & Target + Parity,random,2745,50
Hunt & Target + Parity,random,2746,39
Hunt & Target + Parity,random,2747,65
Hunt & Target + Parity,random,2748,43
Hunt & Target + Parity,random,2749,47
Hunt & Target + Parity,random,2750,63
Hunt & Target + Parity,random,2751,58
Hunt & Target + Parity,random,2752,58
Hunt & Target + Parity,random,2753,57
Hunt & Target + Parity,random,2754,52
Hunt & Target + Parity,random,2755,52
Hunt & Target + Parity,random,2756,65
Hunt & Target + Parity,random,2757,56
Hunt & Target + Parity,random,2758,64
Hunt & Target + Parity,random,2759,67
Hunt & Target + Parity,random,2760,42
Hunt & Target + Parity,random,2761,39
Hunt & Target + Parity,random,2762,63
Hunt & Target + Parity,random,2763,54
Hunt & Target + Parity,random,2764,56
Hunt & Target + Parity,random,2765,54
Hunt & Target + Parity,random,2766,57
Hunt & Target + Parity,random,2767,50
Hunt & Target + Parity,random,2768,55
Hunt & Target + Parity,random,2769,55
Hunt & Target + Parity,random,2770,51
Hunt & Target + Parity,random,2771,56
Hunt & Target + Parity,random,2772,47
Hunt & Target + Parity,random,2773,43
Hunt & Target + Parity,random,2774,41
Hunt & Target + Parity,random,2775,52
Hunt & Target + Parity,random,2776,47
Hunt & Target + Parity,random,2777,63
Hunt & Target + Parity,random,2778,56
Hunt & Target + Parity,random,2779,32
Hunt & Target + Parity,random,2780,67
Hunt & Target + Parity,random,2781,63
Hunt & Target + Parity,random,2782,45
Hunt & Target + Parity,random,2783,62
Hunt & Target + Parity,random,2784,44
Hunt & Target + Parity,random,2785,53
Hunt & Target + Parity,random,2786,58
Hunt & Target + Parity,random,2787,49
Hunt & Target + Parity,random,2788,56
Hunt & Target + Parity,random,2789,70
Hunt & Target + Parity,random,2790,53
Hunt & Target + Parity,random,2791,41
Hunt & Target + Parity,random,2792,51
Hunt & Target + Parity,random,2793,60
Hunt & Target + Parity,random,2794,63
Hunt & Target + Parity,random,2795,54
Hunt & Target + Parity,random,2796,53
Hunt & Target + Parity,random,2797,41
Hunt & Target + Parity,random,2798,36
Hunt & Target + Parity,random,2799,49
Hunt & Target + Parity,random,2800,64
Hunt & Target + Parity,random,2801,57
Hunt & Target + Parity,random,2802,59
Hunt & Target + Parity,random,2803,61
Hunt & Target + Parity,random,2804,59
Hunt & Target + Parity,random,2805,34
Hunt & Target + Parity,random,2806,55
Hunt & Target + Parity,random,2807,47
Hunt & Target + Parity,random,2808,71
Hunt & Target + Parity,random,2809,64
Hunt & Target + Parity,random,2810,51
Hunt & Target + Parity,random,2811,56
Hunt & Target + Parity,random,2812,69
Hunt & Target + Parity,random,2813,62
Hunt & Target + Parity,random,2814,42
Hunt & Target + Parity,random,2815,51
Hunt & Target + Parity,random,2816,59
Hunt & Target + Parity,random,2817,52
Hunt & Target + Parity,random,2818,57
Hunt & Target + Parity,random,2819,50
Hunt & Target + Parity,random,2820,45
Hunt & Target + Parity,random,2821,59
Hunt & Target + Parity,random,2822,55
Hunt & Target + Parity,random,2823,57
Hunt & Target + Parity,random,2824,63
Hunt & Target + Parity,random,2825,55
Hunt & Target + Parity,random,2826,39
Hunt & Target + Parity,random,2827,57
Hunt & Target + Parity,random,2828,58
Hunt & Target + Parity,random,2829,54
Hunt & Target + Parity,random,2830,44
Hunt & Target + Parity,random,2831,48
Hunt & Target + Parity,random,2832,56
Hunt & Target + Parity,random,2833,61
Hunt & Target + Parity,random,2834,55
Hunt & Target + Parity,random,2835,62
Hunt & Target + Parity,random,2836,58
Hunt & Target + Parity,random,2837,41
Hunt & Target + Parity,random,2838,51
Hunt & Target + Parity,random,2839,61
Hunt & Target + Parity,random,2840,56
Hunt & Target + Parity,random,2841,64
Hunt & Target + Parity,random,2842,60
Hunt & Target + Parity,random,2843,53
Hunt & Target + Parity,random,2844,56
Hunt & Target + Parity,random,2845,57
Hunt & Target + Parity,random,2846,63
Hunt & Target + Parity,random,2847,47
Hunt & Target + Parity,random,2848,46
Hunt & Target + Parity,random,2849,54
Hunt & Target + Parity,random,2850,39
Hunt & Target + Parity,random,2851,45
Hunt & Target + Parity,random,2852,53
Hunt & Target + Parity,random,2853,57
Hunt & Target + Parity,random,2854,55
Hunt & Target + Parity,random,2855,47
Hunt & Target + Parity,random,2856,51
Hunt & Target + Parity,random,2857,50
Hunt & Target + Parity,random,2858,49
Hunt & Target + Parity,random,2859,63
Hunt & Target + Parity,random,2860,49
Hunt & Target + Parity,random,2861,45
Hunt & Target + Parity,random,2862,41
Hunt & Target + Parity,random,2863,49
Hunt & Target + Parity,random,2864,46
Hunt & Target + Parity,random,2865,34
Hunt & Target + Parity,random,2866,50
Hunt & Target + Parity,random,2867,59
Hunt & Target + Parity,random,2868,46
Hunt & Target + Parity,random,2869,53
Hunt & Target + Parity,random,2870,66
Hunt & Target + Parity,random,2871,60
Hunt & Target + Parity,random,2872,49
Hunt & Target + Parity,random,2873,52
Hunt & Target + Parity,random,2874,65
Hunt & Target + Parity,random,2875,66
Hunt & Target + Parity,random,2876,62
Hunt & Target + Parity,random,2877,63
Hunt & Target + Parity,random,2878,55
Hunt & Target + Parity,random,2879,42
Hunt & Target + Parity,random,2880,59
Hunt & Target + Parity,random,2881,38
Hunt & Target + Parity,random,2882,41
Hunt & Target + Parity,random,2883,68
Hunt & Target + Parity,random,2884,60
Hunt & Target + Parity,random,2885,63
Hunt & Target + Parity,random,2886,46
Hunt & Target + Parity,random,2887,50
Hunt & Target + Parity,random,2888,50
Hunt & Target + Parity,random,2889,42
Hunt & Target + Parity,random,2890,51
Hunt & Target + Parity,random,2891,55
Hunt & Target + Parity,random,2892,49
Hunt & Target + Parity,random,2893,59
Hunt & Target + Parity,random,2894,51
Hunt & Target + Parity,random,2895,56
Hunt & Target + Parity,random,2896,49
Hunt & Target + Parity,random,2897,46
Hunt & Target + Parity,random,2898,46
Hunt & Target + Parity,random,2899,53
Hunt & Target + Parity,random,2900,61
Hunt & Target + Parity,random,2901,64
Hunt & Target + Parity,random,2902,67
Hunt & Target + Parity,random,2903,55
Hunt & Target + Parity,random,2904,55
Hunt & Target + Parity,random,2905,73
Hunt & Target + Parity,random,2906,59
Hunt & Target + Parity,random,2907,52
Hunt & Target + Parity,random,2908,65
Hunt & Target + Parity,random,2909,41
Hunt & Target + Parity,random,2910,66
Hunt & Target + Parity,random,2911,58
Hunt & Target + Parity,random,2912,41
Hunt & Target + Parity,random,2913,45
Hunt & Target + Parity,random,2914,60
Hunt & Target + Parity,random,2915,70
Hunt & Target + Parity,random,2916,62
Hunt & Target + Parity,random,2917,66
Hunt & Target + Parity,random,2918,61
Hunt & Target + Parity,random,2919,60
Hunt & Target + Parity,random,2920,62
Hunt & Target + Parity,random,2921,49
Hunt & Target + Parity,random,2922,48
Hunt & Target + Parity,random,2923,53
Hunt & Target + Parity,random,2924,60
Hunt & Target + Parity,random,2925,58
Hunt & Target + Parity,random,2926,40
Hunt & Target + Parity,random,2927,61
Hunt & Target + Parity,random,2928,72
Hunt & Target + Parity,random,2929,67
Hunt & Target + Parity,random,2930,53
Hunt & Target + Parity,random,2931,44
Hunt & Target + Parity,random,2932,39
Hunt & Target + Parity,random,2933,58
Hunt & Target + Parity,random,2934,48
Hunt & Target + Parity,random,2935,52
Hunt & Target + Parity,random,2936,42
Hunt & Target + Parity,random,2937,60
Hunt & Target + Parity,random,2938,62
Hunt & Target + Parity,random,2939,44
Hunt & Target + Parity,random,2940,35
Hunt & Target + Parity,random,2941,65
Hunt & Target + Parity,random,2942,35
Hunt & Target + Parity,random,2943,34
Hunt & Target + Parity,random,2944,56
Hunt & Target + Parity,random,2945,58
Hunt & Target + Parity,random,2946,49
Hunt & Target + Parity,random,2947,56
Hunt & Target + Parity,random,2948,56
Hunt & Target + Parity,random,2949,57
Hunt & Target + Parity,random,2950,49
Hunt & Target + Parity,random,2951,62
Hunt & Target + Parity,random,2952,69
Hunt & Target + Parity,random,2953,66
Hunt & Target + Parity,random,2954,46
Hunt & Target + Parity,random,2955,57
Hunt & Target + Parity,random,2956,49
Hunt & Target + Parity,random,2957,58
Hunt & Target + Parity,random,2958,48
Hunt & Target + Parity,random,2959,55
Hunt & Target + Parity,random,2960,57
Hunt & Target + Parity,random,2961,53
Hunt & Target + Parity,random,2962,58
Hunt & Target + Parity,random,2963,60
Hunt & Target + Parity,random,2964,64
Hunt & Target + Parity,random,2965,49
Hunt & Target + Parity,random,2966,55
Hunt & Target + Parity,random,2967,54
Hunt & Target + Parity,random,2968,52
Hunt & Target + Parity,random,2969,59
Hunt & Target + Parity,random,2970,58
Hunt & Target + Parity,random,2971,65
Hunt & Target + Parity,random,2972,64
Hunt & Target + Parity,random,2973,73
Hunt & Target + Parity,random,2974,57
Hunt & Target + Parity,random,2975,63
Hunt & Target + Parity,random,2976,63
Hunt & Target + Parity,random,2977,43
Hunt & Target + Parity,random,2978,63
Hunt & Target + Parity,random,2979,60
Hunt & Target + Parity,random,2980,47
Hunt & Target + Parity,random,2981,57
Hunt & Target + Parity,random,2982,57
Hunt & Target + Parity,random,2983,62
Hunt & Target + Parity,random,2984,51
Hunt & Target + Parity,random,2985,58
Hunt & Target + Parity,random,2986,47
Hunt & Target + Parity,random,2987,48
Hunt & Target + Parity,random,2988,69
Hunt & Target + Parity,random,2989,57
Hunt & Target + Parity,random,2990,53
Hunt & Target + Parity,random,2991,36
Hunt & Target + Parity,random,2992,61
Hunt & Target + Parity,random,2993,59
Hunt & Target + Parity,random,2994,55
Hunt & Target + Parity,random,2995,49
Hunt & Target + Parity,random,2996,50
Hunt & Target + Parity,random,2997,68
Hunt & Target + Parity,random,2998,63
Hunt & Target + Parity,random,2999,38
Probability Density,random,0,50
Probability Density,random,1,48
Probability Density,random,2,36
Probability Density,random,3,38
Probability Density,random,4,41
Probability Density,random,5,38
Probability Density,random,6,58
Probability Density,random,7,33
Probability Density,random,8,40
Probability Density,random,9,45
Probability Density,random,10,39
Probability Density,random,11,47
Probability Density,random,12,42
Probability Density,random,13,48
Probability Density,random,14,52
Probability Density,random,15,54
Probability Density,random,16,38
Probability Density,random,17,36
Probability Density,random,18,45
Probability Density,random,19,49
Probability Density,random,20,33
Probability Density,random,21,33
Probability Density,random,22,56
Probability Density,random,23,47
Probability Density,random,24,47
Probability Density,random,25,28
Probability Density,random,26,57
Probability Density,random,27,51
Probability Density,random,28,49
Probability Density,random,29,63
Probability Density,random,30,37
Probability Density,random,31,66
Probability Density,random,32,34
Probability Density,random,33,45
Probability Density,random,34,49
Probability Density,random,35,50
Probability Density,random,36,47
Probability Density,random,37,38
Probability Density,random,38,40
Probability Density,random,39,38
Probability Density,random,40,46
Probability Density,random,41,61
Probability Density,random,42,48
Probability Density,random,43,46
Probability Density,random,44,44
Probability Density,random,45,52
Probability Density,random,46,35
Probability Density,random,47,39
Probability Density,random,48,59
Probability Density,random,49,31
Probability Density,random,50,55
Probability Density,random,51,43
Probability Density,random,52,42
Probability Density,random,53,51
Probability Density,random,54,31
Probability Density,random,55,45
Probability Density,random,56,39
Probability Density,random,57,39
Probability Density,random,58,39
Probability Density,random,59,39
Probability Density,random,60,40
Probability Density,random,61,53
Probability Density,random,62,44
Probability Density,random,63,40
Probability Density,random,64,32
Probability Density,random,65,35
Probability Density,random,66,53
Probability Density,random,67,40
Probability Density,random,68,32
Probability Density,random,69,50
Probability Density,random,70,38
Probability Density,random,71,49
Probability Density,random,72,58
Probability Density,random,73,43
Probability Density,random,74,47
Probability Density,random,75,59
Probability Density,random,76,56
Probability Density,random,77,33
Probability Density,random,78,49
Probability Density,random,79,35
Probability Density,random,80,40
Probability Density,random,81,40
Probability Density,random,82,42
Probability Density,random,83,46
Probability Density,random,84,57
Probability Density,random,85,49
Probability Density,random,86,45
Probability Density,random,87,55
Probability Density,random,88,38
Probability Density,random,89,37
Probability Density,random,90,44
Probability Density,random,91,43
Probability Density,random,92,60
Probability Density,random,93,29
Probability Density,random,94,40
Probability Density,random,95,34
Probability Density,random,96,34
Probability Density,random,97,41
Probability Density,random,98,46
Probability Density,random,99,53
Probability Density,random,100,33
Probability Density,random,101,42
Probability Density,random,102,48
Probability Density,random,103,43
Probability Density,random,104,46
Probability Density,random,105,59
Probability Density,random,106,44
Probability Density,random,107,37
Probability Density,random,108,43
Probability Density,random,109,47
Probability Density,random,110,48
Probability Density,random,111,38
Probability Density,random,112,34
Probability Density,random,113,37
Probability Density,random,114,32
Probability Density,random,115,36
Probability Density,random,116,50
Probability Density,random,117,50
Probability Density,random,118,46
Probability Density,random,119,53
Probability Density,random,120,39
Probability Density,random,121,47
Probability Density,random,122,49
Probability Density,random,123,39
Probability Density,random,124,48
Probability Density,random,125,49
Probability Density,random,126,48
Probability Density,random,127,46
Probability Density,random,128,39
Probability Density,random,129,41
Probability Density,random,130,36
Probability Density,random,131,61
Probability Density,random,132,50
Probability Density,random,133,39
Probability Density,random,134,61
Probability Density,random,135,56
Probability Density,random,136,39
Probability Density,random,137,48
Probability Density,random,138,48
Probability Density,random,139,39
Probability Density,random,140,46
Probability Density,random,141,43
Probability Density,random,142,52
Probability Density,random,143,59
Probability Density,random,144,48
Probability Density,random,145,42
Probability Density,random,146,30
Probability Density,random,147,44
Probability Density,random,148,24
Probability Density,random,149,41
Probability Density,random,150,61
Probability Density,random,151,53
Probability Density,random,152,30
Probability Density,random,153,50
Probability Density,random,154,45
Probability Density,random,155,51
Probability Density,random,156,53
Probability Density,random,157,47
Probability Density,random,158,56
Probability Density,random,159,48
Probability Density,random,160,29
Probability Density,random,161,40
Probability Density,random,162,34
Probability Density,random,163,55
Probability Density,random,164,41
Probability Density,random,165,37
Probability Density,random,166,40
Probability Density,random,167,59
Probability Density,random,168,45
Probability Density,random,169,48
Probability Density,random,170,46
Probability Density,random,171,51
Probability Density,random,172,39
Probability Density,random,173,51
Probability Density,random,174,64
Probability Density,random,175,58
Probability Density,random,176,46
Probability Density,random,177,38
Probability Density,random,178,34
Probability Density,random,179,57
Probability Density,random,180,34
Probability Density,random,181,30
Probability Density,random,182,34
Probability Density,random,183,51
Probability Density,random,184,35
Probability Density,random,185,31
Probability Density,random,186,36
Probability Density,random,187,49
Probability Density,random,188,47
Probability Density,random,189,39
Probability Density,random,190,39
Probability Density,random,191,59
Probability Density,random,192,52
Probability Density,random,193,46
Probability Density,random,194,35
Probability Density,random,195,52
Probability Density,random,196,47
Probability Density,random,197,31
Probability Density,random,198,55
Probability Density,random,199,56
Probability Density,random,200,43
Probability Density,random,201,45
Probability Density,random,202,24
Probability Density,random,203,30
Probability Density,random,204,44
Probability Density,random,205,51
Probability Density,random,206,40
Probability Density,random,207,38
Probability Density,random,208,34
Probability Density,random,209,48
Probability Density,random,210,40
Probability Density,random,211,43
Probability Density,random,212,52
Probability Density,random,213,49
Probability Density,random,214,33
Probability Density,random,215,35
Probability Density,random,216,35
Probability Density,random,217,52
Probability Density,random,218,33
Probability Density,random,219,45
Probability Density,random,220,66
Probability Density,random,221,39
Probability Density,random,222,34
Probability Density,random,223,31
Probability Density,random,224,36
Probability Density,random,225,47
Probability Density,random,226,47
Probability Density,random,227,46
Probability Density,random,228,47
Probability Density,random,229,40
Probability Density,random,230,45
Probability Density,random,231,48
Probability Density,random,232,52
Probability Density,random,233,46
Probability Density,random,234,50
Probability Density,random,235,40
Probability Density,random,236,35
Probability Density,random,237,45
Probability Density,random,238,36
Probability Density,random,239,43
Probability Density,random,240,42
Probability Density,random,241,45
Probability Density,random,242,48
Probability Density,random,243,54
Probability Density,random,244,39
Probability Density,random,245,40
Probability Density,random,246,43
Probability Density,random,247,45
Probability Density,random,248,59
Probability Density,random,249,34
Probability Density,random,250,38
Probability Density,random,251,41
Probability Density,random,252,35
Probability Density,random,253,42
Probability Density,random,254,39
Probability Density,random,255,41
Probability Density,random,256,47
Probability Density,random,257,40
Probability Density,random,258,43
Probability Density,random,259,39
Probability Density,random,260,30
Probability Density,random,261,48
Probability Density,random,262,53
Probability Density,random,263,41
Probability Density,random,264,42
Probability Density,random,265,47
Probability Density,random,266,41
Probability Density,random,267,47
Probability Density,random,268,58
Probability Density,random,269,38
Probability Density,random,270,44
Probability Density,random,271,52
Probability Density,random,272,39
Probability Density,random,273,47
Probability Density,random,274,49
Probability Density,random,275,52
Probability Density,random,276,39
Probability Density,random,277,45
Probability Density,random,278,30
Probability Density,random,279,48
Probability Density,random,280,40
Probability Density,random,281,51
Probability Density,random,282,59
Probability Density,random,283,58
Probability Density,random,284,46
Probability Density,random,285,37
Probability Density,random,286,31
Probability Density,random,287,49
Probability Density,random,288,48
Probability Density,random,289,57
Probability Density,random,290,39
Probability Density,random,291,39
Probability Density,random,292,43
Probability Density,random,293,62
Probability Density,random,294,54
Probability Density,random,295,56
Probability Density,random,296,36
Probability Density,random,297,55
Probability Density,random,298,41
Probability Density,random,299,42
Probability Density,random,300,58
Probability Density,random,301,44
Probability Density,random,302,49
Probability Density,random,303,40
Probability Density,random,304,33
Probability Density,random,305,38
Probability Density,random,306,43
Probability Density,random,307,41
Probability Density,random,308,48
Probability Density,random,309,51
Probability Density,random,310,25
Probability Density,random,311,62
Probability Density,random,312,22
Probability Density,random,313,48
Probability Density,random,314,32
Probability Density,random,315,39
Probability Density,random,316,52
Probability Density,random,317,59
Probability Density,random,318,43
Probability Density,random,319,39
Probability Density,random,320,38
Probability Density,random,321,44
Probability Density,random,322,46
Probability Density,random,323,37
Probability Density,random,324,32
Probability Density,random,325,57
Probability Density,random,326,48
Probability Density,random,327,55
Probability Density,random,328,39
Probability Density,random,329,50
Probability Density,random,330,38
Probability Density,random,331,46
Probability Density,random,332,47
Probability Density,random,333,44
Probability Density,random,334,43
Probability Density,random,335,43
Probability Density,random,336,53
Probability Density,random,337,36
Probability Density,random,338,40
Probability Density,random,339,52
Probability Density,random,340,31
Probability Density,random,341,45
Probability Density,random,342,34
Probability Density,random,343,42
Probability Density,random,344,38
Probability Density,random,345,34
Probability Density,random,346,38
Probability Density,random,347,41
Probability Density,random,348,36
Probability Density,random,349,43
Probability Density,random,350,38
Probability Density,random,351,34
Probability Density,random,352,49
Probability Density,random,353,32
Probability Density,random,354,45
Probability Density,random,355,38
Probability Density,random,356,42
Probability Density,random,357,46
Probability Density,random,358,40
Probability Density,random,359,49
Probability Density,random,360,50
Probability Density,random,361,43
Probability Density,random,362,47
Probability Density,random,363,38
Probability Density,random,364,58
Probability Density,random,365,38
Probability Density,random,366,49
Probability Density,random,367,45
Probability Density,random,368,37
Probability Density,random,369,40
Probability Density,random,370,40
Probability Density,random,371,32
Probability Density,random,372,57
Probability Density,random,373,39
Probability Density,random,374,52
Probability Density,random,375,45
Probability Density,random,376,31
Probability Density,random,377,36
Probability Density,random,378,45
Probability Density,random,379,60
Probability Density,random,380,44
Probability Density,random,381,46
Probability Density,random,382,33
Probability Density,random,383,45
Probability Density,random,384,68
Probability Density,random,385,44
Probability Density,random,386,43
Probability Density,random,387,51
Probability Density,random,388,35
Probability Density,random,389,69
Probability Density,random,390,43
Probability Density,random,391,46
Probability Density,random,392,37
Probability Density,random,393,36
Probability Density,random,394,33
Probability Density,random,395,37
Probability Density,random,396,59
Probability Density,random,397,58
Probability Density,random,398,37
Probability Density,random,399,42
Probability Density,random,400,30
Probability Density,random,401,38
Probability Density,random,402,60
Probability Density,random,403,39
Probability Density,random,404,45
Probability Density,random,405,33
Probability Density,random,406,49
Probability Density,random,407,51
Probability Density,random,408,39
Probability Density,random,409,48
Probability Density,random,410,70
Probability Density,random,411,66
Probability Density,random,412,41
Probability Density,random,413,35
Probability Density,random,414,49
Probability Density,random,415,42
Probability Density,random,416,43
Probability Density,random,417,68
Probability Density,random,418,64
Probability Density,random,419,50
Probability Density,random,420,52
Probability Density,random,421,48
Probability Density,random,422,42
Probability Density,random,423,39
Probability Density,random,424,50
Probability Density,random,425,41
Probability Density,random,426,53
Probability Density,random,427,41
Probability Density,random,428,52
Probability Density,random,429,37
Probability Density,random,430,47
Probability Density,random,431,59
Probability Density,random,432,62
Probability Density,random,433,64
Probability Density,random,434,59
Probability Density,random,435,55
Probability Density,random,436,46
Probability Density,random,437,36
Probability Density,random,438,55
Probability Density,random,439,41
Probability Density,random,440,31
Probability Density,random,441,43
Probability Density,random,442,39
Probability Density,random,443,27
Probability Density,random,444,37
Probability Density,random,445,47
Probability Density,random,446,49
Probability Density,random,447,49
Probability Density,random,448,31
Probability Density,random,449,36
Probability Density,random,450,37
Probability Density,random,451,60
Probability Density,random,452,46
Probability Density,random,453,55
Probability Density,random,454,31
Probability Density,random,455,28
Probability Density,random,456,41
Probability Density,random,457,53
Probability Density,random,458,39
Probability Density,random,459,31
Probability Density,random,460,43
Probability Density,random,461,44
Probability Density,random,462,51
Probability Density,random,463,39
Probability Density,random,464,48
Probability Density,random,465,38
Probability Density,random,466,46
Probability Density,random,467,49
Probability Density,random,468,50
Probability Density,random,469,47
Probability Density,random,470,38
Probability Density,random,471,39
Probability Density,random,472,35
Probability Density,random,473,50
Probability Density,random,474,38
Probability Density,random,475,51
Probability Density,random,476,35
Probability Density,random,477,35
Probability Density,random,478,50
Probability Density,random,479,45
Probability Density,random,480,50
Probability Density,random,481,39
Probability Density,random,482,62
Probability Density,random,483,55
Probability Density,random,484,39
Probability Density,random,485,28
Probability Density,random,486,38
Probability Density,random,487,39
Probability Density,random,488,42
Probability Density,random,489,56
Probability Density,random,490,37
Probability Density,random,491,43
Probability Density,random,492,29
Probability Density,random,493,39
Probability Density,random,494,52
Probability Density,random,495,36
Probability Density,random,496,43
Probability Density,random,497,42
Probability Density,random,498,49
Probability Density,random,499,47
Probability Density,random,500,60
Probability Density,random,501,57
Probability Density,random,502,42
Probability Density,random,503,51
Probability Density,random,504,46
Probability Density,random,505,58
Probability Density,random,506,45
Probability Density,random,507,44
Probability Density,random,508,48
Probability Density,random,509,54
Probability Density,random,510,46
Probability Density,random,511,63
Probability Density,random,512,41
Probability Density,random,513,29
Probability Density,random,514,40
Probability Density,random,515,40
Probability Density,random,516,52
Probability Density,random,517,58
Probability Density,random,518,41
Probability Density,random,519,28
Probability Density,random,520,39
Probability Density,random,521,53
Probability Density,random,522,48
Probability Density,random,523,53
Probability Density,random,524,51
Probability Density,random,525,44
Probability Density,random,526,49
Probability Density,random,527,48
Probability Density,random,528,58
Probability Density,random,529,40
Probability Density,random,530,35
Probability Density,random,531,55
Probability Density,random,532,45
Probability Density,random,533,41
Probability Density,random,534,65
Probability Density,random,535,53
Probability Density,random,536,50
Probability Density,random,537,28
Probability Density,random,538,40
Probability Density,random,539,44
Probability Density,random,540,45
Probability Density,random,541,47
Probability Density,random,542,30
Probability Density,random,543,33
Probability Density,random,544,40
Probability Density,random,545,43
Probability Density,random,546,27
Probability Density,random,547,35
Probability Density,random,548,36
Probability Density,random,549,45
Probability Density,random,550,30
Probability Density,random,551,54
Probability Density,random,552,42
Probability Density,random,553,33
Probability Density,random,554,43
Probability Density,random,555,40
Probability Density,random,556,64
Probability Density,random,557,30
Probability Density,random,558,31
Probability Density,random,559,36
Probability Density,random,560,33
Probability Density,random,561,50
Probability Density,random,562,48
Probability Density,random,563,46
Probability Density,random,564,42
Probability Density,random,565,46
Probability Density,random,566,46
Probability Density,random,567,44
Probability Density,random,568,40
Probability Density,random,569,34
Probability Density,random,570,48
Probability Density,random,571,37
Probability Density,random,572,36
Probability Density,random,573,61
Probability Density,random,574,54
Probability Density,random,575,37
Probability Density,random,576,41
Probability Density,random,577,43
Probability Density,random,578,41
Probability Density,random,579,44
Probability Density,random,580,50
Probability Density,random,581,35
Probability Density,random,582,34
Probability Density,random,583,45
Probability Density,random,584,29
Probability Density,random,585,55
Probability Density,random,586,47
Probability Density,random,587,39
Probability Density,random,588,67
Probability Density,random,589,57
Probability Density,random,590,42
Probability Density,random,591,41
Probability Density,random,592,39
Probability Density,random,593,36
Probability Density,random,594,45
Probability Density,random,595,47
Probability Density,random,596,43
Probability Density,random,597,48
Probability Density,random,598,51
Probability Density,random,599,67
Probability Density,random,600,31
Probability Density,random,601,41
Probability Density,random,602,49
Probability Density,random,603,66
Probability Density,random,604,62
Probability Density,random,605,44
Probability Density,random,606,45
Probability Density,random,607,36
Probability Density,random,608,34
Probability Density,random,609,50
Probability Density,random,610,37
Probability Density,random,611,39
Probability Density,random,612,33
Probability Density,random,613,38
Probability Density,random,614,42
Probability Density,random,615,55
Probability Density,random,616,45
Probability Density,random,617,42
Probability Density,random,618,47
Probability Density,random,619,44
Probability Density,random,620,46
Probability Density,random,621,43
Probability Density,random,622,52
Probability Density,random,623,62
Probability Density,random,624,32
Probability Density,random,625,42
Probability Density,random,626,41
Probability Density,random,627,36
Probability Density,random,628,39
Probability Density,random,629,33
Probability Density,random,630,66
Probability Density,random,631,42
Probability Density,random,632,44
Probability Density,random,633,27
Probability Density,random,634,56
Probability Density,random,635,40
Probability Density,random,636,38
Probability Density,random,637,41
Probability Density,random,638,65
Probability Density,random,639,43
Probability Density,random,640,35
Probability Density,random,641,64
Probability Density,random,642,33
Probability Density,random,643,45
Probability Density,random,644,53
Probability Density,random,645,41
Probability Density,random,646,44
Probability Density,random,647,64
Probability Density,random,648,31
Probability Density,random,649,44
Probability Density,random,650,66
Probability Density,random,651,38
Probability Density,random,652,42
Probability Density,random,653,37
Probability Density,random,654,36
Probability Density,random,655,40
Probability Density,random,656,33
Probability Density,random,657,59
Probability Density,random,658,53
Probability Density,random,659,39
Probability Density,random,660,44
Probability Density,random,661,35
Probability Density,random,662,41
Probability Density,random,663,48
Probability Density,random,664,36
Probability Density,random,665,37
Probability Density,random,666,39
Probability Density,random,667,35
Probability Density,random,668,45
Probability Density,random,669,41
Probability Density,random,670,48
Probability Density,random,671,53
Probability Density,random,672,52
Probability Density,random,673,60
Probability Density,random,674,52
Probability Density,random,675,29
Probability Density,random,676,30
Probability Density,random,677,61
Probability Density,random,678,35
Probability Density,random,679,29
Probability Density,random,680,49
Probability Density,random,681,47
Probability Density,random,682,37
Probability Density,random,683,29
Probability Density,random,684,45
Probability Density,random,685,30
Probability Density,random,686,38
Probability Density,random,687,37
Probability Density,random,688,64
Probability Density,random,689,44
Probability Density,random,690,45
Probability Density,random,691,29
Probability Density,random,692,61
Probability Density,random,693,45
Probability Density,random,694,30
Probability Density,random,695,31
Probability Density,random,696,32
Probability Density,random,697,50
Probability Density,random,698,50
Probability Density,random,699,51
Probability Density,random,700,28
Probability Density,random,701,66
Probability Density,random,702,35
Probability Density,random,703,45
Probability Density,random,704,51
Probability Density,random,705,29
Probability Density,random,706,45
Probability Density,random,707,52
Probability Density,random,708,52
Probability Density,random,709,42
Probability Density,random,710,50
Probability Density,random,711,58
Probability Density,random,712,41
Probability Density,random,713,43
Probability Density,random,714,42
Probability Density,random,715,32
Probability Density,random,716,53
Probability Density,random,717,44
Probability Density,random,718,42
Probability Density,random,719,66
Probability Density,random,720,58
Probability Density,random,721,45
Probability Density,random,722,39
Probability Density,random,723,35
Probability Density,random,724,47
Probability Density,random,725,32
Probability Density,random,726,52
Probability Density,random,727,51
Probability Density,random,728,46
Probability Density,random,729,62
Probability Density,random,730,29
Probability Density,random,731,47
Probability Density,random,732,42
Probability Density,random,733,49
Probability Density,random,734,46
Probability Density,random,735,58
Probability Density,random,736,47
Probability Density,random,737,43
Probability Density,random,738,39
Probability Density,random,739,39
Probability Density,random,740,58
Probability Density,random,741,62
Probability Density,random,742,52
Probability Density,random,743,31
Probability Density,random,744,33
Probability Density,random,745,44
Probability Density,random,746,63
Probability Density,random,747,34
Probability Density,random,748,47
Probability Density,random,749,63
Probability Density,random,750,56
Probability Density,random,751,35
Probability Density,random,752,32
Probability Density,random,753,43
Probability Density,random,754,44
Probability Density,random,755,35
Probability Density,random,756,47
Probability Density,random,757,40
Probability Density,random,758,34
Probability Density,random,759,51
Probability Density,random,760,48
Probability Density,random,761,60
Probability Density,random,762,26
Probability Density,random,763,58
Probability Density,random,764,43
Probability Density,random,765,50
Probability Density,random,766,49
Probability Density,random,767,63
Probability Density,random,768,57
Probability Density,random,769,32
Probability Density,random,770,37
Probability Density,random,771,54
Probability Density,random,772,26
Probability Density,random,773,40
Probability Density,random,774,54
Probability Density,random,775,44
Probability Density,random,776,54
Probability Density,random,777,39
Probability Density,random,778,58
Probability Density,random,779,44
Probability Density,random,780,54
Probability Density,random,781,54
Probability Density,random,782,44
Probability Density,random,783,47
Probability Density,random,784,66
Probability Density,random,785,39
Probability Density,random,786,47
Probability Density,random,787,59
Probability Density,random,788,47
Probability Density,random,789,48
Probability Density,random,790,45
Probability Density,random,791,34
Probability Density,random,792,38
Probability Density,random,793,51
Probability Density,random,794,39
Probability Density,random,795,61
Probability Density,random,796,51
Probability Density,random,797,52
Probability Density,random,798,46
Probability Density,random,799,38
Probability Density,random,800,49
Probability Density,random,801,53
Probability Density,random,802,37
Probability Density,random,803,61
Probability Density,random,804,42
Probability Density,random,805,56
Probability Density,random,806,45
Probability Density,random,807,29
Probability Density,random,808,49
Probability Density,random,809,47
Probability Density,random,810,41
Probability Density,random,811,26
Probability Density,random,812,42
Probability Density,random,813,44
Probability Density,random,814,52
Probability Density,random,815,50
Probability Density,random,816,35
Probability Density,random,817,33
Probability Density,random,818,52
Probability Density,random,819,40
Probability Density,random,820,54
Probability Density,random,821,43
Probability Density,random,822,50
Probability Density,random,823,32
Probability Density,random,824,40
Probability Density,random,825,51
Probability Density,random,826,34
Probability Density,random,827,47
Probability Density,random,828,52
Probability Density,random,829,59
Probability Density,random,830,58
Probability Density,random,831,48
Probability Density,random,832,44
Probability Density,random,833,49
Probability Density,random,834,52
Probability Density,random,835,51
Probability Density,random,836,41
Probability Density,random,837,42
Probability Density,random,838,49
Probability Density,random,839,48
Probability Density,random,840,43
Probability Density,random,841,36
Probability Density,random,842,49
Probability Density,random,843,46
Probability Density,random,844,62
Probability Density,random,845,37
Probability Density,random,846,44
Probability Density,random,847,36
Probability Density,random,848,41
Probability Density,random,849,49
Probability Density,random,850,38
Probability Density,random,851,44
Probability Density,random,852,59
Probability Density,random,853,49
Probability Density,random,854,30
Probability Density,random,855,38
Probability Density,random,856,37
Probability Density,random,857,52
Probability Density,random,858,54
Probability Density,random,859,43
Probability Density,random,860,40
Probability Density,random,861,39
Probability Density,random,862,40
Probability Density,random,863,50
Probability Density,random,864,37
Probability Density,random,865,58
Probability Density,random,866,47
Probability Density,random,867,52
Probability Density,random,868,36
Probability Density,random,869,45
Probability Density,random,870,64
Probability Density,random,871,64
Probability Density,random,872,56
Probability Density,random,873,34
Probability Density,random,874,56
Probability Density,random,875,62
Probability Density,random,876,46
Probability Density,random,877,57
Probability Density,random,878,50
Probability Density,random,879,51
Probability Density,random,880,40
Probability Density,random,881,36
Probability Density,random,882,53
Probability Density,random,883,34
Probability Density,random,884,50
Probability Density,random,885,58
Probability Density,random,886,51
Probability Density,random,887,44
Probability Density,random,888,71
Probability Density,random,889,45
Probability Density,random,890,42
Probability Density,random,891,49
Probability Density,random,892,56
Probability Density,random,893,43
Probability Density,random,894,37
Probability Density,random,895,37
Probability Density,random,896,27
Probability Density,random,897,60
Probability Density,random,898,30
Probability Density,random,899,60
Probability Density,random,900,57
Probability Density,random,901,42
Probability Density,random,902,49
Probability Density,random,903,48
Probability Density,random,904,35
Probability Density,random,905,44
Probability Density,random,906,40
Probability Density,random,907,36
Probability Density,random,908,45
Probability Density,random,909,44
Probability Density,random,910,44
Probability Density,random,911,42
Probability Density,random,912,50
Probability Density,random,913,32
Probability Density,random,914,38
Probability Density,random,915,51
Probability Density,random,916,43
Probability Density,random,917,34
Probability Density,random,918,51
Probability Density,random,919,39
Probability Density,random,920,47
Probability Density,random,921,43
Probability Density,random,922,31
Probability Density,random,923,54
Probability Density,random,924,54
Probability Density,random,925,62
Probability Density,random,926,47
Probability Density,random,927,55
Probability Density,random,928,26
Probability Density,random,929,42
Probability Density,random,930,50
Probability Density,random,931,52
Probability Density,random,932,35
Probability Density,random,933,53
Probability Density,random,934,35
Probability Density,random,935,40
Probability Density,random,936,43
Probability Density,random,937,53
Probability Density,random,938,47
Probability Density,random,939,28
Probability Density,random,940,58
Probability Density,random,941,43
Probability Density,random,942,48
Probability Density,random,943,29
Probability Density,random,944,32
Probability Density,random,945,34
Probability Density,random,946,52
Probability Density,random,947,48
Probability Density,random,948,40
Probability Density,random,949,30
Probability Density,random,950,43
Probability Density,random,951,52
Probability Density,random,952,36
Probability Density,random,953,49
Probability Density,random,954,50
Probability Density,random,955,34
Probability Density,random,956,38
Probability Density,random,957,42
Probability Density,random,958,45
Probability Density,random,959,39
Probability Density,random,960,38
Probability Density,random,961,46
Probability Density,random,962,58
Probability Density,random,963,46
Probability Density,random,964,48
Probability Density,random,965,55
Probability Density,random,966,38
Probability Density,random,967,51
Probability Density,random,968,37
Probability Density,random,969,61
Probability Density,random,970,45
Probability Density,random,971,44
Probability Density,random,972,47
Probability Density,random,973,50
Probability Density,random,974,47
Probability Density,random,975,45
Probability Density,random,976,41
Probability Density,random,977,44
Probability Density,random,978,34
Probability Density,random,979,44
Probability Density,random,980,51
Probability Density,random,981,51
Probability Density,random,982,44
Probability Density,random,983,38
Probability Density,random,984,46
Probability Density,random,985,37
Probability Density,random,986,40
Probability Density,random,987,54
Probability Density,random,988,40
Probability Density,random,989,41
Probability Density,random,990,52
Probability Density,random,991,35
Probability Density,random,992,51
Probability Density,random,993,35
Probability Density,random,994,42
Probability Density,random,995,55
Probability Density,random,996,50
Probability Density,random,997,72
Probability Density,random,998,36
Probability Density,random,999,59
Probability Density,random,1000,49
Probability Density,random,1001,48
Probability Density,random,1002,47
Probability Density,random,1003,50
Probability Density,random,1004,61
Probability Density,random,1005,36
Probability Density,random,1006,51
Probability Density,random,1007,51
Probability Density,random,1008,66
Probability Density,random,1009,53
Probability Density,random,1010,32
Probability Density,random,1011,44
Probability Density,random,1012,29
Probability Density,random,1013,43
Probability Density,random,1014,55
Probability Density,random,1015,50
Probability Density,random,1016,51
Probability Density,random,1017,33
Probability Density,random,1018,37
Probability Density,random,1019,42
Probability Density,random,1020,37
Probability Density,random,1021,52
Probability Density,random,1022,40
Probability Density,random,1023,29
Probability Density,random,1024,50
Probability Density,random,1025,50
Probability Density,random,1026,56
Probability Density,random,1027,45
Probability Density,random,1028,49
Probability Density,random,1029,46
Probability Density,random,1030,36
Probability Density,random,1031,48
Probability Density,random,1032,57
Probability Density,random,1033,43
Probability Density,random,1034,69
Probability Density,random,1035,46
Probability Density,random,1036,35
Probability Density,random,1037,30
Probability Density,random,1038,34
Probability Density,random,1039,30
Probability Density,random,1040,53
Probability Density,random,1041,47
Probability Density,random,1042,39
Probability Density,random,1043,30
Probability Density,random,1044,33
Probability Density,random,1045,39
Probability Density,random,1046,47
Probability Density,random,1047,38
Probability Density,random,1048,48
Probability Density,random,1049,43
Probability Density,random,1050,48
Probability Density,random,1051,54
Probability Density,random,1052,38
Probability Density,random,1053,58
Probability Density,random,1054,34
Probability Density,random,1055,47
Probability Density,random,1056,38
Probability Density,random,1057,49
Probability Density,random,1058,46
Probability Density,random,1059,34
Probability Density,random,1060,50
Probability Density,random,1061,63
Probability Density,random,1062,53
Probability Density,random,1063,41
Probability Density,random,1064,45
Probability Density,random,1065,43
Probability Density,random,1066,42
Probability Density,random,1067,66
Probability Density,random,1068,46
Probability Density,random,1069,57
Probability Density,random,1070,58
Probability Density,random,1071,59
Probability Density,random,1072,36
Probability Density,random,1073,33
Probability Density,random,1074,37
Probability Density,random,1075,43
Probability Density,random,1076,56
Probability Density,random,1077,53
Probability Density,random,1078,61
Probability Density,random,1079,54
Probability Density,random,1080,61
Probability Density,random,1081,37
Probability Density,random,1082,31
Probability Density,random,1083,31
Probability Density,random,1084,33
Probability Density,random,1085,55
Probability Density,random,1086,39
Probability Density,random,1087,55
Probability Density,random,1088,34
Probability Density,random,1089,44
Probability Density,random,1090,57
Probability Density,random,1091,51
Probability Density,random,1092,40
Probability Density,random,1093,57
Probability Density,random,1094,22
Probability Density,random,1095,32
Probability Density,random,1096,35
Probability Density,random,1097,50
Probability Density,random,1098,52
Probability Density,random,1099,57
Probability Density,random,1100,31
Probability Density,random,1101,42
Probability Density,random,1102,34
Probability Density,random,1103,40
Probability Density,random,1104,44
Probability Density,random,1105,41
Probability Density,random,1106,45
Probability Density,random,1107,36
Probability Density,random,1108,41
Probability Density,random,1109,38
Probability Density,random,1110,44
Probability Density,random,1111,48
Probability Density,random,1112,35
Probability Density,random,1113,50
Probability Density,random,1114,40
Probability Density,random,1115,39
Probability Density,random,1116,36
Probability Density,random,1117,44
Probability Density,random,1118,46
Probability Density,random,1119,56
Probability Density,random,1120,53
Probability Density,random,1121,39
Probability Density,random,1122,48
Probability Density,random,1123,41
Probability Density,random,1124,63
Probability Density,random,1125,42
Probability Density,random,1126,41
Probability Density,random,1127,47
Probability Density,random,1128,38
Probability Density,random,1129,37
Probability Density,random,1130,41
Probability Density,random,1131,66
Probability Density,random,1132,47
Probability Density,random,1133,34
Probability Density,random,1134,52
Probability Density,random,1135,51
Probability Density,random,1136,47
Probability Density,random,1137,28
Probability Density,random,1138,54
Probability Density,random,1139,43
Probability Density,random,1140,42
Probability Density,random,1141,34
Probability Density,random,1142,36
Probability Density,random,1143,50
Probability Density,random,1144,36
Probability Density,random,1145,30
Probability Density,random,1146,45
Probability Density,random,1147,41
Probability Density,random,1148,59
Probability Density,random,1149,69
Probability Density,random,1150,37
Probability Density,random,1151,53
Probability Density,random,1152,30
Probability Density,random,1153,52
Probability Density,random,1154,56
Probability Density,random,1155,43
Probability Density,random,1156,45
Probability Density,random,1157,41
Probability Density,random,1158,61
Probability Density,random,1159,42
Probability Density,random,1160,54
Probability Density,random,1161,43
Probability Density,random,1162,48
Probability Density,random,1163,61
Probability Density,random,1164,40
Probability Density,random,1165,25
Probability Density,random,1166,65
Probability Density,random,1167,41
Probability Density,random,1168,27
Probability Density,random,1169,46
Probability Density,random,1170,39
Probability Density,random,1171,54
Probability Density,random,1172,37
Probability Density,random,1173,52
Probability Density,random,1174,64
Probability Density,random,1175,40
Probability Density,random,1176,61
Probability Density,random,1177,62
Probability Density,random,1178,45
Probability Density,random,1179,46
Probability Density,random,1180,32
Probability Density,random,1181,51
Probability Density,random,1182,40
Probability Density,random,1183,28
Probability Density,random,1184,52
Probability Density,random,1185,51
Probability Density,random,1186,53
Probability Density,random,1187,50
Probability Density,random,1188,37
Probability Density,random,1189,45
Probability Density,random,1190,47
Probability Density,random,1191,49
Probability Density,random,1192,46
Probability Density,random,1193,53
Probability Density,random,1194,47
Probability Density,random,1195,54
Probability Density,random,1196,41
Probability Density,random,1197,53
Probability Density,random,1198,59
Probability Density,random,1199,38
Probability Density,random,1200,64
Probability Density,random,1201,57
Probability Density,random,1202,35
Probability Density,random,1203,44
Probability Density,random,1204,42
Probability Density,random,1205,51
Probability Density,random,1206,46
Probability Density,random,1207,55
Probability Density,random,1208,33
Probability Density,random,1209,46
Probability Density,random,1210,37
Probability Density,random,1211,52
Probability Density,random,1212,51
Probability Density,random,1213,41
Probability Density,random,1214,46
Probability Density,random,1215,46
Probability Density,random,1216,37
Probability Density,random,1217,44
Probability Density,random,1218,46
Probability Density,random,1219,43
Probability Density,random,1220,34
Probability Density,random,1221,45
Probability Density,random,1222,41
Probability Density,random,1223,48
Probability Density,random,1224,47
Probability Density,random,1225,51
Probability Density,random,1226,36
Probability Density,random,1227,55
Probability Density,random,1228,37
Probability Density,random,1229,53
Probability Density,random,1230,37
Probability Density,random,1231,34
Probability Density,random,1232,57
Probability Density,random,1233,45
Probability Density,random,1234,43
Probability Density,random,1235,41
Probability Density,random,1236,52
Probability Density,random,1237,66
Probability Density,random,1238,45
Probability Density,random,1239,43
Probability Density,random,1240,43
Probability Density,random,1241,54
Probability Density,random,1242,32
Probability Density,random,1243,65
Probability Density,random,1244,41
Probability Density,random,1245,47
Probability Density,random,1246,42
Probability Density,random,1247,38
Probability Density,random,1248,47
Probability Density,random,1249,35
Probability Density,random,1250,42
Probability Density,random,1251,58
Probability Density,random,1252,54
Probability Density,random,1253,50
Probability Density,random,1254,54
Probability Density,random,1255,36
Probability Density,random,1256,60
Probability Density,random,1257,33
Probability Density,random,1258,31
Probability Density,random,1259,40
Probability Density,random,1260,49
Probability Density,random,1261,46
Probability Density,random,1262,54
Probability Density,random,1263,42
Probability Density,random,1264,29
Probability Density,random,1265,49
Probability Density,random,1266,65
Probability Density,random,1267,48
Probability Density,random,1268,60
Probability Density,random,1269,60
Probability Density,random,1270,44
Probability Density,random,1271,47
Probability Density,random,1272,38
Probability Density,random,1273,48
Probability Density,random,1274,59
Probability Density,random,1275,53
Probability Density,random,1276,50
Probability Density,random,1277,34
Probability Density,random,1278,49
Probability Density,random,1279,49
Probability Density,random,1280,35
Probability Density,random,1281,49
Probability Density,random,1282,49
Probability Density,random,1283,66
Probability Density,random,1284,40
Probability Density,random,1285,44
Probability Density,random,1286,70
Probability Density,random,1287,69
Probability Density,random,1288,38
Probability Density,random,1289,37
Probability Density,random,1290,29
Probability Density,random,1291,43
Probability Density,random,1292,46
Probability Density,random,1293,50
Probability Density,random,1294,65
Probability Density,random,1295,33
Probability Density,random,1296,39
Probability Density,random,1297,44
Probability Density,random,1298,31
Probability Density,random,1299,62
Probability Density,random,1300,36
Probability Density,random,1301,42
Probability Density,random,1302,36
Probability Density,random,1303,55
Probability Density,random,1304,36
Probability Density,random,1305,41
Probability Density,random,1306,44
Probability Density,random,1307,41
Probability Density,random,1308,34
Probability Density,random,1309,30
Probability Density,random,1310,33
Probability Density,random,1311,35
Probability Density,random,1312,33
Probability Density,random,1313,43
Probability Density,random,1314,27
Probability Density,random,1315,45
Probability Density,random,1316,38
Probability Density,random,1317,39
Probability Density,random,1318,49
Probability Density,random,1319,38
Probability Density,random,1320,31
Probability Density,random,1321,27
Probability Density,random,1322,35
Probability Density,random,1323,42
Probability Density,random,1324,59
Probability Density,random,1325,46
Probability Density,random,1326,54
Probability Density,random,1327,47
Probability Density,random,1328,37
Probability Density,random,1329,41
Probability Density,random,1330,52
Probability Density,random,1331,62
Probability Density,random,1332,52
Probability Density,random,1333,40
Probability Density,random,1334,47
Probability Density,random,1335,40
Probability Density,random,1336,49
Probability Density,random,1337,54
Probability Density,random,1338,42
Probability Density,random,1339,66
Probability Density,random,1340,40
Probability Density,random,1341,66
Probability Density,random,1342,56
Probability Density,random,1343,42
Probability Density,random,1344,49
Probability Density,random,1345,39
Probability Density,random,1346,60
Probability Density,random,1347,33
Probability Density,random,1348,58
Probability Density,random,1349,43
Probability Density,random,1350,30
Probability Density,random,1351,35
Probability Density,random,1352,36
Probability Density,random,1353,35
Probability Density,random,1354,37
Probability Density,random,1355,59
Probability Density,random,1356,65
Probability Density,random,1357,47
Probability Density,random,1358,39
Probability Density,random,1359,46
Probability Density,random,1360,44
Probability Density,random,1361,28
Probability Density,random,1362,46
Probability Density,random,1363,51
Probability Density,random,1364,42
Probability Density,random,1365,67
Probability Density,random,1366,41
Probability Density,random,1367,54
Probability Density,random,1368,48
Probability Density,random,1369,40
Probability Density,random,1370,49
Probability Density,random,1371,45
Probability Density,random,1372,30
Probability Density,random,1373,37
Probability Density,random,1374,37
Probability Density,random,1375,44
Probability Density,random,1376,44
Probability Density,random,1377,61
Probability Density,random,1378,41
Probability Density,random,1379,35
Probability Density,random,1380,40
Probability Density,random,1381,37
Probability Density,random,1382,40
Probability Density,random,1383,44
Probability Density,random,1384,46
Probability Density,random,1385,45
Probability Density,random,1386,30
Probability Density,random,1387,46
Probability Density,random,1388,41
Probability Density,random,1389,36
Probability Density,random,1390,37
Probability Density,random,1391,30
Probability Density,random,1392,47
Probability Density,random,1393,44
Probability Density,random,1394,61
Probability Density,random,1395,34
Probability Density,random,1396,42
Probability Density,random,1397,46
Probability Density,random,1398,38
Probability Density,random,1399,68
Probability Density,random,1400,51
Probability Density,random,1401,49
Probability Density,random,1402,52
Probability Density,random,1403,39
Probability Density,random,1404,39
Probability Density,random,1405,41
Probability Density,random,1406,32
Probability Density,random,1407,50
Probability Density,random,1408,43
Probability Density,random,1409,45
Probability Density,random,1410,40
Probability Density,random,1411,34
Probability Density,random,1412,43
Probability Density,random,1413,47
Probability Density,random,1414,38
Probability Density,random,1415,33
Probability Density,random,1416,41
Probability Density,random,1417,49
Probability Density,random,1418,43
Probability Density,random,1419,31
Probability Density,random,1420,57
Probability Density,random,1421,36
Probability Density,random,1422,54
Probability Density,random,1423,68
Probability Density,random,1424,72
Probability Density,random,1425,33
Probability Density,random,1426,41
Probability Density,random,1427,32
Probability Density,random,1428,66
Probability Density,random,1429,28
Probability Density,random,1430,44
Probability Density,random,1431,42
Probability Density,random,1432,31
Probability Density,random,1433,49
Probability Density,random,1434,40
Probability Density,random,1435,47
Probability Density,random,1436,51
Probability Density,random,1437,60
Probability Density,random,1438,61
Probability Density,random,1439,48
Probability Density,random,1440,44
Probability Density,random,1441,41
Probability Density,random,1442,61
Probability Density,random,1443,46
Probability Density,random,1444,46
Probability Density,random,1445,30
Probability Density,random,1446,65
Probability Density,random,1447,60
Probability Density,random,1448,35
Probability Density,random,1449,56
Probability Density,random,1450,52
Probability Density,random,1451,43
Probability Density,random,1452,50
Probability Density,random,1453,40
Probability Density,random,1454,46
Probability Density,random,1455,36
Probability Density,random,1456,35
Probability Density,random,1457,40
Probability Density,random,1458,40
Probability Density,random,1459,52
Probability Density,random,1460,50
Probability Density,random,1461,37
Probability Density,random,1462,48
Probability Density,random,1463,40
Probability Density,random,1464,36
Probability Density,random,1465,62
Probability Density,random,1466,49
Probability Density,random,1467,49
Probability Density,random,1468,39
Probability Density,random,1469,46
Probability Density,random,1470,38
Probability Density,random,1471,66
Probability Density,random,1472,45
Probability Density,random,1473,61
Probability Density,random,1474,63
Probability Density,random,1475,42
Probability Density,random,1476,40
Probability Density,random,1477,41
Probability Density,random,1478,53
Probability Density,random,1479,45
Probability Density,random,1480,44
Probability Density,random,1481,50
Probability Density,random,1482,34
Probability Density,random,1483,43
Probability Density,random,1484,31
Probability Density,random,1485,36
Probability Density,random,1486,42
Probability Density,random,1487,50
Probability Density,random,1488,43
Probability Density,random,1489,36
Probability Density,random,1490,49
Probability Density,random,1491,40
Probability Density,random,1492,37
Probability Density,random,1493,48
Probability Density,random,1494,41
Probability Density,random,1495,33
Probability Density,random,1496,41
Probability Density,random,1497,41
Probability Density,random,1498,31
Probability Density,random,1499,41
Probability Density,random,1500,34
Probability Density,random,1501,41
Probability Density,random,1502,31
Probability Density,random,1503,30
Probability Density,random,1504,33
Probability Density,random,1505,44
Probability Density,random,1506,34
Probability Density,random,1507,33
Probability Density,random,1508,37
Probability Density,random,1509,47
Probability Density,random,1510,36
Probability Density,random,1511,61
Probability Density,random,1512,39
Probability Density,random,1513,48
Probability Density,random,1514,33
Probability Density,random,1515,49
Probability Density,random,1516,57
Probability Density,random,1517,41
Probability Density,random,1518,28
Probability Density,random,1519,44
Probability Density,random,1520,36
Probability Density,random,1521,43
Probability Density,random,1522,49
Probability Density,random,1523,62
Probability Density,random,1524,50
Probability Density,random,1525,50
Probability Density,random,1526,47
Probability Density,random,1527,52
Probability Density,random,1528,53
Probability Density,random,1529,52
Probability Density,random,1530,29
Probability Density,random,1531,59
Probability Density,random,1532,40
Probability Density,random,1533,59
Probability Density,random,1534,45
Probability Density,random,1535,57
Probability Density,random,1536,54
Probability Density,random,1537,50
Probability Density,random,1538,37
Probability Density,random,1539,46
Probability Density,random,1540,52
Probability Density,random,1541,64
Probability Density,random,1542,39
Probability Density,random,1543,38
Probability Density,random,1544,58
Probability Density,random,1545,30
Probability Density,random,1546,37
Probability Density,random,1547,45
Probability Density,random,1548,37
Probability Density,random,1549,45
Probability Density,random,1550,36
Probability Density,random,1551,43
Probability Density,random,1552,43
Probability Density,random,1553,41
Probability Density,random,1554,34
Probability Density,random,1555,54
Probability Density,random,1556,51
Probability Density,random,1557,42
Probability Density,random,1558,56
Probability Density,random,1559,45
Probability Density,random,1560,42
Probability Density,random,1561,51
Probability Density,random,1562,52
Probability Density,random,1563,40
Probability Density,random,1564,41
Probability Density,random,1565,45
Probability Density,random,1566,50
Probability Density,random,1567,46
Probability Density,random,1568,38
Probability Density,random,1569,47
Probability Density,random,1570,66
Probability Density,random,1571,44
Probability Density,random,1572,31
Probability Density,random,1573,36
Probability Density,random,1574,40
Probability Density,random,1575,36
Probability Density,random,1576,37
Probability Density,random,1577,40
Probability Density,random,1578,50
Probability Density,random,1579,44
Probability Density,random,1580,35
Probability Density,random,1581,32
Probability Density,random,1582,46
Probability Density,random,1583,50
Probability Density,random,1584,36
Probability Density,random,1585,35
Probability Density,random,1586,40
Probability Density,random,1587,52
Probability Density,random,1588,33
Probability Density,random,1589,66
Probability Density,random,1590,38
Probability Density,random,1591,43
Probability Density,random,1592,37
Probability Density,random,1593,55
Probability Density,random,1594,46
Probability Density,random,1595,42
Probability Density,random,1596,47
Probability Density,random,1597,40
Probability Density,random,1598,41
Probability Density,random,1599,27
Probability Density,random,1600,30
Probability Density,random,1601,33
Probability Density,random,1602,45
Probability Density,random,1603,49
Probability Density,random,1604,33
Probability Density,random,1605,39
Probability Density,random,1606,42
Probability Density,random,1607,63
Probability Density,random,1608,63
Probability Density,random,1609,42
Probability Density,random,1610,36
Probability Density,random,1611,38
Probability Density,random,1612,37
Probability Density,random,1613,54
Probability Density,random,1614,45
Probability Density,random,1615,46
Probability Density,random,1616,33
Probability Density,random,1617,40
Probability Density,random,1618,48
Probability Density,random,1619,40
Probability Density,random,1620,45
Probability Density,random,1621,51
Probability Density,random,1622,46
Probability Density,random,1623,57
Probability Density,random,1624,31
Probability Density,random,1625,50
Probability Density,random,1626,57
Probability Density,random,1627,34
Probability Density,random,1628,40
Probability Density,random,1629,36
Probability Density,random,1630,44
Probability Density,random,1631,41
Probability Density,random,1632,37
Probability Density,random,1633,46
Probability Density,random,1634,36
Probability Density,random,1635,35
Probability Density,random,1636,45
Probability Density,random,1637,41
Probability Density,random,1638,25
Probability Density,random,1639,49
Probability Density,random,1640,50
Probability Density,random,1641,51
Probability Density,random,1642,47
Probability Density,random,1643,47
Probability Density,random,1644,54
Probability Density,random,1645,32
Probability Density,random,1646,53
Probability Density,random,1647,39
Probability Density,random,1648,37
Probability Density,random,1649,35
Probability Density,random,1650,41
Probability Density,random,1651,46
Probability Density,random,1652,39
Probability Density,random,1653,41
Probability Density,random,1654,46
Probability Density,random,1655,54
Probability Density,random,1656,44
Probability Density,random,1657,48
Probability Density,random,1658,51
Probability Density,random,1659,46
Probability Density,random,1660,38
Probability Density,random,1661,55
Probability Density,random,1662,46
Probability Density,random,1663,45
Probability Density,random,1664,35
Probability Density,random,1665,38
Probability Density,random,1666,34
Probability Density,random,1667,43
Probability Density,random,1668,46
Probability Density,random,1669,33
Probability Density,random,1670,40
Probability Density,random,1671,37
Probability Density,random,1672,57
Probability Density,random,1673,42
Probability Density,random,1674,42
Probability Density,random,1675,40
Probability Density,random,1676,61
Probability Density,random,1677,39
Probability Density,random,1678,38
Probability Density,random,1679,37
Probability Density,random,1680,54
Probability Density,random,1681,52
Probability Density,random,1682,38
Probability Density,random,1683,66
Probability Density,random,1684,35
Probability Density,random,1685,44
Probability Density,random,1686,28
Probability Density,random,1687,30
Probability Density,random,1688,55
Probability Density,random,1689,62
Probability Density,random,1690,39
Probability Density,random,1691,50
Probability Density,random,1692,51
Probability Density,random,1693,49
Probability Density,random,1694,40
Probability Density,random,1695,40
Probability Density,random,1696,35
Probability Density,random,1697,65
Probability Density,random,1698,56
Probability Density,random,1699,64
Probability Density,random,1700,39
Probability Density,random,1701,60
Probability Density,random,1702,53
Probability Density,random,1703,52
Probability Density,random,1704,44
Probability Density,random,1705,34
Probability Density,random,1706,35
Probability Density,random,1707,37
Probability Density,random,1708,38
Probability Density,random,1709,25
Probability Density,random,1710,42
Probability Density,random,1711,55
Probability Density,random,1712,57
Probability Density,random,1713,39
Probability Density,random,1714,51
Probability Density,random,1715,49
Probability Density,random,1716,34
Probability Density,random,1717,37
Probability Density,random,1718,51
Probability Density,random,1719,54
Probability Density,random,1720,35
Probability Density,random,1721,35
Probability Density,random,1722,53
Probability Density,random,1723,46
Probability Density,random,1724,48
Probability Density,random,1725,56
Probability Density,random,1726,51
Probability Density,random,1727,39
Probability Density,random,1728,58
Probability Density,random,1729,31
Probability Density,random,1730,43
Probability Density,random,1731,35
Probability Density,random,1732,32
Probability Density,random,1733,40
Probability Density,random,1734,49
Probability Density,random,1735,44
Probability Density,random,1736,31
Probability Density,random,1737,62
Probability Density,random,1738,51
Probability Density,random,1739,54
Probability Density,random,1740,45
Probability Density,random,1741,40
Probability Density,random,1742,39
Probability Density,random,1743,40
Probability Density,random,1744,43
Probability Density,random,1745,22
Probability Density,random,1746,63
Probability Density,random,1747,45
Probability Density,random,1748,35
Probability Density,random,1749,56
Probability Density,random,1750,49
Probability Density,random,1751,40
Probability Density,random,1752,52
Probability Density,random,1753,48
Probability Density,random,1754,53
Probability Density,random,1755,35
Probability Density,random,1756,39
Probability Density,random,1757,56
Probability Density,random,1758,43
Probability Density,random,1759,46
Probability Density,random,1760,46
Probability Density,random,1761,37
Probability Density,random,1762,53
Probability Density,random,1763,64
Probability Density,random,1764,42
Probability Density,random,1765,35
Probability Density,random,1766,46
Probability Density,random,1767,40
Probability Density,random,1768,50
Probability Density,random,1769,58
Probability Density,random,1770,51
Probability Density,random,1771,68
Probability Density,random,1772,65
Probability Density,random,1773,37
Probability Density,random,1774,31
Probability Density,random,1775,39
Probability Density,random,1776,49
Probability Density,random,1777,42
Probability Density,random,1778,49
Probability Density,random,1779,48
Probability Density,random,1780,54
Probability Density,random,1781,31
Probability Density,random,1782,40
Probability Density,random,1783,51
Probability Density,random,1784,41
Probability Density,random,1785,41
Probability Density,random,1786,55
Probability Density,random,1787,35
Probability Density,random,1788,53
Probability Density,random,1789,44
Probability Density,random,1790,48
Probability Density,random,1791,35
Probability Density,random,1792,37
Probability Density,random,1793,49
Probability Density,random,1794,41
Probability Density,random,1795,42
Probability Density,random,1796,48
Probability Density,random,1797,35
Probability Density,random,1798,27
Probability Density,random,1799,39
Probability Density,random,1800,34
Probability Density,random,1801,41
Probability Density,random,1802,38
Probability Density,random,1803,38
Probability Density,random,1804,60
Probability Density,random,1805,50
Probability Density,random,1806,43
Probability Density,random,1807,36
Probability Density,random,1808,34
Probability Density,random,1809,39
Probability Density,random,1810,49
Probability Density,random,1811,62
Probability Density,random,1812,52
Probability Density,random,1813,38
Probability Density,random,1814,43
Probability Density,random,1815,37
Probability Density,random,1816,38
Probability Density,random,1817,48
Probability Density,random,1818,46
Probability Density,random,1819,42
Probability Density,random,1820,47
Probability Density,random,1821,34
Probability Density,random,1822,31
Probability Density,random,1823,36
Probability Density,random,1824,51
Probability Density,random,1825,45
Probability Density,random,1826,45
Probability Density,random,1827,40
Probability Density,random,1828,40
Probability Density,random,1829,53
Probability Density,random,1830,60
Probability Density,random,1831,50
Probability Density,random,1832,43
Probability Density,random,1833,51
Probability Density,random,1834,50
Probability Density,random,1835,46
Probability Density,random,1836,24
Probability Density,random,1837,49
Probability Density,random,1838,50
Probability Density,random,1839,44
Probability Density,random,1840,50
Probability Density,random,1841,44
Probability Density,random,1842,40
Probability Density,random,1843,40
Probability Density,random,1844,37
Probability Density,random,1845,41
Probability Density,random,1846,62
Probability Density,random,1847,48
Probability Density,random,1848,41
Probability Density,random,1849,35
Probability Density,random,1850,41
Probability Density,random,1851,50
Probability Density,random,1852,52
Probability Density,random,1853,42
Probability Density,random,1854,43
Probability Density,random,1855,46
Probability Density,random,1856,27
Probability Density,random,1857,60
Probability Density,random,1858,62
Probability Density,random,1859,43
Probability Density,random,1860,63
Probability Density,random,1861,36
Probability Density,random,1862,29
Probability Density,random,1863,59
Probability Density,random,1864,49
Probability Density,random,1865,43
Probability Density,random,1866,51
Probability Density,random,1867,26
Probability Density,random,1868,29
Probability Density,random,1869,42
Probability Density,random,1870,45
Probability Density,random,1871,29
Probability Density,random,1872,49
Probability Density,random,1873,37
Probability Density,random,1874,36
Probability Density,random,1875,41
Probability Density,random,1876,40
Probability Density,random,1877,37
Probability Density,random,1878,42
Probability Density,random,1879,45
Probability Density,random,1880,50
Probability Density,random,1881,40
Probability Density,random,1882,24
Probability Density,random,1883,48
Probability Density,random,1884,51
Probability Density,random,1885,55
Probability Density,random,1886,49
Probability Density,random,1887,61
Probability Density,random,1888,41
Probability Density,random,1889,28
Probability Density,random,1890,42
Probability Density,random,1891,47
Probability Density,random,1892,55
Probability Density,random,1893,51
Probability Density,random,1894,49
Probability Density,random,1895,38
Probability Density,random,1896,30
Probability Density,random,1897,27
Probability Density,random,1898,51
Probability Density,random,1899,37
Probability Density,random,1900,49
Probability Density,random,1901,46
Probability Density,random,1902,44
Probability Density,random,1903,39
Probability Density,random,1904,50
Probability Density,random,1905,46
Probability Density,random,1906,52
Probability Density,random,1907,40
Probability Density,random,1908,43
Probability Density,random,1909,43
Probability Density,random,1910,39
Probability Density,random,1911,44
Probability Density,random,1912,39
Probability Density,random,1913,37
Probability Density,random,1914,52
Probability Density,random,1915,50
Probability Density,random,1916,39
Probability Density,random,1917,38
Probability Density,random,1918,57
Probability Density,random,1919,43
Probability Density,random,1920,37
Probability Density,random,1921,62
Probability Density,random,1922,44
Probability Density,random,1923,53
Probability Density,random,1924,40
Probability Density,random,1925,64
Probability Density,random,1926,39
Probability Density,random,1927,42
Probability Density,random,1928,56
Probability Density,random,1929,47
Probability Density,random,1930,55
Probability Density,random,1931,44
Probability Density,random,1932,57
Probability Density,random,1933,46
Probability Density,random,1934,57
Probability Density,random,1935,44
Probability Density,random,1936,37
Probability Density,random,1937,63
Probability Density,random,1938,50
Probability Density,random,1939,46
Probability Density,random,1940,37
Probability Density,random,1941,54
Probability Density,random,1942,63
Probability Density,random,1943,55
Probability Density,random,1944,35
Probability Density,random,1945,36
Probability Density,random,1946,62
Probability Density,random,1947,30
Probability Density,random,1948,46
Probability Density,random,1949,47
Probability Density,random,1950,61
Probability Density,random,1951,63
Probability Density,random,1952,45
Probability Density,random,1953,53
Probability Density,random,1954,62
Probability Density,random,1955,36
Probability Density,random,1956,50
Probability Density,random,1957,47
Probability Density,random,1958,38
Probability Density,random,1959,35
Probability Density,random,1960,51
Probability Density,random,1961,56
Probability Density,random,1962,48
Probability Density,random,1963,53
Probability Density,random,1964,50
Probability Density,random,1965,52
Probability Density,random,1966,33
Probability Density,random,1967,47
Probability Density,random,1968,49
Probability Density,random,1969,36
Probability Density,random,1970,49
Probability Density,random,1971,38
Probability Density,random,1972,48
Probability Density,random,1973,52
Probability Density,random,1974,26
Probability Density,random,1975,26
Probability Density,random,1976,35
Probability Density,random,1977,51
Probability Density,random,1978,44
Probability Density,random,1979,36
Probability Density,random,1980,38
Probability Density,random,1981,48
Probability Density,random,1982,37
Probability Density,random,1983,42
Probability Density,random,1984,42
Probability Density,random,1985,36
Probability Density,random,1986,55
Probability Density,random,1987,47
Probability Density,random,1988,55
Probability Density,random,1989,47
Probability Density,random,1990,61
Probability Density,random,1991,50
Probability Density,random,1992,45
Probability Density,random,1993,60
Probability Density,random,1994,65
Probability Density,random,1995,43
Probability Density,random,1996,42
Probability Density,random,1997,39
Probability Density,random,1998,33
Probability Density,random,1999,38
Probability Density,random,2000,49
Probability Density,random,2001,46
Probability Density,random,2002,36
Probability Density,random,2003,42
Probability Density,random,2004,38
Probability Density,random,2005,40
Probability Density,random,2006,53
Probability Density,random,2007,40
Probability Density,random,2008,47
Probability Density,random,2009,47
Probability Density,random,2010,51
Probability Density,random,2011,38
Probability Density,random,2012,33
Probability Density,random,2013,67
Probability Density,random,2014,26
Probability Density,random,2015,59
Probability Density,random,2016,42
Probability Density,random,2017,43
Probability Density,random,2018,40
Probability Density,random,2019,57
Probability Density,random,2020,63
Probability Density,random,2021,42
Probability Density,random,2022,44
Probability Density,random,2023,52
Probability Density,random,2024,61
Probability Density,random,2025,47
Probability Density,random,2026,38
Probability Density,random,2027,46
Probability Density,random,2028,46
Probability Density,random,2029,47
Probability Density,random,2030,69
Probability Density,random,2031,42
Probability Density,random,2032,37
Probability Density,random,2033,58
Probability Density,random,2034,49
Probability Density,random,2035,62
Probability Density,random,2036,35
Probability Density,random,2037,31
Probability Density,random,2038,49
Probability Density,random,2039,50
Probability Density,random,2040,35
Probability Density,random,2041,56
Probability Density,random,2042,29
Probability Density,random,2043,62
Probability Density,random,2044,48
Probability Density,random,2045,42
Probability Density,random,2046,40
Probability Density,random,2047,56
Probability Density,random,2048,41
Probability Density,random,2049,46
Probability Density,random,2050,48
Probability Density,random,2051,32
Probability Density,random,2052,48
Probability Density,random,2053,53
Probability Density,random,2054,46
Probability Density,random,2055,35
Probability Density,random,2056,55
Probability Density,random,2057,44
Probability Density,random,2058,36
Probability Density,random,2059,49
Probability Density,random,2060,48
Probability Density,random,2061,28
Probability Density,random,2062,45
Probability Density,random,2063,37
Probability Density,random,2064,65
Probability Density,random,2065,46
Probability Density,random,2066,38
Probability Density,random,2067,43
Probability Density,random,2068,69
Probability Density,random,2069,36
Probability Density,random,2070,65
Probability Density,random,2071,39
Probability Density,random,2072,45
Probability Density,random,2073,49
Probability Density,random,2074,53
Probability Density,random,2075,34
Probability Density,random,2076,52
Probability Density,random,2077,38
Probability Density,random,2078,57
Probability Density,random,2079,52
Probability Density,random,2080,62
Probability Density,random,2081,42
Probability Density,random,2082,56
Probability Density,random,2083,40
Probability Density,random,2084,67
Probability Density,random,2085,40
Probability Density,random,2086,35
Probability Density,random,2087,35
Probability Density,random,2088,42
Probability Density,random,2089,63
Probability Density,random,2090,36
Probability Density,random,2091,45
Probability Density,random,2092,41
Probability Density,random,2093,32
Probability Density,random,2094,45
Probability Density,random,2095,52
Probability Density,random,2096,41
Probability Density,random,2097,42
Probability Density,random,2098,46
Probability Density,random,2099,37
Probability Density,random,2100,44
Probability Density,random,2101,49
Probability Density,random,2102,51
Probability Density,random,2103,53
Probability Density,random,2104,50
Probability Density,random,2105,47
Probability Density,random,2106,32
Probability Density,random,2107,48
Probability Density,random,2108,43
Probability Density,random,2109,40
Probability Density,random,2110,47
Probability Density,random,2111,45
Probability Density,random,2112,46
Probability Density,random,2113,52
Probability Density,random,2114,41
Probability Density,random,2115,46
Probability Density,random,2116,42
Probability Density,random,2117,39
Probability Density,random,2118,49
Probability Density,random,2119,46
Probability Density,random,2120,38
Probability Density,random,2121,52
Probability Density,random,2122,48
Probability Density,random,2123,39
Probability Density,random,2124,42
Probability Density,random,2125,35
Probability Density,random,2126,57
Probability Density,random,2127,38
Probability Density,random,2128,48
Probability Density,random,2129,52
Probability Density,random,2130,34
Probability Density,random,2131,45
Probability Density,random,2132,51
Probability Density,random,2133,36
Probability Density,random,2134,33
Probability Density,random,2135,44
Probability Density,random,2136,44
Probability Density,random,2137,70
Probability Density,random,2138,36
Probability Density,random,2139,45
Probability Density,random,2140,42
Probability Density,random,2141,53
Probability Density,random,2142,40
Probability Density,random,2143,38
Probability Density,random,2144,51
Probability Density,random,2145,51
Probability Density,random,2146,45
Probability Density,random,2147,42
Probability Density,random,2148,39
Probability Density,random,2149,43
Probability Density,random,2150,37
Probability Density,random,2151,44
Probability Density,random,2152,51
Probability Density,random,2153,62
Probability Density,random,2154,43
Probability Density,random,2155,41
Probability Density,random,2156,61
Probability Density,random,2157,41
Probability Density,random,2158,55
Probability Density,random,2159,52
Probability Density,random,2160,44
Probability Density,random,2161,47
Probability Density,random,2162,52
Probability Density,random,2163,48
Probability Density,random,2164,33
Probability Density,random,2165,37
Probability Density,random,2166,46
Probability Density,random,2167,39
Probability Density,random,2168,34
Probability Density,random,2169,38
Probability Density,random,2170,35
Probability Density,random,2171,59
Probability Density,random,2172,45
Probability Density,random,2173,45
Probability Density,random,2174,41
Probability Density,random,2175,40
Probability Density,random,2176,49
Probability Density,random,2177,42
Probability Density,random,2178,39
Probability Density,random,2179,38
Probability Density,random,2180,50
Probability Density,random,2181,50
Probability Density,random,2182,41
Probability Density,random,2183,35
Probability Density,random,2184,59
Probability Density,random,2185,39
Probability Density,random,2186,36
Probability Density,random,2187,56
Probability Density,random,2188,61
Probability Density,random,2189,41
Probability Density,random,2190,38
Probability Density,random,2191,46
Probability Density,random,2192,39
Probability Density,random,2193,58
Probability Density,random,2194,30
Probability Density,random,2195,57
Probability Density,random,2196,37
Probability Density,random,2197,50
Probability Density,random,2198,34
Probability Density,random,2199,49
Probability Density,random,2200,44
Probability Density,random,2201,47
Probability Density,random,2202,49
Probability Density,random,2203,47
Probability Density,random,2204,38
Probability Density,random,2205,43
Probability Density,random,2206,32
Probability Density,random,2207,44
Probability Density,random,2208,41
Probability Density,random,2209,60
Probability Density,random,2210,41
Probability Density,random,2211,29
Probability Density,random,2212,53
Probability Density,random,2213,51
Probability Density,random,2214,53
Probability Density,random,2215,51
Probability Density,random,2216,35
Probability Density,random,2217,62
Probability Density,random,2218,42
Probability Density,random,2219,27
Probability Density,random,2220,49
Probability Density,random,2221,53
Probability Density,random,2222,58
Probability Density,random,2223,48
Probability Density,random,2224,44
Probability Density,random,2225,34
Probability Density,random,2226,33
Probability Density,random,2227,52
Probability Density,random,2228,40
Probability Density,random,2229,43
Probability Density,random,2230,47
Probability Density,random,2231,51
Probability Density,random,2232,60
Probability Density,random,2233,33
Probability Density,random,2234,35
Probability Density,random,2235,65
Probability Density,random,2236,56
Probability Density,random,2237,44
Probability Density,random,2238,41
Probability Density,random,2239,35
Probability Density,random,2240,47
Probability Density,random,2241,33
Probability Density,random,2242,48
Probability Density,random,2243,42
Probability Density,random,2244,44
Probability Density,random,2245,36
Probability Density,random,2246,53
Probability Density,random,2247,45
Probability Density,random,2248,34
Probability Density,random,2249,30
Probability Density,random,2250,37
Probability Density,random,2251,36
Probability Density,random,2252,48
Probability Density,random,2253,58
Probability Density,random,2254,56
Probability Density,random,2255,47
Probability Density,random,2256,54
Probability Density,random,2257,40
Probability Density,random,2258,28
Probability Density,random,2259,39
Probability Density,random,2260,34
Probability Density,random,2261,46
Probability Density,random,2262,35
Probability Density,random,2263,36
Probability Density,random,2264,49
Probability Density,random,2265,49
Probability Density,random,2266,57
Probability Density,random,2267,33
Probability Density,random,2268,38
Probability Density,random,2269,43
Probability Density,random,2270,46
Probability Density,random,2271,33
Probability Density,random,2272,28
Probability Density,random,2273,39
Probability Density,random,2274,33
Probability Density,random,2275,39
Probability Density,random,2276,39
Probability Density,random,2277,37
Probability Density,random,2278,54
Probability Density,random,2279,52
Probability Density,random,2280,47
Probability Density,random,2281,54
Probability Density,random,2282,46
Probability Density,random,2283,41
Probability Density,random,2284,45
Probability Density,random,2285,58
Probability Density,random,2286,40
Probability Density,random,2287,40
Probability Density,random,2288,63
Probability Density,random,2289,42
Probability Density,random,2290,37
Probability Density,random,2291,31
Probability Density,random,2292,35
Probability Density,random,2293,35
Probability Density,random,2294,34
Probability Density,random,2295,35
Probability Density,random,2296,39
Probability Density,random,2297,56
Probability Density,random,2298,29
Probability Density,random,2299,57
Probability Density,random,2300,53
Probability Density,random,2301,31
Probability Density,random,2302,30
Probability Density,random,2303,41
Probability Density,random,2304,39
Probability Density,random,2305,42
Probability Density,random,2306,43
Probability Density,random,2307,34
Probability Density,random,2308,51
Probability Density,random,2309,46
Probability Density,random,2310,38
Probability Density,random,2311,65
Probability Density,random,2312,53
Probability Density,random,2313,59
Probability Density,random,2314,30
Probability Density,random,2315,38
Probability Density,random,2316,48
Probability Density,random,2317,42
Probability Density,random,2318,38
Probability Density,random,2319,37
Probability Density,random,2320,58
Probability Density,random,2321,54
Probability Density,random,2322,43
Probability Density,random,2323,28
Probability Density,random,2324,51
Probability Density,random,2325,46
Probability Density,random,2326,44
Probability Density,random,2327,40
Probability Density,random,2328,44
Probability Density,random,2329,34
Probability Density,random,2330,54
Probability Density,random,2331,40
Probability Density,random,2332,52
Probability Density,random,2333,50
Probability Density,random,2334,39
Probability Density,random,2335,53
Probability Density,random,2336,56
Probability Density,random,2337,38
Probability Density,random,2338,55
Probability Density,random,2339,31
Probability Density,random,2340,35
Probability Density,random,2341,44
Probability Density,random,2342,52
Probability Density,random,2343,45
Probability Density,random,2344,46
Probability Density,random,2345,51
Probability Density,random,2346,66
Probability Density,random,2347,36
Probability Density,random,2348,39
Probability Density,random,2349,56
Probability Density,random,2350,66
Probability Density,random,2351,51
Probability Density,random,2352,55
Probability Density,random,2353,58
Probability Density,random,2354,46
Probability Density,random,2355,49
Probability Density,random,2356,45
Probability Density,random,2357,63
Probability Density,random,2358,34
Probability Density,random,2359,34
Probability Density,random,2360,32
Probability Density,random,2361,63
Probability Density,random,2362,32
Probability Density,random,2363,43
Probability Density,random,2364,42
Probability Density,random,2365,29
Probability Density,random,2366,40
Probability Density,random,2367,42
Probability Density,random,2368,50
Probability Density,random,2369,52
Probability Density,random,2370,44
Probability Density,random,2371,36
Probability Density,random,2372,45
Probability Density,random,2373,41
Probability Density,random,2374,52
Probability Density,random,2375,39
Probability Density,random,2376,36
Probability Density,random,2377,31
Probability Density,random,2378,45
Probability Density,random,2379,32
Probability Density,random,2380,43
Probability Density,random,2381,45
Probability Density,random,2382,42
Probability Density,random,2383,54
Probability Density,random,2384,49
Probability Density,random,2385,49
Probability Density,random,2386,30
Probability Density,random,2387,57
Probability Density,random,2388,35
Probability Density,random,2389,30
Probability Density,random,2390,51
Probability Density,random,2391,38
Probability Density,random,2392,38
Probability Density,random,2393,41
Probability Density,random,2394,43
Probability Density,random,2395,45
Probability Density,random,2396,42
Probability Density,random,2397,37
Probability Density,random,2398,32
Probability Density,random,2399,32
Probability Density,random,2400,43
Probability Density,random,2401,61
Probability Density,random,2402,48
Probability Density,random,2403,40
Probability Density,random,2404,50
Probability Density,random,2405,50
Probability Density,random,2406,53
Probability Density,random,2407,34
Probability Density,random,2408,49
Probability Density,random,2409,40
Probability Density,random,2410,53
Probability Density,random,2411,34
Probability Density,random,2412,27
Probability Density,random,2413,50
Probability Density,random,2414,51
Probability Density,random,2415,45
Probability Density,random,2416,71
Probability Density,random,2417,44
Probability Density,random,2418,57
Probability Density,random,2419,60
Probability Density,random,2420,42
Probability Density,random,2421,44
Probability Density,random,2422,48
Probability Density,random,2423,64
Probability Density,random,2424,38
Probability Density,random,2425,44
Probability Density,random,2426,46
Probability Density,random,2427,48
Probability Density,random,2428,63
Probability Density,random,2429,48
Probability Density,random,2430,52
Probability Density,random,2431,43
Probability Density,random,2432,33
Probability Density,random,2433,33
Probability Density,random,2434,31
Probability Density,random,2435,45
Probability Density,random,2436,43
Probability Density,random,2437,42
Probability Density,random,2438,68
Probability Density,random,2439,50
Probability Density,random,2440,42
Probability Density,random,2441,51
Probability Density,random,2442,41
Probability Density,random,2443,46
Probability Density,random,2444,35
Probability Density,random,2445,28
Probability Density,random,2446,57
Probability Density,random,2447,45
Probability Density,random,2448,36
Probability Density,random,2449,40
Probability Density,random,2450,34
Probability Density,random,2451,37
Probability Density,random,2452,31
Probability Density,random,2453,59
Probability Density,random,2454,45
Probability Density,random,2455,38
Probability Density,random,2456,38
Probability Density,random,2457,52
Probability Density,random,2458,50
Probability Density,random,2459,37
Probability Density,random,2460,54
Probability Density,random,2461,43
Probability Density,random,2462,45
Probability Density,random,2463,57
Probability Density,random,2464,52
Probability Density,random,2465,50
Probability Density,random,2466,40
Probability Density,random,2467,45
Probability Density,random,2468,45
Probability Density,random,2469,29
Probability Density,random,2470,51
Probability Density,random,2471,57
Probability Density,random,2472,55
Probability Density,random,2473,46
Probability Density,random,2474,28
Probability Density,random,2475,33
Probability Density,random,2476,41
Probability Density,random,2477,59
Probability Density,random,2478,48
Probability Density,random,2479,51
Probability Density,random,2480,35
Probability Density,random,2481,65
Probability Density,random,2482,34
Probability Density,random,2483,47
Probability Density,random,2484,39
Probability Density,random,2485,35
Probability Density,random,2486,32
Probability Density,random,2487,42
Probability Density,random,2488,46
Probability Density,random,2489,48
Probability Density,random,2490,64
Probability Density,random,2491,37
Probability Density,random,2492,47
Probability Density,random,2493,52
Probability Density,random,2494,47
Probability Density,random,2495,34
Probability Density,random,2496,39
Probability Density,random,2497,52
Probability Density,random,2498,33
Probability Density,random,2499,56
Probability Density,random,2500,50
Probability Density,random,2501,47
Probability Density,random,2502,41
Probability Density,random,2503,56
Probability Density,random,2504,51
Probability Density,random,2505,29
Probability Density,random,2506,49
Probability Density,random,2507,50
Probability Density,random,2508,44
Probability Density,random,2509,37
Probability Density,random,2510,39
Probability Density,random,2511,44
Probability Density,random,2512,42
Probability Density,random,2513,47
Probability Density,random,2514,39
Probability Density,random,2515,36
Probability Density,random,2516,45
Probability Density,random,2517,53
Probability Density,random,2518,33
Probability Density,random,2519,67
Probability Density,random,2520,29
Probability Density,random,2521,39
Probability Density,random,2522,38
Probability Density,random,2523,49
Probability Density,random,2524,50
Probability Density,random,2525,50
Probability Density,random,2526,42
Probability Density,random,2527,42
Probability Density,random,2528,54
Probability Density,random,2529,52
Probability Density,random,2530,42
Probability Density,random,2531,33
Probability Density,random,2532,44
Probability Density,random,2533,52
Probability Density,random,2534,45
Probability Density,random,2535,38
Probability Density,random,2536,64
Probability Density,random,2537,46
Probability Density,random,2538,44
Probability Density,random,2539,40
Probability Density,random,2540,43
Probability Density,random,2541,30
Probability Density,random,2542,45
Probability Density,random,2543,51
Probability Density,random,2544,31
Probability Density,random,2545,51
Probability Density,random,2546,60
Probability Density,random,2547,33
Probability Density,random,2548,46
Probability Density,random,2549,48
Probability Density,random,2550,50
Probability Density,random,2551,43
Probability Density,random,2552,54
Probability Density,random,2553,48
Probability Density,random,2554,39
Probability Density,random,2555,59
Probability Density,random,2556,56
Probability Density,random,2557,34
Probability Density,random,2558,51
Probability Density,random,2559,28
Probability Density,random,2560,55
Probability Density,random,2561,53
Probability Density,random,2562,42
Probability Density,random,2563,62
Probability Density,random,2564,50
Probability Density,random,2565,45
Probability Density,random,2566,51
Probability Density,random,2567,31
Probability Density,random,2568,50
Probability Density,random,2569,43
Probability Density,random,2570,57
Probability Density,random,2571,45
Probability Density,random,2572,43
Probability Density,random,2573,61
Probability Density,random,2574,39
Probability Density,random,2575,35
Probability Density,random,2576,40
Probability Density,random,2577,39
Probability Density,random,2578,45
Probability Density,random,2579,34
Probability Density,random,2580,49
Probability Density,random,2581,45
Probability Density,random,2582,53
Probability Density,random,2583,37
Probability Density,random,2584,30
Probability Density,random,2585,54
Probability Density,random,2586,49
Probability Density,random,2587,43
Probability Density,random,2588,47
Probability Density,random,2589,31
Probability Density,random,2590,47
Probability Density,random,2591,43
Probability Density,random,2592,29
Probability Density,random,2593,47
Probability Density,random,2594,53
Probability Density,random,2595,43
Probability Density,random,2596,45
Probability Density,random,2597,41
Probability Density,random,2598,57
Probability Density,random,2599,49
Probability Density,random,2600,38
Probability Density,random,2601,44
Probability Density,random,2602,36
Probability Density,random,2603,45
Probability Density,random,2604,60
Probability Density,random,2605,65
Probability Density,random,2606,43
Probability Density,random,2607,52
Probability Density,random,2608,45
Probability Density,random,2609,55
Probability Density,random,2610,39
Probability Density,random,2611,46
Probability Density,random,2612,35
Probability Density,random,2613,53
Probability Density,random,2614,40
Probability Density,random,2615,43
Probability Density,random,2616,40
Probability Density,random,2617,36
Probability Density,random,2618,49
Probability Density,random,2619,39
Probability Density,random,2620,50
Probability Density,random,2621,46
Probability Density,random,2622,40
Probability Density,random,2623,33
Probability Density,random,2624,50
Probability Density,random,2625,32
Probability Density,random,2626,53
Probability Density,random,2627,40
Probability Density,random,2628,32
Probability Density,random,2629,54
Probability Density,random,2630,33
Probability Density,random,2631,32
Probability Density,random,2632,39
Probability Density,random,2633,50
Probability Density,random,2634,49
Probability Density,random,2635,56
Probability Density,random,2636,45
Probability Density,random,2637,49
Probability Density,random,2638,47
Probability Density,random,2639,49
Probability Density,random,2640,51
Probability Density,random,2641,50
Probability Density,random,2642,40
Probability Density,random,2643,49
Probability Density,random,2644,31
Probability Density,random,2645,51
Probability Density,random,2646,50
Probability Density,random,2647,40
Probability Density,random,2648,44
Probability Density,random,2649,42
Probability Density,random,2650,59
Probability Density,random,2651,41
Probability Density,random,2652,47
Probability Density,random,2653,37
Probability Density,random,2654,35
Probability Density,random,2655,54
Probability Density,random,2656,42
Probability Density,random,2657,40
Probability Density,random,2658,27
Probability Density,random,2659,50
Probability Density,random,2660,41
Probability Density,random,2661,42
Probability Density,random,2662,60
Probability Density,random,2663,49
Probability Density,random,2664,51
Probability Density,random,2665,48
Probability Density,random,2666,53
Probability Density,random,2667,48
Probability Density,random,2668,42
Probability Density,random,2669,54
Probability Density,random,2670,49
Probability Density,random,2671,46
Probability Density,random,2672,61
Probability Density,random,2673,48
Probability Density,random,2674,46
Probability Density,random,2675,48
Probability Density,random,2676,54
Probability Density,random,2677,43
Probability Density,random,2678,55
Probability Density,random,2679,40
Probability Density,random,2680,51
Probability Density,random,2681,61
Probability Density,random,2682,51
Probability Density,random,2683,37
Probability Density,random,2684,52
Probability Density,random,2685,43
Probability Density,random,2686,39
Probability Density,random,2687,37
Probability Density,random,2688,51
Probability Density,random,2689,47
Probability Density,random,2690,38
Probability Density,random,2691,34
Probability Density,random,2692,50
Probability Density,random,2693,35
Probability Density,random,2694,43
Probability Density,random,2695,49
Probability Density,random,2696,47
Probability Density,random,2697,58
Probability Density,random,2698,39
Probability Density,random,2699,44
Probability Density,random,2700,44
Probability Density,random,2701,51
Probability Density,random,2702,33
Probability Density,random,2703,52
Probability Density,random,2704,48
Probability Density,random,2705,42
Probability Density,random,2706,44
Probability Density,random,2707,31
Probability Density,random,2708,34
Probability Density,random,2709,48
Probability Density,random,2710,49
Probability Density,random,2711,50
Probability Density,random,2712,61
Probability Density,random,2713,38
Probability Density,random,2714,39
Probability Density,random,2715,42
Probability Density,random,2716,40
Probability Density,random,2717,53
Probability Density,random,2718,36
Probability Density,random,2719,44
Probability Density,random,2720,44
Probability Density,random,2721,41
Probability Density,random,2722,58
Probability Density,random,2723,48
Probability Density,random,2724,40
Probability Density,random,2725,49
Probability Density,random,2726,32
Probability Density,random,2727,38
Probability Density,random,2728,40
Probability Density,random,2729,51
Probability Density,random,2730,40
Probability Density,random,2731,40
Probability Density,random,2732,40
Probability Density,random,2733,40
Probability Density,random,2734,49
Probability Density,random,2735,48
Probability Density,random,2736,38
Probability Density,random,2737,41
Probability Density,random,2738,48
Probability Density,random,2739,43
Probability Density,random,2740,54
Probability Density,random,2741,62
Probability Density,random,2742,45
Probability Density,random,2743,36
Probability Density,random,2744,53
Probability Density,random,2745,59
Probability Density,random,2746,64
Probability Density,random,2747,53
Probability Density,random,2748,32
Probability Density,random,2749,47
Probability Density,random,2750,43
Probability Density,random,2751,61
Probability Density,random,2752,34
Probability Density,random,2753,56
Probability Density,random,2754,39
Probability Density,random,2755,43
Probability Density,random,2756,44
Probability Density,random,2757,38
Probability Density,random,2758,28
Probability Density,random,2759,57
Probability Density,random,2760,42
Probability Density,random,2761,40
Probability Density,random,2762,40
Probability Density,random,2763,54
Probability Density,random,2764,39
Probability Density,random,2765,42
Probability Density,random,2766,38
Probability Density,random,2767,45
Probability Density,random,2768,49
Probability Density,random,2769,65
Probability Density,random,2770,35
Probability Density,random,2771,66
Probability Density,random,2772,40
Probability Density,random,2773,35
Probability Density,random,2774,48
Probability Density,random,2775,50
Probability Density,random,2776,50
Probability Density,random,2777,35
Probability Density,random,2778,49
Probability Density,random,2779,32
Probability Density,random,2780,48
Probability Density,random,2781,41
Probability Density,random,2782,45
Probability Density,random,2783,55
Probability Density,random,2784,39
Probability Density,random,2785,45
Probability Density,random,2786,35
Probability Density,random,2787,40
Probability Density,random,2788,35
Probability Density,random,2789,54
Probability Density,random,2790,35
Probability Density,random,2791,49
Probability Density,random,2792,50
Probability Density,random,2793,52
Probability Density,random,2794,68
Probability Density,random,2795,43
Probability Density,random,2796,40
Probability Density,random,2797,28
Probability Density,random,2798,29
Probability Density,random,2799,45
Probability Density,random,2800,47
Probability Density,random,2801,52
Probability Density,random,2802,34
Probability Density,random,2803,39
Probability Density,random,2804,63
Probability Density,random,2805,37
Probability Density,random,2806,51
Probability Density,random,2807,38
Probability Density,random,2808,46
Probability Density,random,2809,45
Probability Density,random,2810,50
Probability Density,random,2811,30
Probability Density,random,2812,41
Probability Density,random,2813,53
Probability Density,random,2814,39
Probability Density,random,2815,50
Probability Density,random,2816,49
Probability Density,random,2817,45
Probability Density,random,2818,61
Probability Density,random,2819,48
Probability Density,random,2820,52
Probability Density,random,2821,38
Probability Density,random,2822,63
Probability Density,random,2823,42
Probability Density,random,2824,49
Probability Density,random,2825,49
Probability Density,random,2826,38
Probability Density,random,2827,52
Probability Density,random,2828,45
Probability Density,random,2829,53
Probability Density,random,2830,46
Probability Density,random,2831,49
Probability Density,random,2832,44
Probability Density,random,2833,41
Probability Density,random,2834,47
Probability Density,random,2835,38
Probability Density,random,2836,42
Probability Density,random,2837,49
Probability Density,random,2838,44
Probability Density,random,2839,46
Probability Density,random,2840,65
Probability Density,random,2841,34
Probability Density,random,2842,40
Probability Density,random,2843,36
Probability Density,random,2844,66
Probability Density,random,2845,35
Probability Density,random,2846,54
Probability Density,random,2847,38
Probability Density,random,2848,37
Probability Density,random,2849,52
Probability Density,random,2850,35
Probability Density,random,2851,48
Probability Density,random,2852,47
Probability Density,random,2853,31
Probability Density,random,2854,49
Probability Density,random,2855,47
Probability Density,random,2856,43
Probability Density,random,2857,60
Probability Density,random,2858,60
Probability Density,random,2859,38
Probability Density,random,2860,50
Probability Density,random,2861,55
Probability Density,random,2862,38
Probability Density,random,2863,40
Probability Density,random,2864,42
Probability Density,random,2865,48
Probability Density,random,2866,51
Probability Density,random,2867,43
Probability Density,random,2868,30
Probability Density,random,2869,55
Probability Density,random,2870,25
Probability Density,random,2871,50
Probability Density,random,2872,47
Probability Density,random,2873,47
Probability Density,random,2874,41
Probability Density,random,2875,39
Probability Density,random,2876,31
Probability Density,random,2877,40
Probability Density,random,2878,52
Probability Density,random,2879,42
Probability Density,random,2880,42
Probability Density,random,2881,58
Probability Density,random,2882,36
Probability Density,random,2883,45
Probability Density,random,2884,34
Probability Density,random,2885,51
Probability Density,random,2886,49
Probability Density,random,2887,57
Probability Density,random,2888,37
Probability Density,random,2889,41
Probability Density,random,2890,36
Probability Density,random,2891,58
Probability Density,random,2892,46
Probability Density,random,2893,41
Probability Density,random,2894,64
Probability Density,random,2895,56
Probability Density,random,2896,52
Probability Density,random,2897,57
Probability Density,random,2898,39
Probability Density,random,2899,51
Probability Density,random,2900,41
Probability Density,random,2901,51
Probability Density,random,2902,35
Probability Density,random,2903,37
Probability Density,random,2904,26
Probability Density,random,2905,49
Probability Density,random,2906,50
Probability Density,random,2907,45
Probability Density,random,2908,37
Probability Density,random,2909,44
Probability Density,random,2910,48
Probability Density,random,2911,52
Probability Density,random,2912,49
Probability Density,random,2913,40
Probability Density,random,2914,41
Probability Density,random,2915,49
Probability Density,random,2916,46
Probability Density,random,2917,64
Probability Density,random,2918,43
Probability Density,random,2919,49
Probability Density,random,2920,44
Probability Density,random,2921,39
Probability Density,random,2922,57
Probability Density,random,2923,45
Probability Density,random,2924,60
Probability Density,random,2925,40
Probability Density,random,2926,55
Probability Density,random,2927,57
Probability Density,random,2928,38
Probability Density,random,2929,48
Probability Density,random,2930,44
Probability Density,random,2931,41
Probability Density,random,2932,34
Probability Density,random,2933,48
Probability Density,random,2934,48
Probability Density,random,2935,64
Probability Density,random,2936,42
Probability Density,random,2937,49
Probability Density,random,2938,65
Probability Density,random,2939,40
Probability Density,random,2940,40
Probability Density,random,2941,33
Probability Density,random,2942,29
Probability Density,random,2943,59
Probability Density,random,2944,38
Probability Density,random,2945,39
Probability Density,random,2946,40
Probability Density,random,2947,37
Probability Density,random,2948,47
Probability Density,random,2949,42
Probability Density,random,2950,43
Probability Density,random,2951,39
Probability Density,random,2952,42
Probability Density,random,2953,33
Probability Density,random,2954,62
Probability Density,random,2955,40
Probability Density,random,2956,41
Probability Density,random,2957,50
Probability Density,random,2958,42
Probability Density,random,2959,44
Probability Density,random,2960,48
Probability Density,random,2961,66
Probability Density,random,2962,36
Probability Density,random,2963,42
Probability Density,random,2964,48
Probability Density,random,2965,37
Probability Density,random,2966,57
Probability Density,random,2967,41
Probability Density,random,2968,42
Probability Density,random,2969,55
Probability Density,random,2970,60
Probability Density,random,2971,40
Probability Density,random,2972,36
Probability Density,random,2973,62
Probability Density,random,2974,41
Probability Density,random,2975,45
Probability Density,random,2976,41
Probability Density,random,2977,35
Probability Density,random,2978,30
Probability Density,random,2979,59
Probability Density,random,2980,42
Probability Density,random,2981,58
Probability Density,random,2982,29
Probability Density,random,2983,46
Probability Density,random,2984,41
Probability Density,random,2985,56
Probability Density,random,2986,42
Probability Density,random,2987,25
Probability Density,random,2988,55
Probability Density,random,2989,44
Probability Density,random,2990,39
Probability Density,random,2991,34
Probability Density,random,2992,34
Probability Density,random,2993,51
Probability Density,random,2994,60
Probability Density,random,2995,41
Probability Density,random,2996,43
Probability Density,random,2997,46
Probability Density,random,2998,46
Probability Density,random,2999,44
